  0
SECTION
  2
HEADER
  9
$ACADVER
  1
AC1027
  9
$ACADMAINTVER
 70
   125
  9
$DWGCODEPAGE
  3
ANSI_936
  9
$LASTSAVEDBY
  1
13806880907
  9
$REQUIREDVERSIONS
160
                 0
  9
$INSBASE
 10
0.0
 20
0.0
 30
0.0
  9
$EXTMIN
 10
685118.8004855739
 20
2545183.047086028
 30
-9994.400009999999
  9
$EXTMAX
 10
686173.1327107489
 20
2545581.071046968
 30
5.142
  9
$LIMMIN
 10
0.0
 20
0.0
  9
$LIMMAX
 10
420.0
 20
297.0
  9
$ORTHOMODE
 70
     0
  9
$REGENMODE
 70
     1
  9
$FILLMODE
 70
     1
  9
$QTEXTMODE
 70
     0
  9
$MIRRTEXT
 70
     0
  9
$LTSCALE
 40
500.0
  9
$ATTMODE
 70
     1
  9
$TEXTSIZE
 40
2.5
  9
$TRACEWID
 40
1.0
  9
$TEXTSTYLE
  7
_TWT_DIM_ELE
  9
$CLAYER
  8
2
  9
$CELTYPE
  6
ByLayer
  9
$CECOLOR
 62
   256
  9
$CELTSCALE
 40
2.5
  9
$DISPSILH
 70
     0
  9
$DIMSCALE
 40
1.0
  9
$DIMASZ
 40
2.5
  9
$DIMEXO
 40
0.625
  9
$DIMDLI
 40
3.75
  9
$DIMRND
 40
0.0
  9
$DIMDLE
 40
0.0
  9
$DIMEXE
 40
1.25
  9
$DIMTP
 40
0.0
  9
$DIMTM
 40
0.0
  9
$DIMTXT
 40
2.5
  9
$DIMCEN
 40
2.5
  9
$DIMTSZ
 40
0.0
  9
$DIMTOL
 70
     0
  9
$DIMLIM
 70
     0
  9
$DIMTIH
 70
     0
  9
$DIMTOH
 70
     0
  9
$DIMSE1
 70
     0
  9
$DIMSE2
 70
     0
  9
$DIMTAD
 70
     1
  9
$DIMZIN
 70
     8
  9
$DIMBLK
  1

  9
$DIMASO
 70
     1
  9
$DIMSHO
 70
     1
  9
$DIMPOST
  1

  9
$DIMAPOST
  1

  9
$DIMALT
 70
     0
  9
$DIMALTD
 70
     3
  9
$DIMALTF
 40
0.03937007874016
  9
$DIMLFAC
 40
1.0
  9
$DIMTOFL
 70
     1
  9
$DIMTVP
 40
0.0
  9
$DIMTIX
 70
     0
  9
$DIMSOXD
 70
     0
  9
$DIMSAH
 70
     0
  9
$DIMBLK1
  1

  9
$DIMBLK2
  1

  9
$DIMSTYLE
  2
ISO-25
  9
$DIMCLRD
 70
     0
  9
$DIMCLRE
 70
     0
  9
$DIMCLRT
 70
     0
  9
$DIMTFAC
 40
1.0
  9
$DIMGAP
 40
0.625
  9
$DIMJUST
 70
     0
  9
$DIMSD1
 70
     0
  9
$DIMSD2
 70
     0
  9
$DIMTOLJ
 70
     0
  9
$DIMTZIN
 70
     8
  9
$DIMALTZ
 70
     0
  9
$DIMALTTZ
 70
     0
  9
$DIMUPT
 70
     0
  9
$DIMDEC
 70
     2
  9
$DIMTDEC
 70
     2
  9
$DIMALTU
 70
     2
  9
$DIMALTTD
 70
     3
  9
$DIMTXSTY
  7
Standard
  9
$DIMAUNIT
 70
     0
  9
$DIMADEC
 70
     0
  9
$DIMALTRND
 40
0.0
  9
$DIMAZIN
 70
     0
  9
$DIMDSEP
 70
    44
  9
$DIMATFIT
 70
     3
  9
$DIMFRAC
 70
     0
  9
$DIMLDRBLK
  1

  9
$DIMLUNIT
 70
     2
  9
$DIMLWD
 70
    -2
  9
$DIMLWE
 70
    -2
  9
$DIMTMOVE
 70
     0
  9
$DIMFXL
 40
1.0
  9
$DIMFXLON
 70
     0
  9
$DIMJOGANG
 40
0.7853981633974483
  9
$DIMTFILL
 70
     0
  9
$DIMTFILLCLR
 70
     0
  9
$DIMARCSYM
 70
     0
  9
$DIMLTYPE
  6

  9
$DIMLTEX1
  6

  9
$DIMLTEX2
  6

  9
$DIMTXTDIRECTION
 70
     0
  9
$LUNITS
 70
     2
  9
$LUPREC
 70
     4
  9
$SKETCHINC
 40
1.0
  9
$FILLETRAD
 40
0.0
  9
$AUNITS
 70
     0
  9
$AUPREC
 70
     0
  9
$MENU
  1
.
  9
$ELEVATION
 40
0.0
  9
$PELEVATION
 40
0.0
  9
$THICKNESS
 40
0.0
  9
$LIMCHECK
 70
     0
  9
$CHAMFERA
 40
0.0
  9
$CHAMFERB
 40
0.0
  9
$CHAMFERC
 40
0.0
  9
$CHAMFERD
 40
0.0
  9
$SKPOLY
 70
     0
  9
$TDCREATE
 40
2460812.434432870
  9
$TDUCREATE
 40
2460812.101111019
  9
$TDUPDATE
 40
2461052.962812500
  9
$TDUUPDATE
 40
2461052.629479167
  9
$TDINDWG
 40
10.2946293634
  9
$TDUSRTIMER
 40
10.2946292824
  9
$USRTIMER
 70
     1
  9
$ANGBASE
 50
0.0
  9
$ANGDIR
 70
     0
  9
$PDMODE
 70
     0
  9
$PDSIZE
 40
0.0
  9
$PLINEWID
 40
0.0
  9
$SPLFRAME
 70
     0
  9
$SPLINETYPE
 70
     6
  9
$SPLINESEGS
 70
     8
  9
$HANDSEED
  5
CCF
  9
$SURFTAB1
 70
     6
  9
$SURFTAB2
 70
     6
  9
$SURFTYPE
 70
     6
  9
$SURFU
 70
     6
  9
$SURFV
 70
     6
  9
$UCSBASE
  2

  9
$UCSNAME
  2

  9
$UCSORG
 10
0.0
 20
0.0
 30
0.0
  9
$UCSXDIR
 10
1.0
 20
0.0
 30
0.0
  9
$UCSYDIR
 10
0.0
 20
1.0
 30
0.0
  9
$UCSORTHOREF
  2

  9
$UCSORTHOVIEW
 70
     0
  9
$UCSORGTOP
 10
0.0
 20
0.0
 30
0.0
  9
$UCSORGBOTTOM
 10
0.0
 20
0.0
 30
0.0
  9
$UCSORGLEFT
 10
0.0
 20
0.0
 30
0.0
  9
$UCSORGRIGHT
 10
0.0
 20
0.0
 30
0.0
  9
$UCSORGFRONT
 10
0.0
 20
0.0
 30
0.0
  9
$UCSORGBACK
 10
0.0
 20
0.0
 30
0.0
  9
$PUCSBASE
  2

  9
$PUCSNAME
  2

  9
$PUCSORG
 10
0.0
 20
0.0
 30
0.0
  9
$PUCSXDIR
 10
1.0
 20
0.0
 30
0.0
  9
$PUCSYDIR
 10
0.0
 20
1.0
 30
0.0
  9
$PUCSORTHOREF
  2

  9
$PUCSORTHOVIEW
 70
     0
  9
$PUCSORGTOP
 10
0.0
 20
0.0
 30
0.0
  9
$PUCSORGBOTTOM
 10
0.0
 20
0.0
 30
0.0
  9
$PUCSORGLEFT
 10
0.0
 20
0.0
 30
0.0
  9
$PUCSORGRIGHT
 10
0.0
 20
0.0
 30
0.0
  9
$PUCSORGFRONT
 10
0.0
 20
0.0
 30
0.0
  9
$PUCSORGBACK
 10
0.0
 20
0.0
 30
0.0
  9
$USERI1
 70
     0
  9
$USERI2
 70
     0
  9
$USERI3
 70
     0
  9
$USERI4
 70
     0
  9
$USERI5
 70
     0
  9
$USERR1
 40
0.0
  9
$USERR2
 40
0.0
  9
$USERR3
 40
0.0
  9
$USERR4
 40
0.0
  9
$USERR5
 40
0.0
  9
$WORLDVIEW
 70
     1
  9
$SHADEDGE
 70
     3
  9
$SHADEDIF
 70
    70
  9
$TILEMODE
 70
     0
  9
$MAXACTVP
 70
    64
  9
$PINSBASE
 10
0.0
 20
0.0
 30
0.0
  9
$PLIMCHECK
 70
     0
  9
$PEXTMIN
 10
-171.7303155352511
 20
-91.87975408710128
 30
0.0
  9
$PEXTMAX
 10
422.2696844647487
 20
328.1202459128987
 30
2.735391995810758
  9
$PLIMMIN
 10
0.0
 20
0.0
  9
$PLIMMAX
 10
12.0
 20
9.0
  9
$UNITMODE
 70
     0
  9
$VISRETAIN
 70
     1
  9
$PLINEGEN
 70
     0
  9
$PSLTSCALE
 70
     0
  9
$TREEDEPTH
 70
  3020
  9
$CMLSTYLE
  2
Standard
  9
$CMLJUST
 70
     0
  9
$CMLSCALE
 40
20.0
  9
$PROXYGRAPHICS
 70
     1
  9
$MEASUREMENT
 70
     1
  9
$CELWEIGHT
370
    -1
  9
$ENDCAPS
280
     0
  9
$JOINSTYLE
280
     0
  9
$LWDISPLAY
290
     0
  9
$INSUNITS
 70
     4
  9
$HYPERLINKBASE
  1

  9
$STYLESHEET
  1

  9
$XEDIT
290
     1
  9
$CEPSNTYPE
380
     0
  9
$PSTYLEMODE
290
     1
  9
$FINGERPRINTGUID
  2
{2029C464-EC69-4828-82AB-504D1D2216E4}
  9
$VERSIONGUID
  2
{B85DAEB2-6203-DA47-B251-0B1A0738C590}
  9
$EXTNAMES
290
     1
  9
$PSVPSCALE
 40
0.0
  9
$OLESTARTUP
290
     0
  9
$SORTENTS
280
   127
  9
$INDEXCTL
280
     0
  9
$HIDETEXT
280
     1
  9
$XCLIPFRAME
280
     2
  9
$HALOGAP
280
     0
  9
$OBSCOLOR
 70
   257
  9
$OBSLTYPE
280
     0
  9
$INTERSECTIONDISPLAY
280
     0
  9
$INTERSECTIONCOLOR
 70
   257
  9
$DIMASSOC
280
     2
  9
$PROJECTNAME
  1

  9
$CAMERADISPLAY
290
     0
  9
$LENSLENGTH
 40
50.0
  9
$CAMERAHEIGHT
 40
0.0
  9
$STEPSPERSEC
 40
2.0
  9
$STEPSIZE
 40
6.0
  9
$3DDWFPREC
 40
2.0
  9
$PSOLWIDTH
 40
0.25
  9
$PSOLHEIGHT
 40
4.0
  9
$LOFTANG1
 40
1.570796326794896
  9
$LOFTANG2
 40
1.570796326794896
  9
$LOFTMAG1
 40
0.0
  9
$LOFTMAG2
 40
0.0
  9
$LOFTPARAM
 70
     7
  9
$LOFTNORMALS
280
     1
  9
$LATITUDE
 40
37.795
  9
$LONGITUDE
 40
-122.394
  9
$NORTHDIRECTION
 40
0.0
  9
$TIMEZONE
 70
 -8000
  9
$LIGHTGLYPHDISPLAY
280
     1
  9
$TILEMODELIGHTSYNCH
280
     1
  9
$CMATERIAL
347
99D
  9
$SOLIDHIST
280
     0
  9
$SHOWHIST
280
     1
  9
$DWFFRAME
280
     2
  9
$DGNFRAME
280
     0
  9
$REALWORLDSCALE
290
     1
  9
$INTERFERECOLOR
 62
     1
  9
$INTERFEREOBJVS
345
9A6
  9
$INTERFEREVPVS
346
9A9
  9
$CSHADOW
280
     0
  9
$SHADOWPLANELOCATION
 40
0.0
  0
ENDSEC
  0
SECTION
  2
CLASSES
  0
CLASS
  1
ACDBDICTIONARYWDFLT
  2
AcDbDictionaryWithDefault
  3
ObjectDBX Classes
 90
        0
 91
        1
280
     0
281
     0
  0
CLASS
  1
DICTIONARYVAR
  2
AcDbDictionaryVar
  3
ObjectDBX Classes
 90
        0
 91
       11
280
     0
281
     0
  0
CLASS
  1
TABLESTYLE
  2
AcDbTableStyle
  3
ObjectDBX Classes
 90
     4095
 91
        1
280
     0
281
     0
  0
CLASS
  1
WIPEOUTVARIABLES
  2
AcDbWipeoutVariables
  3
"WipeOut|Product Desc:     WipeOut Dbx Application|Company:          Autodesk, Inc.|WEB Address:      www.autodesk.com"
 90
        0
 91
        0
280
     0
281
     0
  0
CLASS
  1
SCALE
  2
AcDbScale
  3
ObjectDBX Classes
 90
     1153
 91
       17
280
     0
281
     0
  0
CLASS
  1
MLEADERSTYLE
  2
AcDbMLeaderStyle
  3
ACDB_MLEADERSTYLE_CLASS
 90
     4095
 91
        1
280
     0
281
     0
  0
CLASS
  1
MATERIAL
  2
AcDbMaterial
  3
ObjectDBX Classes
 90
     1153
 91
        3
280
     0
281
     0
  0
CLASS
  1
VISUALSTYLE
  2
AcDbVisualStyle
  3
ObjectDBX Classes
 90
     4095
 91
       24
280
     0
281
     0
  0
CLASS
  1
ACDBSECTIONVIEWSTYLE
  2
AcDbSectionViewStyle
  3
ObjectDBX Classes
 90
     1025
 91
        1
280
     1
281
     0
  0
CLASS
  1
ACDBDETAILVIEWSTYLE
  2
AcDbDetailViewStyle
  3
ObjectDBX Classes
 90
     1025
 91
        1
280
     1
281
     0
  0
CLASS
  1
SORTENTSTABLE
  2
AcDbSortentsTable
  3
ObjectDBX Classes
 90
        0
 91
       18
280
     0
281
     0
  0
CLASS
  1
DIMASSOC
  2
AcDbDimAssoc
  3
"AcDbDimAssoc|Product Desc:     AcDim ARX App For Dimension|Company:          Autodesk, Inc.|WEB Address:      www.autodesk.com"
 90
        0
 91
        0
280
     0
281
     0
  0
CLASS
  1
CELLSTYLEMAP
  2
AcDbCellStyleMap
  3
ObjectDBX Classes
 90
     1152
 91
        2
280
     0
281
     0
  0
CLASS
  1
TCH_DBCONFIG
  2
TDbConfig
  3
"TCH_KERNAL|缺乏解释器天正图形看不见, 请下载天正插件|网址: www.tangent.com.cn"
 90
        1
 91
        0
280
     0
281
     0
  0
CLASS
  1
RASTERVARIABLES
  2
AcDbRasterVariables
  3
ISM
 90
        0
 91
        0
280
     0
281
     0
  0
CLASS
  1
TCH_TEXT
  2
TDbText
  3
"TCH_KERNAL|缺乏解释器天正图形看不见, 请下载天正插件|网址: www.tangent.com.cn"
 90
        1
 91
        0
280
     0
281
     1
  0
CLASS
  1
TCH_DIMENSION2
  2
TDbDimension2
  3
"TCH_KERNAL|缺乏解释器天正图形看不见, 请下载天正插件|网址: www.tangent.com.cn"
 90
        1
 91
        0
280
     0
281
     1
  0
CLASS
  1
TCH_MULTILEADER
  2
TDbSymbMultiLeader
  3
"TCH_KERNAL|缺乏解释器天正图形看不见, 请下载天正插件|网址: www.tangent.com.cn"
 90
        1
 91
        0
280
     0
281
     1
  0
CLASS
  1
TCH_ELEVATION
  2
TDbSymbElevation
  3
"TCH_KERNAL|缺乏解释器天正图形看不见, 请下载天正插件|网址: www.tangent.com.cn"
 90
        1
 91
        0
280
     0
281
     1
  0
CLASS
  1
WIPEOUT
  2
AcDbWipeout
  3
WipeOut|Product Desc: Object Enabler for WipeOut entity | Company: Autodesk, Inc. | WEB Address: www.autodesk.com
 90
     2175
 91
        0
280
     0
281
     1
  0
CLASS
  1
TCH_DRAWINGNAME
  2
TDbDrawingName
  3
"TCH_KERNAL|缺乏解释器天正图形看不见, 请下载天正插件|网址: www.tangent.com.cn"
 90
        1
 91
        0
280
     0
281
     1
  0
CLASS
  1
TCH_WALL
  2
TDbWall
  3
"TCH_KERNAL|缺乏解释器天正图形看不见, 请下载天正插件|网址: www.tangent.com.cn"
 90
        1
 91
        0
280
     0
281
     1
  0
CLASS
  1
TCH_OPENING
  2
TDbOpening
  3
"TCH_KERNAL|缺乏解释器天正图形看不见, 请下载天正插件|网址: www.tangent.com.cn"
 90
        1
 91
        0
280
     0
281
     1
  0
CLASS
  1
TCH_RECTSTAIR
  2
TDbRectStair
  3
"TCH_KERNAL|缺乏解释器天正图形看不见, 请下载天正插件|网址: www.tangent.com.cn"
 90
        1
 91
        0
280
     0
281
     1
  0
CLASS
  1
TCH_BLOCK_INSERT
  2
TDbBlockInsert
  3
"TCH_KERNAL|缺乏解释器天正图形看不见, 请下载天正插件|网址: www.tangent.com.cn"
 90
        1
 91
        0
280
     0
281
     1
  0
CLASS
  1
TCH_ARROW
  2
TDbSymbArrow
  3
"TCH_KERNAL|缺乏解释器天正图形看不见, 请下载天正插件|网址: www.tangent.com.cn"
 90
        1
 91
        0
280
     0
281
     1
  0
CLASS
  1
TCH_COORD
  2
TDbSymbCoord
  3
"TCH_KERNAL|缺乏解释器天正图形看不见, 请下载天正插件|网址: www.tangent.com.cn"
 90
        1
 91
        0
280
     0
281
     1
  0
CLASS
  1
ACAD_EVALUATION_GRAPH
  2
AcDbEvalGraph
  3
ObjectDBX Classes
 90
     1153
 91
        1
280
     0
281
     0
  0
CLASS
  1
BLOCKBASEPOINTPARAMETER
  2
AcDbBlockBasepointParameter
  3
ObjectDBX Classes
 90
     1153
 91
        1
280
     0
281
     0
  0
CLASS
  1
ACDB_DYNAMICBLOCKPURGEPREVENTER_VERSION
  2
AcDbDynamicBlockPurgePreventer
  3
ObjectDBX Classes
 90
     1153
 91
        1
280
     0
281
     0
  0
CLASS
  1
ACDB_BLOCKREPRESENTATION_DATA
  2
AcDbBlockRepresentationData
  3
ObjectDBX Classes
 90
     1153
 91
        1
280
     0
281
     0
  0
CLASS
  1
AEC_REFEDIT_STATUS_TRACKER
  2
AecDbRefEditStatusTracker
  3
AecArchBase60|Product Desc: Autodesk Architectural Desktop 2007 |Company: Autodesk,Inc. |WEB Address: www.autodesk.com
 90
      129
 91
        0
280
     0
281
     0
  0
CLASS
  1
NPOCOLLECTION
  2
AcDbImpNonPersistentObjectsCollection
  3
ObjectDBX Classes
 90
     1153
 91
        0
280
     0
281
     0
  0
CLASS
  1
TCH_NORTHTHUMB
  2
TDbSymbNorthThumb
  3
"TCH_KERNAL|缺乏解释器天正图形看不见, 请下载天正插件|网址: www.tangent.com.cn"
 90
        1
 91
        0
280
     0
281
     1
  0
CLASS
  1
ACAECUSTOBJ
  2
AcAeEditorObj
  3
AcAeEditorObj
 90
     1024
 91
        0
280
     1
281
     0
  0
CLASS
  1
TCH_RADIUSDIM
  2
TDbRadiusDim
  3
"TCH_KERNAL|缺乏解释器天正图形看不见, 请下载天正插件|网址: www.tangent.com.cn"
 90
        1
 91
        0
280
     0
281
     1
  0
CLASS
  1
TCH_SPACE
  2
TDbSpace
  3
"TCH_KERNAL|缺乏解释器天正图形看不见, 请下载天正插件|网址: www.tangent.com.cn"
 90
        1
 91
        0
280
     0
281
     1
  0
CLASS
  1
TCH_GROUPIDCONFIG
  2
TDbGroupIdConfig
  3
TCH_PIPEWIRE
 90
        1
 91
        0
280
     0
281
     0
  0
CLASS
  1
TCH_PIPE
  2
TDbPipe
  3
"TCH_PIPEWIRE|缺乏解释器天正图形看不见, 请下载天正插件|网址: www.tangent.com.cn"
 90
        1
 91
        0
280
     0
281
     1
  0
CLASS
  1
TCH_PIPEFITTING
  2
TDbPipeFitting
  3
"TCH_PIPEWIRE|缺乏解释器天正图形看不见, 请下载天正插件|网址: www.tangent.com.cn"
 90
        1
 91
        0
280
     0
281
     1
  0
CLASS
  1
TCH_WELL
  2
TDbWell
  3
"TCH_PIPEWIRE|缺乏解释器天正图形看不见, 请下载天正插件|网址: www.tangent.com.cn"
 90
        1
 91
        0
280
     0
281
     1
  0
CLASS
  1
EXACXREFPANELOBJECT
  2
ExAcXREFPanelObject
  3
EXAC_ESW
 90
     1025
 91
        0
280
     1
281
     0
  0
CLASS
  1
TCH_MTEXT
  2
TDbMText
  3
"TCH_KERNAL|缺乏解释器天正图形看不见, 请下载天正插件|网址: www.tangent.com.cn"
 90
        1
 91
        0
280
     0
281
     1
  0
CLASS
  1
TCH_EQUIPMENT
  2
TDbEquipment
  3
"TCH_PIPEWIRE|缺乏解释器天正图形看不见, 请下载天正插件|网址: www.tangent.com.cn"
 90
        1
 91
        0
280
     0
281
     1
  0
ENDSEC
  0
SECTION
  2
TABLES
  0
TABLE
  2
VPORT
  5
988
102
{ACAD_XDICTIONARY
360
98B
102
}
330
0
100
AcDbSymbolTable
 70
     1
1001
ACAD
1000
DbSaveVer
1071
      298
  0
VPORT
  5
989
330
988
100
AcDbSymbolTableRecord
100
AcDbViewportTableRecord
  2
*Active
 70
     0
 10
0.0
 20
0.0
 11
1.0
 21
1.0
 12
685349.0185750509
 22
2545236.075604726
 13
0.0
 23
0.0
 14
10.0
 24
10.0
 15
10.0
 25
10.0
 16
0.0
 26
0.0
 36
1.0
 17
0.0
 27
0.0
 37
0.0
 40
156.0939190021694
 41
1.791666666666666
 42
50.0
 43
0.0
 44
0.0
 50
0.0
 51
0.0
 71
     0
 72
  1000
 73
     1
 74
     3
 75
     0
 76
     0
 77
     0
 78
     0
281
     0
 65
     1
110
0.0
120
0.0
130
0.0
111
1.0
121
0.0
131
0.0
112
0.0
122
1.0
132
0.0
 79
     0
146
0.0
348
480
 60
     3
 61
     5
292
     1
282
     1
141
0.0
142
0.0
 63
   250
421
  3355443
1001
ACAD_NAV_VCDISPLAY
1070
     3
  0
ENDTAB
  0
TABLE
  2
LTYPE
  5
983
330
0
100
AcDbSymbolTable
 70
     7
  0
LTYPE
  5
984
330
983
100
AcDbSymbolTableRecord
100
AcDbLinetypeTableRecord
  2
ByBlock
 70
     0
  3

 72
    65
 73
     0
 40
0.0
  0
LTYPE
  5
985
330
983
100
AcDbSymbolTableRecord
100
AcDbLinetypeTableRecord
  2
ByLayer
 70
     0
  3

 72
    65
 73
     0
 40
0.0
  0
LTYPE
  5
E
330
983
100
AcDbSymbolTableRecord
100
AcDbLinetypeTableRecord
  2
Continuous
 70
     0
  3
Solid line
 72
    65
 73
     0
 40
0.0
  0
LTYPE
  5
331
330
983
100
AcDbSymbolTableRecord
100
AcDbLinetypeTableRecord
  2
DASHED
 70
     0
  3
Dashed __ __ __ __ __ __ __ __ __ __ __ __ __ _
 72
    65
 73
     2
 40
0.75
 49
0.5
 74
     0
 49
-0.25
 74
     0
  0
LTYPE
  5
28
330
983
100
AcDbSymbolTableRecord
100
AcDbLinetypeTableRecord
  2
DASH
 70
     0
  3
__ __ __ __ __ __ __ __ __ __ __ __ __ __ __ __
 72
    65
 73
     2
 40
0.35
 49
0.25
 74
     0
 49
-0.1
 74
     0
  0
LTYPE
  5
2BE
330
983
100
AcDbSymbolTableRecord
100
AcDbLinetypeTableRecord
  2
DOTE
 70
     0
  3
____ . ____ . ____ . ____ . ____ . ____ . ____ 
 72
    65
 73
     4
 40
2.419999999999999
 49
2.0
 74
     0
 49
-0.2
 74
     0
 49
0.02
 74
     0
 49
-0.2
 74
     0
  0
LTYPE
  5
1E
330
983
100
AcDbSymbolTableRecord
100
AcDbLinetypeTableRecord
  2
ACAD_ISO04W100
 70
     0
  3
ISO long-dash dot ____ . ____ . ____ . ____ . _
 72
    65
 73
     4
 40
30.0
 49
24.0
 74
     0
 49
-3.0
 74
     0
 49
0.0
 74
     0
 49
-3.0
 74
     0
  0
LTYPE
  5
2A0
330
983
100
AcDbSymbolTableRecord
100
AcDbLinetypeTableRecord
  2
CENTER
 70
     0
  3
Center ____ _ ____ _ ____ _ ____ _ ____ _ ____
 72
    65
 73
     4
 40
2.0
 49
1.25
 74
     0
 49
-0.25
 74
     0
 49
0.25
 74
     0
 49
-0.25
 74
     0
  0
LTYPE
  5
9F5
330
983
100
AcDbSymbolTableRecord
100
AcDbLinetypeTableRecord
  2
DASHDOT
 70
     0
  3
Dash dot __ . __ . __ . __ . __ . __ . __ . __
 72
    65
 73
     4
 40
25.4
 49
12.7
 74
     0
 49
-6.349999999999997
 74
     0
 49
0.0
 74
     0
 49
-6.349999999999997
 74
     0
  0
ENDTAB
  0
TABLE
  2
LAYER
  5
97E
102
{ACAD_XDICTIONARY
360
97F
102
}
330
0
100
AcDbSymbolTable
 70
    45
  0
LAYER
  5
6
102
{ACAD_XDICTIONARY
360
7
102
}
330
97E
100
AcDbSymbolTableRecord
100
AcDbLayerTableRecord
  2
0
 70
     0
 62
     7
  6
Continuous
370
    -3
390
9
347
C
348
0
  0
LAYER
  5
2B9
102
{ACAD_XDICTIONARY
360
2BA
102
}
330
97E
100
AcDbSymbolTableRecord
100
AcDbLayerTableRecord
  2
JT-道路名称-BZ
 70
     0
 62
     7
  6
Continuous
370
     5
390
9
347
C
348
0
1001
AcAecLayerStandard
1000

1000

1001
AcCmTransparency
1071
 33554687
  0
LAYER
  5
95
330
97E
100
AcDbSymbolTableRecord
100
AcDbLayerTableRecord
  2
PUB_DIM
 70
     0
 62
     3
  6
Continuous
370
    -3
390
9
347
C
348
0
  0
LAYER
  5
10
330
97E
100
AcDbSymbolTableRecord
100
AcDbLayerTableRecord
  2
PUB_TEXT
 70
     0
 62
     7
  6
Continuous
370
    -3
390
9
347
C
348
0
  0
LAYER
  5
4B4
330
97E
100
AcDbSymbolTableRecord
100
AcDbLayerTableRecord
  2
PUB_TITLE
 70
     0
 62
     4
  6
Continuous
370
    -3
390
9
347
C
348
0
  0
LAYER
  5
7F
330
97E
100
AcDbSymbolTableRecord
100
AcDbLayerTableRecord
  2
DIM_ELEV
 70
     0
 62
     3
  6
Continuous
370
    -3
390
9
347
C
348
0
  0
LAYER
  5
4B2
330
97E
100
AcDbSymbolTableRecord
100
AcDbLayerTableRecord
  2
DIM_SYMB
 70
     0
 62
     3
  6
Continuous
370
    -3
390
9
347
C
348
0
  0
LAYER
  5
93
330
97E
100
AcDbSymbolTableRecord
100
AcDbLayerTableRecord
  2
PLAN_机动车位
 70
     0
 62
     9
  6
Continuous
370
    -3
390
9
347
C
348
0
  0
LAYER
  5
8A
102
{ACAD_XDICTIONARY
360
8B
102
}
330
97E
100
AcDbSymbolTableRecord
100
AcDbLayerTableRecord
  2
k-绿地填充
 70
     0
 62
   118
  6
Continuous
370
    -3
390
9
347
C
348
0
1001
AcAecLayerStandard
1000

1000

1001
AcCmTransparency
1071
        0
  0
LAYER
  5
21
102
{ACAD_XDICTIONARY
360
22
102
}
330
97E
100
AcDbSymbolTableRecord
100
AcDbLayerTableRecord
  2
A-SITE-ROAD
 70
     0
 62
    33
  6
Continuous
370
    -3
390
23
347
C
348
0
1001
AcAecLayerStandard
1000

1000
道路
  0
LAYER
  5
65
102
{ACAD_XDICTIONARY
360
66
102
}
330
97E
100
AcDbSymbolTableRecord
100
AcDbLayerTableRecord
  2
A-DIM-SYMB
 70
     0
 62
     3
  6
Continuous
370
    -3
390
67
347
C
348
0
1001
AcAecLayerStandard
1000

1000
其它符号
  0
LAYER
  5
38
102
{ACAD_XDICTIONARY
360
39
102
}
330
97E
100
AcDbSymbolTableRecord
100
AcDbLayerTableRecord
  2
Z-文字
 70
     0
 62
     7
  6
Continuous
370
    -3
390
9
347
C
348
0
1001
AcAecLayerStandard
1000

1000

  0
LAYER
  5
1B
102
{ACAD_XDICTIONARY
360
1C
102
}
330
97E
100
AcDbSymbolTableRecord
100
AcDbLayerTableRecord
  2
Z-道路中心线
 70
     0
 62
     1
  6
Continuous
370
    -3
390
9
347
C
348
0
1001
AcAecLayerStandard
1000

1000

  0
LAYER
  5
DD
330
97E
100
AcDbSymbolTableRecord
100
AcDbLayerTableRecord
  2
PLAN_道路
 70
     0
 62
     4
  6
Continuous
370
    -3
390
9
347
C
348
0
1001
AcAecLayerStandard
1000

1000

  0
LAYER
  5
25
102
{ACAD_XDICTIONARY
360
26
102
}
330
97E
100
AcDbSymbolTableRecord
100
AcDbLayerTableRecord
  2
a08
 70
     0
 62
   252
  6
Continuous
370
    -3
390
9
347
C
348
0
1001
_LayerManage
1070
     0
1070
     0
1070
     0
  0
LAYER
  5
104
102
{ACAD_XDICTIONARY
360
105
102
}
330
97E
100
AcDbSymbolTableRecord
100
AcDbLayerTableRecord
  2
车位
 70
     0
 62
     8
  6
Continuous
370
    -3
390
9
347
C
348
0
1001
AcAecLayerStandard
1000

1000
存放各种材质的墙对象
1001
AcCmTransparency
1071
        0
1001
_LayerManage
1070
     0
1070
     0
1070
     0
  0
LAYER
  5
91
330
97E
100
AcDbSymbolTableRecord
100
AcDbLayerTableRecord
  2
1绿地填充
 70
     0
 62
   116
  6
Continuous
370
    -3
390
9
347
C
348
0
1001
AcAecLayerStandard
1000

1000

1001
AcCmTransparency
1071
        0
1001
_LayerManage
1070
     0
1070
     0
1070
     0
  0
LAYER
  5
FB
330
97E
100
AcDbSymbolTableRecord
100
AcDbLayerTableRecord
  2
cdz
 70
     0
 62
   241
  6
Continuous
370
    -3
390
9
347
C
348
0
1001
AcAecLayerStandard
1000

1000

1001
AcCmTransparency
1071
        0
1001
_LayerManage
1070
     0
1070
     0
1070
     0
  0
LAYER
  5
2C0
102
{ACAD_XDICTIONARY
360
2C1
102
}
330
97E
100
AcDbSymbolTableRecord
100
AcDbLayerTableRecord
  2
建筑
 70
     0
 62
     4
  6
Continuous
370
    -3
390
9
347
C
348
0
1001
AcAecLayerStandard
1000

1000

1001
AcCmTransparency
1071
        0
  0
LAYER
  5
1A4
330
97E
100
AcDbSymbolTableRecord
100
AcDbLayerTableRecord
  2
TWT_TEXT
 70
     0
 62
     7
  6
Continuous
370
    -3
390
9
347
C
348
0
  0
LAYER
  5
164
330
97E
100
AcDbSymbolTableRecord
100
AcDbLayerTableRecord
  2
2
 70
     0
 62
     2
  6
Continuous
370
    -3
390
9
347
C
348
0
1001
AcAecLayerStandard
1000

1000

1001
AcCmTransparency
1071
        0
  0
LAYER
  5
191
330
97E
100
AcDbSymbolTableRecord
100
AcDbLayerTableRecord
  2
4
 70
     0
 62
     4
  6
Continuous
370
    -3
390
9
347
C
348
0
1001
AcAecLayerStandard
1000

1000

1001
AcCmTransparency
1071
        0
  0
LAYER
  5
309
330
97E
100
AcDbSymbolTableRecord
100
AcDbLayerTableRecord
  2
9
 70
     0
 62
     9
  6
Continuous
370
    -3
390
9
347
C
348
0
1001
AcAecLayerStandard
1000

1000

1001
AcCmTransparency
1071
        0
  0
LAYER
  5
1C7
330
97E
100
AcDbSymbolTableRecord
100
AcDbLayerTableRecord
  2
PIPE-污水
 70
     0
 62
     5
  6
DASH
370
    -3
390
9
347
C
348
0
  0
LAYER
  5
15D
102
{ACAD_XDICTIONARY
360
15E
102
}
330
97E
100
AcDbSymbolTableRecord
100
AcDbLayerTableRecord
  2
YSPOINT
 70
     0
 62
    40
420
 16762624
  6
Continuous
370
    -3
390
9
347
C
348
0
  0
LAYER
  5
18A
102
{ACAD_XDICTIONARY
360
18B
102
}
330
97E
100
AcDbSymbolTableRecord
100
AcDbLayerTableRecord
  2
WSPOINT
 70
     0
 62
     4
420
    65535
  6
Continuous
370
    -3
390
9
347
C
348
0
  0
LAYER
  5
197
330
97E
100
AcDbSymbolTableRecord
100
AcDbLayerTableRecord
  2
WELL_雨水
 70
     0
 62
     4
  6
Continuous
370
    -3
390
9
347
C
348
0
  0
LAYER
  5
19D
330
97E
100
AcDbSymbolTableRecord
100
AcDbLayerTableRecord
  2
TEXT_雨水
 70
     0
 62
     7
  6
Continuous
370
    -3
390
9
347
C
348
0
  0
LAYER
  5
1A1
330
97E
100
AcDbSymbolTableRecord
100
AcDbLayerTableRecord
  2
WELL_污水
 70
     0
 62
     2
  6
Continuous
370
    -3
390
9
347
C
348
0
  0
LAYER
  5
1A2
330
97E
100
AcDbSymbolTableRecord
100
AcDbLayerTableRecord
  2
TEXT_污水
 70
     0
 62
     7
  6
Continuous
370
    -3
390
9
347
C
348
0
  0
LAYER
  5
1E2
330
97E
100
AcDbSymbolTableRecord
100
AcDbLayerTableRecord
  2
PIPE-雨水
 70
     0
 62
   222
  6
DASH
370
    -3
390
9
347
C
348
0
  0
LAYER
  5
22C
330
97E
100
AcDbSymbolTableRecord
100
AcDbLayerTableRecord
  2
TWT_SYMB
 70
     0
 62
     3
  6
Continuous
370
    -3
390
9
347
C
348
0
  0
LAYER
  5
238
330
97E
100
AcDbSymbolTableRecord
100
AcDbLayerTableRecord
  2
TWT_LEAD
 70
     0
 62
     3
  6
Continuous
370
    -3
390
9
347
C
348
0
  0
LAYER
  5
32A
330
97E
100
AcDbSymbolTableRecord
100
AcDbLayerTableRecord
  2
TWT_ELEV
 70
     0
 62
     3
  6
Continuous
370
    -3
390
9
347
C
348
0
  0
LAYER
  5
489
330
97E
100
AcDbSymbolTableRecord
100
AcDbLayerTableRecord
  2
TWT_TITLE
 70
     0
 62
     7
  6
Continuous
370
    -3
390
9
347
C
348
0
  0
LAYER
  5
487
330
97E
100
AcDbSymbolTableRecord
100
AcDbLayerTableRecord
  2
SK
 70
     4
 62
     4
  6
Continuous
290
     0
370
    -3
390
9
347
C
348
0
1001
AcAecLayerStandard
1000

1000

1001
AcCmTransparency
1071
        0
  0
LAYER
  5
4DF
330
97E
100
AcDbSymbolTableRecord
100
AcDbLayerTableRecord
  2
Y
 70
     1
 62
     7
  6
Continuous
370
    -3
390
9
347
C
348
0
1001
AcAecLayerStandard
1000

1000

1001
AcCmTransparency
1071
        0
  0
LAYER
  5
4B8
330
97E
100
AcDbSymbolTableRecord
100
AcDbLayerTableRecord
  2
框
 70
     0
 62
   130
  6
Continuous
370
    -3
390
9
347
C
348
0
1001
AcAecLayerStandard
1000

1000

1001
AcCmTransparency
1071
        0
  0
LAYER
  5
958
330
97E
100
AcDbSymbolTableRecord
100
AcDbLayerTableRecord
  2
注释
 70
     0
 62
     7
  6
Continuous
370
    -3
390
9
347
C
348
0
  0
LAYER
  5
33C
102
{ACAD_XDICTIONARY
360
33D
102
}
330
97E
100
AcDbSymbolTableRecord
100
AcDbLayerTableRecord
  2
T1-图例$0$A-Stnd
 70
     0
 62
     7
  6
Continuous
370
    -3
390
9
347
C
348
0
1001
AcAecLayerStandard
1000

1000
建筑专业默认图层
1001
_LayerManage
1070
     0
1070
     0
1070
     0
  0
LAYER
  5
343
102
{ACAD_XDICTIONARY
360
344
102
}
330
97E
100
AcDbSymbolTableRecord
100
AcDbLayerTableRecord
  2
T1-图例$0$A-Car-Stnd
 70
     0
 62
   155
  6
Continuous
370
    -3
390
9
347
C
348
0
1001
AcAecLayerStandard
1000

1000
小型车位
1001
_LayerManage
1070
     0
1070
     0
1070
     0
  0
LAYER
  5
38B
330
97E
100
AcDbSymbolTableRecord
100
AcDbLayerTableRecord
  2
VPIPE-雨水
 70
     0
 62
   222
  6
DASH
370
    -3
390
9
347
C
348
0
  0
LAYER
  5
9D0
330
97E
100
AcDbSymbolTableRecord
100
AcDbLayerTableRecord
  2
Defpoints
 70
     0
 62
     7
  6
Continuous
290
     0
370
    -3
390
9
347
C
348
0
  0
LAYER
  5
9D5
330
97E
100
AcDbSymbolTableRecord
100
AcDbLayerTableRecord
  2
AXIS_TEXT
 70
     0
 62
     7
  6
Continuous
370
    -3
390
9
347
C
348
0
  0
LAYER
  5
A00
330
97E
100
AcDbSymbolTableRecord
100
AcDbLayerTableRecord
  2
PUB_WALL
 70
     0
 62
     9
  6
Continuous
370
    -3
390
9
347
C
348
0
  0
ENDTAB
  0
TABLE
  2
STYLE
  5
981
330
0
100
AcDbSymbolTable
 70
    27
  0
STYLE
  5
2BC
330
981
100
AcDbSymbolTableRecord
100
AcDbTextStyleTableRecord
  2
Standard
 70
     0
 40
0.0
 41
1.0
 50
0.0
 71
     0
 42
2.5
  3
simsun_0.shx
  4

1001
ACAD
1000
SimSun
1071
    34306
  0
STYLE
  5
EB
330
981
100
AcDbSymbolTableRecord
100
AcDbTextStyleTableRecord
  2
_TCH_DIM
 70
     0
 40
0.0
 41
0.8
 50
0.0
 71
     0
 42
2.5
  3
SIMPLEX.shx
  4
GBCBIG.shx
1001
_TCH
1040
0.85
1040
0.6
1070
     7
  0
STYLE
  5
A0
330
981
100
AcDbSymbolTableRecord
100
AcDbTextStyleTableRecord
  2
天正
 70
     0
 40
0.0
 41
0.7
 50
0.0
 71
     0
 42
0.2
  3
simplex8.shx
  4
hztxt.shx
1001
_TCH
1040
0.8
1040
0.6
1070
     0
  0
STYLE
  5
11
330
981
100
AcDbSymbolTableRecord
100
AcDbTextStyleTableRecord
  2
黑体
 70
     0
 40
0.0
 41
1.0
 50
0.0
 71
     0
 42
244.928117068722
  3
simhei_0.shx
  4

1001
ACAD
1000
SimHei
1071
    34306
  0
STYLE
  5
323
330
981
100
AcDbSymbolTableRecord
100
AcDbTextStyleTableRecord
  2
-宋
 70
     0
 40
0.0
 41
0.8
 50
0.0
 71
     0
 42
2.5
  3
simsun_0.shx
  4

1001
ACAD
1000
SimSun
1071
    34306
  0
STYLE
  5
19C
330
981
100
AcDbSymbolTableRecord
100
AcDbTextStyleTableRecord
  2
_TWT_WELL
 70
     0
 40
3.5
 41
0.8
 50
0.0
 71
     0
 42
2.5
  3
SIMPLEX
  4
HZTXT
1001
_TCH
1040
1.0
1040
0.8
1070
     0
  0
STYLE
  5
4AA
330
981
100
AcDbSymbolTableRecord
100
AcDbTextStyleTableRecord
  2
-宋体
 70
     0
 40
0.0
 41
0.8
 50
0.0
 71
     0
 42
2.5
  3
simsun_0.shx
  4

1001
_TCH
1040
1.0
1040
0.8
1070
     0
1001
ACAD
1000
SimSun
1071
    34306
  0
STYLE
  5
9A2
330
981
100
AcDbSymbolTableRecord
100
AcDbTextStyleTableRecord
  2
_TWT_DIM_ELE
 70
     0
 40
3.5
 41
0.8
 50
0.0
 71
     0
 42
2.5
  3
SIMPLEX
  4
HZTXT
1001
_TCH
1040
1.0
1040
0.8
1070
     0
  0
STYLE
  5
652
330
981
100
AcDbSymbolTableRecord
100
AcDbTextStyleTableRecord
  2
TBC
 70
     0
 40
0.0
 41
0.9
 50
0.0
 71
     0
 42
0.7518319853986882
  3
simhei_0.shx
  4

1001
ACAD
1000
SimHei
1071
    34306
  0
STYLE
  5
959
330
981
100
AcDbSymbolTableRecord
100
AcDbTextStyleTableRecord
  2
1
 70
     0
 40
0.0
 41
1.0
 50
0.0
 71
     0
 42
1.202848448672035
  3
ROMANT.SHX
  4

  0
STYLE
  5
9D6
330
981
100
AcDbSymbolTableRecord
100
AcDbTextStyleTableRecord
  2
COMPLEX
 70
     0
 40
0.0
 41
1.0
 50
0.0
 71
     0
 42
0.6
  3
COMPLEX
  4

1001
AcadAnnotative
1000
AnnotativeData
1002
{
1070
     1
1070
     1
1002
}
  0
STYLE
  5
9DA
330
981
100
AcDbSymbolTableRecord
100
AcDbTextStyleTableRecord
  2
-Ш鏹
 70
     0
 40
3.5
 41
0.8
 50
0.0
 71
     0
 42
3.5
  3
simsun_0.shx
  4

1001
ACAD
1000
SimSun
1071
    34306
1001
AcadStringInfo
1000
MIFCodePage
1070
     2
  0
STYLE
  5
9DC
330
981
100
AcDbSymbolTableRecord
100
AcDbTextStyleTableRecord
  2
宋体
 70
     0
 40
0.0
 41
1.0
 50
0.0
 71
     0
 42
0.2
  3
simsun_0.shx
  4

1001
ACAD
1000
SimSun
1071
    34306
  0
STYLE
  5
9DD
330
981
100
AcDbSymbolTableRecord
100
AcDbTextStyleTableRecord
  2
迷你简细等线
 70
     0
 40
0.0
 41
0.8
 50
0.0
 71
     0
 42
3.0
  3
simsun_0.shx
  4

1001
ACAD
1000
SimSun
1071
    34306
  0
STYLE
  5
9E0
330
981
100
AcDbSymbolTableRecord
100
AcDbTextStyleTableRecord
  2
Annotative
 70
     0
 40
0.0
 41
1.0
 50
0.0
 71
     0
 42
2.5
  3
simsun_0.shx
  4

1001
AcadAnnotative
1000
AnnotativeData
1002
{
1070
     1
1070
     1
1002
}
1001
ACAD
1000
SimSun
1071
    34306
  0
STYLE
  5
9E1
330
981
100
AcDbSymbolTableRecord
100
AcDbTextStyleTableRecord
  2
坐标标注
 70
     0
 40
0.0
 41
0.75
 50
0.0
 71
     0
 42
3.502628568391302
  3
times_2.shx
  4

1001
ACAD
1000
Times New Roman
1071
       18
  0
STYLE
  5
9E2
330
981
100
AcDbSymbolTableRecord
100
AcDbTextStyleTableRecord
  2
_TCH_SPACE
 70
     0
 40
5.0
 41
1.0
 50
0.0
 71
     0
 42
2.5
  3
SIMPLEX
  4
GBCBIG
1001
_TCH
1040
0.85
1040
0.6
1070
     7
  0
STYLE
  5
9E3
330
981
100
AcDbSymbolTableRecord
100
AcDbTextStyleTableRecord
  2
图框
 70
     0
 40
0.0
 41
1.0
 50
0.0
 71
     0
 42
2.0
  3
simsun_0.shx
  4

1001
ACAD
1000
SimSun
1071
    34306
  0
STYLE
  5
9E4
330
981
100
AcDbSymbolTableRecord
100
AcDbTextStyleTableRecord
  2
_TCH_DIM_T3
 70
     0
 40
0.0
 41
0.7058823529411766
 50
0.0
 71
     0
 42
2.5
  3
SIMPLEX
  4
GBCBIG
1001
_TCH
1040
0.85
1040
0.6
1070
     7
  0
STYLE
  5
9E5
330
981
100
AcDbSymbolTableRecord
100
AcDbTextStyleTableRecord
  2
_TCH_WINDOW
 70
     0
 40
3.5
 41
1.0
 50
0.0
 71
     0
 42
350.0
  3
SIMPLEX
  4
GBCBIG
1001
_TCH
1040
0.85
1040
0.6
1070
     7
  0
STYLE
  5
9E6
330
981
100
AcDbSymbolTableRecord
100
AcDbTextStyleTableRecord
  2
_TCH_LABEL
 70
     0
 40
0.0
 41
1.0
 50
0.0
 71
     0
 42
2.5
  3
COMPLEX
  4
GBCBIG
1001
_TCH
1040
0.85
1040
0.6
1070
     7
  0
STYLE
  5
9E7
330
981
100
AcDbSymbolTableRecord
100
AcDbTextStyleTableRecord
  2
DIM_FONT
 70
     0
 40
0.0
 41
0.7
 50
0.0
 71
     0
 42
2.5
  3
SIMPLEX
  4
GBCBIG
1001
_TCH
1040
0.85
1040
0.6
1070
     7
  0
STYLE
  5
9EA
330
981
100
AcDbSymbolTableRecord
100
AcDbTextStyleTableRecord
  2
HZTXT
 70
     0
 40
0.0
 41
0.7
 50
0.0
 71
     0
 42
200.0
  3
romane.shx
  4
hztxt.shx
1001
_TCH
1040
0.85
1040
0.7
1070
     0
  0
STYLE
  5
9EC
330
981
100
AcDbSymbolTableRecord
100
AcDbTextStyleTableRecord
  2

 70
     1
 40
0.0
 41
1.0
 50
0.0
 71
     0
 42
2.5
  3
ltypeshp.shx
  4

  0
STYLE
  5
9ED
330
981
100
AcDbSymbolTableRecord
100
AcDbTextStyleTableRecord
  2
TG_LINETYPE
 70
     0
 40
3.0
 41
0.8
 50
0.0
 71
     0
 42
2.5
  3
SIMPLEX
  4
HZTXT
  0
STYLE
  5
9F2
330
981
100
AcDbSymbolTableRecord
100
AcDbTextStyleTableRecord
  2
HZ
 70
     0
 40
0.0
 41
0.8
 50
0.0
 71
     0
 42
2.5
  3
txt
  4
hztxt
  0
STYLE
  5
9F4
330
981
100
AcDbSymbolTableRecord
100
AcDbTextStyleTableRecord
  2
_TWT_SERIAL
 70
     0
 40
3.5
 41
0.8
 50
0.0
 71
     0
 42
2.5
  3
COMPLEX
  4
HZTXT
1001
_TCH
1040
1.0
1040
0.8
1070
     0
  0
ENDTAB
  0
TABLE
  2
VIEW
  5
986
330
0
100
AcDbSymbolTable
 70
     0
  0
ENDTAB
  0
TABLE
  2
UCS
  5
987
330
0
100
AcDbSymbolTable
 70
     0
  0
ENDTAB
  0
TABLE
  2
APPID
  5
98C
330
0
100
AcDbSymbolTable
 70
    80
  0
APPID
  5
12
330
98C
100
AcDbSymbolTableRecord
100
AcDbRegAppTableRecord
  2
ACAD
 70
     0
  0
APPID
  5
474
330
98C
100
AcDbSymbolTableRecord
100
AcDbRegAppTableRecord
  2
ACAD_PSEXT
 70
     0
  0
APPID
  5
98A
330
98C
100
AcDbSymbolTableRecord
100
AcDbRegAppTableRecord
  2
ACAD_NAV_VCDISPLAY
 70
     0
  0
APPID
  5
998
330
98C
100
AcDbSymbolTableRecord
100
AcDbRegAppTableRecord
  2
AcadAnnotative
 70
     0
  0
APPID
  5
994
330
98C
100
AcDbSymbolTableRecord
100
AcDbRegAppTableRecord
  2
ACAD_DSTYLE_DIMJAG
 70
     0
  0
APPID
  5
997
330
98C
100
AcDbSymbolTableRecord
100
AcDbRegAppTableRecord
  2
ACAD_DSTYLE_DIMBREAK
 70
     0
  0
APPID
  5
995
330
98C
100
AcDbSymbolTableRecord
100
AcDbRegAppTableRecord
  2
ACAD_DSTYLE_DIMTALN
 70
     0
  0
APPID
  5
1D
330
98C
100
AcDbSymbolTableRecord
100
AcDbRegAppTableRecord
  2
AcAecLayerStandard
 70
     0
  0
APPID
  5
8C
330
98C
100
AcDbSymbolTableRecord
100
AcDbRegAppTableRecord
  2
AcCmTransparency
 70
     0
  0
APPID
  5
2A2
330
98C
100
AcDbSymbolTableRecord
100
AcDbRegAppTableRecord
  2
FAPP_DLZX
 70
     0
  0
APPID
  5
2A3
330
98C
100
AcDbSymbolTableRecord
100
AcDbRegAppTableRecord
  2
FS_DLMC
 70
     0
  0
APPID
  5
2A4
330
98C
100
AcDbSymbolTableRecord
100
AcDbRegAppTableRecord
  2
FS_TYPE
 70
     0
  0
APPID
  5
2A5
330
98C
100
AcDbSymbolTableRecord
100
AcDbRegAppTableRecord
  2
FS_DLXS
 70
     0
  0
APPID
  5
2A6
330
98C
100
AcDbSymbolTableRecord
100
AcDbRegAppTableRecord
  2
FS_DLBK
 70
     0
  0
APPID
  5
2A7
330
98C
100
AcDbSymbolTableRecord
100
AcDbRegAppTableRecord
  2
FS_DLDM
 70
     0
  0
APPID
  5
2A8
330
98C
100
AcDbSymbolTableRecord
100
AcDbRegAppTableRecord
  2
FD_WIDTH
 70
     0
  0
APPID
  5
2A9
330
98C
100
AcDbSymbolTableRecord
100
AcDbRegAppTableRecord
  2
FD_DLCD
 70
     0
  0
APPID
  5
2AA
330
98C
100
AcDbSymbolTableRecord
100
AcDbRegAppTableRecord
  2
FN_SJCS
 70
     0
  0
APPID
  5
2AB
330
98C
100
AcDbSymbolTableRecord
100
AcDbRegAppTableRecord
  2
FN_ZLCDS
 70
     0
  0
APPID
  5
2AC
330
98C
100
AcDbSymbolTableRecord
100
AcDbRegAppTableRecord
  2
FN_FLCDS
 70
     0
  0
APPID
  5
292
330
98C
100
AcDbSymbolTableRecord
100
AcDbRegAppTableRecord
  2
FS_KZMS
 70
     0
  0
APPID
  5
2AF
330
98C
100
AcDbSymbolTableRecord
100
AcDbRegAppTableRecord
  2
FS_JSZT
 70
     0
  0
APPID
  5
293
330
98C
100
AcDbSymbolTableRecord
100
AcDbRegAppTableRecord
  2
FS_SJLY
 70
     0
  0
APPID
  5
294
330
98C
100
AcDbSymbolTableRecord
100
AcDbRegAppTableRecord
  2
FS_BZ
 70
     0
  0
APPID
  5
295
330
98C
100
AcDbSymbolTableRecord
100
AcDbRegAppTableRecord
  2
FS_JSSX
 70
     0
  0
APPID
  5
2B0
330
98C
100
AcDbSymbolTableRecord
100
AcDbRegAppTableRecord
  2
FS_DLZX
 70
     0
  0
APPID
  5
2B1
330
98C
100
AcDbSymbolTableRecord
100
AcDbRegAppTableRecord
  2
~$FS_CROSS
 70
     0
  0
APPID
  5
2B2
330
98C
100
AcDbSymbolTableRecord
100
AcDbRegAppTableRecord
  2
~$FS_DLHX
 70
     0
  0
APPID
  5
2B3
330
98C
100
AcDbSymbolTableRecord
100
AcDbRegAppTableRecord
  2
~$FD_LRWD
 70
     0
  0
APPID
  5
2B4
330
98C
100
AcDbSymbolTableRecord
100
AcDbRegAppTableRecord
  2
~$FD_RRWD
 70
     0
  0
APPID
  5
2B5
330
98C
100
AcDbSymbolTableRecord
100
AcDbRegAppTableRecord
  2
~$FD_MODE
 70
     0
  0
APPID
  5
2B6
330
98C
100
AcDbSymbolTableRecord
100
AcDbRegAppTableRecord
  2
FS_ENTCODE
 70
     0
  0
APPID
  5
296
330
98C
100
AcDbSymbolTableRecord
100
AcDbRegAppTableRecord
  2
FAPP_DLHX_KG
 70
     0
  0
APPID
  5
2AD
330
98C
100
AcDbSymbolTableRecord
100
AcDbRegAppTableRecord
  2
FS_SFSGJZYD
 70
     0
  0
APPID
  5
2AE
330
98C
100
AcDbSymbolTableRecord
100
AcDbRegAppTableRecord
  2
FS_SFSLD
 70
     0
  0
APPID
  5
29E
330
98C
100
AcDbSymbolTableRecord
100
AcDbRegAppTableRecord
  2
DICAD_PRO_LHB_YJ_NEW
 70
     0
  0
APPID
  5
57
330
98C
100
AcDbSymbolTableRecord
100
AcDbRegAppTableRecord
  2
AcDbBlockRepETag
 70
     0
  0
APPID
  5
A1
330
98C
100
AcDbSymbolTableRecord
100
AcDbRegAppTableRecord
  2
_TCH
 70
     0
  0
APPID
  5
5C
330
98C
100
AcDbSymbolTableRecord
100
AcDbRegAppTableRecord
  2
GradientColor1ACI
 70
     0
  0
APPID
  5
5D
330
98C
100
AcDbSymbolTableRecord
100
AcDbRegAppTableRecord
  2
GradientColor2ACI
 70
     0
  0
APPID
  5
61
330
98C
100
AcDbSymbolTableRecord
100
AcDbRegAppTableRecord
  2
AcDbDynamicBlockGUID
 70
     0
  0
APPID
  5
27
330
98C
100
AcDbSymbolTableRecord
100
AcDbRegAppTableRecord
  2
_LayerManage
 70
     0
  0
APPID
  5
60
330
98C
100
AcDbSymbolTableRecord
100
AcDbRegAppTableRecord
  2
AcDbDynamicBlockTrueName
 70
     0
  0
APPID
  5
73
330
98C
100
AcDbSymbolTableRecord
100
AcDbRegAppTableRecord
  2
AcDbBlockRepBTag
 70
     0
  0
APPID
  5
16A
330
98C
100
AcDbSymbolTableRecord
100
AcDbRegAppTableRecord
  2
GXDATA
 70
     0
  0
APPID
  5
179
330
98C
100
AcDbSymbolTableRecord
100
AcDbRegAppTableRecord
  2
代码
 70
     0
  0
APPID
  5
16F
330
98C
100
AcDbSymbolTableRecord
100
AcDbRegAppTableRecord
  2
备注
 70
     0
  0
APPID
  5
173
330
98C
100
AcDbSymbolTableRecord
100
AcDbRegAppTableRecord
  2
权属单位
 70
     0
  0
APPID
  5
174
330
98C
100
AcDbSymbolTableRecord
100
AcDbRegAppTableRecord
  2
探测单位
 70
     0
  0
APPID
  5
175
330
98C
100
AcDbSymbolTableRecord
100
AcDbRegAppTableRecord
  2
探测日期
 70
     0
  0
APPID
  5
176
330
98C
100
AcDbSymbolTableRecord
100
AcDbRegAppTableRecord
  2
建设年代
 70
     0
  0
APPID
  5
178
330
98C
100
AcDbSymbolTableRecord
100
AcDbRegAppTableRecord
  2
标识码
 70
     0
  0
APPID
  5
183
330
98C
100
AcDbSymbolTableRecord
100
AcDbRegAppTableRecord
  2
所在道路
 70
     0
  0
APPID
  5
184
330
98C
100
AcDbSymbolTableRecord
100
AcDbRegAppTableRecord
  2
管类
 70
     0
  0
APPID
  5
182
330
98C
100
AcDbSymbolTableRecord
100
AcDbRegAppTableRecord
  2
行政区
 70
     0
  0
APPID
  5
16B
330
98C
100
AcDbSymbolTableRecord
100
AcDbRegAppTableRecord
  2
物探点号
 70
     0
  0
APPID
  5
16C
330
98C
100
AcDbSymbolTableRecord
100
AcDbRegAppTableRecord
  2
特征点
 70
     0
  0
APPID
  5
16D
330
98C
100
AcDbSymbolTableRecord
100
AcDbRegAppTableRecord
  2
附属物
 70
     0
  0
APPID
  5
16E
330
98C
100
AcDbSymbolTableRecord
100
AcDbRegAppTableRecord
  2
井深
 70
     0
  0
APPID
  5
177
330
98C
100
AcDbSymbolTableRecord
100
AcDbRegAppTableRecord
  2
旋转角
 70
     0
  0
APPID
  5
17A
330
98C
100
AcDbSymbolTableRecord
100
AcDbRegAppTableRecord
  2
X坐标
 70
     0
  0
APPID
  5
17B
330
98C
100
AcDbSymbolTableRecord
100
AcDbRegAppTableRecord
  2
Y坐标
 70
     0
  0
APPID
  5
17C
330
98C
100
AcDbSymbolTableRecord
100
AcDbRegAppTableRecord
  2
地面高程
 70
     0
  0
APPID
  5
17D
330
98C
100
AcDbSymbolTableRecord
100
AcDbRegAppTableRecord
  2
图上点号
 70
     0
  0
APPID
  5
17E
330
98C
100
AcDbSymbolTableRecord
100
AcDbRegAppTableRecord
  2
图幅号
 70
     0
  0
APPID
  5
17F
330
98C
100
AcDbSymbolTableRecord
100
AcDbRegAppTableRecord
  2
井底高程
 70
     0
  0
APPID
  5
180
330
98C
100
AcDbSymbolTableRecord
100
AcDbRegAppTableRecord
  2
泥深
 70
     0
  0
APPID
  5
181
330
98C
100
AcDbSymbolTableRecord
100
AcDbRegAppTableRecord
  2
偏心井
 70
     0
  0
APPID
  5
185
330
98C
100
AcDbSymbolTableRecord
100
AcDbRegAppTableRecord
  2
水深
 70
     0
  0
APPID
  5
186
330
98C
100
AcDbSymbolTableRecord
100
AcDbRegAppTableRecord
  2
PointID
 70
     0
  0
APPID
  5
171
330
98C
100
AcDbSymbolTableRecord
100
AcDbRegAppTableRecord
  2
立管管径
 70
     0
  0
APPID
  5
172
330
98C
100
AcDbSymbolTableRecord
100
AcDbRegAppTableRecord
  2
立管材质
 70
     0
  0
APPID
  5
170
330
98C
100
AcDbSymbolTableRecord
100
AcDbRegAppTableRecord
  2
立管高度
 70
     0
  0
APPID
  5
187
330
98C
100
AcDbSymbolTableRecord
100
AcDbRegAppTableRecord
  2
物探点号坐标
 70
     0
  0
APPID
  5
19E
330
98C
100
AcDbSymbolTableRecord
100
AcDbRegAppTableRecord
  2
TG-WELL-RADIUS
 70
     0
  0
APPID
  5
19F
330
98C
100
AcDbSymbolTableRecord
100
AcDbRegAppTableRecord
  2
TG-WELL-GroundEle
 70
     0
  0
APPID
  5
32B
330
98C
100
AcDbSymbolTableRecord
100
AcDbRegAppTableRecord
  2
TG-LAYER
 70
     0
  0
APPID
  5
38C
330
98C
100
AcDbSymbolTableRecord
100
AcDbRegAppTableRecord
  2
PIPE-SERIAL
 70
     0
  0
APPID
  5
9DB
330
98C
100
AcDbSymbolTableRecord
100
AcDbRegAppTableRecord
  2
AcadStringInfo
 70
     0
  0
APPID
  5
A01
330
98C
100
AcDbSymbolTableRecord
100
AcDbRegAppTableRecord
  2
WTHICK
 70
     0
  0
ENDTAB
  0
TABLE
  2
DIMSTYLE
  5
98D
330
0
100
AcDbSymbolTable
 70
     3
100
AcDbDimStyleTable
 71
     3
340
98E
340
98F
340
996
  0
DIMSTYLE
105
98E
330
98D
100
AcDbSymbolTableRecord
100
AcDbDimStyleTableRecord
  2
ISO-25
 70
     0
 41
2.5
 42
0.625
 43
3.75
 44
1.25
 73
     0
 74
     0
 77
     1
 78
     8
140
2.5
141
2.5
143
0.03937007874016
147
0.625
171
     3
172
     1
271
     2
272
     2
274
     3
278
    44
283
     0
284
     8
340
2BC
  0
DIMSTYLE
105
996
330
98D
100
AcDbSymbolTableRecord
100
AcDbDimStyleTableRecord
  2
Annotative
 70
     0
 41
2.5
 42
0.625
 43
3.75
 44
1.25
 73
     0
 74
     0
 77
     1
 78
     8
140
2.5
141
2.5
143
0.03937007874016
147
0.625
171
     3
172
     1
271
     2
272
     2
274
     3
278
    44
283
     0
284
     8
340
2BC
1001
ACAD_DSTYLE_DIMBREAK
1070
   391
1040
3.75
1001
AcadAnnotative
1000
AnnotativeData
1002
{
1070
     1
1070
     1
1002
}
1001
ACAD_DSTYLE_DIMJAG
1070
   388
1040
1.5
1001
ACAD_DSTYLE_DIMTALN
1070
   392
1070
     0
  0
DIMSTYLE
105
98F
330
98D
100
AcDbSymbolTableRecord
100
AcDbDimStyleTableRecord
  2
_TCH_ARCH
 70
     0
  3
m
 41
1.0
 42
3.0
 43
0.0
 44
2.5
 73
     0
 74
     0
 77
     1
 79
     2
140
3.5
147
1.0
172
     1
174
     1
178
     7
179
     2
271
     1
272
     1
279
     2
340
EB
342
990
1001
ACAD_DSTYLE_DIMJAG
1070
   388
1040
1.5
1001
ACAD_DSTYLE_DIMTALN
1070
   392
1070
     0
  0
ENDTAB
  0
TABLE
  2
BLOCK_RECORD
  5
1
330
0
100
AcDbSymbolTable
 70
    23
  0
BLOCK_RECORD
  5
2
102
{ACAD_XDICTIONARY
360
3
102
}
330
1
100
AcDbSymbolTableRecord
100
AcDbBlockTableRecord
  2
*Model_Space
340
470
 70
     0
280
     1
281
     0
  0
BLOCK_RECORD
  5
475
102
{ACAD_XDICTIONARY
360
476
102
}
330
1
100
AcDbSymbolTableRecord
100
AcDbBlockTableRecord
  2
*Paper_Space
340
97B
 70
     0
280
     1
281
     0
  0
BLOCK_RECORD
  5
990
330
1
100
AcDbSymbolTableRecord
100
AcDbBlockTableRecord
  2
_ArchTick
340
0
 70
     0
280
     1
281
     0
  0
BLOCK_RECORD
  5
4F
102
{ACAD_XDICTIONARY
360
50
102
}
330
1
100
AcDbSymbolTableRecord
100
AcDbBlockTableRecord
  2
A$C6CFD7A93
340
0
 70
     0
280
     1
281
     0
1001
AcDbBlockRepETag
1070
     1
1071
        7
1001
AcDbDynamicBlockTrueName
1000
A$C6CFD7A93
1001
AcDbDynamicBlockGUID
1000
{62820CA7-5052-474D-B793-A25729D3C948}
  0
BLOCK_RECORD
  5
DE
330
1
100
AcDbSymbolTableRecord
100
AcDbBlockTableRecord
  2
111111
340
0
310
2800000020000000200000000100080000000000000400000000000000000000000000000000000000000000000080000080000000808000800000008000800080800000C0C0C000C0DCC000F0CAA6000020400000206000002080000020A0000020C0000020E00000400000004020000040400000406000004080000040A0
310
000040C0000040E00000600000006020000060400000606000006080000060A0000060C0000060E00000800000008020000080400000806000008080000080A0000080C0000080E00000A0000000A0200000A0400000A0600000A0800000A0A00000A0C00000A0E00000C0000000C0200000C0400000C0600000C0800000C0
310
A00000C0C00000C0E00000E0000000E0200000E0400000E0600000E0800000E0A00000E0C00000E0E00040000000400020004000400040006000400080004000A0004000C0004000E00040200000402020004020400040206000402080004020A0004020C0004020E000404000004040200040404000404060004040800040
310
40A0004040C0004040E00040600000406020004060400040606000406080004060A0004060C0004060E00040800000408020004080400040806000408080004080A0004080C0004080E00040A0000040A0200040A0400040A0600040A0800040A0A00040A0C00040A0E00040C0000040C0200040C0400040C0600040C08000
310
40C0A00040C0C00040C0E00040E0000040E0200040E0400040E0600040E0800040E0A00040E0C00040E0E00080000000800020008000400080006000800080008000A0008000C0008000E00080200000802020008020400080206000802080008020A0008020C0008020E00080400000804020008040400080406000804080
310
008040A0008040C0008040E00080600000806020008060400080606000806080008060A0008060C0008060E00080800000808020008080400080806000808080008080A0008080C0008080E00080A0000080A0200080A0400080A0600080A0800080A0A00080A0C00080A0E00080C0000080C0200080C0400080C0600080C0
310
800080C0A00080C0C00080C0E00080E0000080E0200080E0400080E0600080E0800080E0A00080E0C00080E0E000C0000000C0002000C0004000C0006000C0008000C000A000C000C000C000E000C0200000C0202000C0204000C0206000C0208000C020A000C020C000C020E000C0400000C0402000C0404000C0406000C0
310
408000C040A000C040C000C040E000C0600000C0602000C0604000C0606000C0608000C060A000C060C000C060E000C0800000C0802000C0804000C0806000C0808000C080A000C080C000C080E000C0A00000C0A02000C0A04000C0A06000C0A08000C0A0A000C0A0C000C0A0E000C0C00000C0C02000C0C04000C0C06000
310
C0C08000C0C0A000F0FBFF00A4A0A000808080000000FF0000FF000000FFFF00FF000000FF00FF00FFFF0000FFFFFF0000000000000000000000000000000000000000000000000000000000000000000000000000000000000000000000000000000000000000000000000000000000000000000000000000000000000000
310
00000000000000000000000000000000000000000000000000000000000000000000000000000000000000000000000000000000000000000000000000000000000000000000000000000000000000000000000000000000000000000000000000000000000000000000000000000000000000000000000000000000000000
310
00FA000000000000000000000000000000000000000000000000000000000000FAFAFA0000000000000000000000000000000000000000000000000000000000FAFAFAFA000000000000000000000000000000000000000000000000000000FAFAFAFAFA0000000000000000000000000000000000000000000000000000FA
310
FAFAFAFAFAFA000000000000000000000000000000000000000000000000FAFAFAFAFAFAFAFAFA0000000000000000000000000000000000000000000000FAFAFAFAFAFAFAFAFAFA000000000000000000000000000000000000000000FAFAFAFAFAFAFAFAFAFAFAFA00000000000000000000000000000000000000FAFAFA
310
FAFAFAFAFAFAFAFAFAFA000000000000000000000000000000000000FAFAFAFAFAFAFAFAFAFAFAFAFAFAFA0000000000000000000000000000000000FAFAFAFAFAFAFAFAFAFAFAFAFAFAFAFA000000000000000000000000000000FAFAFAFAFAFAFAFAFAFAFAFAFAFAFAFAFAFA00000000000000000000000000FAFAFAFAFA
310
FAFAFAFAFAFAFAFAFAFAFAFAFAFA000000000000000000000000FAFAFAFAFAFAFAFAFAFAFAFAFAFAFAFAFAFAFAFAFA0000000000000000000000FAFAFAFAFAFAFAFAFAFAFAFAFAFAFAFAFAFAFAFAFAFA000000000000000000FAFAFAFAFAFAFAFAFAFAFAFAFAFAFAFAFAFAFAFAFAFAFAFA00000000000000FAFAFAFAFAFAFA
310
FAFAFAFAFAFAFAFAFAFAFAFAFAFAFAFAFAFAFA0000000000FAFAFAFAFAFAFAFAFAFAFAFAFAFAFAFAFAFAFAFAFAFAFAFAFAFAFA0000000000FAFAFAFAFAFAFAFAFAFAFAFAFAFAFAFAFAFAFAFAFAFAFAFAFAFAFAFA000000FAFAFAFAFAFAFAFAFAFAFAFAFAFAFAFAFAFAFAFAFAFAFAFAFAFAFAFAFAFA00000000000000000000
310
00000000000000000000000000000000000000000000000000000000000000000000000000000000000000000000000000000000000000000000000000000000000000000000000000000000000000000000000000000000000000000000000000000000000000000000000000000000000000000000000000000000000000
310
0000000000000000000000000000000000000000000000000000000000000000000000000000000000000000000000000000000000000000
102
{BLKREFS
331
DC
331
130
102
}
 70
     0
280
     1
281
     0
  0
BLOCK_RECORD
  5
68
102
{ACAD_XDICTIONARY
360
69
102
}
330
1
100
AcDbSymbolTableRecord
100
AcDbBlockTableRecord
  2
*U3
340
0
102
{BLKREFS
331
4B
102
}
 70
     0
280
     1
281
     0
1001
AcDbBlockRepBTag
1070
     1
1005
4F
  0
BLOCK_RECORD
  5
106
102
{ACAD_XDICTIONARY
360
107
102
}
330
1
100
AcDbSymbolTableRecord
100
AcDbBlockTableRecord
  2
frewrtret
340
0
310
28000000200000002000000001002000000000000010000001000000010000000000000000000000000000FF000000FF000000FF000000FF000000FF000000FF000000FF000000FF000000FF000000FF000000FF000000FF000000FF000000FF000000FF000000FF000000FF000000FF000000FF000000FF000000FF000000
310
FF000000FF000000FF000000FF000000FF000000FF000000FF000000FF000000FF000000FF000000FF000000FF000000FF000000FF000000FF000000FF000000FF000000FF000000FF000000FF000000FF000000FF000000FF000000FF000000FF000000FF000000FF000000FF000000FF000000FF000000FF000000FF0000
310
00FF000000FF000000FF000000FF000000FF000000FF000000FF000000FF000000FF000000FF000000FF000000FF000000FF000000FF000000FF000000FF000000FF000000FF000000FF000000FF000000FF000000FF000000FF000000FF000000FF000000FF000000FF000000FF000000FF000000FF000000FF000000FF00
310
0000FF000000FF000000FF000000FF000000FF000000FF000000FF000000FF000000FF000000FF000000FF000000FF000000FF000000FF000000FF000000FF000000FF000000FF000000FF000000FF000000FF000000FF000000FF000000FF000000FF000000FF000000FF000000FF000000FF000000FF000000FF000000FF
310
000000FF000000FF000000FF000000FF000000FF000000FF000000FF000000FF000000FF000000FF000000FF000000FF000000FF000000FF000000FF000000FF000000FF000000FF000000FF000000FF000000FF000000FF000000FF000000FF000000FF000000FF000000FF000000FF000000FF000000FF000000FF000000
310
FF000000FF000000FF000000FF000000FF000000FF000000FF000000FF000000FF000000FF000000FF000000FF000000FF000000FF000000FF000000FF000000FF000000FF000000FF000000FF000000FF000000FF000000FF000000FF000000FF000000FF000000FF000000FF000000FF000000FF000000FF000000FF0000
310
00FF000000FF000000FF000000FF000000FF000000FF000000FF000000FF000000FF000000FF000000FF000000FF000000FF000000FF000000FF000000FF000000FF000000FF000000FF000000FF000000FF000000FF000000FF000000FF000000FF000000FF000000FF000000FF000000FF000000FF000000FF000000FF00
310
0000FF000000FF000000FF000000FF000000FF000000FF000000FF000000FF000000FF000000FF000000FF000000FF000000FF000000FF000000FF000000FF000000FF000000FF000000FF000000FF000000FF000000FF000000FF000000FF000000FF000000FF000000FF000000FF000000FF000000FF000000FF000000FF
310
000000FF000000FF000000FF000000FF000000FF000000FF000000FF000000FF000000FF000000FF000000FF000000FF000000FF000000FF000000FF000000FF000000FF000000FF000000FF000000FF000000FF000000FF000000FF000000FF000000FF000000FF000000FF000000FF000000FF000000FF000000FF000000
310
FF000000FF000000FF000000FF000000FF000000FF000000FF000000FF000000FF000000FF000000FF000000FF000000FF000000FF7FCC66FF7FCC66FF7FCC66FF7FCC66FF7FCC66FF7FCC66FF7FCC66FF7FCC66FF7FCC66FF7FCC66FF7FCC66FF7FCC66FF7FCC66FF7FCC66FF7FCC66FF7FCC66FF7FCC66FF7FCC66FF7FCC
310
66FF7FCC66FF7FCC66FF7FCC66FF7FCC66FF7FCC66FF7FCC66FF7FCC66FF7FCC66FF7FCC66FF7FCC66FF7FCC66FF000000FF000000FF7FCC66FF000000FF7FCC66FF7FCC66FF000000FF000000FF000000FF000000FF000000FF000000FF000000FF000000FF000000FF000000FF000000FF000000FF000000FF000000FF00
310
0000FF000000FF000000FF000000FF000000FF000000FF000000FF000000FF000000FF000000FF000000FF7FCC66FF000000FF000000FF7FCC66FF000000FF000000FF000000FF7FCC66FF7FCC66FF000000FF000000FF000000FF000000FF000000FF000000FF000000FF000000FF000000FF000000FF000000FF000000FF
310
000000FF000000FF000000FF000000FF000000FF000000FF000000FF000000FF000000FF000000FF000000FF7FCC66FF000000FF000000FF7FCC66FF000000FF000000FF000000FF000000FF000000FF7FCC66FF7FCC66FF000000FF000000FF000000FF000000FF000000FF000000FF000000FF000000FF000000FF000000
310
FF000000FF000000FF000000FF000000FF000000FF000000FF000000FF000000FF000000FF000000FF000000FF7FCC66FF000000FF000000FF7FCC66FF000000FF000000FF000000FF000000FF000000FF000000FF000000FF7FCC66FF7FCC66FF7FCC66FF000000FF000000FF000000FF000000FF000000FF000000FF0000
310
00FF000000FF000000FF000000FF000000FF000000FF000000FF000000FF000000FF000000FF000000FF000000FF7FCC66FF000000FF000000FF7FCC66FF000000FF000000FF000000FF000000FF000000FF000000FF000000FF000000FF000000FF000000FF7FCC66FF7FCC66FF000000FF000000FF000000FF000000FF00
310
0000FF000000FF000000FF000000FF000000FF000000FF000000FF000000FF000000FF000000FF000000FF000000FF7FCC66FF000000FF000000FF7FCC66FF000000FF000000FF000000FF000000FF000000FF000000FF000000FF000000FF000000FF000000FF000000FF000000FF7FCC66FF7FCC66FF000000FF000000FF
310
000000FF000000FF000000FF000000FF000000FF000000FF000000FF000000FF000000FF000000FF000000FF000000FF7FCC66FF000000FF000000FF7FCC66FF000000FF000000FF000000FF000000FF000000FF000000FF000000FF000000FF000000FF000000FF000000FF000000FF000000FF000000FF7FCC66FF7FCC66
310
FF000000FF000000FF000000FF000000FF000000FF000000FF000000FF000000FF000000FF000000FF000000FF000000FF7FCC66FF000000FF000000FF7FCC66FF000000FF000000FF000000FF000000FF000000FF000000FF000000FF000000FF000000FF000000FF000000FF000000FF000000FF000000FF000000FF0000
310
00FF7FCC66FF7FCC66FF000000FF000000FF000000FF000000FF000000FF000000FF000000FF000000FF000000FF000000FF7FCC66FF000000FF000000FF7FCC66FF000000FF000000FF000000FF000000FF000000FF000000FF000000FF000000FF000000FF000000FF000000FF000000FF000000FF000000FF000000FF00
310
0000FF000000FF000000FF7FCC66FF7FCC66FF7FCC66FF000000FF000000FF000000FF000000FF000000FF000000FF000000FF7FCC66FF000000FF000000FF7FCC66FF000000FF000000FF000000FF000000FF000000FF000000FF000000FF000000FF000000FF000000FF000000FF000000FF000000FF000000FF000000FF
310
000000FF000000FF000000FF000000FF000000FF000000FF7FCC66FF7FCC66FF000000FF000000FF000000FF000000FF000000FF7FCC66FF000000FF000000FF7FCC66FF000000FF000000FF000000FF000000FF000000FF000000FF000000FF000000FF000000FF000000FF000000FF000000FF000000FF000000FF000000
310
FF000000FF000000FF000000FF000000FF000000FF000000FF000000FF000000FF7FCC66FF7FCC66FF000000FF000000FF000000FF7FCC66FF000000FF000000FF7FCC66FF000000FF000000FF000000FF000000FF000000FF000000FF000000FF000000FF000000FF000000FF000000FF000000FF000000FF000000FF0000
310
00FF000000FF000000FF000000FF000000FF000000FF000000FF000000FF000000FF000000FF000000FF7FCC66FF7FCC66FF000000FF7FCC66FF000000FF000000FF7FCC66FF7FCC66FF7FCC66FF7FCC66FF7FCC66FF7FCC66FF7FCC66FF7FCC66FF7FCC66FF7FCC66FF7FCC66FF7FCC66FF7FCC66FF7FCC66FF7FCC66FF7F
310
CC66FF7FCC66FF7FCC66FF7FCC66FF7FCC66FF7FCC66FF7FCC66FF7FCC66FF7FCC66FF7FCC66FF7FCC66FF7FCC66FF7FCC66FF7FCC66FF7FCC66FF000000FF000000FF000000FF000000FF000000FF000000FF000000FF000000FF000000FF000000FF000000FF000000FF000000FF000000FF000000FF000000FF000000FF
310
000000FF000000FF000000FF000000FF000000FF000000FF000000FF000000FF000000FF000000FF000000FF000000FF000000FF000000FF000000FF000000FF000000FF000000FF000000FF000000FF000000FF000000FF000000FF000000FF000000FF000000FF000000FF000000FF000000FF000000FF000000FF000000
310
FF000000FF000000FF000000FF000000FF000000FF000000FF000000FF000000FF000000FF000000FF000000FF000000FF000000FF000000FF000000FF000000FF000000FF000000FF000000FF000000FF000000FF000000FF000000FF000000FF000000FF000000FF000000FF000000FF000000FF000000FF000000FF0000
310
00FF000000FF000000FF000000FF000000FF000000FF000000FF000000FF000000FF000000FF000000FF000000FF000000FF000000FF000000FF000000FF000000FF000000FF000000FF000000FF000000FF000000FF000000FF000000FF000000FF000000FF000000FF000000FF000000FF000000FF000000FF000000FF00
310
0000FF000000FF000000FF000000FF000000FF000000FF000000FF000000FF000000FF000000FF000000FF000000FF000000FF000000FF000000FF000000FF000000FF000000FF000000FF000000FF000000FF000000FF000000FF000000FF000000FF000000FF000000FF000000FF000000FF000000FF000000FF000000FF
310
000000FF000000FF000000FF000000FF000000FF000000FF000000FF000000FF000000FF000000FF000000FF000000FF000000FF000000FF000000FF000000FF000000FF000000FF000000FF000000FF000000FF000000FF000000FF000000FF000000FF000000FF000000FF000000FF000000FF000000FF000000FF000000
310
FF000000FF000000FF000000FF000000FF000000FF000000FF000000FF000000FF000000FF000000FF000000FF000000FF000000FF000000FF000000FF000000FF000000FF000000FF000000FF000000FF000000FF000000FF000000FF000000FF000000FF000000FF000000FF000000FF000000FF000000FF000000FF0000
310
00FF000000FF000000FF000000FF000000FF000000FF000000FF000000FF000000FF000000FF000000FF000000FF000000FF000000FF000000FF000000FF000000FF000000FF000000FF000000FF000000FF000000FF000000FF000000FF000000FF000000FF000000FF000000FF000000FF000000FF000000FF000000FF00
310
0000FF000000FF000000FF000000FF000000FF000000FF000000FF000000FF000000FF000000FF000000FF000000FF000000FF000000FF000000FF000000FF000000FF000000FF000000FF000000FF000000FF000000FF000000FF000000FF000000FF000000FF000000FF000000FF000000FF000000FF000000FF000000FF
310
000000FF000000FF000000FF000000FF000000FF000000FF000000FF000000FF000000FF000000FF000000FF000000FF000000FF000000FF000000FF000000FF000000FF000000FF
102
{BLKREFS
331
103
102
}
 70
     0
280
     1
281
     0
  0
BLOCK_RECORD
  5
FC
102
{ACAD_XDICTIONARY
360
FD
102
}
330
1
100
AcDbSymbolTableRecord
100
AcDbBlockTableRecord
  2
A$C5D0344E3
340
0
102
{BLKREFS
331
FA
102
}
 70
     4
280
     1
281
     0
  0
BLOCK_RECORD
  5
2CB
102
{ACAD_XDICTIONARY
360
2CC
102
}
330
1
100
AcDbSymbolTableRecord
100
AcDbBlockTableRecord
  2
JHRTYJF
340
0
310
2800000020000000200000000100080000000000000400000000000000000000000000000000000000000000000080000080000000808000800000008000800080800000C0C0C000C0DCC000F0CAA6000020400000206000002080000020A0000020C0000020E00000400000004020000040400000406000004080000040A0
310
000040C0000040E00000600000006020000060400000606000006080000060A0000060C0000060E00000800000008020000080400000806000008080000080A0000080C0000080E00000A0000000A0200000A0400000A0600000A0800000A0A00000A0C00000A0E00000C0000000C0200000C0400000C0600000C0800000C0
310
A00000C0C00000C0E00000E0000000E0200000E0400000E0600000E0800000E0A00000E0C00000E0E00040000000400020004000400040006000400080004000A0004000C0004000E00040200000402020004020400040206000402080004020A0004020C0004020E000404000004040200040404000404060004040800040
310
40A0004040C0004040E00040600000406020004060400040606000406080004060A0004060C0004060E00040800000408020004080400040806000408080004080A0004080C0004080E00040A0000040A0200040A0400040A0600040A0800040A0A00040A0C00040A0E00040C0000040C0200040C0400040C0600040C08000
310
40C0A00040C0C00040C0E00040E0000040E0200040E0400040E0600040E0800040E0A00040E0C00040E0E00080000000800020008000400080006000800080008000A0008000C0008000E00080200000802020008020400080206000802080008020A0008020C0008020E00080400000804020008040400080406000804080
310
008040A0008040C0008040E00080600000806020008060400080606000806080008060A0008060C0008060E00080800000808020008080400080806000808080008080A0008080C0008080E00080A0000080A0200080A0400080A0600080A0800080A0A00080A0C00080A0E00080C0000080C0200080C0400080C0600080C0
310
800080C0A00080C0C00080C0E00080E0000080E0200080E0400080E0600080E0800080E0A00080E0C00080E0E000C0000000C0002000C0004000C0006000C0008000C000A000C000C000C000E000C0200000C0202000C0204000C0206000C0208000C020A000C020C000C020E000C0400000C0402000C0404000C0406000C0
310
408000C040A000C040C000C040E000C0600000C0602000C0604000C0606000C0608000C060A000C060C000C060E000C0800000C0802000C0804000C0806000C0808000C080A000C080C000C080E000C0A00000C0A02000C0A04000C0A06000C0A08000C0A0A000C0A0C000C0A0E000C0C00000C0C02000C0C04000C0C06000
310
C0C08000C0C0A000F0FBFF00A4A0A000808080000000FF0000FF000000FFFF00FF000000FF00FF00FFFF0000FFFFFF0000000000000000000000000000000000000000000000000000000000000000000000000000000000000000000000000000000000000000000000000000000000000000000000000000000000000000
310
00000000000000000000000000000000000000000000000000000000000000000000000000000000000000000000000000000000000000000000000000000000000000000000000000000000000000000000000000000000000000000000000000000000000000000000000000000000000000000000000000000000000000
310
00000000000000000000000000000000000000000000000000000000000000000000000000000000000000000000000000000000000000000000000000000000000000000000000000000000000000000000000000000000000000000000000000000000000000000000000000000000000000A4A4A4A4A4A4A4A4A4A4A4A4
310
A4A4A4A4A4A4A4A4A4A4A4A4A4A4A4A4A4000000A4000000000000000000000000000000000000000000000000A4A400A4000000A4000000000000000000000000000000000000000000A4A4A4000000A4000000A400000000000000000000000000000000000000A4A4000000000000A4000000A400000000000000000000
310
000000000000A4A4A40000000000000000A4000000A40000000000000000000000000000A4A40000000000000000000000A400000000A40000000000000000000000A4A40000000000000000000000000000A4000000A40000000000000000A4A4A400000000000000000000000000000000A4000000A4000000000000A4A4
310
00000000000000000000000000000000000000A4000000A4000000A4A4A4000000000000000000000000000000000000000000A4000000A400A4A4000000000000000000000000000000000000000000000000A4000000A4A4A4A4A4A4A4A4A4A4A4A4A4A4A4A4A4A4A4A4A4A4A4A4A4A4A4A4A40000000000000000000000
310
00000000000000000000000000000000000000000000000000000000000000000000000000000000000000000000000000000000000000000000000000000000000000000000000000000000000000000000000000000000000000000000000000000000000000000000000000000000000000000000000000000000000000
310
00000000000000000000000000000000000000000000000000000000000000000000000000000000000000000000000000000000000000000000000000000000000000000000000000000000000000000000000000000000000000000000000000000000000000000000000000000000000000000000000000000000000000
310
0000000000000000000000000000000000000000000000000000000000000000000000000000000000000000000000000000000000000000
102
{BLKREFS
331
2CA
331
2D2
331
2D3
331
2D4
331
2D5
331
2D6
331
2D7
331
2D8
331
2D9
331
2DA
331
2DB
331
2DC
331
2DD
331
2DE
331
2DF
331
2E0
331
2E1
331
2E2
331
2E3
331
2E4
331
2E5
331
2E6
331
2E7
331
2E8
331
2E9
331
2EA
331
2EB
331
2EC
331
30D
331
30E
331
30F
331
310
331
311
331
312
331
313
331
314
331
315
331
316
331
317
331
318
331
319
331
31A
331
31B
331
31C
331
332
331
333
331
334
331
335
331
336
331
337
331
338
331
339
331
366
331
367
331
368
102
}
 70
     4
280
     1
281
     0
  0
BLOCK_RECORD
  5
2EE
330
1
100
AcDbSymbolTableRecord
100
AcDbBlockTableRecord
  2
43TGTRHFD
340
0
310
2800000020000000200000000100080000000000000400000000000000000000000000000000000000000000000080000080000000808000800000008000800080800000C0C0C000C0DCC000F0CAA6000020400000206000002080000020A0000020C0000020E00000400000004020000040400000406000004080000040A0
310
000040C0000040E00000600000006020000060400000606000006080000060A0000060C0000060E00000800000008020000080400000806000008080000080A0000080C0000080E00000A0000000A0200000A0400000A0600000A0800000A0A00000A0C00000A0E00000C0000000C0200000C0400000C0600000C0800000C0
310
A00000C0C00000C0E00000E0000000E0200000E0400000E0600000E0800000E0A00000E0C00000E0E00040000000400020004000400040006000400080004000A0004000C0004000E00040200000402020004020400040206000402080004020A0004020C0004020E000404000004040200040404000404060004040800040
310
40A0004040C0004040E00040600000406020004060400040606000406080004060A0004060C0004060E00040800000408020004080400040806000408080004080A0004080C0004080E00040A0000040A0200040A0400040A0600040A0800040A0A00040A0C00040A0E00040C0000040C0200040C0400040C0600040C08000
310
40C0A00040C0C00040C0E00040E0000040E0200040E0400040E0600040E0800040E0A00040E0C00040E0E00080000000800020008000400080006000800080008000A0008000C0008000E00080200000802020008020400080206000802080008020A0008020C0008020E00080400000804020008040400080406000804080
310
008040A0008040C0008040E00080600000806020008060400080606000806080008060A0008060C0008060E00080800000808020008080400080806000808080008080A0008080C0008080E00080A0000080A0200080A0400080A0600080A0800080A0A00080A0C00080A0E00080C0000080C0200080C0400080C0600080C0
310
800080C0A00080C0C00080C0E00080E0000080E0200080E0400080E0600080E0800080E0A00080E0C00080E0E000C0000000C0002000C0004000C0006000C0008000C000A000C000C000C000E000C0200000C0202000C0204000C0206000C0208000C020A000C020C000C020E000C0400000C0402000C0404000C0406000C0
310
408000C040A000C040C000C040E000C0600000C0602000C0604000C0606000C0608000C060A000C060C000C060E000C0800000C0802000C0804000C0806000C0808000C080A000C080C000C080E000C0A00000C0A02000C0A04000C0A06000C0A08000C0A0A000C0A0C000C0A0E000C0C00000C0C02000C0C04000C0C06000
310
C0C08000C0C0A000F0FBFF00A4A0A000808080000000FF0000FF000000FFFF00FF000000FF00FF00FFFF0000FFFFFF000000000000000000000000000000000000000000000000000000000000000000000000000000000000A4A4A4A4A4A4A4A4A4A4A4A4A4A4000000000000000000000000000000000000A40000000000
310
00000000000000A4000000000000000000000000000000000000A4A40000000000000000000000A4000000000000000000000000000000000000A4A40000000000000000000000A4000000000000000000000000000000000000A400A400000000000000000000A4000000000000000000000000000000000000A400A40000
310
0000000000000000A4000000000000000000000000000000000000A40000A4000000000000000000A4000000000000000000000000000000000000A40000A4000000000000000000A4000000000000000000000000000000000000A4000000A40000000000000000A4000000000000000000000000000000000000A4000000
310
A40000000000000000A4000000000000000000000000000000000000A4000000A40000000000000000A4000000000000000000000000000000000000A400000000A400000000000000A4000000000000000000000000000000000000A400000000A400000000000000A4000000000000000000000000000000000000A40000
310
000000A4000000000000A4000000000000000000000000000000000000A40000000000A4000000000000A4000000000000000000000000000000000000A4000000000000A40000000000A4000000000000000000000000000000000000A4000000000000A40000000000A4000000000000000000000000000000000000A400
310
000000000000A400000000A4000000000000000000000000000000000000A400000000000000A400000000A4000000000000000000000000000000000000A40000000000000000A4000000A4000000000000000000000000000000000000A40000000000000000A4000000A4000000000000000000000000000000000000A4
310
0000000000000000A4000000A4000000000000000000000000000000000000A4000000000000000000A40000A4000000000000000000000000000000000000A4000000000000000000A40000A4000000000000000000000000000000000000A400000000000000000000A400A4000000000000000000000000000000000000
310
A400000000000000000000A400A4000000000000000000000000000000000000A40000000000000000000000A4A4000000000000000000000000000000000000A40000000000000000000000A4A4000000000000000000000000000000000000A4000000000000000000000000A40000000000000000000000000000000000
310
00A4A4A4A4A4A4A4A4A4A4A4A4A4A40000000000000000000000000000000000000000000000000000000000000000000000000000000000
102
{BLKREFS
331
2ED
331
31F
331
320
331
321
331
356
331
357
331
358
331
359
331
35A
331
35B
331
35C
331
35D
331
35E
331
35F
331
360
331
361
331
362
331
363
331
364
331
365
102
}
 70
     4
280
     1
281
     0
  0
BLOCK_RECORD
  5
2F4
330
1
100
AcDbSymbolTableRecord
100
AcDbBlockTableRecord
  2
45TGHHSAAAA
340
0
310
2800000020000000200000000100080000000000000400000000000000000000000000000000000000000000000080000080000000808000800000008000800080800000C0C0C000C0DCC000F0CAA6000020400000206000002080000020A0000020C0000020E00000400000004020000040400000406000004080000040A0
310
000040C0000040E00000600000006020000060400000606000006080000060A0000060C0000060E00000800000008020000080400000806000008080000080A0000080C0000080E00000A0000000A0200000A0400000A0600000A0800000A0A00000A0C00000A0E00000C0000000C0200000C0400000C0600000C0800000C0
310
A00000C0C00000C0E00000E0000000E0200000E0400000E0600000E0800000E0A00000E0C00000E0E00040000000400020004000400040006000400080004000A0004000C0004000E00040200000402020004020400040206000402080004020A0004020C0004020E000404000004040200040404000404060004040800040
310
40A0004040C0004040E00040600000406020004060400040606000406080004060A0004060C0004060E00040800000408020004080400040806000408080004080A0004080C0004080E00040A0000040A0200040A0400040A0600040A0800040A0A00040A0C00040A0E00040C0000040C0200040C0400040C0600040C08000
310
40C0A00040C0C00040C0E00040E0000040E0200040E0400040E0600040E0800040E0A00040E0C00040E0E00080000000800020008000400080006000800080008000A0008000C0008000E00080200000802020008020400080206000802080008020A0008020C0008020E00080400000804020008040400080406000804080
310
008040A0008040C0008040E00080600000806020008060400080606000806080008060A0008060C0008060E00080800000808020008080400080806000808080008080A0008080C0008080E00080A0000080A0200080A0400080A0600080A0800080A0A00080A0C00080A0E00080C0000080C0200080C0400080C0600080C0
310
800080C0A00080C0C00080C0E00080E0000080E0200080E0400080E0600080E0800080E0A00080E0C00080E0E000C0000000C0002000C0004000C0006000C0008000C000A000C000C000C000E000C0200000C0202000C0204000C0206000C0208000C020A000C020C000C020E000C0400000C0402000C0404000C0406000C0
310
408000C040A000C040C000C040E000C0600000C0602000C0604000C0606000C0608000C060A000C060C000C060E000C0800000C0802000C0804000C0806000C0808000C080A000C080C000C080E000C0A00000C0A02000C0A04000C0A06000C0A08000C0A0A000C0A0C000C0A0E000C0C00000C0C02000C0C04000C0C06000
310
C0C08000C0C0A000F0FBFF00A4A0A000808080000000FF0000FF000000FFFF00FF000000FF00FF00FFFF0000FFFFFF000000000000000000000000000000000000000000000000000000000000000000000000000000000000000000A4A4A4A4A4A4A4A4000000000000000000000000000000000000000000000000A40000
310
00000000A4000000000000000000000000000000000000000000000000A4000000000000A4000000000000000000000000000000000000000000000000A4A40000000000A4000000000000000000000000000000000000000000000000A4A40000000000A4000000000000000000000000000000000000000000000000A4A4
310
0000000000A4000000000000000000000000000000000000000000000000A4A40000000000A4000000000000000000000000000000000000000000000000A400A400000000A4000000000000000000000000000000000000000000000000A400A400000000A4000000000000000000000000000000000000000000000000A4
310
00A400000000A4000000000000000000000000000000000000000000000000A400A400000000A4000000000000000000000000000000000000000000000000A40000A4000000A4000000000000000000000000000000000000000000000000A40000A4000000A4000000000000000000000000000000000000000000000000
310
A40000A4000000A4000000000000000000000000000000000000000000000000A40000A4000000A4000000000000000000000000000000000000000000000000A4000000A40000A4000000000000000000000000000000000000000000000000A4000000A40000A40000000000000000000000000000000000000000000000
310
00A4000000A40000A4000000000000000000000000000000000000000000000000A4000000A40000A4000000000000000000000000000000000000000000000000A400000000A400A4000000000000000000000000000000000000000000000000A400000000A400A400000000000000000000000000000000000000000000
310
0000A400000000A400A4000000000000000000000000000000000000000000000000A400000000A400A4000000000000000000000000000000000000000000000000A40000000000A4A4000000000000000000000000000000000000000000000000A40000000000A4A4000000000000000000000000000000000000000000
310
000000A40000000000A4A4000000000000000000000000000000000000000000000000A40000000000A4A4000000000000000000000000000000000000000000000000A4000000000000A4000000000000000000000000000000000000000000000000A4000000000000A40000000000000000000000000000000000000000
310
00000000A4A4A4A4A4A4A4A40000000000000000000000000000000000000000000000000000000000000000000000000000000000000000
102
{BLKREFS
331
2F3
331
2F9
331
2FA
331
2FB
331
2FC
331
2FD
331
2FE
331
2FF
331
300
331
301
331
302
331
303
331
304
331
305
331
306
331
307
102
}
 70
     4
280
     1
281
     0
  0
BLOCK_RECORD
  5
15F
102
{ACAD_XDICTIONARY
360
160
102
}
330
1
100
AcDbSymbolTableRecord
100
AcDbBlockTableRecord
  2
雨水井
340
0
102
{BLKREFS
331
15C
331
188
102
}
 70
     4
280
     1
281
     0
  0
BLOCK_RECORD
  5
18C
102
{ACAD_XDICTIONARY
360
18D
102
}
330
1
100
AcDbSymbolTableRecord
100
AcDbBlockTableRecord
  2
污水井
340
0
102
{BLKREFS
331
189
331
195
102
}
 70
     4
280
     1
281
     0
  0
BLOCK_RECORD
  5
198
330
1
100
AcDbSymbolTableRecord
100
AcDbBlockTableRecord
  2
$TwtSys$00000187
340
0
102
{BLKREFS
331
C20
331
C28
331
A2B
331
A2C
331
A2E
331
A30
331
A32
331
A34
331
A36
331
A38
331
A3A
331
A3C
331
A48
331
A4C
331
A4E
331
A50
331
A52
331
A54
331
A5A
331
A5C
331
A5E
331
A60
331
A62
331
A64
331
A66
331
A68
331
A6E
331
A70
331
A72
331
A74
331
A76
331
A78
331
A7A
331
A83
331
A87
331
A8B
331
A8D
331
A8F
331
A93
102
}
 70
     0
280
     1
281
     0
  0
BLOCK_RECORD
  5
1BC
102
{ACAD_XDICTIONARY
360
1BD
102
}
330
1
100
AcDbSymbolTableRecord
100
AcDbBlockTableRecord
  2
A$C687350CE
340
0
102
{BLKREFS
331
1BB
102
}
 70
     4
280
     1
281
     0
  0
BLOCK_RECORD
  5
1B6
102
{ACAD_XDICTIONARY
360
1B7
102
}
330
1
100
AcDbSymbolTableRecord
100
AcDbBlockTableRecord
  2
A$C517C2315
340
0
102
{BLKREFS
331
1B5
331
1C4
331
1C5
102
}
 70
     4
280
     1
281
     0
  0
BLOCK_RECORD
  5
7E6
102
{ACAD_XDICTIONARY
360
7E7
102
}
330
1
100
AcDbSymbolTableRecord
100
AcDbBlockTableRecord
  2
A$C04374023
340
0
102
{BLKREFS
331
7E5
331
929
102
}
 70
     0
280
     1
281
     0
  0
BLOCK_RECORD
  5
663
102
{ACAD_XDICTIONARY
360
664
102
}
330
1
100
AcDbSymbolTableRecord
100
AcDbBlockTableRecord
  2
A$C16E21CA3
340
0
102
{BLKREFS
331
662
102
}
 70
     0
280
     1
281
     0
  0
BLOCK_RECORD
  5
6D3
102
{ACAD_XDICTIONARY
360
6D4
102
}
330
1
100
AcDbSymbolTableRecord
100
AcDbBlockTableRecord
  2
A$C77A84E73
340
0
102
{BLKREFS
331
6D2
331
92B
102
}
 70
     0
280
     1
281
     0
  0
BLOCK_RECORD
  5
655
102
{ACAD_XDICTIONARY
360
656
102
}
330
1
100
AcDbSymbolTableRecord
100
AcDbBlockTableRecord
  2
A$C54597E38
340
0
102
{BLKREFS
331
654
102
}
 70
     0
280
     1
281
     0
  0
BLOCK_RECORD
  5
4DA
102
{ACAD_XDICTIONARY
360
4DB
102
}
330
1
100
AcDbSymbolTableRecord
100
AcDbBlockTableRecord
  2
A$C4C3A3BA1
340
0
102
{BLKREFS
331
4D9
102
}
 70
     0
280
     1
281
     0
  0
BLOCK_RECORD
  5
92F
102
{ACAD_XDICTIONARY
360
930
102
}
330
1
100
AcDbSymbolTableRecord
100
AcDbBlockTableRecord
  2
A$C24B21F5D
340
0
102
{BLKREFS
331
92E
102
}
 70
     0
280
     1
281
     0
1001
AcDbDynamicBlockGUID
1000
{EBC7899F-657C-48B2-88E8-E2ECE60ABF78}
1001
AcDbBlockRepETag
1070
     1
1071
       38
  0
BLOCK_RECORD
  5
33E
102
{ACAD_XDICTIONARY
360
33F
102
}
330
1
100
AcDbSymbolTableRecord
100
AcDbBlockTableRecord
  2
T1-图例$0$A$C6C161DE2
340
0
102
{BLKREFS
331
33B
331
355
102
}
 70
     0
280
     1
281
     0
  0
BLOCK_RECORD
  5
28D
102
{ACAD_XDICTIONARY
360
28E
102
}
330
1
100
AcDbSymbolTableRecord
100
AcDbBlockTableRecord
  2
A$C109832E5
340
0
102
{BLKREFS
331
28C
102
}
 70
     4
280
     1
281
     0
  0
BLOCK_RECORD
  5
9D1
330
1
100
AcDbSymbolTableRecord
100
AcDbBlockTableRecord
  2
_AXISO
340
0
 70
     0
280
     1
281
     0
  0
ENDTAB
  0
ENDSEC
  0
SECTION
  2
BLOCKS
  0
BLOCK
  5
5
330
2
100
AcDbEntity
  8
0
100
AcDbBlockBegin
  2
*Model_Space
 70
     0
 10
0.0
 20
0.0
 30
0.0
  3
*Model_Space
  1

  0
ENDBLK
  5
46F
330
2
100
AcDbEntity
  8
0
100
AcDbBlockEnd
  0
BLOCK
  5
478
330
475
100
AcDbEntity
 67
     1
  8
0
100
AcDbBlockBegin
  2
*Paper_Space
 70
     0
 10
0.0
 20
0.0
 30
0.0
  3
*Paper_Space
  1

  0
ENDBLK
  5
97A
330
475
100
AcDbEntity
 67
     1
  8
0
100
AcDbBlockEnd
  0
BLOCK
  5
991
330
990
100
AcDbEntity
  8
0
100
AcDbBlockBegin
  2
_ArchTick
 70
     0
 10
0.0
 20
0.0
 30
0.0
  3
_ArchTick
  1

  0
LWPOLYLINE
  5
992
330
990
100
AcDbEntity
  8
0
  6
ByBlock
 62
     0
100
AcDbPolyline
 90
        2
 70
     0
 43
0.4
 10
-0.5
 20
-0.5
 10
0.5
 20
0.5
  0
ENDBLK
  5
993
330
990
100
AcDbEntity
  8
0
100
AcDbBlockEnd
  0
BLOCK
  5
55
330
4F
100
AcDbEntity
  8
0
 48
0.3
100
AcDbBlockBegin
  2
A$C6CFD7A93
 70
     0
 10
0.0
 20
0.0
 30
0.0
  3
A$C6CFD7A93
  1

  0
LINE
  5
56
102
{ACAD_REACTORS
330
5B
102
}
330
4F
100
AcDbEntity
  8
0
  6
ByBlock
 48
0.3
100
AcDbLine
 10
1.830137102864682
 20
2.40916093060514
 30
0.0
 11
-1.830137102399021
 21
2.409160930663346
 31
0.0
1001
AcDbBlockRepETag
1070
     1
1071
        1
1005
56
  0
LINE
  5
58
102
{ACAD_REACTORS
330
5B
102
}
330
4F
100
AcDbEntity
  8
0
  6
ByBlock
 48
0.3
100
AcDbLine
 10
-1.830137102399021
 20
2.409160930663346
 30
0.0
 11
0.0
 21
0.0
 31
0.0
1001
AcDbBlockRepETag
1070
     1
1071
        2
1005
58
  0
LINE
  5
59
102
{ACAD_REACTORS
330
5B
102
}
330
4F
100
AcDbEntity
  8
0
  6
ByBlock
 48
0.3
100
AcDbLine
 10
0.0
 20
0.0
 30
0.0
 11
1.830137102864682
 21
2.40916093060514
 31
0.0
1001
AcDbBlockRepETag
1070
     1
1071
        3
1005
59
  0
LWPOLYLINE
  5
5A
102
{ACAD_REACTORS
330
5E
102
}
330
4F
100
AcDbEntity
  8
0
  6
ByBlock
 48
0.3
100
AcDbPolyline
 90
        4
 70
     1
 43
0.0
 10
-0.8333632869180291
 20
3.31638277793536
 10
0.8062207258772104
 20
3.316382777877151
 10
0.8062207258772104
 20
2.896275688428431
 10
-0.8333632866851985
 20
2.896275688486638
1001
AcDbBlockRepETag
1070
     1
1071
        4
1005
5A
  0
HATCH
  5
5B
330
4F
100
AcDbEntity
  8
0
  6
ByBlock
 48
0.3
100
AcDbHatch
 10
0.0
 20
0.0
 30
0.0
210
0.0
220
0.0
230
1.0
  2
SOLID
 70
     1
 71
     1
 91
        1
 92
        7
 72
     0
 73
     1
 93
        3
 10
1.830137102864681
 20
2.40916093060514
 10
-1.830137102399022
 20
2.409160930663346
 10
0.0000000000000001
 20
0.0000000000000002
 97
        3
330
56
330
58
330
59
 75
     1
 76
     1
 47
0.0129913744125388
 98
        1
 10
0.1567119535757229
 20
1.514550076331943
450
        0
451
        0
460
0.0
461
0.0
452
        0
462
0.0
453
        0
470

1001
GradientColor1ACI
1070
     5
1001
GradientColor2ACI
1070
     2
1001
AcDbBlockRepETag
1070
     1
1071
        5
1005
5B
1001
ACAD
1010
0.0
1020
0.0
1030
0.0
  0
HATCH
  5
5E
330
4F
100
AcDbEntity
  8
0
  6
ByBlock
 48
0.3
100
AcDbHatch
 10
0.0
 20
0.0
 30
0.0
210
0.0
220
0.0
230
1.0
  2
SOLID
 70
     1
 71
     1
 91
        1
 92
        7
 72
     0
 73
     1
 93
        4
 10
0.8062207258772103
 20
2.896275688428431
 10
0.8062207258772104
 20
3.316382777877151
 10
-0.833363286918029
 20
3.31638277793536
 10
-0.8333632866851983
 20
2.896275688486638
 97
        1
330
5A
 75
     1
 76
     1
 47
0.0129913744125388
 98
        1
 10
0.0006709407316521
 20
2.982575398404151
450
        0
451
        0
460
0.0
461
0.0
452
        0
462
0.0
453
        0
470

1001
GradientColor1ACI
1070
     5
1001
GradientColor2ACI
1070
     2
1001
AcDbBlockRepETag
1070
     1
1071
        6
1005
5E
1001
ACAD
1010
0.0
1020
0.0
1030
0.0
  0
ENDBLK
  5
5F
330
4F
100
AcDbEntity
  8
0
 48
0.3
100
AcDbBlockEnd
  0
BLOCK
  5
DF
330
DE
100
AcDbEntity
  8
0
100
AcDbBlockBegin
  2
111111
 70
     0
 10
0.0
 20
0.0
 30
0.0
  3
111111
  1

  0
HATCH
  5
E0
330
DE
100
AcDbEntity
  8
A-DIM-SYMB
100
AcDbHatch
 10
0.0
 20
0.0
 30
0.0
210
0.0
220
0.0
230
1.0
  2
SOLID
 70
     1
 71
     1
 91
        1
 92
        7
 72
     0
 73
     1
 93
        3
 10
691370.3767364134
 20
2579484.485152308
 10
691370.9326405584
 20
2579485.216934941
 10
691369.8208322685
 20
2579485.216934941
 97
        3
330
E1
330
E2
330
E3
 75
     1
 76
     1
 47
0.0129913744125388
 98
        1
 10
691370.3291351575
 20
2579484.945196893
450
        0
451
        0
460
0.0
461
0.0
452
        0
462
0.0
453
        0
470

1001
GradientColor1ACI
1070
     5
1001
GradientColor2ACI
1070
     2
1001
AcDbBlockRepETag
1070
     1
1071
        5
1005
E0
1001
ACAD
1010
0.0
1020
0.0
1030
0.0
  0
LINE
  5
E1
102
{ACAD_REACTORS
330
E0
102
}
330
DE
100
AcDbEntity
  8
A-DIM-SYMB
100
AcDbLine
 10
691369.8208322685
 20
2579485.216934941
 30
0.0
 11
691370.9326405584
 21
2579485.216934941
 31
0.0
1001
AcDbBlockRepETag
1070
     1
1071
        1
1005
E1
  0
LINE
  5
E2
102
{ACAD_REACTORS
330
E0
102
}
330
DE
100
AcDbEntity
  8
A-DIM-SYMB
100
AcDbLine
 10
691370.9326405584
 20
2579485.216934941
 30
0.0
 11
691370.3767364134
 21
2579484.485152308
 31
0.0
1001
AcDbBlockRepETag
1070
     1
1071
        2
1005
E2
  0
LINE
  5
E3
102
{ACAD_REACTORS
330
E0
102
}
330
DE
100
AcDbEntity
  8
A-DIM-SYMB
100
AcDbLine
 10
691370.3767364134
 20
2579484.485152308
 30
0.0
 11
691369.8208322685
 21
2579485.216934941
 31
0.0
1001
AcDbBlockRepETag
1070
     1
1071
        3
1005
E3
  0
ENDBLK
  5
E4
330
DE
100
AcDbEntity
  8
0
100
AcDbBlockEnd
  0
BLOCK
  5
6B
330
68
100
AcDbEntity
  8
0
100
AcDbBlockBegin
  2
*U3
 70
     1
 10
0.0
 20
0.0
 30
0.0
  3
*U3
  1

  0
LINE
  5
6C
102
{ACAD_REACTORS
330
70
102
}
330
68
100
AcDbEntity
  8
0
  6
ByBlock
 48
0.3
100
AcDbLine
 10
1.830137102864682
 20
2.40916093060514
 30
0.0
 11
-1.830137102399021
 21
2.409160930663346
 31
0.0
1001
AcDbBlockRepETag
1070
     1
1071
        1
1005
6C
  0
LINE
  5
6D
102
{ACAD_REACTORS
330
70
102
}
330
68
100
AcDbEntity
  8
0
  6
ByBlock
 48
0.3
100
AcDbLine
 10
-1.830137102399021
 20
2.409160930663346
 30
0.0
 11
0.0
 21
0.0
 31
0.0
1001
AcDbBlockRepETag
1070
     1
1071
        2
1005
6D
  0
LINE
  5
6E
102
{ACAD_REACTORS
330
70
102
}
330
68
100
AcDbEntity
  8
0
  6
ByBlock
 48
0.3
100
AcDbLine
 10
0.0
 20
0.0
 30
0.0
 11
1.830137102864682
 21
2.40916093060514
 31
0.0
1001
AcDbBlockRepETag
1070
     1
1071
        3
1005
6E
  0
LWPOLYLINE
  5
6F
102
{ACAD_REACTORS
330
71
102
}
330
68
100
AcDbEntity
  8
0
  6
ByBlock
 48
0.3
100
AcDbPolyline
 90
        4
 70
     1
 43
0.0
 10
-0.8333632869180291
 20
3.31638277793536
 10
0.8062207258772104
 20
3.316382777877151
 10
0.8062207258772104
 20
2.896275688428431
 10
-0.8333632866851985
 20
2.896275688486638
1001
AcDbBlockRepETag
1070
     1
1071
        4
1005
6F
  0
HATCH
  5
70
330
68
100
AcDbEntity
  8
0
  6
ByBlock
 48
0.3
100
AcDbHatch
 10
0.0
 20
0.0
 30
0.0
210
0.0
220
0.0
230
1.0
  2
SOLID
 70
     1
 71
     1
 91
        1
 92
        7
 72
     0
 73
     1
 93
        3
 10
1.830137102864682
 20
2.40916093060514
 10
-1.83013710239902
 20
2.409160930663346
 10
0.0
 20
0.0
 97
        3
330
6C
330
6D
330
6E
 75
     1
 76
     1
 47
0.0129913744125388
 98
        1
 10
0.1567119535757229
 20
1.514550076331943
450
        0
451
        0
460
0.0
461
0.0
452
        0
462
0.0
453
        0
470

1001
GradientColor1ACI
1070
     5
1001
GradientColor2ACI
1070
     2
1001
AcDbBlockRepETag
1070
     1
1071
        5
1005
70
1001
ACAD
1010
0.0
1020
0.0
1030
0.0
  0
HATCH
  5
71
330
68
100
AcDbEntity
  8
0
  6
ByBlock
 48
0.3
100
AcDbHatch
 10
0.0
 20
0.0
 30
0.0
210
0.0
220
0.0
230
1.0
  2
SOLID
 70
     1
 71
     1
 91
        1
 92
        7
 72
     0
 73
     1
 93
        4
 10
0.8062207258772103
 20
2.896275688428431
 10
0.8062207258772104
 20
3.316382777877151
 10
-0.833363286918029
 20
3.31638277793536
 10
-0.8333632866851983
 20
2.896275688486638
 97
        1
330
6F
 75
     1
 76
     1
 47
0.0129913744125388
 98
        1
 10
0.0006709407316521
 20
2.982575398404151
450
        0
451
        0
460
0.0
461
0.0
452
        0
462
0.0
453
        0
470

1001
GradientColor1ACI
1070
     5
1001
GradientColor2ACI
1070
     2
1001
AcDbBlockRepETag
1070
     1
1071
        6
1005
71
1001
ACAD
1010
0.0
1020
0.0
1030
0.0
  0
ENDBLK
  5
72
330
68
100
AcDbEntity
  8
0
100
AcDbBlockEnd
  0
BLOCK
  5
109
330
106
100
AcDbEntity
  8
0
100
AcDbBlockBegin
  2
frewrtret
 70
     0
 10
0.0
 20
0.0
 30
0.0
  3
frewrtret
  1

  0
LWPOLYLINE
  5
10A
330
106
100
AcDbEntity
  8
车位
100
AcDbPolyline
 90
        4
 70
     1
 43
0.0
 10
-5300.000000476837
 20
-2400.0
 10
0.0
 20
-2400.0
 10
-0.0000004768371582
 20
0.0
 10
-5300.000000476837
 20
0.0
  0
LWPOLYLINE
  5
10B
330
106
100
AcDbEntity
  8
车位
100
AcDbPolyline
 90
        2
 70
     0
 43
0.0
 10
-0.0000004768371582
 20
0.0
 10
-5300.000000476837
 20
-2400.0
  0
ENDBLK
  5
10C
330
106
100
AcDbEntity
  8
0
100
AcDbBlockEnd
  0
BLOCK
  5
FF
330
FC
100
AcDbEntity
  8
0
100
AcDbBlockBegin
  2
A$C5D0344E3
 70
     0
 10
0.0
 20
0.0
 30
0.0
  3
A$C5D0344E3
  1

  0
LWPOLYLINE
  5
100
330
FC
100
AcDbEntity
  8
cdz
100
AcDbPolyline
 90
        6
 70
     1
 43
0.0
 10
0.103971028351225
 20
0.7179534337483347
 10
-0.1888859177706763
 20
-0.1450643292628229
 10
0.1605247310362756
 20
0.0883605056442321
 10
-0.015260697924532
 20
-0.6983710401691497
 10
0.3036098328884691
 20
0.2931523937731981
 10
-0.0152079709805548
 20
0.1212931093759835
  0
CIRCLE
  5
101
330
FC
100
AcDbEntity
  8
cdz
100
AcDbCircle
 10
0.0
 20
0.0
 30
0.0
 40
0.8001398972052069
  0
ENDBLK
  5
102
330
FC
100
AcDbEntity
  8
0
100
AcDbBlockEnd
  0
BLOCK
  5
2CE
330
2CB
100
AcDbEntity
  8
0
100
AcDbBlockBegin
  2
JHRTYJF
 70
     0
 10
0.0
 20
0.0
 30
0.0
  3
JHRTYJF
  1

  0
LWPOLYLINE
  5
2CF
330
2CB
100
AcDbEntity
  8
4
100
AcDbPolyline
 90
        4
 70
     1
 43
0.0
 10
696832.7696694155
 20
2573175.729671441
 10
696826.7862608384
 20
2573175.795029064
 10
696826.8124098642
 20
2573178.188392429
 10
696832.7958184413
 20
2573178.123034807
  0
LWPOLYLINE
  5
2D0
330
2CB
100
AcDbEntity
  8
4
100
AcDbPolyline
 90
        2
 70
     0
 43
0.0
 10
696826.8124098642
 20
2573178.188392429
 10
696832.7696694155
 20
2573175.729671441
  0
ENDBLK
  5
2D1
330
2CB
100
AcDbEntity
  8
0
100
AcDbBlockEnd
  0
BLOCK
  5
2EF
330
2EE
100
AcDbEntity
  8
0
100
AcDbBlockBegin
  2
43TGTRHFD
 70
     0
 10
0.0
 20
0.0
 30
0.0
  3
43TGTRHFD
  1

  0
LWPOLYLINE
  5
2F0
330
2EE
100
AcDbEntity
  8
4
100
AcDbPolyline
 90
        4
 70
     1
 43
0.0
 10
685418.3541003148
 20
2545245.024849435
 10
685420.7541003148
 20
2545245.024849435
 10
685420.7541003148
 20
2545239.724849435
 10
685418.3541003148
 20
2545239.724849435
  0
LWPOLYLINE
  5
2F1
330
2EE
100
AcDbEntity
  8
4
100
AcDbPolyline
 90
        2
 70
     0
 43
0.0
 10
685418.3541003148
 20
2545239.724849435
 10
685420.7541003148
 20
2545245.024849435
  0
ENDBLK
  5
2F2
330
2EE
100
AcDbEntity
  8
0
100
AcDbBlockEnd
  0
BLOCK
  5
2F5
330
2F4
100
AcDbEntity
  8
0
100
AcDbBlockBegin
  2
45TGHHSAAAA
 70
     0
 10
0.0
 20
0.0
 30
0.0
  3
45TGHHSAAAA
  1

  0
LWPOLYLINE
  5
2F6
330
2F4
100
AcDbEntity
  8
4
100
AcDbPolyline
 90
        4
 70
     1
 43
0.0
 10
685411.3296083754
 20
2545246.793781016
 10
685413.7296083755
 20
2545246.793781016
 10
685413.7296083755
 20
2545236.793781016
 10
685411.3296083754
 20
2545236.793781016
  0
LWPOLYLINE
  5
2F7
330
2F4
100
AcDbEntity
  8
4
100
AcDbPolyline
 90
        2
 70
     0
 43
0.0
 10
685411.3296083754
 20
2545236.793781016
 10
685413.7296083755
 20
2545246.793781016
  0
ENDBLK
  5
2F8
330
2F4
100
AcDbEntity
  8
0
100
AcDbBlockEnd
  0
BLOCK
  5
162
330
15F
100
AcDbEntity
  8
0
100
AcDbBlockBegin
  2
雨水井
 70
     0
 10
0.0
 20
0.0
 30
0.0
  3
雨水井
  1

  0
LINE
  5
163
330
15F
100
AcDbEntity
  8
2
100
AcDbLine
 10
-1.0
 20
0.0
 30
0.0
 11
1.0
 21
0.0
 31
0.0
1001
AcDbBlockRepETag
1070
     1
1071
        0
1005
163
  0
CIRCLE
  5
165
330
15F
100
AcDbEntity
  8
2
100
AcDbCircle
 10
0.0
 20
0.0
 30
0.0
 40
1.0
1001
AcDbBlockRepETag
1070
     1
1071
        1
1005
165
  0
LINE
  5
166
330
15F
100
AcDbEntity
  8
2
100
AcDbLine
 10
-0.0000000000000001
 20
-1.0
 30
0.0
 11
0.0000000000000001
 21
1.0
 31
0.0
1001
AcDbBlockRepETag
1070
     1
1071
        0
1005
163
  0
LINE
  5
167
330
15F
100
AcDbEntity
  8
2
100
AcDbLine
 10
-0.8803700023522827
 20
0.4742875277278982
 30
0.0
 11
0.8803700023522827
 21
0.4742875277278982
 31
0.0
1001
AcDbBlockRepETag
1070
     1
1071
        0
1005
163
  0
LINE
  5
168
330
15F
100
AcDbEntity
  8
2
100
AcDbLine
 10
-0.8803700023522827
 20
-0.4742875277278982
 30
0.0
 11
0.8803700023522827
 21
-0.4742875277278982
 31
0.0
1001
AcDbBlockRepETag
1070
     1
1071
        0
1005
163
  0
ENDBLK
  5
169
330
15F
100
AcDbEntity
  8
0
100
AcDbBlockEnd
  0
BLOCK
  5
18F
330
18C
100
AcDbEntity
  8
0
100
AcDbBlockBegin
  2
污水井
 70
     0
 10
0.0
 20
0.0
 30
0.0
  3
污水井
  1

  0
LINE
  5
190
330
18C
100
AcDbEntity
  8
4
100
AcDbLine
 10
-1.0
 20
0.0
 30
0.0
 11
1.0
 21
0.0
 31
0.0
1001
AcDbBlockRepETag
1070
     1
1071
        0
1005
190
  0
CIRCLE
  5
192
330
18C
100
AcDbEntity
  8
4
100
AcDbCircle
 10
0.0
 20
0.0
 30
0.0
 40
1.0
1001
AcDbBlockRepETag
1070
     1
1071
        1
1005
192
  0
LINE
  5
193
330
18C
100
AcDbEntity
  8
4
100
AcDbLine
 10
-0.0000000000000001
 20
-1.0
 30
0.0
 11
0.0000000000000001
 21
1.0
 31
0.0
1001
AcDbBlockRepETag
1070
     1
1071
        0
1005
190
  0
ENDBLK
  5
194
330
18C
100
AcDbEntity
  8
0
100
AcDbBlockEnd
  0
BLOCK
  5
199
330
198
100
AcDbEntity
  8
0
 48
2.5
100
AcDbBlockBegin
  2
$TwtSys$00000187
 70
     0
 10
0.0
 20
0.0
 30
0.0
  3
$TwtSys$00000187
  1

  0
CIRCLE
  5
19A
330
198
100
AcDbEntity
  8
0
100
AcDbCircle
 10
0.0
 20
0.0
 30
0.00000001
 40
0.5
  0
ENDBLK
  5
19B
330
198
100
AcDbEntity
  8
0
 48
2.5
100
AcDbBlockEnd
  0
BLOCK
  5
1BF
330
1BC
100
AcDbEntity
  8
0
 48
2.5
100
AcDbBlockBegin
  2
A$C687350CE
 70
     0
 10
0.0
 20
0.0
 30
0.0
  3
A$C687350CE
  1

  0
LWPOLYLINE
  5
1C0
330
1BC
100
AcDbEntity
  8
2
 48
2.5
100
AcDbPolyline
 90
        4
 70
     1
 43
0.0
 10
0.0
 20
2.160858942195773
 10
5.160858633345924
 20
2.160858942195773
 10
5.160858633345924
 20
0.0
 10
0.0
 20
0.0
  0
LINE
  5
1C1
330
1BC
100
AcDbEntity
  8
2
 48
2.5
100
AcDbLine
 10
3.955905516631901
 20
2.160858942195773
 30
0.0
 11
3.955905516631901
 21
0.0
 31
0.0
  0
ENDBLK
  5
1C2
330
1BC
100
AcDbEntity
  8
0
 48
2.5
100
AcDbBlockEnd
  0
BLOCK
  5
1B9
330
1B6
100
AcDbEntity
  8
0
 48
2.5
100
AcDbBlockBegin
  2
A$C517C2315
 70
     0
 10
0.0
 20
0.0
 30
0.0
  3
A$C517C2315
  1

  0
INSERT
  5
1BB
330
1B6
100
AcDbEntity
  8
2
 48
2.5
100
AcDbBlockReference
  2
A$C687350CE
 10
0.0
 20
0.0
 30
0.0
  0
TEXT
  5
C56
330
1B6
100
AcDbEntity
  8
TWT_TEXT
100
AcDbText
 10
0.5305832093873832
 20
0.3045889465138316
 30
0.0
 40
1.687943262411347
  1
化粪池
 41
0.8
  7
_TCH_DIM
100
AcDbText
  0
ENDBLK
  5
1C3
330
1B6
100
AcDbEntity
  8
0
 48
2.5
100
AcDbBlockEnd
  0
BLOCK
  5
7E9
330
7E6
100
AcDbEntity
  8
0
100
AcDbBlockBegin
  2
A$C04374023
 70
     0
 10
0.0
 20
0.0
 30
0.0
  3
A$C04374023
  1

  0
HATCH
  5
7EA
330
7E6
100
AcDbEntity
  8
TWT_TEXT
  6
Continuous
100
AcDbHatch
 10
0.0
 20
0.0
 30
0.0
210
0.0
220
0.0
230
1.0
  2
SOLID
 70
     1
 71
     1
 91
        1
 92
        1
 93
       43
 72
     1
 10
351.0010642279521
 20
19.24704861588543
 11
342.0010642279522
 21
151.2470486158854
 72
     1
 10
342.0010642279522
 20
151.2470486158854
 11
342.0010642279522
 21
292.2470486158854
 72
     1
 10
342.0010642279522
 20
292.2470486158854
 11
342.0010642279522
 21
364.2470486158854
 72
     1
 10
342.0010642279522
 20
364.2470486158854
 11
261.0010642279521
 21
340.2470486158855
 72
     1
 10
261.0010642279521
 20
340.2470486158855
 11
198.0010642279521
 21
304.2470486158854
 72
     1
 10
198.0010642279521
 20
304.2470486158854
 11
165.0010642279521
 21
301.2470486158854
 72
     1
 10
165.0010642279521
 20
301.2470486158854
 11
141.0010642279521
 21
289.2470486158854
 72
     1
 10
141.0010642279521
 20
289.2470486158854
 11
84.00106422795216
 21
295.2470486158854
 72
     1
 10
84.00106422795216
 20
295.2470486158854
 11
42.00106422795215
 21
325.2470486158854
 72
     1
 10
42.00106422795215
 20
325.2470486158854
 11
0.0010642279521562
 21
358.2470486158854
 72
     1
 10
0.0010642279521562
 20
358.2470486158854
 11
0.0010642279521562
 21
379.2470486158854
 72
     1
 10
0.0010642279521562
 20
379.2470486158854
 11
21.00106422795215
 21
379.2470486158854
 72
     1
 10
21.00106422795215
 20
379.2470486158854
 11
75.00106422795216
 21
322.2470486158854
 72
     1
 10
75.00106422795216
 20
322.2470486158854
 11
81.00106422795215
 21
322.2470486158854
 72
     1
 10
81.00106422795215
 20
322.2470486158854
 11
96.00106422795215
 21
310.2470486158854
 72
     1
 10
96.00106422795215
 20
310.2470486158854
 11
102.0010642279521
 21
310.2470486158854
 72
     1
 10
102.0010642279521
 20
310.2470486158854
 11
135.0010642279521
 21
304.2470486158854
 72
     1
 10
135.0010642279521
 20
304.2470486158854
 11
162.0010642279521
 21
313.2470486158855
 72
     1
 10
162.0010642279521
 20
313.2470486158855
 11
174.0010642279521
 21
322.2470486158854
 72
     1
 10
174.0010642279521
 20
322.2470486158854
 11
174.0010642279521
 21
343.2470486158854
 72
     1
 10
174.0010642279521
 20
343.2470486158854
 11
153.0010642279521
 21
352.2470486158854
 72
     1
 10
153.0010642279521
 20
352.2470486158854
 11
153.0010642279521
 21
370.2470486158854
 72
     1
 10
153.0010642279521
 20
370.2470486158854
 11
174.0010642279521
 21
379.2470486158854
 72
     1
 10
174.0010642279521
 20
379.2470486158854
 11
195.0010642279521
 21
379.2470486158854
 72
     1
 10
195.0010642279521
 20
379.2470486158854
 11
210.0010642279522
 21
370.2470486158854
 72
     1
 10
210.0010642279522
 20
370.2470486158854
 11
204.0010642279522
 21
343.2470486158854
 72
     1
 10
204.0010642279522
 20
343.2470486158854
 11
201.0010642279521
 21
331.2470486158854
 72
     1
 10
201.0010642279521
 20
331.2470486158854
 11
303.0010642279521
 21
376.2470486158854
 72
     1
 10
303.0010642279521
 20
376.2470486158854
 11
345.0010642279522
 21
388.2470486158855
 72
     1
 10
345.0010642279522
 20
388.2470486158855
 11
348.0010642279522
 21
550.2470486158854
 72
     1
 10
348.0010642279522
 20
550.2470486158854
 11
354.0010642279522
 21
559.2470486158854
 72
     1
 10
354.0010642279522
 20
559.2470486158854
 11
369.0010642279522
 21
559.2470486158854
 72
     1
 10
369.0010642279522
 20
559.2470486158854
 11
366.0010642279522
 21
391.2470486158854
 72
     1
 10
366.0010642279522
 20
391.2470486158854
 11
453.0010642279521
 21
412.2470486158854
 72
     1
 10
453.0010642279521
 20
412.2470486158854
 11
465.0010642279521
 21
418.2470486158853
 72
     1
 10
465.0010642279521
 20
418.2470486158853
 11
459.0010642279521
 21
397.2470486158854
 72
     1
 10
459.0010642279521
 20
397.2470486158854
 11
366.0010642279522
 21
370.2470486158854
 72
     1
 10
366.0010642279522
 20
370.2470486158854
 11
359.8182469713502
 21
142.0642313593125
 72
     1
 10
359.8182469713502
 20
142.0642313593125
 11
360.0010642279522
 21
139.2470486158854
 72
     1
 10
360.0010642279522
 20
139.2470486158854
 11
360.0010642279522
 21
79.24704861588543
 72
     1
 10
360.0010642279522
 20
79.24704861588543
 11
360.0010642279522
 21
10.24704861588543
 72
     1
 10
360.0010642279522
 20
10.24704861588543
 11
358.0440542768338
 21
-0.0007610451721121
 72
     1
 10
358.0440542768338
 20
-0.0007610451721121
 11
351.0010642279521
 21
19.24704861588543
 97
        1
330
7EB
 75
     1
 76
     1
 98
        1
 10
-212.9989357720478
 20
-3046.752951384115
450
        0
451
        0
460
0.0
461
0.0
452
        0
462
1.0
453
        2
463
0.0
 63
     5
421
      255
463
1.0
 63
     2
421
 16776960
470
LINEAR
1001
GradientColor1ACI
1070
     5
1001
GradientColor2ACI
1070
     2
1001
ACAD
1010
0.0
1020
0.0
1030
0.0
  0
POLYLINE
  5
7EB
102
{ACAD_REACTORS
330
7EA
102
}
330
7E6
100
AcDbEntity
  8
TWT_TEXT
100
AcDb3dPolyline
 66
     1
 10
0.0
 20
0.0
 30
0.0
 70
     8
  0
VERTEX
  5
7EC
330
7EB
100
AcDbEntity
  8
TWT_TEXT
100
AcDbVertex
100
AcDb3dPolylineVertex
 10
351.0010642279521
 20
19.24704861588543
 30
0.0
 70
    32
  0
VERTEX
  5
7ED
330
7EB
100
AcDbEntity
  8
TWT_TEXT
100
AcDbVertex
100
AcDb3dPolylineVertex
 10
342.0010642279522
 20
151.2470486158854
 30
0.0
 70
    32
  0
VERTEX
  5
7EE
330
7EB
100
AcDbEntity
  8
TWT_TEXT
100
AcDbVertex
100
AcDb3dPolylineVertex
 10
342.0010642279522
 20
292.2470486158854
 30
0.0
 70
    32
  0
VERTEX
  5
7EF
330
7EB
100
AcDbEntity
  8
TWT_TEXT
100
AcDbVertex
100
AcDb3dPolylineVertex
 10
342.0010642279522
 20
364.2470486158854
 30
0.0
 70
    32
  0
VERTEX
  5
7F0
330
7EB
100
AcDbEntity
  8
TWT_TEXT
100
AcDbVertex
100
AcDb3dPolylineVertex
 10
261.0010642279521
 20
340.2470486158855
 30
0.0
 70
    32
  0
VERTEX
  5
7F1
330
7EB
100
AcDbEntity
  8
TWT_TEXT
100
AcDbVertex
100
AcDb3dPolylineVertex
 10
198.0010642279521
 20
304.2470486158854
 30
0.0
 70
    32
  0
VERTEX
  5
7F2
330
7EB
100
AcDbEntity
  8
TWT_TEXT
100
AcDbVertex
100
AcDb3dPolylineVertex
 10
165.0010642279521
 20
301.2470486158854
 30
0.0
 70
    32
  0
VERTEX
  5
7F3
330
7EB
100
AcDbEntity
  8
TWT_TEXT
100
AcDbVertex
100
AcDb3dPolylineVertex
 10
141.0010642279521
 20
289.2470486158854
 30
0.0
 70
    32
  0
VERTEX
  5
7F4
330
7EB
100
AcDbEntity
  8
TWT_TEXT
100
AcDbVertex
100
AcDb3dPolylineVertex
 10
84.00106422795216
 20
295.2470486158854
 30
0.0
 70
    32
  0
VERTEX
  5
7F5
330
7EB
100
AcDbEntity
  8
TWT_TEXT
100
AcDbVertex
100
AcDb3dPolylineVertex
 10
42.00106422795215
 20
325.2470486158854
 30
0.0
 70
    32
  0
VERTEX
  5
7F6
330
7EB
100
AcDbEntity
  8
TWT_TEXT
100
AcDbVertex
100
AcDb3dPolylineVertex
 10
0.0010642279521562
 20
358.2470486158854
 30
0.0
 70
    32
  0
VERTEX
  5
7F7
330
7EB
100
AcDbEntity
  8
TWT_TEXT
100
AcDbVertex
100
AcDb3dPolylineVertex
 10
0.0010642279521562
 20
379.2470486158854
 30
0.0
 70
    32
  0
VERTEX
  5
7F8
330
7EB
100
AcDbEntity
  8
TWT_TEXT
100
AcDbVertex
100
AcDb3dPolylineVertex
 10
21.00106422795215
 20
379.2470486158854
 30
0.0
 70
    32
  0
VERTEX
  5
7F9
330
7EB
100
AcDbEntity
  8
TWT_TEXT
100
AcDbVertex
100
AcDb3dPolylineVertex
 10
75.00106422795216
 20
322.2470486158854
 30
0.0
 70
    32
  0
VERTEX
  5
7FA
330
7EB
100
AcDbEntity
  8
TWT_TEXT
100
AcDbVertex
100
AcDb3dPolylineVertex
 10
81.00106422795215
 20
322.2470486158854
 30
0.0
 70
    32
  0
VERTEX
  5
7FB
330
7EB
100
AcDbEntity
  8
TWT_TEXT
100
AcDbVertex
100
AcDb3dPolylineVertex
 10
96.00106422795215
 20
310.2470486158854
 30
0.0
 70
    32
  0
VERTEX
  5
7FC
330
7EB
100
AcDbEntity
  8
TWT_TEXT
100
AcDbVertex
100
AcDb3dPolylineVertex
 10
102.0010642279521
 20
310.2470486158854
 30
0.0
 70
    32
  0
VERTEX
  5
7FD
330
7EB
100
AcDbEntity
  8
TWT_TEXT
100
AcDbVertex
100
AcDb3dPolylineVertex
 10
135.0010642279521
 20
304.2470486158854
 30
0.0
 70
    32
  0
VERTEX
  5
7FE
330
7EB
100
AcDbEntity
  8
TWT_TEXT
100
AcDbVertex
100
AcDb3dPolylineVertex
 10
162.0010642279521
 20
313.2470486158855
 30
0.0
 70
    32
  0
VERTEX
  5
7FF
330
7EB
100
AcDbEntity
  8
TWT_TEXT
100
AcDbVertex
100
AcDb3dPolylineVertex
 10
174.0010642279521
 20
322.2470486158854
 30
0.0
 70
    32
  0
VERTEX
  5
800
330
7EB
100
AcDbEntity
  8
TWT_TEXT
100
AcDbVertex
100
AcDb3dPolylineVertex
 10
174.0010642279521
 20
343.2470486158854
 30
0.0
 70
    32
  0
VERTEX
  5
801
330
7EB
100
AcDbEntity
  8
TWT_TEXT
100
AcDbVertex
100
AcDb3dPolylineVertex
 10
153.0010642279521
 20
352.2470486158854
 30
0.0
 70
    32
  0
VERTEX
  5
802
330
7EB
100
AcDbEntity
  8
TWT_TEXT
100
AcDbVertex
100
AcDb3dPolylineVertex
 10
153.0010642279521
 20
370.2470486158854
 30
0.0
 70
    32
  0
VERTEX
  5
803
330
7EB
100
AcDbEntity
  8
TWT_TEXT
100
AcDbVertex
100
AcDb3dPolylineVertex
 10
174.0010642279521
 20
379.2470486158854
 30
0.0
 70
    32
  0
VERTEX
  5
804
330
7EB
100
AcDbEntity
  8
TWT_TEXT
100
AcDbVertex
100
AcDb3dPolylineVertex
 10
195.0010642279521
 20
379.2470486158854
 30
0.0
 70
    32
  0
VERTEX
  5
805
330
7EB
100
AcDbEntity
  8
TWT_TEXT
100
AcDbVertex
100
AcDb3dPolylineVertex
 10
210.0010642279522
 20
370.2470486158854
 30
0.0
 70
    32
  0
VERTEX
  5
806
330
7EB
100
AcDbEntity
  8
TWT_TEXT
100
AcDbVertex
100
AcDb3dPolylineVertex
 10
204.0010642279522
 20
343.2470486158854
 30
0.0
 70
    32
  0
VERTEX
  5
807
330
7EB
100
AcDbEntity
  8
TWT_TEXT
100
AcDbVertex
100
AcDb3dPolylineVertex
 10
201.0010642279521
 20
331.2470486158854
 30
0.0
 70
    32
  0
VERTEX
  5
808
330
7EB
100
AcDbEntity
  8
TWT_TEXT
100
AcDbVertex
100
AcDb3dPolylineVertex
 10
303.0010642279521
 20
376.2470486158854
 30
0.0
 70
    32
  0
VERTEX
  5
809
330
7EB
100
AcDbEntity
  8
TWT_TEXT
100
AcDbVertex
100
AcDb3dPolylineVertex
 10
345.0010642279522
 20
388.2470486158855
 30
0.0
 70
    32
  0
VERTEX
  5
80A
330
7EB
100
AcDbEntity
  8
TWT_TEXT
100
AcDbVertex
100
AcDb3dPolylineVertex
 10
348.0010642279522
 20
550.2470486158854
 30
0.0
 70
    32
  0
VERTEX
  5
80B
330
7EB
100
AcDbEntity
  8
TWT_TEXT
100
AcDbVertex
100
AcDb3dPolylineVertex
 10
354.0010642279522
 20
559.2470486158854
 30
0.0
 70
    32
  0
VERTEX
  5
80C
330
7EB
100
AcDbEntity
  8
TWT_TEXT
100
AcDbVertex
100
AcDb3dPolylineVertex
 10
369.0010642279522
 20
559.2470486158854
 30
0.0
 70
    32
  0
VERTEX
  5
80D
330
7EB
100
AcDbEntity
  8
TWT_TEXT
100
AcDbVertex
100
AcDb3dPolylineVertex
 10
366.0010642279522
 20
391.2470486158854
 30
0.0
 70
    32
  0
VERTEX
  5
80E
330
7EB
100
AcDbEntity
  8
TWT_TEXT
100
AcDbVertex
100
AcDb3dPolylineVertex
 10
453.0010642279521
 20
412.2470486158854
 30
0.0
 70
    32
  0
VERTEX
  5
80F
330
7EB
100
AcDbEntity
  8
TWT_TEXT
100
AcDbVertex
100
AcDb3dPolylineVertex
 10
465.0010642279521
 20
418.2470486158853
 30
0.0
 70
    32
  0
VERTEX
  5
810
330
7EB
100
AcDbEntity
  8
TWT_TEXT
100
AcDbVertex
100
AcDb3dPolylineVertex
 10
459.0010642279521
 20
397.2470486158854
 30
0.0
 70
    32
  0
VERTEX
  5
811
330
7EB
100
AcDbEntity
  8
TWT_TEXT
100
AcDbVertex
100
AcDb3dPolylineVertex
 10
366.0010642279522
 20
370.2470486158854
 30
0.0
 70
    32
  0
VERTEX
  5
812
330
7EB
100
AcDbEntity
  8
TWT_TEXT
100
AcDbVertex
100
AcDb3dPolylineVertex
 10
359.8182469713502
 20
142.0642313593125
 30
0.0
 70
    32
  0
VERTEX
  5
813
330
7EB
100
AcDbEntity
  8
TWT_TEXT
100
AcDbVertex
100
AcDb3dPolylineVertex
 10
360.0010642279522
 20
139.2470486158854
 30
0.0
 70
    32
  0
VERTEX
  5
814
330
7EB
100
AcDbEntity
  8
TWT_TEXT
100
AcDbVertex
100
AcDb3dPolylineVertex
 10
360.0010642279522
 20
79.24704861588543
 30
0.0
 70
    32
  0
VERTEX
  5
815
330
7EB
100
AcDbEntity
  8
TWT_TEXT
100
AcDbVertex
100
AcDb3dPolylineVertex
 10
360.0010642279522
 20
10.24704861588543
 30
0.0
 70
    32
  0
VERTEX
  5
816
330
7EB
100
AcDbEntity
  8
TWT_TEXT
100
AcDbVertex
100
AcDb3dPolylineVertex
 10
358.0440542768338
 20
-0.0007610451721121
 30
0.0
 70
    32
  0
SEQEND
  5
817
330
7EB
100
AcDbEntity
  8
TWT_TEXT
  0
POLYLINE
  5
818
330
7E6
100
AcDbEntity
  8
TWT_TEXT
100
AcDb3dPolyline
 66
     1
 10
0.0
 20
0.0
 30
0.0
 70
     8
  0
VERTEX
  5
819
330
818
100
AcDbEntity
  8
TWT_TEXT
100
AcDbVertex
100
AcDb3dPolylineVertex
 10
357.0010642279521
 20
28.24704861588543
 30
0.0
 70
    32
  0
VERTEX
  5
81A
330
818
100
AcDbEntity
  8
TWT_TEXT
100
AcDbVertex
100
AcDb3dPolylineVertex
 10
354.0010642279522
 20
31.24704861588543
 30
0.0
 70
    32
  0
VERTEX
  5
81B
330
818
100
AcDbEntity
  8
TWT_TEXT
100
AcDbVertex
100
AcDb3dPolylineVertex
 10
351.0010642279521
 20
31.24704861588543
 30
0.0
 70
    32
  0
SEQEND
  5
81C
330
818
100
AcDbEntity
  8
TWT_TEXT
  0
POLYLINE
  5
81D
330
7E6
100
AcDbEntity
  8
TWT_TEXT
100
AcDb3dPolyline
 66
     1
 10
0.0
 20
0.0
 30
0.0
 70
     8
  0
VERTEX
  5
81E
330
81D
100
AcDbEntity
  8
TWT_TEXT
100
AcDbVertex
100
AcDb3dPolylineVertex
 10
357.0010642279521
 20
34.24704861588543
 30
0.0
 70
    32
  0
VERTEX
  5
81F
330
81D
100
AcDbEntity
  8
TWT_TEXT
100
AcDbVertex
100
AcDb3dPolylineVertex
 10
354.0010642279522
 20
37.24704861588544
 30
0.0
 70
    32
  0
VERTEX
  5
820
330
81D
100
AcDbEntity
  8
TWT_TEXT
100
AcDbVertex
100
AcDb3dPolylineVertex
 10
351.0010642279521
 20
37.24704861588544
 30
0.0
 70
    32
  0
SEQEND
  5
821
330
81D
100
AcDbEntity
  8
TWT_TEXT
  0
POLYLINE
  5
822
330
7E6
100
AcDbEntity
  8
TWT_TEXT
100
AcDb3dPolyline
 66
     1
 10
0.0
 20
0.0
 30
0.0
 70
     8
  0
VERTEX
  5
823
330
822
100
AcDbEntity
  8
TWT_TEXT
100
AcDbVertex
100
AcDb3dPolylineVertex
 10
360.0010642279522
 20
43.24704861588543
 30
0.0
 70
    32
  0
VERTEX
  5
824
330
822
100
AcDbEntity
  8
TWT_TEXT
100
AcDbVertex
100
AcDb3dPolylineVertex
 10
357.0010642279521
 20
43.24704861588543
 30
0.0
 70
    32
  0
SEQEND
  5
825
330
822
100
AcDbEntity
  8
TWT_TEXT
  0
HATCH
  5
826
330
7E6
100
AcDbEntity
  8
TWT_TEXT
  6
Continuous
100
AcDbHatch
 10
0.0
 20
0.0
 30
0.0
210
0.0
220
0.0
230
1.0
  2
SOLID
 70
     1
 71
     0
 91
        2
 92
        1
 93
       54
 72
     1
 10
1461.311314683757
 20
488.9560713566607
 11
1463.289287364692
 21
521.2956388255406
 72
     1
 10
1463.289287364692
 20
521.2956388255115
 11
1425.30157254351
 21
548.8661579113395
 72
     1
 10
1425.301572543452
 20
548.8661579113104
 11
1381.962374509312
 21
547.9101695449208
 72
     1
 10
1381.962374509312
 20
547.9101695449208
 11
1366.270584958082
 21
527.2295568683184
 72
     1
 10
1366.270584958023
 20
527.2295568683184
 11
1391.203807135927
 21
522.0978483977087
 72
     1
 10
1391.203807135927
 20
522.0978483977087
 11
1423.543374604778
 21
520.1198757168022
 72
     1
 10
1423.543374604778
 20
520.1198757168022
 11
1436.597867248114
 21
497.6810651015839
 72
     1
 10
1436.597867248114
 20
497.6810651015839
 11
1416.653468195582
 21
466.4403713443607
 72
     1
 10
1416.653468195698
 20
466.4403713443025
 11
1405.214288145769
 21
456.3198397483501
 72
     1
 10
1405.214288145653
 20
456.3198397483501
 11
1362.611303735582
 21
408.4313680734776
 72
     1
 10
1362.611303735641
 20
408.4313680734485
 11
1351.172123685712
 21
398.3108364774962
 72
     1
 10
1351.172123685712
 20
398.3108364774962
 11
1308.569139275642
 21
350.4223648026236
 72
     1
 10
1308.5691392757
 20
350.4223648026236
 11
1293.536673951486
 21
340.5216079489619
 72
     1
 10
1293.536673951428
 20
340.5216079489619
 11
1289.064289707807
 21
326.3682415939984
 72
     1
 10
1289.064289707807
 20
326.3682415939984
 11
1270.658313851571
 21
320.280544756999
 72
     1
 10
1270.658313851571
 20
320.280544756999
 11
1254.625490843493
 21
303.7367028803856
 72
     1
 10
1254.625490843435
 20
303.7367028803856
 11
1224.462044167158
 21
272.611847824417
 72
     1
 10
1224.462044167216
 20
272.611847824417
 11
1213.682188344246
 21
273.2711720513762
 72
     1
 10
1213.682188344188
 20
273.2711720514053
 11
1183.177708211064
 21
246.2830877954548
 72
     1
 10
1183.177708211122
 20
246.2830877954548
 11
1135.14635119104
 21
227.5804477997881
 72
     1
 10
1135.146351190866
 20
227.5804477997881
 11
1130.234417462605
 21
206.2405108962266
 72
     1
 10
1130.234417462605
 20
206.2405108961684
 11
1147.981069091882
 21
201.5483519102272
 72
     1
 10
1147.98106909194
 20
201.5483519102563
 11
1196.232200854341
 21
223.8442771802656
 72
     1
 10
1196.232200854341
 20
223.8442771802365
 11
1244.263557874423
 21
242.5469171759032
 72
     1
 10
1244.263557874481
 20
242.5469171759323
 11
1292.95423912158
 21
272.0294129945687
 72
     1
 10
1292.954239121522
 20
272.0294129945687
 11
1385.423667887342
 21
309.6544677282509
 72
     1
 10
1385.423667887458
 20
309.6544677282218
 11
1381.621501319809
 21
129.5506545276148
 72
     1
 10
1381.621501319809
 20
129.550654527673
 11
1388.825653847831
 21
129.3985678649624
 72
     1
 10
1388.825653847773
 20
129.3985678649624
 11
1388.368522383738
 21
121.9245344943774
 72
     1
 10
1388.368522383738
 20
121.9245344943774
 11
1390.370398728643
 21
119.6618248995219
 72
     1
 10
1390.370398728759
 20
119.6618248995219
 11
1401.552588124177
 21
117.1421938199491
 72
     1
 10
1401.552588124177
 20
117.14219381992
 11
1390.375415499729
 21
119.6561544713622
 72
     1
 10
1390.375415499671
 20
119.6561544713913
 11
1390.924278462189
 21
119.0357777459139
 72
     1
 10
1390.924278462189
 20
119.035777745943
 11
1391.742032915703
 21
118.1114744777442
 72
     1
 10
1391.742032915703
 20
118.1114744777151
 11
1383.896138140117
 21
107.7711681394139
 72
     1
 10
1383.896138140117
 20
107.7711681394139
 11
1390.643159204104
 21
100.1450481061183
 72
     1
 10
1390.643159204163
 20
100.1450481061474
 11
1396.291306556552
 21
74.5525017012842
 72
     1
 10
1396.291306556435
 20
74.55250170122599
 11
1384.166644547367
 21
75.25200524515821
 72
     1
 10
1384.166644547367
 20
75.25200524518732
 11
1384.852126506506
 21
64.43197010527365
 72
     1
 10
1384.852126506623
 20
64.43197010527365
 11
1397.906619149958
 21
41.9931594900554
 72
     1
 10
1397.906619149842
 20
41.9931594900554
 11
1390.060724374256
 21
31.65285315175424
 72
     1
 10
1390.060724374256
 20
31.65285315175424
 11
1396.807745438244
 21
24.02673311845865
 72
     1
 10
1396.807745438302
 20
24.02673311848776
 11
1404.653640213888
 21
34.36703945678892
 72
     1
 10
1404.653640213888
 20
34.36703945678892
 11
1415.049049051304
 21
322.2694108869182
 72
     1
 10
1415.049049051245
 20
322.2694108869182
 11
1503.265868315822
 21
349.3343845399795
 72
     1
 10
1503.265868315822
 20
349.3343845399795
 11
1517.639009413135
 21
348.4552855706716
 72
     1
 10
1517.639009413076
 20
348.4552855707006
 11
1528.199090493726
 21
344.2026760693989
 72
     1
 10
1528.199090493726
 20
344.2026760693989
 11
1557.384922172932
 21
349.6310486794391
 72
     1
 10
1557.384922172874
 20
349.63104867941
 11
1555.110285352508
 21
371.41053506764
 72
     1
 10
1555.110285352566
 20
371.4105350676691
 11
1482.80503038154
 21
368.6194593655236
 72
     1
 10
1482.80503038154
 20
368.6194593655236
 11
1416.807246989862
 21
351.0156930814555
 72
     1
 10
1416.807246989803
 20
351.0156930814555
 11
1416.510582850373
 21
405.1347469385655
 72
     1
 10
1416.510582850431
 20
405.1347469385945
 11
1395.170645946811
 21
410.0466806668555
 72
     1
 10
1395.170645946869
 20
410.0466806668555
 11
1461.311314683757
 21
488.9560713566607
 97
        0
 92
       16
 93
        8
 72
     1
 10
1387.544525913545
 20
403.2996596028679
 11
1383.368805809354
 21
335.0272393908235
 72
     1
 10
1383.368805809412
 20
335.0272393907944
 11
1338.930734063673
 21
316.1048246527789
 72
     1
 10
1338.930734063615
 20
316.1048246527789
 11
1287.086317026871
 21
294.0286741251184
 72
     1
 10
1287.086317026871
 20
294.0286741251184
 11
1272.493401187239
 21
291.3144878201129
 72
     1
 10
1272.493401187239
 20
291.3144878201129
 11
1284.591905464127
 21
312.2148752390349
 72
     1
 10
1284.591905464185
 20
312.2148752390349
 11
1341.56803097151
 21
359.2242479446286
 72
     1
 10
1341.568030971568
 20
359.2242479446286
 11
1380.357955364976
 21
403.7392090875073
 72
     1
 10
1380.357955364859
 20
403.7392090875073
 11
1387.544525913487
 21
403.2996596028679
 97
        0
 75
     0
 76
     1
 98
        2
 10
1405.690848203841
 20
431.4482107529475
 10
1405.690848203841
 20
431.4482107529475
450
        0
451
        0
460
0.0
461
0.0
452
        0
462
1.0
453
        2
463
0.0
 63
     5
421
      255
463
1.0
 63
     2
421
 16776960
470
LINEAR
1001
GradientColor1ACI
1070
     5
1001
GradientColor2ACI
1070
     2
1001
ACAD
1010
0.0
1020
0.0
1030
0.0
  0
POLYLINE
  5
827
330
7E6
100
AcDbEntity
  8
TWT_TEXT
100
AcDb3dPolyline
 66
     1
 10
0.0
 20
0.0
 30
0.0
 70
     8
  0
VERTEX
  5
828
330
827
100
AcDbEntity
  8
TWT_TEXT
100
AcDbVertex
100
AcDb3dPolylineVertex
 10
1396.807745438302
 20
24.02673311854596
 30
0.0
 70
    32
  0
VERTEX
  5
829
330
827
100
AcDbEntity
  8
TWT_TEXT
100
AcDbVertex
100
AcDb3dPolylineVertex
 10
1404.653640213888
 20
34.36703945684712
 30
0.0
 70
    32
  0
VERTEX
  5
82A
330
827
100
AcDbEntity
  8
TWT_TEXT
100
AcDbVertex
100
AcDb3dPolylineVertex
 10
1409.851344632567
 20
178.3182251719408
 30
0.0
 70
    32
  0
VERTEX
  5
82B
330
827
100
AcDbEntity
  8
TWT_TEXT
100
AcDbVertex
100
AcDb3dPolylineVertex
 10
1415.049049051245
 20
322.2694108870055
 30
0.0
 70
    32
  0
VERTEX
  5
82C
330
827
100
AcDbEntity
  8
TWT_TEXT
100
AcDbVertex
100
AcDb3dPolylineVertex
 10
1503.265868315822
 20
349.3343845400668
 30
0.0
 70
    32
  0
VERTEX
  5
82D
330
827
100
AcDbEntity
  8
TWT_TEXT
100
AcDbVertex
100
AcDb3dPolylineVertex
 10
1517.639009413076
 20
348.4552855707589
 30
0.0
 70
    32
  0
VERTEX
  5
82E
330
827
100
AcDbEntity
  8
TWT_TEXT
100
AcDbVertex
100
AcDb3dPolylineVertex
 10
1528.199090493726
 20
344.2026760694571
 30
0.0
 70
    32
  0
VERTEX
  5
82F
330
827
100
AcDbEntity
  8
TWT_TEXT
100
AcDbVertex
100
AcDb3dPolylineVertex
 10
1557.384922172874
 20
349.6310486794682
 30
0.0
 70
    32
  0
VERTEX
  5
830
330
827
100
AcDbEntity
  8
TWT_TEXT
100
AcDbVertex
100
AcDb3dPolylineVertex
 10
1555.110285352566
 20
371.4105350677273
 30
0.0
 70
    32
  0
VERTEX
  5
831
330
827
100
AcDbEntity
  8
TWT_TEXT
100
AcDbVertex
100
AcDb3dPolylineVertex
 10
1482.80503038154
 20
368.6194593655819
 30
0.0
 70
    32
  0
VERTEX
  5
832
330
827
100
AcDbEntity
  8
TWT_TEXT
100
AcDbVertex
100
AcDb3dPolylineVertex
 10
1438.806508120499
 20
356.8836151762225
 30
0.0
 70
    32
  0
VERTEX
  5
833
330
827
100
AcDbEntity
  8
TWT_TEXT
100
AcDbVertex
100
AcDb3dPolylineVertex
 10
1416.807246989803
 20
351.0156930815429
 30
0.0
 70
    32
  0
VERTEX
  5
834
330
827
100
AcDbEntity
  8
TWT_TEXT
100
AcDbVertex
100
AcDb3dPolylineVertex
 10
1416.510582850431
 20
405.1347469386528
 30
0.0
 70
    32
  0
VERTEX
  5
835
330
827
100
AcDbEntity
  8
TWT_TEXT
100
AcDbVertex
100
AcDb3dPolylineVertex
 10
1395.170645946869
 20
410.0466806669137
 30
0.0
 70
    32
  0
VERTEX
  5
836
330
827
100
AcDbEntity
  8
TWT_TEXT
100
AcDbVertex
100
AcDb3dPolylineVertex
 10
1461.311314683757
 20
488.9560713567188
 30
0.0
 70
    32
  0
VERTEX
  5
837
330
827
100
AcDbEntity
  8
TWT_TEXT
100
AcDbVertex
100
AcDb3dPolylineVertex
 10
1463.289287364692
 20
521.2956388255697
 30
0.0
 70
    32
  0
VERTEX
  5
838
330
827
100
AcDbEntity
  8
TWT_TEXT
100
AcDbVertex
100
AcDb3dPolylineVertex
 10
1425.301572543452
 20
548.8661579113977
 30
0.0
 70
    32
  0
VERTEX
  5
839
330
827
100
AcDbEntity
  8
TWT_TEXT
100
AcDbVertex
100
AcDb3dPolylineVertex
 10
1381.962374509312
 20
547.910169544979
 30
0.0
 70
    32
  0
VERTEX
  5
83A
330
827
100
AcDbEntity
  8
TWT_TEXT
100
AcDbVertex
100
AcDb3dPolylineVertex
 10
1366.270584958023
 20
527.2295568683766
 30
0.0
 70
    32
  0
VERTEX
  5
83B
330
827
100
AcDbEntity
  8
TWT_TEXT
100
AcDbVertex
100
AcDb3dPolylineVertex
 10
1391.203807135927
 20
522.0978483977669
 30
0.0
 70
    32
  0
VERTEX
  5
83C
330
827
100
AcDbEntity
  8
TWT_TEXT
100
AcDbVertex
100
AcDb3dPolylineVertex
 10
1423.543374604778
 20
520.1198757168604
 30
0.0
 70
    32
  0
VERTEX
  5
83D
330
827
100
AcDbEntity
  8
TWT_TEXT
100
AcDbVertex
100
AcDb3dPolylineVertex
 10
1436.597867248114
 20
497.6810651016421
 30
0.0
 70
    32
  0
VERTEX
  5
83E
330
827
100
AcDbEntity
  8
TWT_TEXT
100
AcDbVertex
100
AcDb3dPolylineVertex
 10
1416.653468195698
 20
466.4403713443898
 30
0.0
 70
    32
  0
VERTEX
  5
83F
330
827
100
AcDbEntity
  8
TWT_TEXT
100
AcDbVertex
100
AcDb3dPolylineVertex
 10
1405.214288145653
 20
456.3198397484084
 30
0.0
 70
    32
  0
VERTEX
  5
840
330
827
100
AcDbEntity
  8
TWT_TEXT
100
AcDbVertex
100
AcDb3dPolylineVertex
 10
1362.611303735641
 20
408.4313680735358
 30
0.0
 70
    32
  0
VERTEX
  5
841
330
827
100
AcDbEntity
  8
TWT_TEXT
100
AcDbVertex
100
AcDb3dPolylineVertex
 10
1351.172123685712
 20
398.3108364775544
 30
0.0
 70
    32
  0
VERTEX
  5
842
330
827
100
AcDbEntity
  8
TWT_TEXT
100
AcDbVertex
100
AcDb3dPolylineVertex
 10
1308.5691392757
 20
350.4223648026818
 30
0.0
 70
    32
  0
VERTEX
  5
843
330
827
100
AcDbEntity
  8
TWT_TEXT
100
AcDbVertex
100
AcDb3dPolylineVertex
 10
1293.536673951428
 20
340.5216079490201
 30
0.0
 70
    32
  0
VERTEX
  5
844
330
827
100
AcDbEntity
  8
TWT_TEXT
100
AcDbVertex
100
AcDb3dPolylineVertex
 10
1289.064289707807
 20
326.3682415940566
 30
0.0
 70
    32
  0
VERTEX
  5
845
330
827
100
AcDbEntity
  8
TWT_TEXT
100
AcDbVertex
100
AcDb3dPolylineVertex
 10
1270.658313851571
 20
320.2805447570572
 30
0.0
 70
    32
  0
VERTEX
  5
846
330
827
100
AcDbEntity
  8
TWT_TEXT
100
AcDbVertex
100
AcDb3dPolylineVertex
 10
1254.625490843435
 20
303.7367028804729
 30
0.0
 70
    32
  0
VERTEX
  5
847
330
827
100
AcDbEntity
  8
TWT_TEXT
100
AcDbVertex
100
AcDb3dPolylineVertex
 10
1249.912775201723
 20
298.8737774713372
 30
0.0
 70
    32
  0
SEQEND
  5
848
330
827
100
AcDbEntity
  8
TWT_TEXT
  0
POLYLINE
  5
849
330
7E6
100
AcDbEntity
  8
TWT_TEXT
100
AcDb3dPolyline
 66
     1
 10
0.0
 20
0.0
 30
0.0
 70
     8
  0
VERTEX
  5
84A
330
849
100
AcDbEntity
  8
TWT_TEXT
100
AcDbVertex
100
AcDb3dPolylineVertex
 10
1396.807745438302
 20
24.02673311854596
 30
0.0
 70
    32
  0
VERTEX
  5
84B
330
849
100
AcDbEntity
  8
TWT_TEXT
100
AcDbVertex
100
AcDb3dPolylineVertex
 10
1390.060724374256
 20
31.65285315181245
 30
0.0
 70
    32
  0
VERTEX
  5
84C
330
849
100
AcDbEntity
  8
TWT_TEXT
100
AcDbVertex
100
AcDb3dPolylineVertex
 10
1397.906619149842
 20
41.99315949011361
 30
0.0
 70
    32
  0
VERTEX
  5
84D
330
849
100
AcDbEntity
  8
TWT_TEXT
100
AcDbVertex
100
AcDb3dPolylineVertex
 10
1384.852126506623
 20
64.43197010533186
 30
0.0
 70
    32
  0
VERTEX
  5
84E
330
849
100
AcDbEntity
  8
TWT_TEXT
100
AcDbVertex
100
AcDb3dPolylineVertex
 10
1384.166644547367
 20
75.25200524524553
 30
0.0
 70
    32
  0
SEQEND
  5
84F
330
849
100
AcDbEntity
  8
TWT_TEXT
  0
POLYLINE
  5
850
330
7E6
100
AcDbEntity
  8
TWT_TEXT
100
AcDb3dPolyline
 66
     1
 10
0.0
 20
0.0
 30
0.0
 70
     8
  0
VERTEX
  5
851
330
850
100
AcDbEntity
  8
TWT_TEXT
100
AcDbVertex
100
AcDb3dPolylineVertex
 10
1389.104736007866
 20
74.99205118595273
 30
0.0
 70
    32
  0
VERTEX
  5
852
330
850
100
AcDbEntity
  8
TWT_TEXT
100
AcDbVertex
100
AcDb3dPolylineVertex
 10
1385.511450733524
 20
75.21182592830155
 30
0.0
 70
    32
  0
SEQEND
  5
853
330
850
100
AcDbEntity
  8
TWT_TEXT
  0
POLYLINE
  5
854
330
7E6
100
AcDbEntity
  8
TWT_TEXT
100
AcDb3dPolyline
 66
     1
 10
0.0
 20
0.0
 30
0.0
 70
     8
  0
VERTEX
  5
855
330
854
100
AcDbEntity
  8
TWT_TEXT
100
AcDbVertex
100
AcDb3dPolylineVertex
 10
360.0010642279522
 20
124.2470486158854
 30
0.0
 70
    32
  0
VERTEX
  5
856
330
854
100
AcDbEntity
  8
TWT_TEXT
100
AcDbVertex
100
AcDb3dPolylineVertex
 10
354.0010642279522
 20
124.2470486158854
 30
0.0
 70
    32
  0
VERTEX
  5
857
330
854
100
AcDbEntity
  8
TWT_TEXT
100
AcDbVertex
100
AcDb3dPolylineVertex
 10
354.0010642279522
 20
133.2470486158854
 30
0.0
 70
    32
  0
VERTEX
  5
858
330
854
100
AcDbEntity
  8
TWT_TEXT
100
AcDbVertex
100
AcDb3dPolylineVertex
 10
360.0010642279522
 20
133.2470486158854
 30
0.0
 70
    32
  0
SEQEND
  5
859
330
854
100
AcDbEntity
  8
TWT_TEXT
  0
HATCH
  5
85A
330
7E6
100
AcDbEntity
  8
TWT_TEXT
  6
Continuous
100
AcDbHatch
 10
0.0
 20
0.0
 30
0.0
210
0.0
220
0.0
230
1.0
  2
SOLID
 70
     1
 71
     0
 91
        1
 92
        1
 93
       90
 72
     1
 10
1013.654191826121
 20
118.6549606806366
 11
1015.659715756599
 21
298.8686612523743
 72
     1
 10
1015.659715756599
 20
298.8686612523743
 11
1002.143780854938
 21
471.0148767313512
 72
     1
 10
1002.143780854938
 20
471.0148767313512
 11
994.8088782365667
 21
498.5139531445456
 72
     1
 10
994.8088782365667
 20
498.5139531445456
 11
975.9267237719614
 21
484.640804879833
 72
     1
 10
975.9267237719614
 20
484.6408048798621
 11
930.1590042475726
 21
424.322351239738
 72
     1
 10
930.1590042475726
 20
424.322351239738
 11
883.6587022487655
 21
352.0262800185592
 72
     1
 10
883.6587022487075
 20
352.0262800185592
 11
876.5710197465377
 21
334.4261448841717
 72
     1
 10
876.571019746596
 20
334.4261448841717
 11
891.7261873415554
 21
336.5048211864196
 72
     1
 10
891.7261873414972
 20
336.5048211864196
 11
910.2420505689224
 21
344.3891606605903
 72
     1
 10
910.2420505689224
 20
344.3891606605903
 11
949.1693077074014
 21
342.0082676187448
 72
     1
 10
949.1693077073433
 20
342.0082676187448
 11
963.225601590646
 21
326.120517549396
 72
     1
 10
963.225601590646
 20
326.120517549396
 11
955.5884822326479
 21
299.5371692292101
 72
     1
 10
955.5884822327062
 20
299.5371692292101
 11
932.7961952798068
 21
270.8751446067763
 72
     1
 10
932.7961952798068
 20
270.8751446067763
 11
944.4075216236525
 21
264.1537533418159
 72
     1
 10
944.4075216236525
 20
264.153753341845
 11
940.6805347539485
 21
252.3592813793803
 72
     1
 10
940.6805347539485
 20
252.3592813793803
 11
913.3646039593731
 21
248.0187831562944
 72
     1
 10
913.3646039593731
 20
248.0187831562944
 11
880.4902301090187
 21
201.9397690180922
 72
     1
 10
880.4902301090187
 20
201.9397690180922
 11
876.0306607648963
 21
178.1676794745726
 72
     1
 10
876.0306607649544
 20
178.1676794745726
 11
986.2101120363805
 21
210.5016943432565
 72
     1
 10
986.2101120363222
 20
210.5016943432565
 11
1007.170942803204
 21
209.2196750130388
 72
     1
 10
1007.170942803204
 20
209.2196750130097
 11
994.2775971291121
 21
194.9802355110878
 72
     1
 10
994.2775971291121
 20
194.9802355111169
 11
889.9038090296089
 21
159.2855250099674
 72
     1
 10
889.9038090296089
 20
159.2855250099383
 11
849.8776781795314
 21
143.699991680216
 72
     1
 10
849.8776781795314
 20
143.699991680216
 11
844.8045974820271
 21
159.0383048937656
 72
     1
 10
844.8045974820271
 20
159.0383048937365
 11
879.6935731369885
 21
238.0557673798758
 72
     1
 10
879.6935731370467
 20
238.0557673798758
 11
889.0430775600252
 21
243.4951393145893
 72
     1
 10
889.0430775600252
 20
243.4951393145893
 11
890.5082425088622
 21
267.450374476728
 72
     1
 10
890.5082425088622
 20
267.450374476728
 11
918.7399013965041
 21
286.7628946761542
 72
     1
 10
918.7399013965041
 20
286.7628946761251
 11
942.0816252052318
 21
324.4081324843573
 72
     1
 10
942.0816252051736
 20
324.4081324843573
 11
912.1375812524929
 21
326.2395886704035
 72
     1
 10
912.1375812525512
 20
326.2395886704035
 11
890.2610223926604
 21
312.54958602431
 72
     1
 10
890.2610223926604
 20
312.54958602431
 11
886.5340355229564
 21
300.7551140618452
 72
     1
 10
886.5340355229564
 20
300.7551140618452
 11
859.5843959655612
 21
302.4034246292722
 72
     1
 10
859.5843959655612
 20
302.4034246293013
 11
768.5433971491293
 21
91.56809425388928
 72
     1
 10
768.5433971491293
 20
91.56809425388928
 11
752.1062102239811
 21
68.52858718478819
 72
     1
 10
752.1062102239811
 20
68.52858718478819
 11
739.579155787127
 21
60.27795647340827
 72
     1
 10
739.579155787127
 20
60.27795647340827
 11
712.9958074669702
 21
67.91507583137718
 72
     1
 10
712.995807466912
 20
67.91507583137718
 11
699.4889504394377
 21
92.7860390865244
 72
     1
 10
699.4889504394377
 20
92.7860390865244
 11
707.7305032766307
 21
227.534236873471
 72
     1
 10
707.7305032766307
 20
227.534236873471
 11
719.2136806253111
 21
317.0000774942164
 72
     1
 10
719.2136806253111
 20
317.0000774942455
 11
710.0473218209226
 21
314.5551099547883
 72
     1
 10
710.0473218209226
 20
314.5551099547883
 11
646.0750336828641
 21
153.1594893500733
 72
     1
 10
646.0750336828641
 20
153.1594893500441
 11
621.4512905438896
 21
94.55342077495879
 72
     1
 10
621.4512905439478
 20
94.55342077498789
 11
592.8533404191257
 21
69.25209178504883
 72
     1
 10
592.8533404191257
 20
69.25209178501972
 11
575.070059666119
 21
73.34536989190382
 72
     1
 10
575.070059666119
 20
73.34536989193293
 11
564.557607033872
 21
98.03318752849008
 72
     1
 10
564.557607033872
 20
98.03318752846099
 11
575.5372662759619
 21
424.9727034682291
 72
     1
 10
575.5372662759619
 20
424.9727034682291
 11
582.4418031595414
 21
439.5784342073603
 72
     1
 10
582.4418031595414
 20
439.5784342073603
 11
600.4082295311381
 21
438.4795604957325
 72
     1
 10
600.4082295311381
 20
438.4795604957325
 11
587.9543274660245
 21
234.8600616176845
 72
     1
 10
587.9543274660245
 20
234.8600616176554
 11
588.6959878146298
 21
99.5624269748805
 72
     1
 10
588.6959878146298
 20
99.5624269748805
 11
597.6792010004283
 21
99.01299011905212
 72
     1
 10
597.6792010004283
 20
99.01299011908122
 11
688.9033454354503
 21
312.8427248897497
 72
     1
 10
688.9033454354503
 20
312.8427248897497
 11
729.2316930251545
 21
382.5106829528813
 72
     1
 10
729.2316930251545
 20
382.5106829528522
 11
735.4036474343156
 21
385.1387961108994
 72
     1
 10
735.4036474342574
 20
385.1387961109285
 11
739.3137799225514
 21
399.9276724686497
 72
     1
 10
739.3137799225514
 20
399.9276724686497
 11
794.9804407258052
 21
474.6687112292857
 72
     1
 10
794.9804407258052
 20
474.6687112292857
 11
852.7257778312778
 21
534.2545823949913
 72
     1
 10
852.7257778312778
 20
534.2545823949621
 11
903.0171411974006
 21
570.2515096357383
 72
     1
 10
903.0171411974006
 20
570.2515096357383
 11
914.9947587784845
 21
569.5189271613198
 72
     1
 10
914.9947587784263
 20
569.5189271613198
 11
895.3800218394025
 21
543.6681613155524
 72
     1
 10
895.3800218394025
 20
543.6681613155815
 11
828.4683259295416
 21
481.6373226104478
 72
     1
 10
828.4683259295416
 20
481.6373226104188
 11
779.7062020098674
 21
421.5020145889138
 72
     1
 10
779.7062020098674
 20
421.5020145889138
 11
743.4711325270472
 21
369.6173372787889
 72
     1
 10
743.4711325270472
 20
369.6173372787889
 11
739.7441456573432
 21
357.8228653163242
 72
     1
 10
739.7441456574015
 20
357.8228653163242
 11
745.7329544479144
 21
357.4565740791149
 72
     1
 10
745.7329544479144
 20
357.4565740791149
 11
721.3655092993285
 21
106.4760417326179
 72
     1
 10
721.3655092993285
 20
106.4760417326179
 11
729.06670315488
 21
84.96577410993632
 72
     1
 10
729.06670315488
 20
84.96577410993632
 11
744.4050163684296
 21
90.03885480744065
 72
     1
 10
744.4050163684296
 20
90.03885480744065
 11
778.0119726932025
 21
148.0954865266976
 72
     1
 10
778.0119726931443
 20
148.0954865267267
 11
792.5536289346637
 21
189.2845655860146
 72
     1
 10
792.5536289347219
 20
189.2845655860146
 11
819.8054852317437
 21
241.718679751968
 72
     1
 10
819.8054852316854
 20
241.718679751968
 11
820.9043589432839
 21
259.6851061235648
 72
     1
 10
820.9043589433422
 20
259.6851061235648
 11
830.437008984969
 21
268.1188824535348
 72
     1
 10
830.437008984969
 20
268.1188824535348
 11
841.0685327381942
 21
294.5190851551015
 72
     1
 10
841.0685327381942
 20
294.5190851551306
 11
844.9786652264883
 21
309.3079615128518
 72
     1
 10
844.9786652264883
 20
309.3079615128518
 11
850.9674740170012
 21
308.9416702756425
 72
     1
 10
850.9674740170012
 20
308.9416702756425
 11
882.312608420907
 21
379.1590651945735
 72
     1
 10
882.312608420907
 20
379.1590651945735
 11
892.5778409369522
 21
399.5704591056274
 72
     1
 10
892.5778409369522
 20
399.5704591055983
 11
898.5666497274651
 21
399.204167868389
 72
     1
 10
898.5666497274651
 20
399.204167868389
 11
918.9139691409073
 21
437.0325512952113
 72
     1
 10
918.9139691409073
 20
437.0325512952404
 11
997.1897712784702
 21
537.4412102830246
 72
     1
 10
997.1897712784702
 20
537.4412102830246
 11
1009.167388859554
 21
536.7086278086062
 72
     1
 10
1009.167388859496
 20
536.7086278086062
 11
1022.30795464979
 21
505.848855762917
 72
     1
 10
1022.30795464979
 20
505.848855762917
 11
1035.274452695623
 21
324.7194270981418
 72
     1
 10
1035.274452695623
 20
324.7194270981418
 11
1037.24313575105
 21
111.2009869412577
 72
     1
 10
1037.24313575105
 20
111.2009869412577
 11
1048.552245355269
 21
50.397170942917
 72
     1
 10
1048.552245355269
 20
50.397170942917
 11
1027.225123351207
 21
45.69038148262189
 72
     1
 10
1027.225123351207
 20
45.69038148262189
 11
984.050203659688
 21
142.9493515398353
 72
     1
 10
984.0502036597463
 20
142.9493515398353
 11
1013.654191826179
 21
118.6549606806366
 97
        0
 75
     1
 76
     1
 98
        1
 10
-399.3858983864193
 20
-2983.867835924117
450
        0
451
        0
460
0.0
461
0.0
452
        0
462
1.0
453
        2
463
0.0
 63
     5
421
      255
463
1.0
 63
     2
421
 16776960
470
LINEAR
1001
GradientColor1ACI
1070
     5
1001
GradientColor2ACI
1070
     2
1001
ACAD
1010
0.0
1020
0.0
1030
0.0
  0
POLYLINE
  5
85B
330
7E6
100
AcDbEntity
  8
TWT_TEXT
100
AcDb3dPolyline
 66
     1
 10
0.0
 20
0.0
 30
0.0
 70
     8
  0
VERTEX
  5
85C
330
85B
100
AcDbEntity
  8
TWT_TEXT
100
AcDbVertex
100
AcDb3dPolylineVertex
 10
1013.654191826121
 20
118.6549606806366
 30
0.0
 70
    32
  0
VERTEX
  5
85D
330
85B
100
AcDbEntity
  8
TWT_TEXT
100
AcDbVertex
100
AcDb3dPolylineVertex
 10
1015.659715756599
 20
298.8686612523743
 30
0.0
 70
    32
  0
VERTEX
  5
85E
330
85B
100
AcDbEntity
  8
TWT_TEXT
100
AcDbVertex
100
AcDb3dPolylineVertex
 10
1002.143780854938
 20
471.0148767313512
 30
0.0
 70
    32
  0
VERTEX
  5
85F
330
85B
100
AcDbEntity
  8
TWT_TEXT
100
AcDbVertex
100
AcDb3dPolylineVertex
 10
994.8088782365667
 20
498.5139531445456
 30
0.0
 70
    32
  0
VERTEX
  5
860
330
85B
100
AcDbEntity
  8
TWT_TEXT
100
AcDbVertex
100
AcDb3dPolylineVertex
 10
975.9267237719614
 20
484.6408048798621
 30
0.0
 70
    32
  0
VERTEX
  5
861
330
85B
100
AcDbEntity
  8
TWT_TEXT
100
AcDbVertex
100
AcDb3dPolylineVertex
 10
930.1590042475726
 20
424.322351239738
 30
0.0
 70
    32
  0
VERTEX
  5
862
330
85B
100
AcDbEntity
  8
TWT_TEXT
100
AcDbVertex
100
AcDb3dPolylineVertex
 10
883.6587022487075
 20
352.0262800185592
 30
0.0
 70
    32
  0
VERTEX
  5
863
330
85B
100
AcDbEntity
  8
TWT_TEXT
100
AcDbVertex
100
AcDb3dPolylineVertex
 10
876.571019746596
 20
334.4261448841717
 30
0.0
 70
    32
  0
VERTEX
  5
864
330
85B
100
AcDbEntity
  8
TWT_TEXT
100
AcDbVertex
100
AcDb3dPolylineVertex
 10
891.7261873414972
 20
336.5048211864196
 30
0.0
 70
    32
  0
VERTEX
  5
865
330
85B
100
AcDbEntity
  8
TWT_TEXT
100
AcDbVertex
100
AcDb3dPolylineVertex
 10
910.2420505689224
 20
344.3891606605903
 30
0.0
 70
    32
  0
VERTEX
  5
866
330
85B
100
AcDbEntity
  8
TWT_TEXT
100
AcDbVertex
100
AcDb3dPolylineVertex
 10
949.1693077073433
 20
342.0082676187448
 30
0.0
 70
    32
  0
VERTEX
  5
867
330
85B
100
AcDbEntity
  8
TWT_TEXT
100
AcDbVertex
100
AcDb3dPolylineVertex
 10
963.225601590646
 20
326.120517549396
 30
0.0
 70
    32
  0
VERTEX
  5
868
330
85B
100
AcDbEntity
  8
TWT_TEXT
100
AcDbVertex
100
AcDb3dPolylineVertex
 10
955.5884822327062
 20
299.5371692292101
 30
0.0
 70
    32
  0
VERTEX
  5
869
330
85B
100
AcDbEntity
  8
TWT_TEXT
100
AcDbVertex
100
AcDb3dPolylineVertex
 10
932.7961952798068
 20
270.8751446067763
 30
0.0
 70
    32
  0
VERTEX
  5
86A
330
85B
100
AcDbEntity
  8
TWT_TEXT
100
AcDbVertex
100
AcDb3dPolylineVertex
 10
944.4075216236525
 20
264.153753341845
 30
0.0
 70
    32
  0
VERTEX
  5
86B
330
85B
100
AcDbEntity
  8
TWT_TEXT
100
AcDbVertex
100
AcDb3dPolylineVertex
 10
940.6805347539485
 20
252.3592813793803
 30
0.0
 70
    32
  0
VERTEX
  5
86C
330
85B
100
AcDbEntity
  8
TWT_TEXT
100
AcDbVertex
100
AcDb3dPolylineVertex
 10
913.3646039593731
 20
248.0187831562944
 30
0.0
 70
    32
  0
VERTEX
  5
86D
330
85B
100
AcDbEntity
  8
TWT_TEXT
100
AcDbVertex
100
AcDb3dPolylineVertex
 10
880.4902301090187
 20
201.9397690180922
 30
0.0
 70
    32
  0
VERTEX
  5
86E
330
85B
100
AcDbEntity
  8
TWT_TEXT
100
AcDbVertex
100
AcDb3dPolylineVertex
 10
876.0306607649544
 20
178.1676794745726
 30
0.0
 70
    32
  0
VERTEX
  5
86F
330
85B
100
AcDbEntity
  8
TWT_TEXT
100
AcDbVertex
100
AcDb3dPolylineVertex
 10
986.2101120363222
 20
210.5016943432565
 30
0.0
 70
    32
  0
VERTEX
  5
870
330
85B
100
AcDbEntity
  8
TWT_TEXT
100
AcDbVertex
100
AcDb3dPolylineVertex
 10
1007.170942803204
 20
209.2196750130097
 30
0.0
 70
    32
  0
VERTEX
  5
871
330
85B
100
AcDbEntity
  8
TWT_TEXT
100
AcDbVertex
100
AcDb3dPolylineVertex
 10
994.2775971291121
 20
194.9802355111169
 30
0.0
 70
    32
  0
VERTEX
  5
872
330
85B
100
AcDbEntity
  8
TWT_TEXT
100
AcDbVertex
100
AcDb3dPolylineVertex
 10
889.9038090296089
 20
159.2855250099383
 30
0.0
 70
    32
  0
VERTEX
  5
873
330
85B
100
AcDbEntity
  8
TWT_TEXT
100
AcDbVertex
100
AcDb3dPolylineVertex
 10
849.8776781795314
 20
143.699991680216
 30
0.0
 70
    32
  0
VERTEX
  5
874
330
85B
100
AcDbEntity
  8
TWT_TEXT
100
AcDbVertex
100
AcDb3dPolylineVertex
 10
844.8045974820271
 20
159.0383048937365
 30
0.0
 70
    32
  0
VERTEX
  5
875
330
85B
100
AcDbEntity
  8
TWT_TEXT
100
AcDbVertex
100
AcDb3dPolylineVertex
 10
879.6935731370467
 20
238.0557673798758
 30
0.0
 70
    32
  0
VERTEX
  5
876
330
85B
100
AcDbEntity
  8
TWT_TEXT
100
AcDbVertex
100
AcDb3dPolylineVertex
 10
889.0430775600252
 20
243.4951393145893
 30
0.0
 70
    32
  0
VERTEX
  5
877
330
85B
100
AcDbEntity
  8
TWT_TEXT
100
AcDbVertex
100
AcDb3dPolylineVertex
 10
890.5082425088622
 20
267.450374476728
 30
0.0
 70
    32
  0
VERTEX
  5
878
330
85B
100
AcDbEntity
  8
TWT_TEXT
100
AcDbVertex
100
AcDb3dPolylineVertex
 10
918.7399013965041
 20
286.7628946761251
 30
0.0
 70
    32
  0
VERTEX
  5
879
330
85B
100
AcDbEntity
  8
TWT_TEXT
100
AcDbVertex
100
AcDb3dPolylineVertex
 10
942.0816252051736
 20
324.4081324843573
 30
0.0
 70
    32
  0
VERTEX
  5
87A
330
85B
100
AcDbEntity
  8
TWT_TEXT
100
AcDbVertex
100
AcDb3dPolylineVertex
 10
912.1375812525512
 20
326.2395886704035
 30
0.0
 70
    32
  0
VERTEX
  5
87B
330
85B
100
AcDbEntity
  8
TWT_TEXT
100
AcDbVertex
100
AcDb3dPolylineVertex
 10
890.2610223926604
 20
312.54958602431
 30
0.0
 70
    32
  0
VERTEX
  5
87C
330
85B
100
AcDbEntity
  8
TWT_TEXT
100
AcDbVertex
100
AcDb3dPolylineVertex
 10
886.5340355229564
 20
300.7551140618452
 30
0.0
 70
    32
  0
VERTEX
  5
87D
330
85B
100
AcDbEntity
  8
TWT_TEXT
100
AcDbVertex
100
AcDb3dPolylineVertex
 10
859.5843959655612
 20
302.4034246293013
 30
0.0
 70
    32
  0
VERTEX
  5
87E
330
85B
100
AcDbEntity
  8
TWT_TEXT
100
AcDbVertex
100
AcDb3dPolylineVertex
 10
768.5433971491293
 20
91.56809425388928
 30
0.0
 70
    32
  0
VERTEX
  5
87F
330
85B
100
AcDbEntity
  8
TWT_TEXT
100
AcDbVertex
100
AcDb3dPolylineVertex
 10
752.1062102239811
 20
68.52858718478819
 30
0.0
 70
    32
  0
VERTEX
  5
880
330
85B
100
AcDbEntity
  8
TWT_TEXT
100
AcDbVertex
100
AcDb3dPolylineVertex
 10
739.579155787127
 20
60.27795647340827
 30
0.0
 70
    32
  0
VERTEX
  5
881
330
85B
100
AcDbEntity
  8
TWT_TEXT
100
AcDbVertex
100
AcDb3dPolylineVertex
 10
712.995807466912
 20
67.91507583137718
 30
0.0
 70
    32
  0
VERTEX
  5
882
330
85B
100
AcDbEntity
  8
TWT_TEXT
100
AcDbVertex
100
AcDb3dPolylineVertex
 10
699.4889504394377
 20
92.7860390865244
 30
0.0
 70
    32
  0
VERTEX
  5
883
330
85B
100
AcDbEntity
  8
TWT_TEXT
100
AcDbVertex
100
AcDb3dPolylineVertex
 10
707.7305032766307
 20
227.534236873471
 30
0.0
 70
    32
  0
VERTEX
  5
884
330
85B
100
AcDbEntity
  8
TWT_TEXT
100
AcDbVertex
100
AcDb3dPolylineVertex
 10
719.2136806253111
 20
317.0000774942455
 30
0.0
 70
    32
  0
VERTEX
  5
885
330
85B
100
AcDbEntity
  8
TWT_TEXT
100
AcDbVertex
100
AcDb3dPolylineVertex
 10
710.0473218209226
 20
314.5551099547883
 30
0.0
 70
    32
  0
VERTEX
  5
886
330
85B
100
AcDbEntity
  8
TWT_TEXT
100
AcDbVertex
100
AcDb3dPolylineVertex
 10
646.0750336828641
 20
153.1594893500441
 30
0.0
 70
    32
  0
VERTEX
  5
887
330
85B
100
AcDbEntity
  8
TWT_TEXT
100
AcDbVertex
100
AcDb3dPolylineVertex
 10
621.4512905439478
 20
94.55342077498789
 30
0.0
 70
    32
  0
VERTEX
  5
888
330
85B
100
AcDbEntity
  8
TWT_TEXT
100
AcDbVertex
100
AcDb3dPolylineVertex
 10
592.8533404191257
 20
69.25209178501972
 30
0.0
 70
    32
  0
VERTEX
  5
889
330
85B
100
AcDbEntity
  8
TWT_TEXT
100
AcDbVertex
100
AcDb3dPolylineVertex
 10
575.070059666119
 20
73.34536989193293
 30
0.0
 70
    32
  0
VERTEX
  5
88A
330
85B
100
AcDbEntity
  8
TWT_TEXT
100
AcDbVertex
100
AcDb3dPolylineVertex
 10
564.557607033872
 20
98.03318752846099
 30
0.0
 70
    32
  0
VERTEX
  5
88B
330
85B
100
AcDbEntity
  8
TWT_TEXT
100
AcDbVertex
100
AcDb3dPolylineVertex
 10
575.5372662759619
 20
424.9727034682291
 30
0.0
 70
    32
  0
VERTEX
  5
88C
330
85B
100
AcDbEntity
  8
TWT_TEXT
100
AcDbVertex
100
AcDb3dPolylineVertex
 10
582.4418031595414
 20
439.5784342073603
 30
0.0
 70
    32
  0
VERTEX
  5
88D
330
85B
100
AcDbEntity
  8
TWT_TEXT
100
AcDbVertex
100
AcDb3dPolylineVertex
 10
600.4082295311381
 20
438.4795604957325
 30
0.0
 70
    32
  0
VERTEX
  5
88E
330
85B
100
AcDbEntity
  8
TWT_TEXT
100
AcDbVertex
100
AcDb3dPolylineVertex
 10
587.9543274660245
 20
234.8600616176554
 30
0.0
 70
    32
  0
VERTEX
  5
88F
330
85B
100
AcDbEntity
  8
TWT_TEXT
100
AcDbVertex
100
AcDb3dPolylineVertex
 10
588.6959878146298
 20
99.5624269748805
 30
0.0
 70
    32
  0
VERTEX
  5
890
330
85B
100
AcDbEntity
  8
TWT_TEXT
100
AcDbVertex
100
AcDb3dPolylineVertex
 10
597.6792010004283
 20
99.01299011908122
 30
0.0
 70
    32
  0
VERTEX
  5
891
330
85B
100
AcDbEntity
  8
TWT_TEXT
100
AcDbVertex
100
AcDb3dPolylineVertex
 10
688.9033454354503
 20
312.8427248897497
 30
0.0
 70
    32
  0
VERTEX
  5
892
330
85B
100
AcDbEntity
  8
TWT_TEXT
100
AcDbVertex
100
AcDb3dPolylineVertex
 10
729.2316930251545
 20
382.5106829528522
 30
0.0
 70
    32
  0
VERTEX
  5
893
330
85B
100
AcDbEntity
  8
TWT_TEXT
100
AcDbVertex
100
AcDb3dPolylineVertex
 10
735.4036474342574
 20
385.1387961109285
 30
0.0
 70
    32
  0
VERTEX
  5
894
330
85B
100
AcDbEntity
  8
TWT_TEXT
100
AcDbVertex
100
AcDb3dPolylineVertex
 10
739.3137799225514
 20
399.9276724686497
 30
0.0
 70
    32
  0
VERTEX
  5
895
330
85B
100
AcDbEntity
  8
TWT_TEXT
100
AcDbVertex
100
AcDb3dPolylineVertex
 10
794.9804407258052
 20
474.6687112292857
 30
0.0
 70
    32
  0
VERTEX
  5
896
330
85B
100
AcDbEntity
  8
TWT_TEXT
100
AcDbVertex
100
AcDb3dPolylineVertex
 10
852.7257778312778
 20
534.2545823949621
 30
0.0
 70
    32
  0
VERTEX
  5
897
330
85B
100
AcDbEntity
  8
TWT_TEXT
100
AcDbVertex
100
AcDb3dPolylineVertex
 10
903.0171411974006
 20
570.2515096357383
 30
0.0
 70
    32
  0
VERTEX
  5
898
330
85B
100
AcDbEntity
  8
TWT_TEXT
100
AcDbVertex
100
AcDb3dPolylineVertex
 10
914.9947587784263
 20
569.5189271613198
 30
0.0
 70
    32
  0
VERTEX
  5
899
330
85B
100
AcDbEntity
  8
TWT_TEXT
100
AcDbVertex
100
AcDb3dPolylineVertex
 10
895.3800218394025
 20
543.6681613155815
 30
0.0
 70
    32
  0
VERTEX
  5
89A
330
85B
100
AcDbEntity
  8
TWT_TEXT
100
AcDbVertex
100
AcDb3dPolylineVertex
 10
828.4683259295416
 20
481.6373226104188
 30
0.0
 70
    32
  0
VERTEX
  5
89B
330
85B
100
AcDbEntity
  8
TWT_TEXT
100
AcDbVertex
100
AcDb3dPolylineVertex
 10
779.7062020098674
 20
421.5020145889138
 30
0.0
 70
    32
  0
VERTEX
  5
89C
330
85B
100
AcDbEntity
  8
TWT_TEXT
100
AcDbVertex
100
AcDb3dPolylineVertex
 10
743.4711325270472
 20
369.6173372787889
 30
0.0
 70
    32
  0
VERTEX
  5
89D
330
85B
100
AcDbEntity
  8
TWT_TEXT
100
AcDbVertex
100
AcDb3dPolylineVertex
 10
739.7441456574015
 20
357.8228653163242
 30
0.0
 70
    32
  0
VERTEX
  5
89E
330
85B
100
AcDbEntity
  8
TWT_TEXT
100
AcDbVertex
100
AcDb3dPolylineVertex
 10
745.7329544479144
 20
357.4565740791149
 30
0.0
 70
    32
  0
VERTEX
  5
89F
330
85B
100
AcDbEntity
  8
TWT_TEXT
100
AcDbVertex
100
AcDb3dPolylineVertex
 10
721.3655092993285
 20
106.4760417326179
 30
0.0
 70
    32
  0
VERTEX
  5
8A0
330
85B
100
AcDbEntity
  8
TWT_TEXT
100
AcDbVertex
100
AcDb3dPolylineVertex
 10
729.06670315488
 20
84.96577410993632
 30
0.0
 70
    32
  0
VERTEX
  5
8A1
330
85B
100
AcDbEntity
  8
TWT_TEXT
100
AcDbVertex
100
AcDb3dPolylineVertex
 10
744.4050163684296
 20
90.03885480744065
 30
0.0
 70
    32
  0
VERTEX
  5
8A2
330
85B
100
AcDbEntity
  8
TWT_TEXT
100
AcDbVertex
100
AcDb3dPolylineVertex
 10
778.0119726931443
 20
148.0954865267267
 30
0.0
 70
    32
  0
VERTEX
  5
8A3
330
85B
100
AcDbEntity
  8
TWT_TEXT
100
AcDbVertex
100
AcDb3dPolylineVertex
 10
792.5536289347219
 20
189.2845655860146
 30
0.0
 70
    32
  0
VERTEX
  5
8A4
330
85B
100
AcDbEntity
  8
TWT_TEXT
100
AcDbVertex
100
AcDb3dPolylineVertex
 10
819.8054852316854
 20
241.718679751968
 30
0.0
 70
    32
  0
VERTEX
  5
8A5
330
85B
100
AcDbEntity
  8
TWT_TEXT
100
AcDbVertex
100
AcDb3dPolylineVertex
 10
820.9043589433422
 20
259.6851061235648
 30
0.0
 70
    32
  0
VERTEX
  5
8A6
330
85B
100
AcDbEntity
  8
TWT_TEXT
100
AcDbVertex
100
AcDb3dPolylineVertex
 10
830.437008984969
 20
268.1188824535348
 30
0.0
 70
    32
  0
VERTEX
  5
8A7
330
85B
100
AcDbEntity
  8
TWT_TEXT
100
AcDbVertex
100
AcDb3dPolylineVertex
 10
841.0685327381942
 20
294.5190851551306
 30
0.0
 70
    32
  0
VERTEX
  5
8A8
330
85B
100
AcDbEntity
  8
TWT_TEXT
100
AcDbVertex
100
AcDb3dPolylineVertex
 10
844.9786652264883
 20
309.3079615128518
 30
0.0
 70
    32
  0
VERTEX
  5
8A9
330
85B
100
AcDbEntity
  8
TWT_TEXT
100
AcDbVertex
100
AcDb3dPolylineVertex
 10
850.9674740170012
 20
308.9416702756425
 30
0.0
 70
    32
  0
VERTEX
  5
8AA
330
85B
100
AcDbEntity
  8
TWT_TEXT
100
AcDbVertex
100
AcDb3dPolylineVertex
 10
882.312608420907
 20
379.1590651945735
 30
0.0
 70
    32
  0
VERTEX
  5
8AB
330
85B
100
AcDbEntity
  8
TWT_TEXT
100
AcDbVertex
100
AcDb3dPolylineVertex
 10
892.5778409369522
 20
399.5704591055983
 30
0.0
 70
    32
  0
VERTEX
  5
8AC
330
85B
100
AcDbEntity
  8
TWT_TEXT
100
AcDbVertex
100
AcDb3dPolylineVertex
 10
898.5666497274651
 20
399.204167868389
 30
0.0
 70
    32
  0
VERTEX
  5
8AD
330
85B
100
AcDbEntity
  8
TWT_TEXT
100
AcDbVertex
100
AcDb3dPolylineVertex
 10
918.9139691409073
 20
437.0325512952404
 30
0.0
 70
    32
  0
VERTEX
  5
8AE
330
85B
100
AcDbEntity
  8
TWT_TEXT
100
AcDbVertex
100
AcDb3dPolylineVertex
 10
997.1897712784702
 20
537.4412102830246
 30
0.0
 70
    32
  0
VERTEX
  5
8AF
330
85B
100
AcDbEntity
  8
TWT_TEXT
100
AcDbVertex
100
AcDb3dPolylineVertex
 10
1009.167388859496
 20
536.7086278086062
 30
0.0
 70
    32
  0
VERTEX
  5
8B0
330
85B
100
AcDbEntity
  8
TWT_TEXT
100
AcDbVertex
100
AcDb3dPolylineVertex
 10
1022.30795464979
 20
505.848855762917
 30
0.0
 70
    32
  0
VERTEX
  5
8B1
330
85B
100
AcDbEntity
  8
TWT_TEXT
100
AcDbVertex
100
AcDb3dPolylineVertex
 10
1035.274452695623
 20
324.7194270981418
 30
0.0
 70
    32
  0
VERTEX
  5
8B2
330
85B
100
AcDbEntity
  8
TWT_TEXT
100
AcDbVertex
100
AcDb3dPolylineVertex
 10
1037.24313575105
 20
111.2009869412577
 30
0.0
 70
    32
  0
VERTEX
  5
8B3
330
85B
100
AcDbEntity
  8
TWT_TEXT
100
AcDbVertex
100
AcDb3dPolylineVertex
 10
1048.552245355269
 20
50.397170942917
 30
0.0
 70
    32
  0
VERTEX
  5
8B4
330
85B
100
AcDbEntity
  8
TWT_TEXT
100
AcDbVertex
100
AcDb3dPolylineVertex
 10
1027.225123351207
 20
45.69038148262189
 30
0.0
 70
    32
  0
VERTEX
  5
8B5
330
85B
100
AcDbEntity
  8
TWT_TEXT
100
AcDbVertex
100
AcDb3dPolylineVertex
 10
984.0502036597463
 20
142.9493515398353
 30
0.0
 70
    32
  0
SEQEND
  5
8B6
330
85B
100
AcDbEntity
  8
TWT_TEXT
  0
POLYLINE
  5
8B7
330
7E6
100
AcDbEntity
  8
TWT_TEXT
100
AcDb3dPolyline
 66
     1
 10
0.0
 20
0.0
 30
0.0
 70
     8
  0
VERTEX
  5
8B8
330
8B7
100
AcDbEntity
  8
TWT_TEXT
100
AcDbVertex
100
AcDb3dPolylineVertex
 10
1391.742032915703
 20
118.1114744778024
 30
0.0
 70
    32
  0
VERTEX
  5
8B9
330
8B7
100
AcDbEntity
  8
TWT_TEXT
100
AcDbVertex
100
AcDb3dPolylineVertex
 10
1388.368522383738
 20
121.9245344944356
 30
0.0
 70
    32
  0
SEQEND
  5
8BA
330
8B7
100
AcDbEntity
  8
TWT_TEXT
  0
POLYLINE
  5
8BB
330
7E6
100
AcDbEntity
  8
TWT_TEXT
100
AcDb3dPolyline
 66
     1
 10
0.0
 20
0.0
 30
0.0
 70
     8
  0
VERTEX
  5
8BC
330
8BB
100
AcDbEntity
  8
TWT_TEXT
100
AcDbVertex
100
AcDb3dPolylineVertex
 10
357.0010642279521
 20
148.2470486158854
 30
0.0
 70
    32
  0
VERTEX
  5
8BD
330
8BB
100
AcDbEntity
  8
TWT_TEXT
100
AcDbVertex
100
AcDb3dPolylineVertex
 10
354.0010642279522
 20
148.2470486158854
 30
0.0
 70
    32
  0
SEQEND
  5
8BE
330
8BB
100
AcDbEntity
  8
TWT_TEXT
  0
POLYLINE
  5
8BF
330
7E6
100
AcDbEntity
  8
TWT_TEXT
100
AcDb3dPolyline
 66
     1
 10
0.0
 20
0.0
 30
0.0
 70
     8
  0
VERTEX
  5
8C0
330
8BF
100
AcDbEntity
  8
TWT_TEXT
100
AcDbVertex
100
AcDb3dPolylineVertex
 10
1272.493401187239
 20
291.3144878202002
 30
0.0
 70
    32
  0
VERTEX
  5
8C1
330
8BF
100
AcDbEntity
  8
TWT_TEXT
100
AcDbVertex
100
AcDb3dPolylineVertex
 10
1284.591905464185
 20
312.2148752391222
 30
0.0
 70
    32
  0
VERTEX
  5
8C2
330
8BF
100
AcDbEntity
  8
TWT_TEXT
100
AcDbVertex
100
AcDb3dPolylineVertex
 10
1341.568030971568
 20
359.2242479446868
 30
0.0
 70
    32
  0
VERTEX
  5
8C3
330
8BF
100
AcDbEntity
  8
TWT_TEXT
100
AcDbVertex
100
AcDb3dPolylineVertex
 10
1380.357955364859
 20
403.7392090875655
 30
0.0
 70
    32
  0
VERTEX
  5
8C4
330
8BF
100
AcDbEntity
  8
TWT_TEXT
100
AcDbVertex
100
AcDb3dPolylineVertex
 10
1387.544525913545
 20
403.2996596029261
 30
0.0
 70
    32
  0
VERTEX
  5
8C5
330
8BF
100
AcDbEntity
  8
TWT_TEXT
100
AcDbVertex
100
AcDb3dPolylineVertex
 10
1383.368805809412
 20
335.0272393908817
 30
0.0
 70
    32
  0
VERTEX
  5
8C6
330
8BF
100
AcDbEntity
  8
TWT_TEXT
100
AcDbVertex
100
AcDb3dPolylineVertex
 10
1338.930734063615
 20
316.1048246528662
 30
0.0
 70
    32
  0
VERTEX
  5
8C7
330
8BF
100
AcDbEntity
  8
TWT_TEXT
100
AcDbVertex
100
AcDb3dPolylineVertex
 10
1287.086317026871
 20
294.0286741252057
 30
0.0
 70
    32
  0
VERTEX
  5
8C8
330
8BF
100
AcDbEntity
  8
TWT_TEXT
100
AcDbVertex
100
AcDb3dPolylineVertex
 10
1272.493401187239
 20
291.3144878202002
 30
0.0
 70
    32
  0
SEQEND
  5
8C9
330
8BF
100
AcDbEntity
  8
TWT_TEXT
  0
HATCH
  5
8CA
330
7E6
100
AcDbEntity
  8
TWT_TEXT
  6
Continuous
100
AcDbHatch
 10
0.0
 20
0.0
 30
0.0
210
0.0
220
0.0
230
1.0
  2
SOLID
 70
     1
 71
     0
 91
        1
 92
        1
 93
       11
 72
     1
 10
1227.242226420203
 20
377.0368955220038
 11
1229.220199101139
 21
409.3764629908837
 72
     1
 10
1229.220199101255
 20
409.3764629908837
 11
1248.725048669148
 21
433.430586199509
 72
     1
 10
1248.725048669148
 20
433.4305861994507
 11
1305.844059521682
 21
541.7455833107815
 72
     1
 10
1305.844059521682
 20
541.7455833107815
 11
1327.403771167621
 21
540.4269348568341
 72
     1
 10
1327.403771167621
 20
540.4269348568341
 11
1326.085122713703
 21
518.8672232109238
 72
     1
 10
1326.085122713586
 20
518.8672232109238
 11
1277.910880348237
 21
438.8589588095201
 72
     1
 10
1277.910880348296
 20
438.858958809491
 11
1264.933277102129
 21
403.5854302932566
 72
     1
 10
1264.933277102071
 20
403.5854302932857
 11
1292.8004603273
 21
387.4540912574157
 72
     1
 10
1292.8004603273
 20
387.4540912574157
 11
1288.328076083679
 21
373.3007249024522
 72
     1
 10
1288.328076083679
 20
373.3007249024522
 11
1223.868715888238
 21
380.8499555386079
 72
     1
 10
1223.868715888238
 20
380.849955538637
 11
1227.242226420203
 21
377.0368955219747
 97
        0
 75
     1
 76
     1
 98
        1
 10
-702.7607407886534
 20
-3580.520885049831
450
        0
451
        0
460
0.0
461
0.0
452
        0
462
1.0
453
        2
463
0.0
 63
     5
421
      255
463
1.0
 63
     2
421
 16776960
470
LINEAR
1001
GradientColor1ACI
1070
     5
1001
GradientColor2ACI
1070
     2
1001
ACAD
1010
0.0
1020
0.0
1030
0.0
  0
POLYLINE
  5
8CB
330
7E6
100
AcDbEntity
  8
TWT_TEXT
100
AcDb3dPolyline
 66
     1
 10
0.0
 20
0.0
 30
0.0
 70
     8
  0
VERTEX
  5
8CC
330
8CB
100
AcDbEntity
  8
TWT_TEXT
100
AcDbVertex
100
AcDb3dPolylineVertex
 10
183.0010642279521
 20
352.2470486158854
 30
0.0
 70
    32
  0
VERTEX
  5
8CD
330
8CB
100
AcDbEntity
  8
TWT_TEXT
100
AcDbVertex
100
AcDb3dPolylineVertex
 10
183.0010642279521
 20
358.2470486158854
 30
0.0
 70
    32
  0
VERTEX
  5
8CE
330
8CB
100
AcDbEntity
  8
TWT_TEXT
100
AcDbVertex
100
AcDb3dPolylineVertex
 10
189.0010642279521
 20
358.2470486158854
 30
0.0
 70
    32
  0
VERTEX
  5
8CF
330
8CB
100
AcDbEntity
  8
TWT_TEXT
100
AcDbVertex
100
AcDb3dPolylineVertex
 10
189.0010642279521
 20
352.2470486158854
 30
0.0
 70
    32
  0
VERTEX
  5
8D0
330
8CB
100
AcDbEntity
  8
TWT_TEXT
100
AcDbVertex
100
AcDb3dPolylineVertex
 10
183.0010642279521
 20
352.2470486158854
 30
0.0
 70
    32
  0
SEQEND
  5
8D1
330
8CB
100
AcDbEntity
  8
TWT_TEXT
  0
LINE
  5
8D2
330
7E6
100
AcDbEntity
  8
TWT_TEXT
  6
Continuous
100
AcDbLine
 10
1396.807745438302
 20
24.02673311854596
 30
0.0
 11
1404.653640213888
 21
34.36703945684712
 31
0.0
  0
LINE
  5
8D3
330
7E6
100
AcDbEntity
  8
TWT_TEXT
  6
Continuous
100
AcDbLine
 10
1404.653640213888
 20
34.36703945684712
 30
0.0
 11
1415.049049051245
 21
322.2694108870055
 31
0.0
  0
LINE
  5
8D4
330
7E6
100
AcDbEntity
  8
TWT_TEXT
  6
Continuous
100
AcDbLine
 10
1415.049049051245
 20
322.2694108870055
 30
0.0
 11
1503.265868315822
 21
349.3343845400668
 31
0.0
  0
LINE
  5
8D5
330
7E6
100
AcDbEntity
  8
TWT_TEXT
  6
Continuous
100
AcDbLine
 10
1503.265868315822
 20
349.3343845400668
 30
0.0
 11
1517.639009413076
 21
348.4552855707589
 31
0.0
  0
LINE
  5
8D6
330
7E6
100
AcDbEntity
  8
TWT_TEXT
  6
Continuous
100
AcDbLine
 10
1517.639009413076
 20
348.4552855707589
 30
0.0
 11
1528.199090493726
 21
344.2026760694571
 31
0.0
  0
LINE
  5
8D7
330
7E6
100
AcDbEntity
  8
TWT_TEXT
  6
Continuous
100
AcDbLine
 10
1528.199090493726
 20
344.2026760694571
 30
0.0
 11
1557.384922172874
 21
349.6310486794682
 31
0.0
  0
LINE
  5
8D8
330
7E6
100
AcDbEntity
  8
TWT_TEXT
  6
Continuous
100
AcDbLine
 10
1557.384922172874
 20
349.6310486794682
 30
0.0
 11
1556.54207257973
 21
371.4658038934867
 31
0.0
  0
LINE
  5
8D9
330
7E6
100
AcDbEntity
  8
TWT_TEXT
  6
Continuous
100
AcDbLine
 10
1556.54207257973
 20
371.4658038934867
 30
0.0
 11
1482.80503038154
 21
368.6194593655819
 31
0.0
  0
LINE
  5
8DA
330
7E6
100
AcDbEntity
  8
TWT_TEXT
  6
Continuous
100
AcDbLine
 10
1482.80503038154
 20
368.6194593655819
 30
0.0
 11
1416.807246989803
 21
351.0156930815429
 31
0.0
  0
LINE
  5
8DB
330
7E6
100
AcDbEntity
  8
TWT_TEXT
  6
Continuous
100
AcDbLine
 10
1416.807246989803
 20
351.0156930815429
 30
0.0
 11
1416.510582850431
 21
405.1347469386528
 31
0.0
  0
LINE
  5
8DC
330
7E6
100
AcDbEntity
  8
TWT_TEXT
  6
Continuous
100
AcDbLine
 10
1416.510582850431
 20
405.1347469386528
 30
0.0
 11
1395.170645946869
 21
410.0466806669137
 31
0.0
  0
LINE
  5
8DD
330
7E6
100
AcDbEntity
  8
TWT_TEXT
  6
Continuous
100
AcDbLine
 10
1395.170645946869
 20
410.0466806669137
 30
0.0
 11
1461.311314683757
 21
488.9560713567188
 31
0.0
  0
LINE
  5
8DE
330
7E6
100
AcDbEntity
  8
TWT_TEXT
  6
Continuous
100
AcDbLine
 10
1461.311314683757
 20
488.9560713567188
 30
0.0
 11
1463.289287364692
 21
521.2956388255697
 31
0.0
  0
LINE
  5
8DF
330
7E6
100
AcDbEntity
  8
TWT_TEXT
  6
Continuous
100
AcDbLine
 10
1463.289287364692
 20
521.2956388255697
 30
0.0
 11
1425.301572543452
 21
548.8661579113977
 31
0.0
  0
LINE
  5
8E0
330
7E6
100
AcDbEntity
  8
TWT_TEXT
  6
Continuous
100
AcDbLine
 10
1425.301572543452
 20
548.8661579113977
 30
0.0
 11
1381.962374509312
 21
547.910169544979
 31
0.0
  0
LINE
  5
8E1
330
7E6
100
AcDbEntity
  8
TWT_TEXT
  6
Continuous
100
AcDbLine
 10
1381.962374509312
 20
547.910169544979
 30
0.0
 11
1366.270584958023
 21
527.2295568683766
 31
0.0
  0
LINE
  5
8E2
330
7E6
100
AcDbEntity
  8
TWT_TEXT
  6
Continuous
100
AcDbLine
 10
1366.270584958023
 20
527.2295568683766
 30
0.0
 11
1391.203807135927
 21
522.0978483977669
 31
0.0
  0
LINE
  5
8E3
330
7E6
100
AcDbEntity
  8
TWT_TEXT
  6
Continuous
100
AcDbLine
 10
1391.203807135927
 20
522.0978483977669
 30
0.0
 11
1423.543374604778
 21
520.1198757168604
 31
0.0
  0
LINE
  5
8E4
330
7E6
100
AcDbEntity
  8
TWT_TEXT
  6
Continuous
100
AcDbLine
 10
1423.543374604778
 20
520.1198757168604
 30
0.0
 11
1436.597867248114
 21
497.6810651016421
 31
0.0
  0
LINE
  5
8E5
330
7E6
100
AcDbEntity
  8
TWT_TEXT
  6
Continuous
100
AcDbLine
 10
1436.597867248114
 20
497.6810651016421
 30
0.0
 11
1416.653468195698
 21
466.4403713443898
 31
0.0
  0
LINE
  5
8E6
330
7E6
100
AcDbEntity
  8
TWT_TEXT
  6
Continuous
100
AcDbLine
 10
1308.5691392757
 20
350.4223648026818
 30
0.0
 11
1293.536673951428
 21
340.5216079490201
 31
0.0
  0
LINE
  5
8E7
330
7E6
100
AcDbEntity
  8
TWT_TEXT
  6
Continuous
100
AcDbLine
 10
1293.536673951428
 20
340.5216079490201
 30
0.0
 11
1289.064289707807
 21
326.3682415940566
 31
0.0
  0
LINE
  5
8E8
330
7E6
100
AcDbEntity
  8
TWT_TEXT
  6
Continuous
100
AcDbLine
 10
1289.064289707807
 20
326.3682415940566
 30
0.0
 11
1270.658313851571
 21
320.2805447570572
 31
0.0
  0
LINE
  5
8E9
330
7E6
100
AcDbEntity
  8
TWT_TEXT
  6
Continuous
100
AcDbLine
 10
1270.658313851571
 20
320.2805447570572
 30
0.0
 11
1224.462044167216
 21
272.6118478244753
 31
0.0
  0
LINE
  5
8EA
330
7E6
100
AcDbEntity
  8
TWT_TEXT
  6
Continuous
100
AcDbLine
 10
1224.462044167216
 20
272.6118478244753
 30
0.0
 11
1213.682188344188
 21
273.2711720514926
 31
0.0
  0
LINE
  5
8EB
330
7E6
100
AcDbEntity
  8
TWT_TEXT
  6
Continuous
100
AcDbLine
 10
1213.682188344188
 20
273.2711720514926
 30
0.0
 11
1183.177708211122
 21
246.283087795513
 31
0.0
  0
LINE
  5
8EC
330
7E6
100
AcDbEntity
  8
TWT_TEXT
  6
Continuous
100
AcDbLine
 10
1196.232200854341
 20
223.8442771802947
 30
0.0
 11
1244.263557874481
 21
242.5469171759905
 31
0.0
  0
LINE
  5
8ED
330
7E6
100
AcDbEntity
  8
TWT_TEXT
  6
Continuous
100
AcDbLine
 10
1244.263557874481
 20
242.5469171759905
 30
0.0
 11
1292.954239121522
 21
272.0294129946269
 31
0.0
  0
LINE
  5
8EE
330
7E6
100
AcDbEntity
  8
TWT_TEXT
  6
Continuous
100
AcDbLine
 10
1292.954239121522
 20
272.0294129946269
 30
0.0
 11
1385.423667887458
 21
309.6544677283091
 31
0.0
  0
LINE
  5
8EF
330
7E6
100
AcDbEntity
  8
TWT_TEXT
  6
Continuous
100
AcDbLine
 10
1385.423667887458
 20
309.6544677283091
 30
0.0
 11
1381.621501319809
 21
129.5506545277312
 31
0.0
  0
LINE
  5
8F0
330
7E6
100
AcDbEntity
  8
TWT_TEXT
  6
Continuous
100
AcDbLine
 10
1381.621501319809
 20
129.5506545277312
 30
0.0
 11
1388.825653847773
 21
129.3985678650206
 31
0.0
  0
LINE
  5
8F1
330
7E6
100
AcDbEntity
  8
TWT_TEXT
  6
Continuous
100
AcDbLine
 10
1383.896138140117
 20
107.7711681394721
 30
0.0
 11
1390.643159204163
 21
100.1450481062056
 31
0.0
  0
LINE
  5
8F2
330
7E6
100
AcDbEntity
  8
TWT_TEXT
  6
Continuous
100
AcDbLine
 10
1390.643159204163
 20
100.1450481062056
 30
0.0
 11
1396.291306556435
 21
74.5525017013133
 31
0.0
  0
LINE
  5
8F3
330
7E6
100
AcDbEntity
  8
TWT_TEXT
  6
Continuous
100
AcDbLine
 10
1396.291306556435
 20
74.5525017013133
 30
0.0
 11
1384.166644547367
 21
75.25200524524553
 31
0.0
  0
LINE
  5
8F4
330
7E6
100
AcDbEntity
  8
TWT_TEXT
  6
Continuous
100
AcDbLine
 10
1384.166644547367
 20
75.25200524524553
 30
0.0
 11
1384.852126506623
 21
64.43197010533186
 31
0.0
  0
LINE
  5
8F5
330
7E6
100
AcDbEntity
  8
TWT_TEXT
  6
Continuous
100
AcDbLine
 10
1384.852126506623
 20
64.43197010533186
 30
0.0
 11
1397.906619149842
 21
41.99315949011361
 31
0.0
  0
LINE
  5
8F6
330
7E6
100
AcDbEntity
  8
TWT_TEXT
  6
Continuous
100
AcDbLine
 10
1397.906619149842
 20
41.99315949011361
 30
0.0
 11
1390.060724374256
 21
31.65285315181245
 31
0.0
  0
LINE
  5
8F7
330
7E6
100
AcDbEntity
  8
TWT_TEXT
  6
Continuous
100
AcDbLine
 10
1390.060724374256
 20
31.65285315181245
 30
0.0
 11
1396.807745438302
 21
24.02673311854596
 31
0.0
  0
LINE
  5
8F8
330
7E6
100
AcDbEntity
  8
TWT_TEXT
  6
Continuous
100
AcDbLine
 10
1381.621501319809
 20
129.5506545277312
 30
0.0
 11
1384.166644547367
 21
75.25200524524553
 31
0.0
  0
LINE
  5
8F9
330
7E6
100
AcDbEntity
  8
TWT_TEXT
  6
Continuous
100
AcDbLine
 10
1384.166644547367
 20
75.25200524524553
 30
0.0
 11
1396.291306556435
 21
74.5525017013133
 31
0.0
  0
LINE
  5
8FA
330
7E6
100
AcDbEntity
  8
TWT_TEXT
  6
Continuous
100
AcDbLine
 10
1396.291306556435
 20
74.5525017013133
 30
0.0
 11
1390.643159204163
 21
100.1450481062056
 31
0.0
  0
LINE
  5
8FB
330
7E6
100
AcDbEntity
  8
TWT_TEXT
  6
Continuous
100
AcDbLine
 10
1390.643159204163
 20
100.1450481062056
 30
0.0
 11
1383.896138140117
 21
107.7711681394721
 31
0.0
  0
LINE
  5
8FC
330
7E6
100
AcDbEntity
  8
TWT_TEXT
  6
Continuous
100
AcDbLine
 10
1383.896138140117
 20
107.7711681394721
 30
0.0
 11
1391.742032915703
 21
118.1114744778024
 31
0.0
  0
LINE
  5
8FD
330
7E6
100
AcDbEntity
  8
TWT_TEXT
  6
Continuous
100
AcDbLine
 10
1391.742032915703
 20
118.1114744778024
 30
0.0
 11
1388.368522383738
 21
121.9245344944356
 31
0.0
  0
LINE
  5
8FE
330
7E6
100
AcDbEntity
  8
TWT_TEXT
  6
Continuous
100
AcDbLine
 10
1388.368522383738
 20
121.9245344944356
 30
0.0
 11
1388.825653847773
 21
129.3985678650206
 31
0.0
  0
LINE
  5
8FF
330
7E6
100
AcDbEntity
  8
TWT_TEXT
  6
Continuous
100
AcDbLine
 10
1388.825653847773
 20
129.3985678650206
 30
0.0
 11
1381.621501319809
 21
129.5506545277312
 31
0.0
  0
HATCH
  5
900
330
7E6
100
AcDbEntity
  8
TWT_TEXT
  6
Continuous
100
AcDbHatch
 10
0.0
 20
0.0
 30
0.0
210
0.0
220
0.0
230
1.0
  2
SOLID
 70
     1
 71
     0
 91
        1
 92
        7
 72
     0
 73
     1
 93
        8
 10
1391.742032915703
 20
118.1114744777151
 10
1388.368522383738
 20
121.9245344943774
 10
1388.825653847773
 20
129.3985678649624
 10
1381.621501319809
 20
129.550654527673
 10
1384.166644547367
 20
75.25200524518732
 10
1396.291306556435
 20
74.55250170122599
 10
1390.643159204163
 20
100.1450481061474
 10
1383.896138140117
 20
107.7711681394139
 97
        0
 75
     1
 76
     1
 47
0.0173593206952107
 98
        1
 10
1387.389687965391
 20
116.3583166826865
450
        0
451
        0
460
0.0
461
0.0
452
        0
462
1.0
453
        2
463
0.0
 63
     5
421
      255
463
1.0
 63
     2
421
 16776960
470
LINEAR
1001
GradientColor1ACI
1070
     5
1001
GradientColor2ACI
1070
     2
1001
ACAD
1010
0.0
1020
0.0
1030
0.0
  0
LINE
  5
901
330
7E6
100
AcDbEntity
  8
TWT_TEXT
  6
Continuous
100
AcDbLine
 10
1387.461309555918
 20
59.94715664652176
 30
0.0
 11
1390.060724374256
 21
31.65285315181245
 31
0.0
  0
LINE
  5
902
330
7E6
100
AcDbEntity
  8
TWT_TEXT
  6
Continuous
100
AcDbLine
 10
1390.060724374256
 20
31.65285315181245
 30
0.0
 11
1397.906619149842
 21
41.99315949011361
 31
0.0
  0
LINE
  5
903
330
7E6
100
AcDbEntity
  8
TWT_TEXT
  6
Continuous
100
AcDbLine
 10
1397.906619149842
 20
41.99315949011361
 30
0.0
 11
1387.461309555918
 21
59.94715664652176
 31
0.0
  0
HATCH
  5
904
330
7E6
100
AcDbEntity
  8
TWT_TEXT
  6
Continuous
100
AcDbHatch
 10
0.0
 20
0.0
 30
0.0
210
0.0
220
0.0
230
1.0
  2
SOLID
 70
     1
 71
     0
 91
        1
 92
        7
 72
     0
 73
     1
 93
        3
 10
1387.461309555918
 20
59.94715664646355
 10
1390.060724374256
 20
31.65285315175424
 10
1397.906619149842
 20
41.9931594900554
 97
        0
 75
     1
 76
     1
 47
0.0456008451509327
 98
        1
 10
1391.343106347602
 20
43.83058338708361
450
        0
451
        0
460
0.0
461
0.0
452
        0
462
1.0
453
        2
463
0.0
 63
     5
421
      255
463
1.0
 63
     2
421
 16776960
470
LINEAR
1001
GradientColor1ACI
1070
     5
1001
GradientColor2ACI
1070
     2
1001
ACAD
1010
0.0
1020
0.0
1030
0.0
  0
ENDBLK
  5
905
330
7E6
100
AcDbEntity
  8
0
100
AcDbBlockEnd
  0
BLOCK
  5
666
330
663
100
AcDbEntity
  8
0
100
AcDbBlockBegin
  2
A$C16E21CA3
 70
     0
 10
0.0
 20
0.0
 30
0.0
  3
A$C16E21CA3
  1

  0
HATCH
  5
667
330
663
100
AcDbEntity
  8
TWT_TEXT
100
AcDbHatch
 10
0.0
 20
0.0
 30
0.0
210
0.0
220
0.0
230
1.0
  2
SOLID
 70
     1
 71
     0
 91
        1
 92
        7
 72
     0
 73
     1
 93
       21
 10
55.0010295699467
 20
90.99932660610647
 10
52.00102956994669
 20
95.99932660610647
 10
47.00102956994669
 20
95.99932660610647
 10
44.00102956994669
 20
89.99932660610648
 10
7.001029569946695
 20
82.99932660610648
 10
2.001029569946695
 20
78.99932660610648
 10
0.0010295699466951
 20
74.99932660610648
 10
7.001029569946695
 20
74.99932660610648
 10
46.00102956994669
 20
82.99932660610648
 10
51.00102956994669
 20
77.99932660610648
 10
57.00102956994669
 20
75.99932660610647
 10
58.0010295699467
 20
82.99932660610648
 10
98.0010295699467
 20
83.99932660610648
 10
108.0010295699467
 20
86.99932660610647
 10
108.0010295699467
 20
93.99932660610648
 10
85.0010295699467
 20
91.99932660610647
 10
83.00102956994669
 20
90.99932660610647
 10
87.00102956994669
 20
95.99932660610647
 10
87.00102956994669
 20
103.9993266061065
 10
80.0010295699467
 20
103.9993266061065
 10
73.0010295699467
 20
91.99932660610647
 97
        0
 75
     1
 76
     1
 47
0.1126586545275298
 98
        1
 10
52.14696313859895
 20
88.18576585524715
450
        0
451
        0
460
0.0
461
0.0
452
        0
462
1.0
453
        2
463
0.0
 63
     5
421
      255
463
1.0
 63
     2
421
 16776960
470
LINEAR
1001
GradientColor1ACI
1070
     5
1001
GradientColor2ACI
1070
     2
1001
ACAD
1010
0.0
1020
0.0
1030
0.0
  0
POLYLINE
  5
668
330
663
100
AcDbEntity
  8
TWT_TEXT
100
AcDb3dPolyline
 66
     1
 10
0.0
 20
0.0
 30
0.0
 70
     8
  0
VERTEX
  5
669
330
668
100
AcDbEntity
  8
TWT_TEXT
100
AcDbVertex
100
AcDb3dPolylineVertex
 10
85.0010295699467
 20
91.99932660610647
 30
0.0
 70
    32
  0
VERTEX
  5
66A
330
668
100
AcDbEntity
  8
TWT_TEXT
100
AcDbVertex
100
AcDb3dPolylineVertex
 10
108.0010295699467
 20
93.99932660610648
 30
0.0
 70
    32
  0
VERTEX
  5
66B
330
668
100
AcDbEntity
  8
TWT_TEXT
100
AcDbVertex
100
AcDb3dPolylineVertex
 10
108.0010295699467
 20
86.99932660610647
 30
0.0
 70
    32
  0
VERTEX
  5
66C
330
668
100
AcDbEntity
  8
TWT_TEXT
100
AcDbVertex
100
AcDb3dPolylineVertex
 10
98.0010295699467
 20
83.99932660610648
 30
0.0
 70
    32
  0
VERTEX
  5
66D
330
668
100
AcDbEntity
  8
TWT_TEXT
100
AcDbVertex
100
AcDb3dPolylineVertex
 10
58.0010295699467
 20
82.99932660610648
 30
0.0
 70
    32
  0
VERTEX
  5
66E
330
668
100
AcDbEntity
  8
TWT_TEXT
100
AcDbVertex
100
AcDb3dPolylineVertex
 10
57.00102956994669
 20
75.99932660610647
 30
0.0
 70
    32
  0
VERTEX
  5
66F
330
668
100
AcDbEntity
  8
TWT_TEXT
100
AcDbVertex
100
AcDb3dPolylineVertex
 10
51.00102956994669
 20
77.99932660610648
 30
0.0
 70
    32
  0
VERTEX
  5
670
330
668
100
AcDbEntity
  8
TWT_TEXT
100
AcDbVertex
100
AcDb3dPolylineVertex
 10
46.00102956994669
 20
82.99932660610648
 30
0.0
 70
    32
  0
VERTEX
  5
671
330
668
100
AcDbEntity
  8
TWT_TEXT
100
AcDbVertex
100
AcDb3dPolylineVertex
 10
7.001029569946695
 20
74.99932660610648
 30
0.0
 70
    32
  0
VERTEX
  5
672
330
668
100
AcDbEntity
  8
TWT_TEXT
100
AcDbVertex
100
AcDb3dPolylineVertex
 10
0.0010295699466951
 20
74.99932660610648
 30
0.0
 70
    32
  0
VERTEX
  5
673
330
668
100
AcDbEntity
  8
TWT_TEXT
100
AcDbVertex
100
AcDb3dPolylineVertex
 10
2.001029569946695
 20
78.99932660610648
 30
0.0
 70
    32
  0
VERTEX
  5
674
330
668
100
AcDbEntity
  8
TWT_TEXT
100
AcDbVertex
100
AcDb3dPolylineVertex
 10
7.001029569946695
 20
82.99932660610648
 30
0.0
 70
    32
  0
VERTEX
  5
675
330
668
100
AcDbEntity
  8
TWT_TEXT
100
AcDbVertex
100
AcDb3dPolylineVertex
 10
44.00102956994669
 20
89.99932660610648
 30
0.0
 70
    32
  0
VERTEX
  5
676
330
668
100
AcDbEntity
  8
TWT_TEXT
100
AcDbVertex
100
AcDb3dPolylineVertex
 10
47.00102956994669
 20
95.99932660610647
 30
0.0
 70
    32
  0
VERTEX
  5
677
330
668
100
AcDbEntity
  8
TWT_TEXT
100
AcDbVertex
100
AcDb3dPolylineVertex
 10
52.00102956994669
 20
95.99932660610647
 30
0.0
 70
    32
  0
VERTEX
  5
678
330
668
100
AcDbEntity
  8
TWT_TEXT
100
AcDbVertex
100
AcDb3dPolylineVertex
 10
55.0010295699467
 20
90.99932660610647
 30
0.0
 70
    32
  0
VERTEX
  5
679
330
668
100
AcDbEntity
  8
TWT_TEXT
100
AcDbVertex
100
AcDb3dPolylineVertex
 10
73.0010295699467
 20
91.99932660610647
 30
0.0
 70
    32
  0
VERTEX
  5
67A
330
668
100
AcDbEntity
  8
TWT_TEXT
100
AcDbVertex
100
AcDb3dPolylineVertex
 10
80.0010295699467
 20
103.9993266061065
 30
0.0
 70
    32
  0
VERTEX
  5
67B
330
668
100
AcDbEntity
  8
TWT_TEXT
100
AcDbVertex
100
AcDb3dPolylineVertex
 10
87.00102956994669
 20
103.9993266061065
 30
0.0
 70
    32
  0
VERTEX
  5
67C
330
668
100
AcDbEntity
  8
TWT_TEXT
100
AcDbVertex
100
AcDb3dPolylineVertex
 10
87.00102956994669
 20
95.99932660610647
 30
0.0
 70
    32
  0
VERTEX
  5
67D
330
668
100
AcDbEntity
  8
TWT_TEXT
100
AcDbVertex
100
AcDb3dPolylineVertex
 10
83.00102956994669
 20
90.99932660610647
 30
0.0
 70
    32
  0
VERTEX
  5
67E
330
668
100
AcDbEntity
  8
TWT_TEXT
100
AcDbVertex
100
AcDb3dPolylineVertex
 10
85.0010295699467
 20
91.99932660610647
 30
0.0
 70
    32
  0
VERTEX
  5
67F
330
668
100
AcDbEntity
  8
TWT_TEXT
100
AcDbVertex
100
AcDb3dPolylineVertex
 10
85.0010295699467
 20
91.99932660610647
 30
0.0
 70
    32
  0
SEQEND
  5
680
330
668
100
AcDbEntity
  8
TWT_TEXT
  0
HATCH
  5
681
330
663
100
AcDbEntity
  8
TWT_TEXT
100
AcDbHatch
 10
0.0
 20
0.0
 30
0.0
210
0.0
220
0.0
230
1.0
  2
SOLID
 70
     1
 71
     0
 91
        1
 92
        7
 72
     0
 73
     1
 93
        7
 10
25.0010295699467
 20
10.99932660610648
 10
33.0010295699467
 20
-0.0006733938935213
 10
38.0010295699467
 20
-0.0006733938935213
 10
39.0010295699467
 20
4.999326606106478
 10
33.0010295699467
 20
12.99932660610648
 10
20.0010295699467
 20
58.99932660610648
 10
12.00102956994669
 20
58.99932660610648
 97
        0
 75
     1
 76
     1
 47
0.070866908689223
 98
        1
 10
17.34379933902528
 20
52.75627165084006
450
        0
451
        0
460
0.0
461
0.0
452
        0
462
1.0
453
        2
463
0.0
 63
     5
421
      255
463
1.0
 63
     2
421
 16776960
470
LINEAR
1001
GradientColor1ACI
1070
     5
1001
GradientColor2ACI
1070
     2
1001
ACAD
1010
0.0
1020
0.0
1030
0.0
  0
POLYLINE
  5
682
330
663
100
AcDbEntity
  8
TWT_TEXT
100
AcDb3dPolyline
 66
     1
 10
0.0
 20
0.0
 30
0.0
 70
     8
  0
VERTEX
  5
683
330
682
100
AcDbEntity
  8
TWT_TEXT
100
AcDbVertex
100
AcDb3dPolylineVertex
 10
33.0010295699467
 20
-0.0006733938935213
 30
0.0
 70
    32
  0
VERTEX
  5
684
330
682
100
AcDbEntity
  8
TWT_TEXT
100
AcDbVertex
100
AcDb3dPolylineVertex
 10
25.0010295699467
 20
10.99932660610648
 30
0.0
 70
    32
  0
VERTEX
  5
685
330
682
100
AcDbEntity
  8
TWT_TEXT
100
AcDbVertex
100
AcDb3dPolylineVertex
 10
12.00102956994669
 20
58.99932660610648
 30
0.0
 70
    32
  0
VERTEX
  5
686
330
682
100
AcDbEntity
  8
TWT_TEXT
100
AcDbVertex
100
AcDb3dPolylineVertex
 10
20.0010295699467
 20
58.99932660610648
 30
0.0
 70
    32
  0
VERTEX
  5
687
330
682
100
AcDbEntity
  8
TWT_TEXT
100
AcDbVertex
100
AcDb3dPolylineVertex
 10
33.0010295699467
 20
12.99932660610648
 30
0.0
 70
    32
  0
VERTEX
  5
688
330
682
100
AcDbEntity
  8
TWT_TEXT
100
AcDbVertex
100
AcDb3dPolylineVertex
 10
39.0010295699467
 20
4.999326606106478
 30
0.0
 70
    32
  0
VERTEX
  5
689
330
682
100
AcDbEntity
  8
TWT_TEXT
100
AcDbVertex
100
AcDb3dPolylineVertex
 10
38.0010295699467
 20
-0.0006733938935213
 30
0.0
 70
    32
  0
VERTEX
  5
68A
330
682
100
AcDbEntity
  8
TWT_TEXT
100
AcDbVertex
100
AcDb3dPolylineVertex
 10
33.0010295699467
 20
-0.0006733938935213
 30
0.0
 70
    32
  0
SEQEND
  5
68B
330
682
100
AcDbEntity
  8
TWT_TEXT
  0
HATCH
  5
68C
330
663
100
AcDbEntity
  8
TWT_TEXT
100
AcDbHatch
 10
0.0
 20
0.0
 30
0.0
210
0.0
220
0.0
230
1.0
  2
SOLID
 70
     1
 71
     0
 91
        1
 92
        7
 72
     0
 73
     1
 93
       27
 10
137.0010295699467
 20
58.99932660610648
 10
131.0010295699467
 20
56.99932660610648
 10
130.0010295699467
 20
50.99932660610647
 10
137.0010295699467
 20
33.99932660610648
 10
145.0010295699467
 20
28.99932660610648
 10
150.0010295699467
 20
28.99932660610648
 10
161.0010295699467
 20
34.99932660610648
 10
167.0010295699467
 20
44.99932660610648
 10
179.0010295699467
 20
52.99932660610648
 10
182.0010295699467
 20
61.99932660610648
 10
186.0010295699467
 20
62.99932660610648
 10
195.0010295699467
 20
49.99932660610648
 10
203.0010295699467
 20
50.99932660610647
 10
203.0010295699467
 20
63.99932660610648
 10
203.0010295699467
 20
90.99932660610647
 10
203.0010295699467
 20
95.99932660610647
 10
198.0010295699467
 20
95.99932660610647
 10
196.0010295699467
 20
65.99932660610647
 10
191.0010295699467
 20
69.99932660610648
 10
183.0010295699467
 20
69.99932660610648
 10
176.0010295699467
 20
56.99932660610648
 10
167.0010295699467
 20
54.99932660610648
 10
164.0010295699467
 20
50.99932660610647
 10
152.0010295699467
 20
37.99932660610648
 10
148.0010295699467
 20
38.99932660610648
 10
145.0010295699467
 20
38.99932660610648
 10
140.0010295699467
 20
44.99932660610648
 97
        0
 75
     1
 76
     1
 47
0.0730070889702492
 98
        1
 10
135.8353658105479
 20
50.81514596741181
450
        0
451
        0
460
0.0
461
0.0
452
        0
462
1.0
453
        2
463
0.0
 63
     5
421
      255
463
1.0
 63
     2
421
 16776960
470
LINEAR
1001
GradientColor1ACI
1070
     5
1001
GradientColor2ACI
1070
     2
1001
ACAD
1010
0.0
1020
0.0
1030
0.0
  0
POLYLINE
  5
68D
330
663
100
AcDbEntity
  8
TWT_TEXT
100
AcDb3dPolyline
 66
     1
 10
0.0
 20
0.0
 30
0.0
 70
     8
  0
VERTEX
  5
68E
330
68D
100
AcDbEntity
  8
TWT_TEXT
100
AcDbVertex
100
AcDb3dPolylineVertex
 10
145.0010295699467
 20
28.99932660610648
 30
0.0
 70
    32
  0
VERTEX
  5
68F
330
68D
100
AcDbEntity
  8
TWT_TEXT
100
AcDbVertex
100
AcDb3dPolylineVertex
 10
137.0010295699467
 20
33.99932660610648
 30
0.0
 70
    32
  0
VERTEX
  5
690
330
68D
100
AcDbEntity
  8
TWT_TEXT
100
AcDbVertex
100
AcDb3dPolylineVertex
 10
130.0010295699467
 20
50.99932660610647
 30
0.0
 70
    32
  0
VERTEX
  5
691
330
68D
100
AcDbEntity
  8
TWT_TEXT
100
AcDbVertex
100
AcDb3dPolylineVertex
 10
131.0010295699467
 20
56.99932660610648
 30
0.0
 70
    32
  0
VERTEX
  5
692
330
68D
100
AcDbEntity
  8
TWT_TEXT
100
AcDbVertex
100
AcDb3dPolylineVertex
 10
137.0010295699467
 20
58.99932660610648
 30
0.0
 70
    32
  0
VERTEX
  5
693
330
68D
100
AcDbEntity
  8
TWT_TEXT
100
AcDbVertex
100
AcDb3dPolylineVertex
 10
140.0010295699467
 20
44.99932660610648
 30
0.0
 70
    32
  0
VERTEX
  5
694
330
68D
100
AcDbEntity
  8
TWT_TEXT
100
AcDbVertex
100
AcDb3dPolylineVertex
 10
145.0010295699467
 20
38.99932660610648
 30
0.0
 70
    32
  0
VERTEX
  5
695
330
68D
100
AcDbEntity
  8
TWT_TEXT
100
AcDbVertex
100
AcDb3dPolylineVertex
 10
148.0010295699467
 20
38.99932660610648
 30
0.0
 70
    32
  0
VERTEX
  5
696
330
68D
100
AcDbEntity
  8
TWT_TEXT
100
AcDbVertex
100
AcDb3dPolylineVertex
 10
152.0010295699467
 20
37.99932660610648
 30
0.0
 70
    32
  0
VERTEX
  5
697
330
68D
100
AcDbEntity
  8
TWT_TEXT
100
AcDbVertex
100
AcDb3dPolylineVertex
 10
164.0010295699467
 20
50.99932660610647
 30
0.0
 70
    32
  0
VERTEX
  5
698
330
68D
100
AcDbEntity
  8
TWT_TEXT
100
AcDbVertex
100
AcDb3dPolylineVertex
 10
167.0010295699467
 20
54.99932660610648
 30
0.0
 70
    32
  0
VERTEX
  5
699
330
68D
100
AcDbEntity
  8
TWT_TEXT
100
AcDbVertex
100
AcDb3dPolylineVertex
 10
176.0010295699467
 20
56.99932660610648
 30
0.0
 70
    32
  0
VERTEX
  5
69A
330
68D
100
AcDbEntity
  8
TWT_TEXT
100
AcDbVertex
100
AcDb3dPolylineVertex
 10
183.0010295699467
 20
69.99932660610648
 30
0.0
 70
    32
  0
VERTEX
  5
69B
330
68D
100
AcDbEntity
  8
TWT_TEXT
100
AcDbVertex
100
AcDb3dPolylineVertex
 10
191.0010295699467
 20
69.99932660610648
 30
0.0
 70
    32
  0
VERTEX
  5
69C
330
68D
100
AcDbEntity
  8
TWT_TEXT
100
AcDbVertex
100
AcDb3dPolylineVertex
 10
196.0010295699467
 20
65.99932660610647
 30
0.0
 70
    32
  0
VERTEX
  5
69D
330
68D
100
AcDbEntity
  8
TWT_TEXT
100
AcDbVertex
100
AcDb3dPolylineVertex
 10
198.0010295699467
 20
95.99932660610647
 30
0.0
 70
    32
  0
VERTEX
  5
69E
330
68D
100
AcDbEntity
  8
TWT_TEXT
100
AcDbVertex
100
AcDb3dPolylineVertex
 10
203.0010295699467
 20
95.99932660610647
 30
0.0
 70
    32
  0
VERTEX
  5
69F
330
68D
100
AcDbEntity
  8
TWT_TEXT
100
AcDbVertex
100
AcDb3dPolylineVertex
 10
203.0010295699467
 20
90.99932660610647
 30
0.0
 70
    32
  0
VERTEX
  5
6A0
330
68D
100
AcDbEntity
  8
TWT_TEXT
100
AcDbVertex
100
AcDb3dPolylineVertex
 10
203.0010295699467
 20
63.99932660610648
 30
0.0
 70
    32
  0
VERTEX
  5
6A1
330
68D
100
AcDbEntity
  8
TWT_TEXT
100
AcDbVertex
100
AcDb3dPolylineVertex
 10
203.0010295699467
 20
50.99932660610647
 30
0.0
 70
    32
  0
VERTEX
  5
6A2
330
68D
100
AcDbEntity
  8
TWT_TEXT
100
AcDbVertex
100
AcDb3dPolylineVertex
 10
195.0010295699467
 20
49.99932660610648
 30
0.0
 70
    32
  0
VERTEX
  5
6A3
330
68D
100
AcDbEntity
  8
TWT_TEXT
100
AcDbVertex
100
AcDb3dPolylineVertex
 10
186.0010295699467
 20
62.99932660610648
 30
0.0
 70
    32
  0
VERTEX
  5
6A4
330
68D
100
AcDbEntity
  8
TWT_TEXT
100
AcDbVertex
100
AcDb3dPolylineVertex
 10
182.0010295699467
 20
61.99932660610648
 30
0.0
 70
    32
  0
VERTEX
  5
6A5
330
68D
100
AcDbEntity
  8
TWT_TEXT
100
AcDbVertex
100
AcDb3dPolylineVertex
 10
179.0010295699467
 20
52.99932660610648
 30
0.0
 70
    32
  0
VERTEX
  5
6A6
330
68D
100
AcDbEntity
  8
TWT_TEXT
100
AcDbVertex
100
AcDb3dPolylineVertex
 10
167.0010295699467
 20
44.99932660610648
 30
0.0
 70
    32
  0
VERTEX
  5
6A7
330
68D
100
AcDbEntity
  8
TWT_TEXT
100
AcDbVertex
100
AcDb3dPolylineVertex
 10
161.0010295699467
 20
34.99932660610648
 30
0.0
 70
    32
  0
VERTEX
  5
6A8
330
68D
100
AcDbEntity
  8
TWT_TEXT
100
AcDbVertex
100
AcDb3dPolylineVertex
 10
150.0010295699467
 20
28.99932660610648
 30
0.0
 70
    32
  0
VERTEX
  5
6A9
330
68D
100
AcDbEntity
  8
TWT_TEXT
100
AcDbVertex
100
AcDb3dPolylineVertex
 10
145.0010295699467
 20
28.99932660610648
 30
0.0
 70
    32
  0
SEQEND
  5
6AA
330
68D
100
AcDbEntity
  8
TWT_TEXT
  0
HATCH
  5
6AB
330
663
100
AcDbEntity
  8
TWT_TEXT
100
AcDbHatch
 10
0.0
 20
0.0
 30
0.0
210
0.0
220
0.0
230
1.0
  2
SOLID
 70
     1
 71
     0
 91
        2
 92
        7
 72
     0
 73
     1
 93
       11
 10
70.0010295699467
 20
59.99932660610648
 10
67.00102956994669
 20
54.99932660610648
 10
71.00102956994669
 20
50.99932660610647
 10
72.00102956994669
 20
37.99932660610648
 10
75.0010295699467
 20
31.99932660610648
 10
78.0010295699467
 20
31.99932660610648
 10
89.0010295699467
 20
42.99932660610648
 10
89.0010295699467
 20
50.99932660610647
 10
87.00102956994669
 20
50.99932660610647
 10
88.00102956994669
 20
52.99932660610648
 10
85.0010295699467
 20
61.99932660610648
 97
        0
 92
       22
 72
     0
 73
     1
 93
        6
 10
83.00102956994669
 20
49.99932660610648
 10
83.00102956994669
 20
47.99932660610648
 10
82.51255286799278
 20
46.48780330803129
 10
82.30034712253837
 20
44.97438924343441
 10
77.99642785545438
 20
45.00268268358195
 10
78.25126689567696
 20
50.20858190234867
 97
        0
 75
     1
 76
     1
 47
0.114007421511076
 98
        2
 10
80.03677778237033
 20
56.43075376842171
 10
80.03677778237033
 20
56.43075376842171
450
        0
451
        0
460
0.0
461
0.0
452
        0
462
1.0
453
        2
463
0.0
 63
     5
421
      255
463
1.0
 63
     2
421
 16776960
470
LINEAR
1001
GradientColor1ACI
1070
     5
1001
GradientColor2ACI
1070
     2
1001
ACAD
1010
0.0
1020
0.0
1030
0.0
  0
POLYLINE
  5
6AC
330
663
100
AcDbEntity
  8
TWT_TEXT
100
AcDb3dPolyline
 66
     1
 10
0.0
 20
0.0
 30
0.0
 70
     8
  0
VERTEX
  5
6AD
330
6AC
100
AcDbEntity
  8
TWT_TEXT
100
AcDbVertex
100
AcDb3dPolylineVertex
 10
75.0010295699467
 20
31.99932660610648
 30
0.0
 70
    32
  0
VERTEX
  5
6AE
330
6AC
100
AcDbEntity
  8
TWT_TEXT
100
AcDbVertex
100
AcDb3dPolylineVertex
 10
72.00102956994669
 20
37.99932660610648
 30
0.0
 70
    32
  0
VERTEX
  5
6AF
330
6AC
100
AcDbEntity
  8
TWT_TEXT
100
AcDbVertex
100
AcDb3dPolylineVertex
 10
71.00102956994669
 20
50.99932660610647
 30
0.0
 70
    32
  0
VERTEX
  5
6B0
330
6AC
100
AcDbEntity
  8
TWT_TEXT
100
AcDbVertex
100
AcDb3dPolylineVertex
 10
67.00102956994669
 20
54.99932660610648
 30
0.0
 70
    32
  0
VERTEX
  5
6B1
330
6AC
100
AcDbEntity
  8
TWT_TEXT
100
AcDbVertex
100
AcDb3dPolylineVertex
 10
70.0010295699467
 20
59.99932660610648
 30
0.0
 70
    32
  0
VERTEX
  5
6B2
330
6AC
100
AcDbEntity
  8
TWT_TEXT
100
AcDbVertex
100
AcDb3dPolylineVertex
 10
85.0010295699467
 20
61.99932660610648
 30
0.0
 70
    32
  0
VERTEX
  5
6B3
330
6AC
100
AcDbEntity
  8
TWT_TEXT
100
AcDbVertex
100
AcDb3dPolylineVertex
 10
88.00102956994669
 20
52.99932660610648
 30
0.0
 70
    32
  0
VERTEX
  5
6B4
330
6AC
100
AcDbEntity
  8
TWT_TEXT
100
AcDbVertex
100
AcDb3dPolylineVertex
 10
87.00102956994669
 20
50.99932660610647
 30
0.0
 70
    32
  0
VERTEX
  5
6B5
330
6AC
100
AcDbEntity
  8
TWT_TEXT
100
AcDbVertex
100
AcDb3dPolylineVertex
 10
89.0010295699467
 20
50.99932660610647
 30
0.0
 70
    32
  0
VERTEX
  5
6B6
330
6AC
100
AcDbEntity
  8
TWT_TEXT
100
AcDbVertex
100
AcDb3dPolylineVertex
 10
89.0010295699467
 20
42.99932660610648
 30
0.0
 70
    32
  0
VERTEX
  5
6B7
330
6AC
100
AcDbEntity
  8
TWT_TEXT
100
AcDbVertex
100
AcDb3dPolylineVertex
 10
78.0010295699467
 20
31.99932660610648
 30
0.0
 70
    32
  0
VERTEX
  5
6B8
330
6AC
100
AcDbEntity
  8
TWT_TEXT
100
AcDbVertex
100
AcDb3dPolylineVertex
 10
75.0010295699467
 20
31.99932660610648
 30
0.0
 70
    32
  0
SEQEND
  5
6B9
330
6AC
100
AcDbEntity
  8
TWT_TEXT
  0
POLYLINE
  5
6BA
330
663
100
AcDbEntity
  8
TWT_TEXT
100
AcDb3dPolyline
 66
     1
 10
0.0
 20
0.0
 30
0.0
 70
     8
  0
VERTEX
  5
6BB
330
6BA
100
AcDbEntity
  8
TWT_TEXT
100
AcDbVertex
100
AcDb3dPolylineVertex
 10
77.99642785545438
 20
45.00268268358195
 30
0.0
 70
    32
  0
VERTEX
  5
6BC
330
6BA
100
AcDbEntity
  8
TWT_TEXT
100
AcDbVertex
100
AcDb3dPolylineVertex
 10
78.25126689567696
 20
50.20858190234867
 30
0.0
 70
    32
  0
VERTEX
  5
6BD
330
6BA
100
AcDbEntity
  8
TWT_TEXT
100
AcDbVertex
100
AcDb3dPolylineVertex
 10
83.00102956994669
 20
49.99932660610648
 30
0.0
 70
    32
  0
VERTEX
  5
6BE
330
6BA
100
AcDbEntity
  8
TWT_TEXT
100
AcDbVertex
100
AcDb3dPolylineVertex
 10
83.00102956994669
 20
47.99932660610648
 30
0.0
 70
    32
  0
VERTEX
  5
6BF
330
6BA
100
AcDbEntity
  8
TWT_TEXT
100
AcDbVertex
100
AcDb3dPolylineVertex
 10
82.51255286799278
 20
46.48780330803129
 30
0.0
 70
    32
  0
VERTEX
  5
6C0
330
6BA
100
AcDbEntity
  8
TWT_TEXT
100
AcDbVertex
100
AcDb3dPolylineVertex
 10
82.30034712253837
 20
44.97438924343441
 30
0.0
 70
    32
  0
VERTEX
  5
6C1
330
6BA
100
AcDbEntity
  8
TWT_TEXT
100
AcDbVertex
100
AcDb3dPolylineVertex
 10
77.99642785545438
 20
45.00268268358195
 30
0.0
 70
    32
  0
SEQEND
  5
6C2
330
6BA
100
AcDbEntity
  8
TWT_TEXT
  0
HATCH
  5
6C3
330
663
100
AcDbEntity
  8
TWT_TEXT
100
AcDbHatch
 10
0.0
 20
0.0
 30
0.0
210
0.0
220
0.0
230
1.0
  2
SOLID
 70
     1
 71
     0
 91
        1
 92
        7
 72
     0
 73
     1
 93
        9
 10
144.0010295699467
 20
60.99932660610647
 10
152.0010295699467
 20
64.99932660610648
 10
162.0010295699467
 20
75.99932660610647
 10
160.0010295699467
 20
81.99932660610647
 10
154.0010295699467
 20
81.99932660610647
 10
154.0010295699467
 20
86.99932660610647
 10
150.0010295699467
 20
90.99932660610647
 10
145.0010295699467
 20
88.99932660610648
 10
144.0010295699467
 20
78.99932660610648
 97
        0
 75
     1
 76
     1
 47
0.0734428119095981
 98
        1
 10
149.8220361338463
 20
77.81670111219864
450
        0
451
        0
460
0.0
461
0.0
452
        0
462
1.0
453
        2
463
0.0
 63
     5
421
      255
463
1.0
 63
     2
421
 16776960
470
LINEAR
1001
GradientColor1ACI
1070
     5
1001
GradientColor2ACI
1070
     2
1001
ACAD
1010
0.0
1020
0.0
1030
0.0
  0
POLYLINE
  5
6C4
330
663
100
AcDbEntity
  8
TWT_TEXT
100
AcDb3dPolyline
 66
     1
 10
0.0
 20
0.0
 30
0.0
 70
     8
  0
VERTEX
  5
6C5
330
6C4
100
AcDbEntity
  8
TWT_TEXT
100
AcDbVertex
100
AcDb3dPolylineVertex
 10
144.0010295699467
 20
60.99932660610647
 30
0.0
 70
    32
  0
VERTEX
  5
6C6
330
6C4
100
AcDbEntity
  8
TWT_TEXT
100
AcDbVertex
100
AcDb3dPolylineVertex
 10
144.0010295699467
 20
78.99932660610648
 30
0.0
 70
    32
  0
VERTEX
  5
6C7
330
6C4
100
AcDbEntity
  8
TWT_TEXT
100
AcDbVertex
100
AcDb3dPolylineVertex
 10
145.0010295699467
 20
88.99932660610648
 30
0.0
 70
    32
  0
VERTEX
  5
6C8
330
6C4
100
AcDbEntity
  8
TWT_TEXT
100
AcDbVertex
100
AcDb3dPolylineVertex
 10
150.0010295699467
 20
90.99932660610647
 30
0.0
 70
    32
  0
VERTEX
  5
6C9
330
6C4
100
AcDbEntity
  8
TWT_TEXT
100
AcDbVertex
100
AcDb3dPolylineVertex
 10
154.0010295699467
 20
86.99932660610647
 30
0.0
 70
    32
  0
VERTEX
  5
6CA
330
6C4
100
AcDbEntity
  8
TWT_TEXT
100
AcDbVertex
100
AcDb3dPolylineVertex
 10
154.0010295699467
 20
81.99932660610647
 30
0.0
 70
    32
  0
VERTEX
  5
6CB
330
6C4
100
AcDbEntity
  8
TWT_TEXT
100
AcDbVertex
100
AcDb3dPolylineVertex
 10
160.0010295699467
 20
81.99932660610647
 30
0.0
 70
    32
  0
VERTEX
  5
6CC
330
6C4
100
AcDbEntity
  8
TWT_TEXT
100
AcDbVertex
100
AcDb3dPolylineVertex
 10
162.0010295699467
 20
75.99932660610647
 30
0.0
 70
    32
  0
VERTEX
  5
6CD
330
6C4
100
AcDbEntity
  8
TWT_TEXT
100
AcDbVertex
100
AcDb3dPolylineVertex
 10
152.0010295699467
 20
64.99932660610648
 30
0.0
 70
    32
  0
VERTEX
  5
6CE
330
6C4
100
AcDbEntity
  8
TWT_TEXT
100
AcDbVertex
100
AcDb3dPolylineVertex
 10
144.0010295699467
 20
60.99932660610647
 30
0.0
 70
    32
  0
VERTEX
  5
6CF
330
6C4
100
AcDbEntity
  8
TWT_TEXT
100
AcDbVertex
100
AcDb3dPolylineVertex
 10
144.0010295699467
 20
60.99932660610647
 30
0.0
 70
    32
  0
SEQEND
  5
6D0
330
6C4
100
AcDbEntity
  8
TWT_TEXT
  0
ENDBLK
  5
6D1
330
663
100
AcDbEntity
  8
0
100
AcDbBlockEnd
  0
BLOCK
  5
6D6
330
6D3
100
AcDbEntity
  8
0
100
AcDbBlockBegin
  2
A$C77A84E73
 70
     0
 10
0.0
 20
0.0
 30
0.0
  3
A$C77A84E73
  1

  0
HATCH
  5
6D7
330
6D3
100
AcDbEntity
  8
TWT_TEXT
100
AcDbHatch
 10
0.0
 20
0.0
 30
0.0
210
0.0
220
0.0
230
1.0
  2
SOLID
 70
     1
 71
     0
 91
        5
 92
        7
 72
     0
 73
     1
 93
      113
 10
218.9788113143877
 20
125.9994835467078
 10
217.9788113143877
 20
131.9994835467078
 10
228.9788113143877
 20
141.9994835467077
 10
230.9788113143877
 20
160.9994835467078
 10
227.9788113143877
 20
163.9994835467078
 10
220.9788113143877
 20
163.9994835467078
 10
213.9788113143877
 20
155.9994835467078
 10
209.9788113143877
 20
140.9994835467077
 10
188.9788113143877
 20
139.9994835467078
 10
185.9788113143877
 20
136.9994835467078
 10
187.9788113143877
 20
131.9994835467078
 10
209.9788113143877
 20
131.9994835467078
 10
211.9788113143877
 20
124.9994835467078
 10
197.9788113143877
 20
117.9994835467077
 10
197.9788113143877
 20
109.9994835467078
 10
202.9788113143877
 20
107.9994835467078
 10
212.9788113143877
 20
115.9994835467077
 10
231.9788113143877
 20
118.9994835467077
 10
228.9788113143877
 20
111.9994835467078
 10
208.9788113143877
 20
94.99948354670777
 10
208.9788113143877
 20
87.99948354670778
 10
216.9788113143877
 20
86.99948354670778
 10
224.9788113143877
 20
90.99948354670777
 10
240.9788113143877
 20
105.9994835467078
 10
255.9788113143877
 20
118.9994835467077
 10
271.9788113143877
 20
135.9994835467078
 10
275.9788113143877
 20
136.9994835467078
 10
275.9788113143877
 20
123.9994835467078
 10
273.9788113143877
 20
121.9994835467077
 10
270.9788113143877
 20
66.99948354670778
 10
269.9788113143877
 20
27.99948354670778
 10
271.9788113143877
 20
23.99948354670778
 10
277.9788113143877
 20
22.99948354670778
 10
278.9788113143877
 20
24.99948354670778
 10
276.9788113143877
 20
40.99948354670778
 10
278.9788113143877
 20
92.99948354670778
 10
288.9788113143877
 20
92.99948354670778
 10
288.9788113143877
 20
89.99948354670777
 10
292.9788113143877
 20
79.99948354670777
 10
299.9788113143877
 20
78.99948354670778
 10
299.9788113143877
 20
103.9994835467078
 10
305.9788113143877
 20
110.9994835467078
 10
320.9788113143877
 20
128.9994835467078
 10
322.9788113143877
 20
135.9994835467078
 10
324.9788113143877
 20
135.9994835467078
 10
324.9788113143877
 20
107.9994835467078
 10
322.9788113143877
 20
79.99948354670777
 10
322.9788113143877
 20
25.99948354670778
 10
327.9788113143877
 20
5.999483546707779
 10
334.9788113143877
 20
5.999483546707779
 10
333.9788113143877
 20
9.999483546707779
 10
328.9788113143877
 20
42.99948354670777
 10
330.9788113143877
 20
101.9994835467078
 10
335.9788113143877
 20
99.99948354670777
 10
337.7631009570323
 20
100.1366421173734
 10
337.9788113143877
 20
100.9994835467078
 10
343.9788113143877
 20
101.9994835467078
 10
344.9788113143877
 20
87.99948354670778
 10
341.9788113143877
 20
88.99948354670778
 10
340.9788113143877
 20
93.99948354670778
 10
338.9788113143877
 20
93.99948354670778
 10
338.9788113143877
 20
96.99948354670778
 10
336.9788113143877
 20
96.99948354670778
 10
338.9788113143877
 20
80.99948354670777
 10
346.9788113143877
 20
68.99948354670778
 10
348.9788113143877
 20
68.99948354670778
 10
353.9788113143877
 20
67.99948354670778
 10
353.9788113143877
 20
87.99948354670778
 10
351.9788113143877
 20
103.9994835467078
 10
351.9788113143877
 20
155.9994835467078
 10
344.9788113143877
 20
157.9994835467078
 10
343.9788113143877
 20
137.9994835467078
 10
334.9788113143877
 20
137.9994835467078
 10
336.9788113143877
 20
158.9994835467078
 10
338.9788113143877
 20
163.9994835467078
 10
340.9788113143877
 20
163.9994835467078
 10
342.9788113143877
 20
170.9994835467077
 10
349.9788113143877
 20
184.9994835467078
 10
346.9788113143877
 20
196.9994835467078
 10
341.9788113143877
 20
199.9994835467077
 10
335.9788113143877
 20
195.9994835467077
 10
329.9788113143877
 20
170.9994835467077
 10
328.9788113143877
 20
163.9994835467078
 10
326.9788113143877
 20
146.9994835467077
 10
320.9788113143877
 20
140.9994835467077
 10
319.9788113143877
 20
136.9994835467078
 10
315.9788113143877
 20
132.9994835467078
 10
315.9788113143877
 20
131.9994835467078
 10
303.9788113143877
 20
119.9994835467077
 10
299.9788113143877
 20
117.9994835467077
 10
300.9788113143877
 20
142.9994835467077
 10
297.9788113143877
 20
144.9994835467077
 10
293.9788113143877
 20
144.9994835467077
 10
290.9788113143877
 20
138.9994835467078
 10
283.9788113143877
 20
135.9994835467078
 10
286.9788113143877
 20
160.9994835467078
 10
292.9788113143877
 20
192.9994835467077
 10
299.9788113143877
 20
192.9994835467077
 10
295.9788113143877
 20
201.9994835467078
 10
291.9788113143877
 20
206.9994835467078
 10
287.9788113143877
 20
206.9994835467078
 10
283.9788113143877
 20
195.9994835467077
 10
278.9788113143877
 20
160.9994835467078
 10
277.9788113143877
 20
148.9994835467078
 10
267.9788113143877
 20
138.9994835467078
 10
263.9788113143877
 20
136.9994835467078
 10
255.9788113143877
 20
128.9994835467078
 10
251.9788113143877
 20
126.9994835467078
 10
251.9788113143877
 20
123.9994835467078
 10
242.9788113143877
 20
117.9994835467077
 10
236.9788113143877
 20
114.9994835467078
 10
238.9788113143877
 20
120.9994835467077
 10
235.9788113143877
 20
125.9994835467078
 97
        0
 92
       22
 72
     0
 73
     1
 93
        4
 10
218.9788113143877
 20
143.9994835467078
 10
223.9788113143877
 20
154.9994835467078
 10
225.9112076760502
 20
153.0670871850161
 10
223.9788113143877
 20
145.9994835467077
 97
        0
 92
       22
 72
     0
 73
     1
 93
        5
 10
283.9788113143877
 20
133.9994835467078
 10
285.9788113143877
 20
133.9994835467078
 10
286.9788113143877
 20
117.9994835467077
 10
284.9788113143877
 20
112.9994835467078
 10
281.9788113143877
 20
112.9994835467078
 97
        0
 92
       22
 72
     0
 73
     1
 93
        4
 10
332.9788113143877
 20
116.9994835467077
 10
333.9788113143877
 20
127.9994835467078
 10
341.9788113143877
 20
128.9994835467078
 10
339.9788113143877
 20
121.9994835467077
 97
        0
 92
       22
 72
     0
 73
     1
 93
        4
 10
338.9788113143877
 20
109.8328168800508
 10
338.9788113143877
 20
113.9994835467078
 10
343.9788113143877
 20
115.9994835467077
 10
343.9788113143877
 20
108.9994835467078
 97
        0
 75
     1
 76
     1
 47
0.2851971295308416
 98
        5
 10
223.8044097216916
 20
121.9603965661663
 10
223.8044097216916
 20
121.9603965661663
 10
223.8044097216916
 20
121.9603965661663
 10
223.8044097216916
 20
121.9603965661663
 10
223.8044097216916
 20
121.9603965661663
450
        0
451
        0
460
0.0
461
0.0
452
        0
462
1.0
453
        2
463
0.0
 63
     5
421
      255
463
1.0
 63
     2
421
 16776960
470
LINEAR
1001
GradientColor1ACI
1070
     5
1001
GradientColor2ACI
1070
     2
1001
ACAD
1010
0.0
1020
0.0
1030
0.0
  0
POLYLINE
  5
6D8
330
6D3
100
AcDbEntity
  8
TWT_TEXT
100
AcDb3dPolyline
 66
     1
 10
0.0
 20
0.0
 30
0.0
 70
     8
  0
VERTEX
  5
6D9
330
6D8
100
AcDbEntity
  8
TWT_TEXT
100
AcDbVertex
100
AcDb3dPolylineVertex
 10
336.9788113143877
 20
96.99948354670778
 30
0.0
 70
    32
  0
VERTEX
  5
6DA
330
6D8
100
AcDbEntity
  8
TWT_TEXT
100
AcDbVertex
100
AcDb3dPolylineVertex
 10
337.9788113143877
 20
100.9994835467078
 30
0.0
 70
    32
  0
VERTEX
  5
6DB
330
6D8
100
AcDbEntity
  8
TWT_TEXT
100
AcDbVertex
100
AcDb3dPolylineVertex
 10
343.9788113143877
 20
101.9994835467078
 30
0.0
 70
    32
  0
VERTEX
  5
6DC
330
6D8
100
AcDbEntity
  8
TWT_TEXT
100
AcDbVertex
100
AcDb3dPolylineVertex
 10
344.9788113143877
 20
87.99948354670778
 30
0.0
 70
    32
  0
VERTEX
  5
6DD
330
6D8
100
AcDbEntity
  8
TWT_TEXT
100
AcDbVertex
100
AcDb3dPolylineVertex
 10
341.9788113143877
 20
88.99948354670778
 30
0.0
 70
    32
  0
VERTEX
  5
6DE
330
6D8
100
AcDbEntity
  8
TWT_TEXT
100
AcDbVertex
100
AcDb3dPolylineVertex
 10
340.9788113143877
 20
93.99948354670778
 30
0.0
 70
    32
  0
VERTEX
  5
6DF
330
6D8
100
AcDbEntity
  8
TWT_TEXT
100
AcDbVertex
100
AcDb3dPolylineVertex
 10
338.9788113143877
 20
93.99948354670778
 30
0.0
 70
    32
  0
VERTEX
  5
6E0
330
6D8
100
AcDbEntity
  8
TWT_TEXT
100
AcDbVertex
100
AcDb3dPolylineVertex
 10
338.9788113143877
 20
96.99948354670778
 30
0.0
 70
    32
  0
VERTEX
  5
6E1
330
6D8
100
AcDbEntity
  8
TWT_TEXT
100
AcDbVertex
100
AcDb3dPolylineVertex
 10
336.9788113143877
 20
96.99948354670778
 30
0.0
 70
    32
  0
VERTEX
  5
6E2
330
6D8
100
AcDbEntity
  8
TWT_TEXT
100
AcDbVertex
100
AcDb3dPolylineVertex
 10
338.9788113143877
 20
80.99948354670777
 30
0.0
 70
    32
  0
VERTEX
  5
6E3
330
6D8
100
AcDbEntity
  8
TWT_TEXT
100
AcDbVertex
100
AcDb3dPolylineVertex
 10
346.9788113143877
 20
68.99948354670778
 30
0.0
 70
    32
  0
VERTEX
  5
6E4
330
6D8
100
AcDbEntity
  8
TWT_TEXT
100
AcDbVertex
100
AcDb3dPolylineVertex
 10
348.9788113143877
 20
68.99948354670778
 30
0.0
 70
    32
  0
VERTEX
  5
6E5
330
6D8
100
AcDbEntity
  8
TWT_TEXT
100
AcDbVertex
100
AcDb3dPolylineVertex
 10
353.9788113143877
 20
67.99948354670778
 30
0.0
 70
    32
  0
VERTEX
  5
6E6
330
6D8
100
AcDbEntity
  8
TWT_TEXT
100
AcDbVertex
100
AcDb3dPolylineVertex
 10
353.9788113143877
 20
87.99948354670778
 30
0.0
 70
    32
  0
VERTEX
  5
6E7
330
6D8
100
AcDbEntity
  8
TWT_TEXT
100
AcDbVertex
100
AcDb3dPolylineVertex
 10
351.9788113143877
 20
103.9994835467078
 30
0.0
 70
    32
  0
VERTEX
  5
6E8
330
6D8
100
AcDbEntity
  8
TWT_TEXT
100
AcDbVertex
100
AcDb3dPolylineVertex
 10
351.9788113143877
 20
155.9994835467078
 30
0.0
 70
    32
  0
VERTEX
  5
6E9
330
6D8
100
AcDbEntity
  8
TWT_TEXT
100
AcDbVertex
100
AcDb3dPolylineVertex
 10
344.9788113143877
 20
157.9994835467078
 30
0.0
 70
    32
  0
VERTEX
  5
6EA
330
6D8
100
AcDbEntity
  8
TWT_TEXT
100
AcDbVertex
100
AcDb3dPolylineVertex
 10
343.9788113143877
 20
137.9994835467078
 30
0.0
 70
    32
  0
VERTEX
  5
6EB
330
6D8
100
AcDbEntity
  8
TWT_TEXT
100
AcDbVertex
100
AcDb3dPolylineVertex
 10
334.9788113143877
 20
137.9994835467078
 30
0.0
 70
    32
  0
VERTEX
  5
6EC
330
6D8
100
AcDbEntity
  8
TWT_TEXT
100
AcDbVertex
100
AcDb3dPolylineVertex
 10
336.9788113143877
 20
158.9994835467078
 30
0.0
 70
    32
  0
VERTEX
  5
6ED
330
6D8
100
AcDbEntity
  8
TWT_TEXT
100
AcDbVertex
100
AcDb3dPolylineVertex
 10
338.9788113143877
 20
163.9994835467078
 30
0.0
 70
    32
  0
VERTEX
  5
6EE
330
6D8
100
AcDbEntity
  8
TWT_TEXT
100
AcDbVertex
100
AcDb3dPolylineVertex
 10
340.9788113143877
 20
163.9994835467078
 30
0.0
 70
    32
  0
VERTEX
  5
6EF
330
6D8
100
AcDbEntity
  8
TWT_TEXT
100
AcDbVertex
100
AcDb3dPolylineVertex
 10
342.9788113143877
 20
170.9994835467077
 30
0.0
 70
    32
  0
VERTEX
  5
6F0
330
6D8
100
AcDbEntity
  8
TWT_TEXT
100
AcDbVertex
100
AcDb3dPolylineVertex
 10
349.9788113143877
 20
184.9994835467078
 30
0.0
 70
    32
  0
VERTEX
  5
6F1
330
6D8
100
AcDbEntity
  8
TWT_TEXT
100
AcDbVertex
100
AcDb3dPolylineVertex
 10
346.9788113143877
 20
196.9994835467078
 30
0.0
 70
    32
  0
VERTEX
  5
6F2
330
6D8
100
AcDbEntity
  8
TWT_TEXT
100
AcDbVertex
100
AcDb3dPolylineVertex
 10
341.9788113143877
 20
199.9994835467077
 30
0.0
 70
    32
  0
VERTEX
  5
6F3
330
6D8
100
AcDbEntity
  8
TWT_TEXT
100
AcDbVertex
100
AcDb3dPolylineVertex
 10
335.9788113143877
 20
195.9994835467077
 30
0.0
 70
    32
  0
VERTEX
  5
6F4
330
6D8
100
AcDbEntity
  8
TWT_TEXT
100
AcDbVertex
100
AcDb3dPolylineVertex
 10
329.9788113143877
 20
170.9994835467077
 30
0.0
 70
    32
  0
VERTEX
  5
6F5
330
6D8
100
AcDbEntity
  8
TWT_TEXT
100
AcDbVertex
100
AcDb3dPolylineVertex
 10
328.9788113143877
 20
163.9994835467078
 30
0.0
 70
    32
  0
VERTEX
  5
6F6
330
6D8
100
AcDbEntity
  8
TWT_TEXT
100
AcDbVertex
100
AcDb3dPolylineVertex
 10
326.9788113143877
 20
146.9994835467077
 30
0.0
 70
    32
  0
VERTEX
  5
6F7
330
6D8
100
AcDbEntity
  8
TWT_TEXT
100
AcDbVertex
100
AcDb3dPolylineVertex
 10
320.9788113143877
 20
140.9994835467077
 30
0.0
 70
    32
  0
VERTEX
  5
6F8
330
6D8
100
AcDbEntity
  8
TWT_TEXT
100
AcDbVertex
100
AcDb3dPolylineVertex
 10
319.9788113143877
 20
136.9994835467078
 30
0.0
 70
    32
  0
VERTEX
  5
6F9
330
6D8
100
AcDbEntity
  8
TWT_TEXT
100
AcDbVertex
100
AcDb3dPolylineVertex
 10
315.9788113143877
 20
132.9994835467078
 30
0.0
 70
    32
  0
VERTEX
  5
6FA
330
6D8
100
AcDbEntity
  8
TWT_TEXT
100
AcDbVertex
100
AcDb3dPolylineVertex
 10
315.9788113143877
 20
131.9994835467078
 30
0.0
 70
    32
  0
VERTEX
  5
6FB
330
6D8
100
AcDbEntity
  8
TWT_TEXT
100
AcDbVertex
100
AcDb3dPolylineVertex
 10
315.9788113143877
 20
131.9994835467078
 30
0.0
 70
    32
  0
VERTEX
  5
6FC
330
6D8
100
AcDbEntity
  8
TWT_TEXT
100
AcDbVertex
100
AcDb3dPolylineVertex
 10
315.9788113143877
 20
131.9994835467078
 30
0.0
 70
    32
  0
SEQEND
  5
6FD
330
6D8
100
AcDbEntity
  8
TWT_TEXT
  0
POLYLINE
  5
6FE
330
6D3
100
AcDbEntity
  8
TWT_TEXT
100
AcDb3dPolyline
 66
     1
 10
0.0
 20
0.0
 30
0.0
 70
     8
  0
VERTEX
  5
6FF
330
6FE
100
AcDbEntity
  8
TWT_TEXT
100
AcDbVertex
100
AcDb3dPolylineVertex
 10
335.9788113143877
 20
99.99948354670777
 30
0.0
 70
    32
  0
VERTEX
  5
700
330
6FE
100
AcDbEntity
  8
TWT_TEXT
100
AcDbVertex
100
AcDb3dPolylineVertex
 10
330.9788113143877
 20
101.9994835467078
 30
0.0
 70
    32
  0
VERTEX
  5
701
330
6FE
100
AcDbEntity
  8
TWT_TEXT
100
AcDbVertex
100
AcDb3dPolylineVertex
 10
328.9788113143877
 20
42.99948354670777
 30
0.0
 70
    32
  0
VERTEX
  5
702
330
6FE
100
AcDbEntity
  8
TWT_TEXT
100
AcDbVertex
100
AcDb3dPolylineVertex
 10
333.9788113143877
 20
9.999483546707779
 30
0.0
 70
    32
  0
VERTEX
  5
703
330
6FE
100
AcDbEntity
  8
TWT_TEXT
100
AcDbVertex
100
AcDb3dPolylineVertex
 10
334.9788113143877
 20
5.999483546707779
 30
0.0
 70
    32
  0
VERTEX
  5
704
330
6FE
100
AcDbEntity
  8
TWT_TEXT
100
AcDbVertex
100
AcDb3dPolylineVertex
 10
327.9788113143877
 20
5.999483546707779
 30
0.0
 70
    32
  0
VERTEX
  5
705
330
6FE
100
AcDbEntity
  8
TWT_TEXT
100
AcDbVertex
100
AcDb3dPolylineVertex
 10
322.9788113143877
 20
25.99948354670778
 30
0.0
 70
    32
  0
VERTEX
  5
706
330
6FE
100
AcDbEntity
  8
TWT_TEXT
100
AcDbVertex
100
AcDb3dPolylineVertex
 10
322.9788113143877
 20
79.99948354670777
 30
0.0
 70
    32
  0
VERTEX
  5
707
330
6FE
100
AcDbEntity
  8
TWT_TEXT
100
AcDbVertex
100
AcDb3dPolylineVertex
 10
324.9788113143877
 20
107.9994835467078
 30
0.0
 70
    32
  0
VERTEX
  5
708
330
6FE
100
AcDbEntity
  8
TWT_TEXT
100
AcDbVertex
100
AcDb3dPolylineVertex
 10
324.9788113143877
 20
135.9994835467078
 30
0.0
 70
    32
  0
VERTEX
  5
709
330
6FE
100
AcDbEntity
  8
TWT_TEXT
100
AcDbVertex
100
AcDb3dPolylineVertex
 10
322.9788113143877
 20
135.9994835467078
 30
0.0
 70
    32
  0
VERTEX
  5
70A
330
6FE
100
AcDbEntity
  8
TWT_TEXT
100
AcDbVertex
100
AcDb3dPolylineVertex
 10
320.9788113143877
 20
128.9994835467078
 30
0.0
 70
    32
  0
VERTEX
  5
70B
330
6FE
100
AcDbEntity
  8
TWT_TEXT
100
AcDbVertex
100
AcDb3dPolylineVertex
 10
305.9788113143877
 20
110.9994835467078
 30
0.0
 70
    32
  0
VERTEX
  5
70C
330
6FE
100
AcDbEntity
  8
TWT_TEXT
100
AcDbVertex
100
AcDb3dPolylineVertex
 10
299.9788113143877
 20
103.9994835467078
 30
0.0
 70
    32
  0
VERTEX
  5
70D
330
6FE
100
AcDbEntity
  8
TWT_TEXT
100
AcDbVertex
100
AcDb3dPolylineVertex
 10
299.9788113143877
 20
78.99948354670778
 30
0.0
 70
    32
  0
VERTEX
  5
70E
330
6FE
100
AcDbEntity
  8
TWT_TEXT
100
AcDbVertex
100
AcDb3dPolylineVertex
 10
292.9788113143877
 20
79.99948354670777
 30
0.0
 70
    32
  0
VERTEX
  5
70F
330
6FE
100
AcDbEntity
  8
TWT_TEXT
100
AcDbVertex
100
AcDb3dPolylineVertex
 10
288.9788113143877
 20
89.99948354670777
 30
0.0
 70
    32
  0
VERTEX
  5
710
330
6FE
100
AcDbEntity
  8
TWT_TEXT
100
AcDbVertex
100
AcDb3dPolylineVertex
 10
288.9788113143877
 20
92.99948354670778
 30
0.0
 70
    32
  0
VERTEX
  5
711
330
6FE
100
AcDbEntity
  8
TWT_TEXT
100
AcDbVertex
100
AcDb3dPolylineVertex
 10
278.9788113143877
 20
92.99948354670778
 30
0.0
 70
    32
  0
VERTEX
  5
712
330
6FE
100
AcDbEntity
  8
TWT_TEXT
100
AcDbVertex
100
AcDb3dPolylineVertex
 10
276.9788113143877
 20
40.99948354670778
 30
0.0
 70
    32
  0
VERTEX
  5
713
330
6FE
100
AcDbEntity
  8
TWT_TEXT
100
AcDbVertex
100
AcDb3dPolylineVertex
 10
278.9788113143877
 20
24.99948354670778
 30
0.0
 70
    32
  0
VERTEX
  5
714
330
6FE
100
AcDbEntity
  8
TWT_TEXT
100
AcDbVertex
100
AcDb3dPolylineVertex
 10
277.9788113143877
 20
22.99948354670778
 30
0.0
 70
    32
  0
VERTEX
  5
715
330
6FE
100
AcDbEntity
  8
TWT_TEXT
100
AcDbVertex
100
AcDb3dPolylineVertex
 10
271.9788113143877
 20
23.99948354670778
 30
0.0
 70
    32
  0
VERTEX
  5
716
330
6FE
100
AcDbEntity
  8
TWT_TEXT
100
AcDbVertex
100
AcDb3dPolylineVertex
 10
269.9788113143877
 20
27.99948354670778
 30
0.0
 70
    32
  0
VERTEX
  5
717
330
6FE
100
AcDbEntity
  8
TWT_TEXT
100
AcDbVertex
100
AcDb3dPolylineVertex
 10
270.9788113143877
 20
66.99948354670778
 30
0.0
 70
    32
  0
VERTEX
  5
718
330
6FE
100
AcDbEntity
  8
TWT_TEXT
100
AcDbVertex
100
AcDb3dPolylineVertex
 10
273.9788113143877
 20
121.9994835467077
 30
0.0
 70
    32
  0
VERTEX
  5
719
330
6FE
100
AcDbEntity
  8
TWT_TEXT
100
AcDbVertex
100
AcDb3dPolylineVertex
 10
275.9788113143877
 20
123.9994835467078
 30
0.0
 70
    32
  0
VERTEX
  5
71A
330
6FE
100
AcDbEntity
  8
TWT_TEXT
100
AcDbVertex
100
AcDb3dPolylineVertex
 10
275.9788113143877
 20
136.9994835467078
 30
0.0
 70
    32
  0
VERTEX
  5
71B
330
6FE
100
AcDbEntity
  8
TWT_TEXT
100
AcDbVertex
100
AcDb3dPolylineVertex
 10
271.9788113143877
 20
135.9994835467078
 30
0.0
 70
    32
  0
VERTEX
  5
71C
330
6FE
100
AcDbEntity
  8
TWT_TEXT
100
AcDbVertex
100
AcDb3dPolylineVertex
 10
255.9788113143877
 20
118.9994835467077
 30
0.0
 70
    32
  0
VERTEX
  5
71D
330
6FE
100
AcDbEntity
  8
TWT_TEXT
100
AcDbVertex
100
AcDb3dPolylineVertex
 10
240.9788113143877
 20
105.9994835467078
 30
0.0
 70
    32
  0
VERTEX
  5
71E
330
6FE
100
AcDbEntity
  8
TWT_TEXT
100
AcDbVertex
100
AcDb3dPolylineVertex
 10
224.9788113143877
 20
90.99948354670777
 30
0.0
 70
    32
  0
VERTEX
  5
71F
330
6FE
100
AcDbEntity
  8
TWT_TEXT
100
AcDbVertex
100
AcDb3dPolylineVertex
 10
216.9788113143877
 20
86.99948354670778
 30
0.0
 70
    32
  0
VERTEX
  5
720
330
6FE
100
AcDbEntity
  8
TWT_TEXT
100
AcDbVertex
100
AcDb3dPolylineVertex
 10
208.9788113143877
 20
87.99948354670778
 30
0.0
 70
    32
  0
VERTEX
  5
721
330
6FE
100
AcDbEntity
  8
TWT_TEXT
100
AcDbVertex
100
AcDb3dPolylineVertex
 10
208.9788113143877
 20
94.99948354670777
 30
0.0
 70
    32
  0
VERTEX
  5
722
330
6FE
100
AcDbEntity
  8
TWT_TEXT
100
AcDbVertex
100
AcDb3dPolylineVertex
 10
228.9788113143877
 20
111.9994835467078
 30
0.0
 70
    32
  0
VERTEX
  5
723
330
6FE
100
AcDbEntity
  8
TWT_TEXT
100
AcDbVertex
100
AcDb3dPolylineVertex
 10
231.9788113143877
 20
118.9994835467077
 30
0.0
 70
    32
  0
VERTEX
  5
724
330
6FE
100
AcDbEntity
  8
TWT_TEXT
100
AcDbVertex
100
AcDb3dPolylineVertex
 10
212.9788113143877
 20
115.9994835467077
 30
0.0
 70
    32
  0
VERTEX
  5
725
330
6FE
100
AcDbEntity
  8
TWT_TEXT
100
AcDbVertex
100
AcDb3dPolylineVertex
 10
202.9788113143877
 20
107.9994835467078
 30
0.0
 70
    32
  0
VERTEX
  5
726
330
6FE
100
AcDbEntity
  8
TWT_TEXT
100
AcDbVertex
100
AcDb3dPolylineVertex
 10
197.9788113143877
 20
109.9994835467078
 30
0.0
 70
    32
  0
VERTEX
  5
727
330
6FE
100
AcDbEntity
  8
TWT_TEXT
100
AcDbVertex
100
AcDb3dPolylineVertex
 10
197.9788113143877
 20
117.9994835467077
 30
0.0
 70
    32
  0
VERTEX
  5
728
330
6FE
100
AcDbEntity
  8
TWT_TEXT
100
AcDbVertex
100
AcDb3dPolylineVertex
 10
211.9788113143877
 20
124.9994835467078
 30
0.0
 70
    32
  0
VERTEX
  5
729
330
6FE
100
AcDbEntity
  8
TWT_TEXT
100
AcDbVertex
100
AcDb3dPolylineVertex
 10
209.9788113143877
 20
131.9994835467078
 30
0.0
 70
    32
  0
VERTEX
  5
72A
330
6FE
100
AcDbEntity
  8
TWT_TEXT
100
AcDbVertex
100
AcDb3dPolylineVertex
 10
187.9788113143877
 20
131.9994835467078
 30
0.0
 70
    32
  0
VERTEX
  5
72B
330
6FE
100
AcDbEntity
  8
TWT_TEXT
100
AcDbVertex
100
AcDb3dPolylineVertex
 10
185.9788113143877
 20
136.9994835467078
 30
0.0
 70
    32
  0
VERTEX
  5
72C
330
6FE
100
AcDbEntity
  8
TWT_TEXT
100
AcDbVertex
100
AcDb3dPolylineVertex
 10
188.9788113143877
 20
139.9994835467078
 30
0.0
 70
    32
  0
VERTEX
  5
72D
330
6FE
100
AcDbEntity
  8
TWT_TEXT
100
AcDbVertex
100
AcDb3dPolylineVertex
 10
209.9788113143877
 20
140.9994835467077
 30
0.0
 70
    32
  0
VERTEX
  5
72E
330
6FE
100
AcDbEntity
  8
TWT_TEXT
100
AcDbVertex
100
AcDb3dPolylineVertex
 10
213.9788113143877
 20
155.9994835467078
 30
0.0
 70
    32
  0
VERTEX
  5
72F
330
6FE
100
AcDbEntity
  8
TWT_TEXT
100
AcDbVertex
100
AcDb3dPolylineVertex
 10
220.9788113143877
 20
163.9994835467078
 30
0.0
 70
    32
  0
VERTEX
  5
730
330
6FE
100
AcDbEntity
  8
TWT_TEXT
100
AcDbVertex
100
AcDb3dPolylineVertex
 10
227.9788113143877
 20
163.9994835467078
 30
0.0
 70
    32
  0
VERTEX
  5
731
330
6FE
100
AcDbEntity
  8
TWT_TEXT
100
AcDbVertex
100
AcDb3dPolylineVertex
 10
230.9788113143877
 20
160.9994835467078
 30
0.0
 70
    32
  0
VERTEX
  5
732
330
6FE
100
AcDbEntity
  8
TWT_TEXT
100
AcDbVertex
100
AcDb3dPolylineVertex
 10
228.9788113143877
 20
141.9994835467077
 30
0.0
 70
    32
  0
VERTEX
  5
733
330
6FE
100
AcDbEntity
  8
TWT_TEXT
100
AcDbVertex
100
AcDb3dPolylineVertex
 10
217.9788113143877
 20
131.9994835467078
 30
0.0
 70
    32
  0
VERTEX
  5
734
330
6FE
100
AcDbEntity
  8
TWT_TEXT
100
AcDbVertex
100
AcDb3dPolylineVertex
 10
218.9788113143877
 20
125.9994835467078
 30
0.0
 70
    32
  0
VERTEX
  5
735
330
6FE
100
AcDbEntity
  8
TWT_TEXT
100
AcDbVertex
100
AcDb3dPolylineVertex
 10
235.9788113143877
 20
125.9994835467078
 30
0.0
 70
    32
  0
VERTEX
  5
736
330
6FE
100
AcDbEntity
  8
TWT_TEXT
100
AcDbVertex
100
AcDb3dPolylineVertex
 10
238.9788113143877
 20
120.9994835467077
 30
0.0
 70
    32
  0
VERTEX
  5
737
330
6FE
100
AcDbEntity
  8
TWT_TEXT
100
AcDbVertex
100
AcDb3dPolylineVertex
 10
236.9788113143877
 20
114.9994835467078
 30
0.0
 70
    32
  0
VERTEX
  5
738
330
6FE
100
AcDbEntity
  8
TWT_TEXT
100
AcDbVertex
100
AcDb3dPolylineVertex
 10
242.9788113143877
 20
117.9994835467077
 30
0.0
 70
    32
  0
VERTEX
  5
739
330
6FE
100
AcDbEntity
  8
TWT_TEXT
100
AcDbVertex
100
AcDb3dPolylineVertex
 10
251.9788113143877
 20
123.9994835467078
 30
0.0
 70
    32
  0
VERTEX
  5
73A
330
6FE
100
AcDbEntity
  8
TWT_TEXT
100
AcDbVertex
100
AcDb3dPolylineVertex
 10
251.9788113143877
 20
126.9994835467078
 30
0.0
 70
    32
  0
VERTEX
  5
73B
330
6FE
100
AcDbEntity
  8
TWT_TEXT
100
AcDbVertex
100
AcDb3dPolylineVertex
 10
255.9788113143877
 20
128.9994835467078
 30
0.0
 70
    32
  0
VERTEX
  5
73C
330
6FE
100
AcDbEntity
  8
TWT_TEXT
100
AcDbVertex
100
AcDb3dPolylineVertex
 10
263.9788113143877
 20
136.9994835467078
 30
0.0
 70
    32
  0
VERTEX
  5
73D
330
6FE
100
AcDbEntity
  8
TWT_TEXT
100
AcDbVertex
100
AcDb3dPolylineVertex
 10
267.9788113143877
 20
138.9994835467078
 30
0.0
 70
    32
  0
VERTEX
  5
73E
330
6FE
100
AcDbEntity
  8
TWT_TEXT
100
AcDbVertex
100
AcDb3dPolylineVertex
 10
277.9788113143877
 20
148.9994835467078
 30
0.0
 70
    32
  0
VERTEX
  5
73F
330
6FE
100
AcDbEntity
  8
TWT_TEXT
100
AcDbVertex
100
AcDb3dPolylineVertex
 10
278.9788113143877
 20
160.9994835467078
 30
0.0
 70
    32
  0
VERTEX
  5
740
330
6FE
100
AcDbEntity
  8
TWT_TEXT
100
AcDbVertex
100
AcDb3dPolylineVertex
 10
283.9788113143877
 20
195.9994835467077
 30
0.0
 70
    32
  0
VERTEX
  5
741
330
6FE
100
AcDbEntity
  8
TWT_TEXT
100
AcDbVertex
100
AcDb3dPolylineVertex
 10
287.9788113143877
 20
206.9994835467078
 30
0.0
 70
    32
  0
VERTEX
  5
742
330
6FE
100
AcDbEntity
  8
TWT_TEXT
100
AcDbVertex
100
AcDb3dPolylineVertex
 10
291.9788113143877
 20
206.9994835467078
 30
0.0
 70
    32
  0
VERTEX
  5
743
330
6FE
100
AcDbEntity
  8
TWT_TEXT
100
AcDbVertex
100
AcDb3dPolylineVertex
 10
295.9788113143877
 20
201.9994835467078
 30
0.0
 70
    32
  0
VERTEX
  5
744
330
6FE
100
AcDbEntity
  8
TWT_TEXT
100
AcDbVertex
100
AcDb3dPolylineVertex
 10
299.9788113143877
 20
192.9994835467077
 30
0.0
 70
    32
  0
VERTEX
  5
745
330
6FE
100
AcDbEntity
  8
TWT_TEXT
100
AcDbVertex
100
AcDb3dPolylineVertex
 10
292.9788113143877
 20
192.9994835467077
 30
0.0
 70
    32
  0
VERTEX
  5
746
330
6FE
100
AcDbEntity
  8
TWT_TEXT
100
AcDbVertex
100
AcDb3dPolylineVertex
 10
286.9788113143877
 20
160.9994835467078
 30
0.0
 70
    32
  0
VERTEX
  5
747
330
6FE
100
AcDbEntity
  8
TWT_TEXT
100
AcDbVertex
100
AcDb3dPolylineVertex
 10
283.9788113143877
 20
135.9994835467078
 30
0.0
 70
    32
  0
VERTEX
  5
748
330
6FE
100
AcDbEntity
  8
TWT_TEXT
100
AcDbVertex
100
AcDb3dPolylineVertex
 10
290.9788113143877
 20
138.9994835467078
 30
0.0
 70
    32
  0
VERTEX
  5
749
330
6FE
100
AcDbEntity
  8
TWT_TEXT
100
AcDbVertex
100
AcDb3dPolylineVertex
 10
293.9788113143877
 20
144.9994835467077
 30
0.0
 70
    32
  0
VERTEX
  5
74A
330
6FE
100
AcDbEntity
  8
TWT_TEXT
100
AcDbVertex
100
AcDb3dPolylineVertex
 10
297.9788113143877
 20
144.9994835467077
 30
0.0
 70
    32
  0
VERTEX
  5
74B
330
6FE
100
AcDbEntity
  8
TWT_TEXT
100
AcDbVertex
100
AcDb3dPolylineVertex
 10
300.9788113143877
 20
142.9994835467077
 30
0.0
 70
    32
  0
VERTEX
  5
74C
330
6FE
100
AcDbEntity
  8
TWT_TEXT
100
AcDbVertex
100
AcDb3dPolylineVertex
 10
299.9788113143877
 20
117.9994835467077
 30
0.0
 70
    32
  0
VERTEX
  5
74D
330
6FE
100
AcDbEntity
  8
TWT_TEXT
100
AcDbVertex
100
AcDb3dPolylineVertex
 10
303.9788113143877
 20
119.9994835467077
 30
0.0
 70
    32
  0
VERTEX
  5
74E
330
6FE
100
AcDbEntity
  8
TWT_TEXT
100
AcDbVertex
100
AcDb3dPolylineVertex
 10
315.9788113143877
 20
131.9994835467078
 30
0.0
 70
    32
  0
SEQEND
  5
74F
330
6FE
100
AcDbEntity
  8
TWT_TEXT
  0
POLYLINE
  5
750
330
6D3
100
AcDbEntity
  8
TWT_TEXT
100
AcDb3dPolyline
 66
     1
 10
0.0
 20
0.0
 30
0.0
 70
     8
  0
VERTEX
  5
751
330
750
100
AcDbEntity
  8
TWT_TEXT
100
AcDbVertex
100
AcDb3dPolylineVertex
 10
337.7631009570323
 20
100.1366421173734
 30
0.0
 70
    32
  0
VERTEX
  5
752
330
750
100
AcDbEntity
  8
TWT_TEXT
100
AcDbVertex
100
AcDb3dPolylineVertex
 10
335.9788113143877
 20
99.99948354670777
 30
0.0
 70
    32
  0
SEQEND
  5
753
330
750
100
AcDbEntity
  8
TWT_TEXT
  0
HATCH
  5
754
330
6D3
100
AcDbEntity
  8
TWT_TEXT
100
AcDbHatch
 10
0.0
 20
0.0
 30
0.0
210
0.0
220
0.0
230
1.0
  2
SOLID
 70
     1
 71
     0
 91
        2
 92
        7
 72
     0
 73
     1
 93
       74
 10
27.97881131438771
 20
114.9994835467078
 10
27.97881131438771
 20
107.9994835467078
 10
27.97881131438771
 20
98.99948354670778
 10
29.97881131438771
 20
98.99948354670778
 10
34.97881131438771
 20
97.99948354670778
 10
56.97881131438771
 20
111.9994835467078
 10
59.97881131438771
 20
114.9994835467078
 10
101.9788113143877
 20
135.9994835467078
 10
103.9788113143877
 20
135.9994835467078
 10
104.9788113143877
 20
118.9994835467077
 10
109.9788113143877
 20
114.9994835467078
 10
116.9788113143877
 20
117.9994835467077
 10
117.9788113143877
 20
120.9994835467077
 10
120.9788113143877
 20
120.9994835467077
 10
126.9788113143877
 20
116.9994835467077
 10
135.9788113143877
 20
127.9994835467078
 10
139.0831336377887
 20
133.7626040624745
 10
137.2435141846654
 20
136.571584608726
 10
131.9788113143877
 20
134.9994835467078
 10
131.9788113143877
 20
141.9994835467077
 10
129.0671395615209
 20
145.7275899276137
 10
143.9788113143877
 20
148.9994835467078
 10
145.9788113143877
 20
136.9994835467078
 10
145.9788113143877
 20
92.99948354670778
 10
145.9788113143877
 20
46.99948354670778
 10
147.9788113143877
 20
8.999483546707779
 10
150.9788113143877
 20
0.9994835467077791
 10
156.9788113143877
 20
-0.0005164532922208
 10
157.9788113143877
 20
27.99948354670778
 10
154.9788113143877
 20
27.99948354670778
 10
151.9788113143877
 20
43.99948354670778
 10
154.9788113143877
 20
133.9994835467078
 10
150.9788113143877
 20
151.9994835467078
 10
193.9788113143877
 20
157.9994835467078
 10
190.9788113143877
 20
164.9994835467078
 10
188.9788113143877
 20
164.9994835467078
 10
157.9788113143877
 20
160.9994835467078
 10
156.4788113143877
 20
159.9994835467078
 10
149.9788113143877
 20
157.9994835467078
 10
137.9788113143877
 20
155.9994835467078
 10
134.2348604846047
 20
154.9231730356696
 10
128.9788113143877
 20
152.9994835467078
 10
127.1582842475036
 20
152.5322575753671
 10
125.4273199219024
 20
152.0235532846127
 10
120.9788113143877
 20
150.9994835467078
 10
117.3325298741692
 20
150.4974363401998
 10
110.9788113143877
 20
148.9994835467078
 10
107.4546176494914
 20
147.7233831216581
 10
103.3062462458038
 20
145.9322876051883
 10
94.97881131438772
 20
140.9994835467077
 10
92.52860684721964
 20
139.3595118398079
 10
84.97881131438772
 20
135.9994835467078
 10
82.49871305102715
 20
134.3591214456828
 10
75.97881131438771
 20
130.9994835467078
 10
72.58561927918345
 20
128.7131109847396
 10
66.97881131438771
 20
125.9994835467078
 10
65.79514843516517
 20
125.1472087836882
 10
64.20905478775967
 20
123.1661529102712
 10
61.97881131438771
 20
120.9994835467077
 10
49.97881131438771
 20
116.9994835467077
 10
49.97881131438771
 20
114.9994835467078
 10
36.97881131438772
 20
110.9994835467078
 10
31.97881131438772
 20
119.9994835467077
 10
30.97881131438771
 20
119.9994835467077
 10
26.97881131438772
 20
123.9994835467078
 10
19.97881131438771
 20
119.9994835467077
 10
14.97881131438771
 20
114.9994835467078
 10
11.97881131438771
 20
111.9994835467078
 10
6.517962233920115
 20
109.5046933528792
 10
0.0008751490386203
 20
106.2112910919531
 10
2.978811314387712
 20
101.9994835467078
 10
9.963779075653292
 20
104.9388401258911
 10
14.97881131438771
 20
109.9994835467078
 10
24.04668711172417
 20
113.3968934334407
 97
        0
 92
       22
 72
     0
 73
     1
 93
        5
 10
112.9788113143877
 20
129.9994835467078
 10
113.9788113143877
 20
140.9994835467077
 10
122.9788113143877
 20
142.9994835467077
 10
121.9788113143877
 20
134.9994835467078
 10
116.9788113143877
 20
129.9994835467078
 97
        0
 75
     1
 76
     1
 47
0.1762264952080124
 98
        2
 10
24.80571352341212
 20
116.5168766461138
 10
24.80571352341212
 20
116.5168766461138
450
        0
451
        0
460
0.0
461
0.0
452
        0
462
1.0
453
        2
463
0.0
 63
     5
421
      255
463
1.0
 63
     2
421
 16776960
470
LINEAR
1001
GradientColor1ACI
1070
     5
1001
GradientColor2ACI
1070
     2
1001
ACAD
1010
0.0
1020
0.0
1030
0.0
  0
HATCH
  5
755
330
6D3
100
AcDbEntity
  8
TWT_TEXT
100
AcDbHatch
 10
0.0
 20
0.0
 30
0.0
210
0.0
220
0.0
230
1.0
  2
SOLID
 70
     1
 71
     0
 91
        1
 92
        7
 72
     0
 73
     1
 93
       11
 10
26.97881131438772
 20
123.9994835467078
 10
30.97881131438771
 20
119.9994835467077
 10
49.97881131438771
 20
142.9994835467077
 10
65.97881131438771
 20
160.9994835467078
 10
68.97881131438771
 20
164.9994835467078
 10
68.97881131438771
 20
170.9994835467077
 10
60.97881131438771
 20
170.9994835467077
 10
53.84785608254606
 20
162.1060877199052
 10
49.97881131438771
 20
156.9994835467078
 10
45.0391374338069
 20
149.1622978047817
 10
41.97881131438771
 20
143.9994835467078
 97
        0
 75
     1
 76
     1
 47
0.1772782681633165
 98
        1
 10
38.09365928656189
 20
133.9082913745078
450
        0
451
        0
460
0.0
461
0.0
452
        0
462
1.0
453
        2
463
0.0
 63
     5
421
      255
463
1.0
 63
     2
421
 16776960
470
LINEAR
1001
GradientColor1ACI
1070
     5
1001
GradientColor2ACI
1070
     2
1001
ACAD
1010
0.0
1020
0.0
1030
0.0
  0
POLYLINE
  5
756
330
6D3
100
AcDbEntity
  8
TWT_TEXT
100
AcDb3dPolyline
 66
     1
 10
0.0
 20
0.0
 30
0.0
 70
     8
  0
VERTEX
  5
757
330
756
100
AcDbEntity
  8
TWT_TEXT
100
AcDbVertex
100
AcDb3dPolylineVertex
 10
11.97881131438771
 20
111.9994835467078
 30
0.0
 70
    32
  0
VERTEX
  5
758
330
756
100
AcDbEntity
  8
TWT_TEXT
100
AcDbVertex
100
AcDb3dPolylineVertex
 10
14.97881131438771
 20
114.9994835467078
 30
0.0
 70
    32
  0
VERTEX
  5
759
330
756
100
AcDbEntity
  8
TWT_TEXT
100
AcDbVertex
100
AcDb3dPolylineVertex
 10
19.97881131438771
 20
119.9994835467077
 30
0.0
 70
    32
  0
VERTEX
  5
75A
330
756
100
AcDbEntity
  8
TWT_TEXT
100
AcDbVertex
100
AcDb3dPolylineVertex
 10
26.97881131438772
 20
123.9994835467078
 30
0.0
 70
    32
  0
VERTEX
  5
75B
330
756
100
AcDbEntity
  8
TWT_TEXT
100
AcDbVertex
100
AcDb3dPolylineVertex
 10
30.97881131438771
 20
119.9994835467077
 30
0.0
 70
    32
  0
VERTEX
  5
75C
330
756
100
AcDbEntity
  8
TWT_TEXT
100
AcDbVertex
100
AcDb3dPolylineVertex
 10
31.97881131438772
 20
119.9994835467077
 30
0.0
 70
    32
  0
VERTEX
  5
75D
330
756
100
AcDbEntity
  8
TWT_TEXT
100
AcDbVertex
100
AcDb3dPolylineVertex
 10
36.97881131438772
 20
110.9994835467078
 30
0.0
 70
    32
  0
VERTEX
  5
75E
330
756
100
AcDbEntity
  8
TWT_TEXT
100
AcDbVertex
100
AcDb3dPolylineVertex
 10
49.97881131438771
 20
114.9994835467078
 30
0.0
 70
    32
  0
VERTEX
  5
75F
330
756
100
AcDbEntity
  8
TWT_TEXT
100
AcDbVertex
100
AcDb3dPolylineVertex
 10
49.97881131438771
 20
116.9994835467077
 30
0.0
 70
    32
  0
VERTEX
  5
760
330
756
100
AcDbEntity
  8
TWT_TEXT
100
AcDbVertex
100
AcDb3dPolylineVertex
 10
61.97881131438771
 20
120.9994835467077
 30
0.0
 70
    32
  0
VERTEX
  5
761
330
756
100
AcDbEntity
  8
TWT_TEXT
100
AcDbVertex
100
AcDb3dPolylineVertex
 10
64.20905478775967
 20
123.1661529102712
 30
0.0
 70
    32
  0
VERTEX
  5
762
330
756
100
AcDbEntity
  8
TWT_TEXT
100
AcDbVertex
100
AcDb3dPolylineVertex
 10
65.79514843516517
 20
125.1472087836882
 30
0.0
 70
    32
  0
VERTEX
  5
763
330
756
100
AcDbEntity
  8
TWT_TEXT
100
AcDbVertex
100
AcDb3dPolylineVertex
 10
66.97881131438771
 20
125.9994835467078
 30
0.0
 70
    32
  0
VERTEX
  5
764
330
756
100
AcDbEntity
  8
TWT_TEXT
100
AcDbVertex
100
AcDb3dPolylineVertex
 10
72.58561927918345
 20
128.7131109847396
 30
0.0
 70
    32
  0
VERTEX
  5
765
330
756
100
AcDbEntity
  8
TWT_TEXT
100
AcDbVertex
100
AcDb3dPolylineVertex
 10
75.97881131438771
 20
130.9994835467078
 30
0.0
 70
    32
  0
VERTEX
  5
766
330
756
100
AcDbEntity
  8
TWT_TEXT
100
AcDbVertex
100
AcDb3dPolylineVertex
 10
82.49871305102715
 20
134.3591214456828
 30
0.0
 70
    32
  0
VERTEX
  5
767
330
756
100
AcDbEntity
  8
TWT_TEXT
100
AcDbVertex
100
AcDb3dPolylineVertex
 10
84.97881131438772
 20
135.9994835467078
 30
0.0
 70
    32
  0
VERTEX
  5
768
330
756
100
AcDbEntity
  8
TWT_TEXT
100
AcDbVertex
100
AcDb3dPolylineVertex
 10
92.52860684721964
 20
139.3595118398079
 30
0.0
 70
    32
  0
VERTEX
  5
769
330
756
100
AcDbEntity
  8
TWT_TEXT
100
AcDbVertex
100
AcDb3dPolylineVertex
 10
94.97881131438772
 20
140.9994835467077
 30
0.0
 70
    32
  0
VERTEX
  5
76A
330
756
100
AcDbEntity
  8
TWT_TEXT
100
AcDbVertex
100
AcDb3dPolylineVertex
 10
103.3062462458038
 20
145.9322876051883
 30
0.0
 70
    32
  0
VERTEX
  5
76B
330
756
100
AcDbEntity
  8
TWT_TEXT
100
AcDbVertex
100
AcDb3dPolylineVertex
 10
107.4546176494914
 20
147.7233831216581
 30
0.0
 70
    32
  0
VERTEX
  5
76C
330
756
100
AcDbEntity
  8
TWT_TEXT
100
AcDbVertex
100
AcDb3dPolylineVertex
 10
110.9788113143877
 20
148.9994835467078
 30
0.0
 70
    32
  0
VERTEX
  5
76D
330
756
100
AcDbEntity
  8
TWT_TEXT
100
AcDbVertex
100
AcDb3dPolylineVertex
 10
117.3325298741692
 20
150.4974363401998
 30
0.0
 70
    32
  0
VERTEX
  5
76E
330
756
100
AcDbEntity
  8
TWT_TEXT
100
AcDbVertex
100
AcDb3dPolylineVertex
 10
120.9788113143877
 20
150.9994835467078
 30
0.0
 70
    32
  0
VERTEX
  5
76F
330
756
100
AcDbEntity
  8
TWT_TEXT
100
AcDbVertex
100
AcDb3dPolylineVertex
 10
125.4273199219024
 20
152.0235532846127
 30
0.0
 70
    32
  0
VERTEX
  5
770
330
756
100
AcDbEntity
  8
TWT_TEXT
100
AcDbVertex
100
AcDb3dPolylineVertex
 10
127.1582842475036
 20
152.5322575753671
 30
0.0
 70
    32
  0
VERTEX
  5
771
330
756
100
AcDbEntity
  8
TWT_TEXT
100
AcDbVertex
100
AcDb3dPolylineVertex
 10
128.9788113143877
 20
152.9994835467078
 30
0.0
 70
    32
  0
VERTEX
  5
772
330
756
100
AcDbEntity
  8
TWT_TEXT
100
AcDbVertex
100
AcDb3dPolylineVertex
 10
134.2348604846047
 20
154.9231730356696
 30
0.0
 70
    32
  0
VERTEX
  5
773
330
756
100
AcDbEntity
  8
TWT_TEXT
100
AcDbVertex
100
AcDb3dPolylineVertex
 10
137.9788113143877
 20
155.9994835467078
 30
0.0
 70
    32
  0
VERTEX
  5
774
330
756
100
AcDbEntity
  8
TWT_TEXT
100
AcDbVertex
100
AcDb3dPolylineVertex
 10
149.9788113143877
 20
157.9994835467078
 30
0.0
 70
    32
  0
VERTEX
  5
775
330
756
100
AcDbEntity
  8
TWT_TEXT
100
AcDbVertex
100
AcDb3dPolylineVertex
 10
156.4788113143877
 20
159.9994835467078
 30
0.0
 70
    32
  0
VERTEX
  5
776
330
756
100
AcDbEntity
  8
TWT_TEXT
100
AcDbVertex
100
AcDb3dPolylineVertex
 10
157.9788113143877
 20
160.9994835467078
 30
0.0
 70
    32
  0
VERTEX
  5
777
330
756
100
AcDbEntity
  8
TWT_TEXT
100
AcDbVertex
100
AcDb3dPolylineVertex
 10
188.9788113143877
 20
164.9994835467078
 30
0.0
 70
    32
  0
VERTEX
  5
778
330
756
100
AcDbEntity
  8
TWT_TEXT
100
AcDbVertex
100
AcDb3dPolylineVertex
 10
190.9788113143877
 20
164.9994835467078
 30
0.0
 70
    32
  0
VERTEX
  5
779
330
756
100
AcDbEntity
  8
TWT_TEXT
100
AcDbVertex
100
AcDb3dPolylineVertex
 10
193.9788113143877
 20
157.9994835467078
 30
0.0
 70
    32
  0
VERTEX
  5
77A
330
756
100
AcDbEntity
  8
TWT_TEXT
100
AcDbVertex
100
AcDb3dPolylineVertex
 10
150.9788113143877
 20
151.9994835467078
 30
0.0
 70
    32
  0
VERTEX
  5
77B
330
756
100
AcDbEntity
  8
TWT_TEXT
100
AcDbVertex
100
AcDb3dPolylineVertex
 10
154.9788113143877
 20
133.9994835467078
 30
0.0
 70
    32
  0
VERTEX
  5
77C
330
756
100
AcDbEntity
  8
TWT_TEXT
100
AcDbVertex
100
AcDb3dPolylineVertex
 10
151.9788113143877
 20
43.99948354670778
 30
0.0
 70
    32
  0
VERTEX
  5
77D
330
756
100
AcDbEntity
  8
TWT_TEXT
100
AcDbVertex
100
AcDb3dPolylineVertex
 10
154.9788113143877
 20
27.99948354670778
 30
0.0
 70
    32
  0
VERTEX
  5
77E
330
756
100
AcDbEntity
  8
TWT_TEXT
100
AcDbVertex
100
AcDb3dPolylineVertex
 10
157.9788113143877
 20
27.99948354670778
 30
0.0
 70
    32
  0
VERTEX
  5
77F
330
756
100
AcDbEntity
  8
TWT_TEXT
100
AcDbVertex
100
AcDb3dPolylineVertex
 10
156.9788113143877
 20
-0.0005164532922208
 30
0.0
 70
    32
  0
VERTEX
  5
780
330
756
100
AcDbEntity
  8
TWT_TEXT
100
AcDbVertex
100
AcDb3dPolylineVertex
 10
150.9788113143877
 20
0.9994835467077791
 30
0.0
 70
    32
  0
VERTEX
  5
781
330
756
100
AcDbEntity
  8
TWT_TEXT
100
AcDbVertex
100
AcDb3dPolylineVertex
 10
147.9788113143877
 20
8.999483546707779
 30
0.0
 70
    32
  0
VERTEX
  5
782
330
756
100
AcDbEntity
  8
TWT_TEXT
100
AcDbVertex
100
AcDb3dPolylineVertex
 10
145.9788113143877
 20
46.99948354670778
 30
0.0
 70
    32
  0
VERTEX
  5
783
330
756
100
AcDbEntity
  8
TWT_TEXT
100
AcDbVertex
100
AcDb3dPolylineVertex
 10
145.9788113143877
 20
92.99948354670778
 30
0.0
 70
    32
  0
VERTEX
  5
784
330
756
100
AcDbEntity
  8
TWT_TEXT
100
AcDbVertex
100
AcDb3dPolylineVertex
 10
145.9788113143877
 20
136.9994835467078
 30
0.0
 70
    32
  0
VERTEX
  5
785
330
756
100
AcDbEntity
  8
TWT_TEXT
100
AcDbVertex
100
AcDb3dPolylineVertex
 10
143.9788113143877
 20
148.9994835467078
 30
0.0
 70
    32
  0
VERTEX
  5
786
330
756
100
AcDbEntity
  8
TWT_TEXT
100
AcDbVertex
100
AcDb3dPolylineVertex
 10
129.0671395615209
 20
145.7275899276137
 30
0.0
 70
    32
  0
VERTEX
  5
787
330
756
100
AcDbEntity
  8
TWT_TEXT
100
AcDbVertex
100
AcDb3dPolylineVertex
 10
131.9788113143877
 20
141.9994835467077
 30
0.0
 70
    32
  0
VERTEX
  5
788
330
756
100
AcDbEntity
  8
TWT_TEXT
100
AcDbVertex
100
AcDb3dPolylineVertex
 10
131.9788113143877
 20
134.9994835467078
 30
0.0
 70
    32
  0
VERTEX
  5
789
330
756
100
AcDbEntity
  8
TWT_TEXT
100
AcDbVertex
100
AcDb3dPolylineVertex
 10
137.2435141846654
 20
136.571584608726
 30
0.0
 70
    32
  0
SEQEND
  5
78A
330
756
100
AcDbEntity
  8
TWT_TEXT
  0
POLYLINE
  5
78B
330
6D3
100
AcDbEntity
  8
TWT_TEXT
100
AcDb3dPolyline
 66
     1
 10
0.0
 20
0.0
 30
0.0
 70
     8
  0
VERTEX
  5
78C
330
78B
100
AcDbEntity
  8
TWT_TEXT
100
AcDbVertex
100
AcDb3dPolylineVertex
 10
11.97881131438771
 20
111.9994835467078
 30
0.0
 70
    32
  0
VERTEX
  5
78D
330
78B
100
AcDbEntity
  8
TWT_TEXT
100
AcDbVertex
100
AcDb3dPolylineVertex
 10
6.517962233920115
 20
109.5046933528792
 30
0.0
 70
    32
  0
VERTEX
  5
78E
330
78B
100
AcDbEntity
  8
TWT_TEXT
100
AcDbVertex
100
AcDb3dPolylineVertex
 10
0.0008751490386203
 20
106.2112910919531
 30
0.0
 70
    32
  0
VERTEX
  5
78F
330
78B
100
AcDbEntity
  8
TWT_TEXT
100
AcDbVertex
100
AcDb3dPolylineVertex
 10
2.978811314387712
 20
101.9994835467078
 30
0.0
 70
    32
  0
VERTEX
  5
790
330
78B
100
AcDbEntity
  8
TWT_TEXT
100
AcDbVertex
100
AcDb3dPolylineVertex
 10
9.963779075653292
 20
104.9388401258911
 30
0.0
 70
    32
  0
VERTEX
  5
791
330
78B
100
AcDbEntity
  8
TWT_TEXT
100
AcDbVertex
100
AcDb3dPolylineVertex
 10
14.97881131438771
 20
109.9994835467078
 30
0.0
 70
    32
  0
VERTEX
  5
792
330
78B
100
AcDbEntity
  8
TWT_TEXT
100
AcDbVertex
100
AcDb3dPolylineVertex
 10
24.04668711172417
 20
113.3968934334407
 30
0.0
 70
    32
  0
VERTEX
  5
793
330
78B
100
AcDbEntity
  8
TWT_TEXT
100
AcDbVertex
100
AcDb3dPolylineVertex
 10
27.97881131438771
 20
114.9994835467078
 30
0.0
 70
    32
  0
VERTEX
  5
794
330
78B
100
AcDbEntity
  8
TWT_TEXT
100
AcDbVertex
100
AcDb3dPolylineVertex
 10
27.97881131438771
 20
107.9994835467078
 30
0.0
 70
    32
  0
VERTEX
  5
795
330
78B
100
AcDbEntity
  8
TWT_TEXT
100
AcDbVertex
100
AcDb3dPolylineVertex
 10
27.97881131438771
 20
98.99948354670778
 30
0.0
 70
    32
  0
VERTEX
  5
796
330
78B
100
AcDbEntity
  8
TWT_TEXT
100
AcDbVertex
100
AcDb3dPolylineVertex
 10
29.97881131438771
 20
98.99948354670778
 30
0.0
 70
    32
  0
VERTEX
  5
797
330
78B
100
AcDbEntity
  8
TWT_TEXT
100
AcDbVertex
100
AcDb3dPolylineVertex
 10
34.97881131438771
 20
97.99948354670778
 30
0.0
 70
    32
  0
VERTEX
  5
798
330
78B
100
AcDbEntity
  8
TWT_TEXT
100
AcDbVertex
100
AcDb3dPolylineVertex
 10
56.97881131438771
 20
111.9994835467078
 30
0.0
 70
    32
  0
VERTEX
  5
799
330
78B
100
AcDbEntity
  8
TWT_TEXT
100
AcDbVertex
100
AcDb3dPolylineVertex
 10
59.97881131438771
 20
114.9994835467078
 30
0.0
 70
    32
  0
VERTEX
  5
79A
330
78B
100
AcDbEntity
  8
TWT_TEXT
100
AcDbVertex
100
AcDb3dPolylineVertex
 10
101.9788113143877
 20
135.9994835467078
 30
0.0
 70
    32
  0
VERTEX
  5
79B
330
78B
100
AcDbEntity
  8
TWT_TEXT
100
AcDbVertex
100
AcDb3dPolylineVertex
 10
103.9788113143877
 20
135.9994835467078
 30
0.0
 70
    32
  0
VERTEX
  5
79C
330
78B
100
AcDbEntity
  8
TWT_TEXT
100
AcDbVertex
100
AcDb3dPolylineVertex
 10
104.9788113143877
 20
118.9994835467077
 30
0.0
 70
    32
  0
VERTEX
  5
79D
330
78B
100
AcDbEntity
  8
TWT_TEXT
100
AcDbVertex
100
AcDb3dPolylineVertex
 10
109.9788113143877
 20
114.9994835467078
 30
0.0
 70
    32
  0
VERTEX
  5
79E
330
78B
100
AcDbEntity
  8
TWT_TEXT
100
AcDbVertex
100
AcDb3dPolylineVertex
 10
116.9788113143877
 20
117.9994835467077
 30
0.0
 70
    32
  0
VERTEX
  5
79F
330
78B
100
AcDbEntity
  8
TWT_TEXT
100
AcDbVertex
100
AcDb3dPolylineVertex
 10
117.9788113143877
 20
120.9994835467077
 30
0.0
 70
    32
  0
VERTEX
  5
7A0
330
78B
100
AcDbEntity
  8
TWT_TEXT
100
AcDbVertex
100
AcDb3dPolylineVertex
 10
120.9788113143877
 20
120.9994835467077
 30
0.0
 70
    32
  0
VERTEX
  5
7A1
330
78B
100
AcDbEntity
  8
TWT_TEXT
100
AcDbVertex
100
AcDb3dPolylineVertex
 10
126.9788113143877
 20
116.9994835467077
 30
0.0
 70
    32
  0
VERTEX
  5
7A2
330
78B
100
AcDbEntity
  8
TWT_TEXT
100
AcDbVertex
100
AcDb3dPolylineVertex
 10
135.9788113143877
 20
127.9994835467078
 30
0.0
 70
    32
  0
VERTEX
  5
7A3
330
78B
100
AcDbEntity
  8
TWT_TEXT
100
AcDbVertex
100
AcDb3dPolylineVertex
 10
139.0831336377887
 20
133.7626040624745
 30
0.0
 70
    32
  0
SEQEND
  5
7A4
330
78B
100
AcDbEntity
  8
TWT_TEXT
  0
POLYLINE
  5
7A5
330
6D3
100
AcDbEntity
  8
TWT_TEXT
100
AcDb3dPolyline
 66
     1
 10
0.0
 20
0.0
 30
0.0
 70
     8
  0
VERTEX
  5
7A6
330
7A5
100
AcDbEntity
  8
TWT_TEXT
100
AcDbVertex
100
AcDb3dPolylineVertex
 10
30.97881131438771
 20
119.9994835467077
 30
0.0
 70
    32
  0
VERTEX
  5
7A7
330
7A5
100
AcDbEntity
  8
TWT_TEXT
100
AcDbVertex
100
AcDb3dPolylineVertex
 10
49.97881131438771
 20
142.9994835467077
 30
0.0
 70
    32
  0
VERTEX
  5
7A8
330
7A5
100
AcDbEntity
  8
TWT_TEXT
100
AcDbVertex
100
AcDb3dPolylineVertex
 10
65.97881131438771
 20
160.9994835467078
 30
0.0
 70
    32
  0
VERTEX
  5
7A9
330
7A5
100
AcDbEntity
  8
TWT_TEXT
100
AcDbVertex
100
AcDb3dPolylineVertex
 10
68.97881131438771
 20
164.9994835467078
 30
0.0
 70
    32
  0
VERTEX
  5
7AA
330
7A5
100
AcDbEntity
  8
TWT_TEXT
100
AcDbVertex
100
AcDb3dPolylineVertex
 10
68.97881131438771
 20
170.9994835467077
 30
0.0
 70
    32
  0
VERTEX
  5
7AB
330
7A5
100
AcDbEntity
  8
TWT_TEXT
100
AcDbVertex
100
AcDb3dPolylineVertex
 10
60.97881131438771
 20
170.9994835467077
 30
0.0
 70
    32
  0
VERTEX
  5
7AC
330
7A5
100
AcDbEntity
  8
TWT_TEXT
100
AcDbVertex
100
AcDb3dPolylineVertex
 10
53.84785608254606
 20
162.1060877199052
 30
0.0
 70
    32
  0
VERTEX
  5
7AD
330
7A5
100
AcDbEntity
  8
TWT_TEXT
100
AcDbVertex
100
AcDb3dPolylineVertex
 10
49.97881131438771
 20
156.9994835467078
 30
0.0
 70
    32
  0
VERTEX
  5
7AE
330
7A5
100
AcDbEntity
  8
TWT_TEXT
100
AcDbVertex
100
AcDb3dPolylineVertex
 10
45.0391374338069
 20
149.1622978047817
 30
0.0
 70
    32
  0
VERTEX
  5
7AF
330
7A5
100
AcDbEntity
  8
TWT_TEXT
100
AcDbVertex
100
AcDb3dPolylineVertex
 10
41.97881131438771
 20
143.9994835467078
 30
0.0
 70
    32
  0
VERTEX
  5
7B0
330
7A5
100
AcDbEntity
  8
TWT_TEXT
100
AcDbVertex
100
AcDb3dPolylineVertex
 10
41.97881131438771
 20
143.9994835467078
 30
0.0
 70
    32
  0
VERTEX
  5
7B1
330
7A5
100
AcDbEntity
  8
TWT_TEXT
100
AcDbVertex
100
AcDb3dPolylineVertex
 10
41.97881131438771
 20
143.9994835467078
 30
0.0
 70
    32
  0
SEQEND
  5
7B2
330
7A5
100
AcDbEntity
  8
TWT_TEXT
  0
POLYLINE
  5
7B3
330
6D3
100
AcDbEntity
  8
TWT_TEXT
100
AcDb3dPolyline
 66
     1
 10
0.0
 20
0.0
 30
0.0
 70
     8
  0
VERTEX
  5
7B4
330
7B3
100
AcDbEntity
  8
TWT_TEXT
100
AcDbVertex
100
AcDb3dPolylineVertex
 10
225.9112076760502
 20
153.0670871850161
 30
0.0
 70
    32
  0
VERTEX
  5
7B5
330
7B3
100
AcDbEntity
  8
TWT_TEXT
100
AcDbVertex
100
AcDb3dPolylineVertex
 10
223.9788113143877
 20
154.9994835467078
 30
0.0
 70
    32
  0
VERTEX
  5
7B6
330
7B3
100
AcDbEntity
  8
TWT_TEXT
100
AcDbVertex
100
AcDb3dPolylineVertex
 10
218.9788113143877
 20
143.9994835467078
 30
0.0
 70
    32
  0
VERTEX
  5
7B7
330
7B3
100
AcDbEntity
  8
TWT_TEXT
100
AcDbVertex
100
AcDb3dPolylineVertex
 10
223.9788113143877
 20
145.9994835467077
 30
0.0
 70
    32
  0
VERTEX
  5
7B8
330
7B3
100
AcDbEntity
  8
TWT_TEXT
100
AcDbVertex
100
AcDb3dPolylineVertex
 10
225.9112076760502
 20
153.0670871850161
 30
0.0
 70
    32
  0
VERTEX
  5
7B9
330
7B3
100
AcDbEntity
  8
TWT_TEXT
100
AcDbVertex
100
AcDb3dPolylineVertex
 10
225.9112076760502
 20
153.0670871850161
 30
0.0
 70
    32
  0
SEQEND
  5
7BA
330
7B3
100
AcDbEntity
  8
TWT_TEXT
  0
POLYLINE
  5
7BB
330
6D3
100
AcDbEntity
  8
TWT_TEXT
100
AcDb3dPolyline
 66
     1
 10
0.0
 20
0.0
 30
0.0
 70
     8
  0
VERTEX
  5
7BC
330
7BB
100
AcDbEntity
  8
TWT_TEXT
100
AcDbVertex
100
AcDb3dPolylineVertex
 10
338.9788113143877
 20
108.9994835467078
 30
0.0
 70
    32
  0
VERTEX
  5
7BD
330
7BB
100
AcDbEntity
  8
TWT_TEXT
100
AcDbVertex
100
AcDb3dPolylineVertex
 10
338.9788113143877
 20
113.9994835467078
 30
0.0
 70
    32
  0
VERTEX
  5
7BE
330
7BB
100
AcDbEntity
  8
TWT_TEXT
100
AcDbVertex
100
AcDb3dPolylineVertex
 10
343.9788113143877
 20
115.9994835467077
 30
0.0
 70
    32
  0
VERTEX
  5
7BF
330
7BB
100
AcDbEntity
  8
TWT_TEXT
100
AcDbVertex
100
AcDb3dPolylineVertex
 10
343.9788113143877
 20
108.9994835467078
 30
0.0
 70
    32
  0
VERTEX
  5
7C0
330
7BB
100
AcDbEntity
  8
TWT_TEXT
100
AcDbVertex
100
AcDb3dPolylineVertex
 10
337.9788113143877
 20
109.9994835467078
 30
0.0
 70
    32
  0
SEQEND
  5
7C1
330
7BB
100
AcDbEntity
  8
TWT_TEXT
  0
POLYLINE
  5
7C2
330
6D3
100
AcDbEntity
  8
TWT_TEXT
100
AcDb3dPolyline
 66
     1
 10
0.0
 20
0.0
 30
0.0
 70
     8
  0
VERTEX
  5
7C3
330
7C2
100
AcDbEntity
  8
TWT_TEXT
100
AcDbVertex
100
AcDb3dPolylineVertex
 10
281.9788113143877
 20
112.9994835467078
 30
0.0
 70
    32
  0
VERTEX
  5
7C4
330
7C2
100
AcDbEntity
  8
TWT_TEXT
100
AcDbVertex
100
AcDb3dPolylineVertex
 10
283.9788113143877
 20
133.9994835467078
 30
0.0
 70
    32
  0
VERTEX
  5
7C5
330
7C2
100
AcDbEntity
  8
TWT_TEXT
100
AcDbVertex
100
AcDb3dPolylineVertex
 10
285.9788113143877
 20
133.9994835467078
 30
0.0
 70
    32
  0
VERTEX
  5
7C6
330
7C2
100
AcDbEntity
  8
TWT_TEXT
100
AcDbVertex
100
AcDb3dPolylineVertex
 10
286.9788113143877
 20
117.9994835467077
 30
0.0
 70
    32
  0
VERTEX
  5
7C7
330
7C2
100
AcDbEntity
  8
TWT_TEXT
100
AcDbVertex
100
AcDb3dPolylineVertex
 10
284.9788113143877
 20
112.9994835467078
 30
0.0
 70
    32
  0
VERTEX
  5
7C8
330
7C2
100
AcDbEntity
  8
TWT_TEXT
100
AcDbVertex
100
AcDb3dPolylineVertex
 10
281.9788113143877
 20
112.9994835467078
 30
0.0
 70
    32
  0
SEQEND
  5
7C9
330
7C2
100
AcDbEntity
  8
TWT_TEXT
  0
POLYLINE
  5
7CA
330
6D3
100
AcDbEntity
  8
TWT_TEXT
100
AcDb3dPolyline
 66
     1
 10
0.0
 20
0.0
 30
0.0
 70
     8
  0
VERTEX
  5
7CB
330
7CA
100
AcDbEntity
  8
TWT_TEXT
100
AcDbVertex
100
AcDb3dPolylineVertex
 10
332.9788113143877
 20
116.9994835467077
 30
0.0
 70
    32
  0
VERTEX
  5
7CC
330
7CA
100
AcDbEntity
  8
TWT_TEXT
100
AcDbVertex
100
AcDb3dPolylineVertex
 10
333.9788113143877
 20
127.9994835467078
 30
0.0
 70
    32
  0
VERTEX
  5
7CD
330
7CA
100
AcDbEntity
  8
TWT_TEXT
100
AcDbVertex
100
AcDb3dPolylineVertex
 10
341.9788113143877
 20
128.9994835467078
 30
0.0
 70
    32
  0
VERTEX
  5
7CE
330
7CA
100
AcDbEntity
  8
TWT_TEXT
100
AcDbVertex
100
AcDb3dPolylineVertex
 10
339.9788113143877
 20
121.9994835467077
 30
0.0
 70
    32
  0
VERTEX
  5
7CF
330
7CA
100
AcDbEntity
  8
TWT_TEXT
100
AcDbVertex
100
AcDb3dPolylineVertex
 10
332.9788113143877
 20
116.9994835467077
 30
0.0
 70
    32
  0
SEQEND
  5
7D0
330
7CA
100
AcDbEntity
  8
TWT_TEXT
  0
POLYLINE
  5
7D1
330
6D3
100
AcDbEntity
  8
TWT_TEXT
100
AcDb3dPolyline
 66
     1
 10
0.0
 20
0.0
 30
0.0
 70
     8
  0
VERTEX
  5
7D2
330
7D1
100
AcDbEntity
  8
TWT_TEXT
100
AcDbVertex
100
AcDb3dPolylineVertex
 10
112.9788113143877
 20
129.9994835467078
 30
0.0
 70
    32
  0
VERTEX
  5
7D3
330
7D1
100
AcDbEntity
  8
TWT_TEXT
100
AcDbVertex
100
AcDb3dPolylineVertex
 10
113.9788113143877
 20
140.9994835467077
 30
0.0
 70
    32
  0
VERTEX
  5
7D4
330
7D1
100
AcDbEntity
  8
TWT_TEXT
100
AcDbVertex
100
AcDb3dPolylineVertex
 10
122.9788113143877
 20
142.9994835467077
 30
0.0
 70
    32
  0
VERTEX
  5
7D5
330
7D1
100
AcDbEntity
  8
TWT_TEXT
100
AcDbVertex
100
AcDb3dPolylineVertex
 10
121.9788113143877
 20
134.9994835467078
 30
0.0
 70
    32
  0
VERTEX
  5
7D6
330
7D1
100
AcDbEntity
  8
TWT_TEXT
100
AcDbVertex
100
AcDb3dPolylineVertex
 10
116.9788113143877
 20
129.9994835467078
 30
0.0
 70
    32
  0
VERTEX
  5
7D7
330
7D1
100
AcDbEntity
  8
TWT_TEXT
100
AcDbVertex
100
AcDb3dPolylineVertex
 10
112.9788113143877
 20
129.9994835467078
 30
0.0
 70
    32
  0
SEQEND
  5
7D8
330
7D1
100
AcDbEntity
  8
TWT_TEXT
  0
LINE
  5
7D9
330
6D3
100
AcDbEntity
  8
TWT_TEXT
100
AcDbLine
 10
26.97881131438772
 20
123.9994835467078
 30
0.0
 11
41.97881131438771
 21
143.9994835467078
 31
0.0
  0
LINE
  5
7DA
330
6D3
100
AcDbEntity
  8
TWT_TEXT
100
AcDbLine
 10
139.0831336377887
 20
133.7626040624745
 30
0.0
 11
137.2435141846654
 21
136.571584608726
 31
0.0
  0
ENDBLK
  5
7DB
330
6D3
100
AcDbEntity
  8
0
100
AcDbBlockEnd
  0
BLOCK
  5
658
330
655
100
AcDbEntity
  8
0
100
AcDbBlockBegin
  2
A$C54597E38
 70
     0
 10
0.0
 20
0.0
 30
0.0
  3
A$C54597E38
  1

  0
HATCH
  5
659
330
655
100
AcDbEntity
  8
9
100
AcDbHatch
 10
0.0
 20
0.0
 30
0.0
210
0.0
220
0.0
230
1.0
  2
ANSI31
 70
     0
 71
     0
 91
        5
 92
        1
 93
       15
 72
     1
 10
99.41308107186342
 20
457.9238279424608
 11
99.41308107186342
 21
400.1056380121154
 72
     1
 10
99.41308107186342
 20
400.1056380121154
 11
-0.0014904474955983
 21
400.1056380121154
 72
     1
 10
-0.0014904474955983
 20
400.1056380121154
 11
-0.0014904474955983
 21
619.6488396740751
 72
     2
 10
63.56569147878326
 20
619.6488396740751
 40
63.56718192627756
 50
180.0
 51
270.0
 73
     0
 72
     1
 10
63.56569147878326
 20
683.216021600354
 11
621.6343565146671
 21
683.216021600354
 72
     2
 10
621.6343565146671
 20
619.6488396740751
 40
63.56718192627756
 50
270.0
 51
360.0
 73
     0
 72
     1
 10
685.201538440946
 20
619.6488396740751
 11
685.201538440946
 21
396.4916128304612
 72
     1
 10
685.201538440946
 20
396.4916128304612
 11
593.6977717831032
 21
396.4916128304612
 72
     1
 10
593.6977717831614
 20
396.4916128304612
 11
593.6977717831614
 21
462.9157312730967
 72
     1
 10
593.6977717831614
 20
462.9157312730967
 11
614.0798925631097
 21
462.9157312730967
 72
     1
 10
614.0798925631097
 20
462.9157312730967
 11
624.0262774157454
 21
462.9157312730967
 72
     1
 10
624.0262774157454
 20
462.9157312730967
 11
624.0262774157454
 21
612.6657531184319
 72
     1
 10
624.0262774157454
 20
612.6657531184319
 11
68.40145392977865
 21
612.6657531184319
 72
     1
 10
68.40145392977865
 20
612.6657531184319
 11
68.40145392977865
 21
457.9238279424608
 72
     1
 10
68.40145392977865
 20
457.9238279424608
 11
99.41308107186342
 21
457.9238279424608
 97
        0
 92
        1
 93
       28
 72
     1
 10
369.2543263327098
 20
293.4968956817465
 11
369.2543263327098
 21
581.6187652715889
 72
     1
 10
369.2543263327098
 20
581.6187652715889
 11
586.3493109201081
 21
581.6187652715889
 72
     1
 10
586.3493109201081
 20
581.6187652715889
 11
586.3493109201081
 21
519.3830445954226
 72
     1
 10
586.3493109201081
 20
519.3830445954226
 11
435.5343976941658
 21
519.3830445954226
 72
     1
 10
435.534397694224
 20
519.3830445954226
 11
435.534397694224
 21
458.3416440199071
 72
     1
 10
435.534397694224
 20
458.3416440199071
 11
557.3215717542916
 21
458.3416440199071
 72
     1
 10
557.3215717542916
 20
458.3416440199071
 11
557.3215717542916
 21
224.8747076222208
 72
     1
 10
557.3215717542916
 20
224.8747076222207
 11
430.7170546576962
 21
224.8747076222207
 72
     1
 10
430.7170546576962
 20
224.8747076222207
 11
430.7170546576962
 21
166.4153228469658
 72
     1
 10
430.7170546576962
 20
166.4153228469658
 11
587.5856048265704
 21
166.4153228469658
 72
     1
 10
587.5856048265704
 20
166.4153228469658
 11
587.5856048265704
 21
111.9876220402657
 72
     1
 10
587.5856048265704
 20
111.9876220402366
 11
369.9320479939343
 21
111.9876220402366
 72
     1
 10
369.9320479939343
 20
111.9876220402366
 11
369.9320479939343
 21
226.0327722557704
 72
     1
 10
369.9320479939343
 20
226.0327722557704
 11
320.720327204559
 21
226.0327722557704
 72
     1
 10
320.720327204559
 20
226.0327722557704
 11
320.720327204559
 21
111.9876220402366
 72
     1
 10
320.720327204559
 20
111.9876220402366
 11
103.0667703719227
 21
111.9876220402366
 72
     1
 10
103.0667703719809
 20
111.9876220402366
 11
103.0667703719809
 21
166.4153228469367
 72
     1
 10
103.0667703719809
 20
166.4153228469658
 11
259.9353205407969
 21
166.4153228469658
 72
     1
 10
259.9353205407969
 20
166.4153228469658
 11
259.9353205407969
 21
224.8747076222207
 72
     1
 10
259.9353205407969
 20
224.8747076222207
 11
133.3308034442598
 21
224.8747076222207
 72
     1
 10
133.3308034442016
 20
224.8747076222207
 11
133.3308034442016
 21
458.3416440199071
 72
     1
 10
133.3308034442016
 20
458.3416440199071
 11
255.1179775042692
 21
458.3416440199071
 72
     1
 10
255.1179775043274
 20
458.3416440199071
 11
255.1179775043274
 21
519.3830445954226
 72
     1
 10
255.1179775043274
 20
519.3830445954226
 11
104.3030642783851
 21
519.3830445954226
 72
     1
 10
104.3030642783851
 20
519.3830445954226
 11
104.3030642783851
 21
581.6187652715889
 72
     1
 10
104.3030642783851
 20
581.6187652715889
 11
321.3980488658417
 21
581.6187652715889
 72
     1
 10
321.3980488657835
 20
581.6187652715889
 11
321.3980488657835
 21
293.4968956817466
 72
     1
 10
321.3980488657835
 20
293.4968956817465
 11
369.2543263327098
 21
293.4968956817465
 97
        0
 92
       16
 93
        4
 72
     1
 10
196.278272966214
 20
399.3351634591818
 11
265.1785460833926
 21
399.3351634591818
 72
     1
 10
265.1785460833926
 20
399.3351634591818
 11
265.1785460833926
 21
289.1909494592983
 72
     1
 10
265.1785460833926
 20
289.1909494592983
 11
196.278272966214
 21
289.1909494592983
 72
     1
 10
196.278272966214
 20
289.1909494592983
 11
196.278272966214
 21
399.3351634591818
 97
        0
 92
       16
 93
        4
 72
     1
 10
494.3741022322792
 20
399.3351634591818
 11
425.4738291151006
 21
399.3351634591818
 72
     1
 10
425.4738291151588
 20
399.3351634591818
 11
425.4738291151588
 21
289.1909494592983
 72
     1
 10
425.4738291151588
 20
289.1909494592983
 11
494.3741022323374
 21
289.1909494592983
 72
     1
 10
494.3741022322792
 20
289.1909494592983
 11
494.3741022322792
 21
399.3351634591818
 97
        0
 92
        1
 93
       15
 72
     1
 10
99.41308107186342
 20
225.2925236996671
 11
99.41308107186342
 21
283.1107136300125
 72
     1
 10
99.41308107186342
 20
283.1107136300416
 11
-0.0014904474955983
 21
283.1107136300416
 72
     1
 10
-0.0014904474955983
 20
283.1107136300416
 11
-0.0014904474955983
 21
63.56751196808184
 72
     2
 10
63.56569147878326
 20
63.56751196808182
 40
63.56718192627756
 50
180.0
 51
270.0
 73
     1
 72
     1
 10
63.56569147878326
 20
0.0003300418029539
 11
621.6343565146671
 21
0.0003300418029539
 72
     2
 10
621.6343565146671
 20
63.56751196808182
 40
63.56718192627756
 50
270.0
 51
360.0
 73
     1
 72
     1
 10
685.201538440946
 20
63.56751196808182
 11
685.201538440946
 21
286.7247388116957
 72
     1
 10
685.201538440946
 20
286.7247388116666
 11
593.6977717831032
 21
286.7247388116666
 72
     1
 10
593.6977717831614
 20
286.7247388116666
 11
593.6977717831614
 21
220.3006203690311
 72
     1
 10
593.6977717831614
 20
220.3006203690311
 11
614.0798925631097
 21
220.3006203690311
 72
     1
 10
614.0798925631097
 20
220.3006203690311
 11
624.0262774157454
 21
220.3006203690311
 72
     1
 10
624.0262774157454
 20
220.3006203690311
 11
624.0262774157454
 21
70.55059852369598
 72
     1
 10
624.0262774157454
 20
70.55059852369595
 11
68.40145392977865
 21
70.55059852369595
 72
     1
 10
68.40145392977865
 20
70.55059852369595
 11
68.40145392977865
 21
225.2925236996671
 72
     1
 10
68.40145392977865
 20
225.2925236996671
 11
99.41308107186342
 21
225.2925236996671
 97
        0
 75
     0
 76
     1
 52
135.0
 41
70.63020214030841
 77
     0
 78
     1
 53
180.0
 43
-153496.256160291
 44
-56662.45459906777
 45
-0.0000000000000019
 46
-8.828775267538548
 79
     0
 98
        1
 10
-49039.40032939627
 20
-17062.54824478683
1001
ACAD
1010
0.0
1020
0.0
1030
0.0
  0
LWPOLYLINE
  5
65A
330
655
100
AcDbEntity
  8
9
100
AcDbPolyline
 90
       30
 70
     0
 43
0.0
 10
369.2543263327098
 20
293.4968956816883
 10
369.2543263327098
 20
293.4968956816883
 10
369.2543263327098
 20
581.6187652715306
 10
586.3493109201081
 20
581.6187652715306
 10
586.3493109201081
 20
519.3830445953644
 10
435.534397694224
 20
519.3830445953644
 10
435.534397694224
 20
458.3416440198488
 10
557.3215717542916
 20
458.3416440198488
 10
557.3215717542916
 20
224.8747076221625
 10
430.7170546576962
 20
224.8747076221625
 10
430.7170546576962
 20
166.4153228469076
 10
587.5856048265704
 20
166.4153228469076
 10
587.5856048265704
 20
111.9876220401784
 10
369.9320479939343
 20
111.9876220401784
 10
369.9320479939343
 20
226.0327722557122
 10
320.720327204559
 20
226.0327722557122
 10
320.720327204559
 20
111.9876220401784
 10
103.0667703719809
 20
111.9876220401784
 10
103.0667703719809
 20
166.4153228469076
 10
259.9353205407969
 20
166.4153228469076
 10
259.9353205407969
 20
224.8747076221625
 10
133.3308034442016
 20
224.8747076221625
 10
133.3308034442016
 20
458.3416440198488
 10
255.1179775043274
 20
458.3416440198488
 10
255.1179775043274
 20
519.3830445953644
 10
104.3030642783851
 20
519.3830445953644
 10
104.3030642783851
 20
581.6187652715306
 10
321.3980488657835
 20
581.6187652715306
 10
321.3980488657835
 20
293.4968956816883
 10
369.2543263327098
 20
293.4968956816883
  0
LWPOLYLINE
  5
65B
330
655
100
AcDbEntity
  8
9
100
AcDbPolyline
 90
       15
 70
     1
 43
0.0
 10
99.41308107186342
 20
225.2925236996089
 10
99.41308107186342
 20
283.1107136299834
 10
-0.0014904474955983
 20
283.1107136299834
 10
-0.0014904474955983
 20
63.56751196802361
 42
0.4142135623730951
 10
63.56569147878326
 20
0.0003300417447463
 10
621.6343565146671
 20
0.0003300417447463
 42
0.4142135623730947
 10
685.201538440946
 20
63.56751196802361
 10
685.201538440946
 20
286.7247388116084
 10
593.6977717831614
 20
286.7247388116084
 10
593.6977717831614
 20
220.3006203689729
 10
614.0798925631097
 20
220.3006203689729
 10
624.0262774157454
 20
220.3006203689729
 10
624.0262774157454
 20
70.55059852363775
 10
68.40145392977865
 20
70.55059852363775
 10
68.40145392977865
 20
225.2925236996089
  0
LWPOLYLINE
  5
65C
330
655
100
AcDbEntity
  8
9
100
AcDbPolyline
 90
        4
 70
     1
 43
0.0
 10
494.3741022322792
 20
399.3351634591236
 10
425.4738291151588
 20
399.3351634591236
 10
425.4738291151588
 20
289.1909494592401
 10
494.3741022322792
 20
289.1909494592401
  0
ENDBLK
  5
65D
330
655
100
AcDbEntity
  8
0
100
AcDbBlockEnd
  0
BLOCK
  5
4DD
330
4DA
100
AcDbEntity
  8
0
100
AcDbBlockBegin
  2
A$C4C3A3BA1
 70
     0
 10
0.0
 20
0.0
 30
0.0
  3
A$C4C3A3BA1
  1

  0
HATCH
  5
4DE
330
4DA
100
AcDbEntity
  8
Y
  6
Continuous
100
AcDbHatch
 10
0.0
 20
0.0
 30
0.0
210
0.0
220
0.0
230
1.0
  2
SOLID
 70
     1
 71
     0
 91
        1
 92
        7
 72
     0
 73
     1
 93
       64
 10
164.0000028264476
 20
427.9999938250985
 10
280.0000028264476
 20
503.9999938250985
 10
320.0000028264476
 20
523.9999938250985
 10
400.0000028264476
 20
563.9999938250984
 10
484.0000028264475
 20
583.9999938250985
 10
488.0000028264475
 20
575.9999938250984
 10
476.0000028264475
 20
539.9999938250984
 10
360.0000028264476
 20
359.9999938250985
 10
280.0000028264476
 20
235.9999938250985
 10
188.0000028264476
 20
87.99999382509851
 10
180.0000028264476
 20
71.9999938250985
 10
144.0000028264476
 20
35.9999938250985
 10
156.0000028264476
 20
11.9999938250985
 10
220.0000028264476
 20
19.9999938250985
 10
296.0000028264476
 20
51.9999938250985
 10
448.0000028264476
 20
95.99999382509849
 10
540.0000028264476
 20
95.99999382509849
 10
552.0000028264475
 20
59.9999938250985
 10
572.0000028264475
 20
67.9999938250985
 10
572.0000028264475
 20
103.9999938250985
 10
548.0000028264476
 20
115.9999938250985
 10
440.0000028264476
 20
115.9999938250985
 10
444.0000028264476
 20
127.9999938250985
 10
444.0000028264476
 20
151.9999938250985
 10
424.0000028264476
 20
151.9999938250985
 10
364.0000028264476
 20
119.9999938250985
 10
284.0000028264476
 20
79.9999938250985
 10
188.0000028264476
 20
39.9999938250985
 10
192.0000028264476
 20
51.9999938250985
 10
212.0000028264476
 20
95.99999382509849
 10
220.0000028264476
 20
95.99999382509849
 10
240.0000028264476
 20
131.9999938250985
 10
256.0000028264476
 20
167.9999938250985
 10
288.0000028264476
 20
211.9999938250985
 10
300.0000028264476
 20
223.9999938250985
 10
308.0000028264476
 20
247.9999938250985
 10
312.0000028264476
 20
271.9999938250985
 10
320.0000028264476
 20
275.9999938250985
 10
352.0000028264476
 20
323.9999938250985
 10
484.0000028264475
 20
511.9999938250985
 10
516.0000028264476
 20
579.9999938250985
 10
492.0000028264476
 20
603.9999938250985
 10
432.0000028264476
 20
595.9999938250985
 10
288.0000028264476
 20
535.9999938250985
 10
232.0000028264476
 20
503.9999938250985
 10
168.0000028264476
 20
459.9999938250984
 10
132.0000028264476
 20
443.9999938250984
 10
132.0000028264476
 20
487.9999938250985
 10
116.0000028264476
 20
515.9999938250985
 10
40.0000028264476
 20
447.9999938250984
 10
8.000002826447598
 20
399.9999938250985
 10
0.0000028264475986
 20
371.9999938250985
 10
16.0000028264476
 20
371.9999938250985
 10
48.00000282644759
 20
427.9999938250985
 10
100.0000028264476
 20
475.9999938250984
 10
100.0000028264476
 20
407.9999938250985
 10
84.00000282644759
 20
391.9999938250985
 10
72.0000028264476
 20
351.9999938250985
 10
104.0000028264476
 20
347.9999938250985
 10
104.0000028264476
 20
371.9999938250985
 10
112.0000028264476
 20
371.9999938250985
 10
116.0000028264476
 20
235.9999938250985
 10
128.0000028264476
 20
243.9999938250985
 10
128.0000028264476
 20
399.9999938250985
 97
        0
 75
     0
 76
     1
 47
0.1400296751256686
 98
        1
 10
122.2747531344648
 20
417.701784415578
450
        0
451
        0
460
0.0
461
0.0
452
        0
462
1.0
453
        2
463
0.0
 63
     5
421
      255
463
1.0
 63
     2
421
 16776960
470
LINEAR
1001
GradientColor1ACI
1070
     5
1001
GradientColor2ACI
1070
     2
1001
ACAD
1010
0.0
1020
0.0
1030
0.0
  0
HATCH
  5
4E0
330
4DA
100
AcDbEntity
  8
Y
  6
Continuous
100
AcDbHatch
 10
0.0
 20
0.0
 30
0.0
210
0.0
220
0.0
230
1.0
  2
SOLID
 70
     1
 71
     0
 91
        1
 92
        7
 72
     0
 73
     1
 93
        8
 10
128.0000028264476
 20
243.9999938250985
 10
116.0000028264476
 20
235.9999938250985
 10
116.0000028264476
 20
119.9999938250985
 10
116.0000028264476
 20
19.9999938250985
 10
120.0000028264476
 20
19.9999938250985
 10
128.0000028264476
 20
-0.0000061749015003
 10
136.0000028264476
 20
-0.0000061749015003
 10
128.0000028264476
 20
27.9999938250985
 97
        0
 75
     0
 76
     1
 47
0.140865419502603
 98
        1
 10
123.2426836098311
 20
151.9717188558425
450
        0
451
        0
460
0.0
461
0.0
452
        0
462
1.0
453
        2
463
0.0
 63
     5
421
      255
463
1.0
 63
     2
421
 16776960
470
LINEAR
1001
GradientColor1ACI
1070
     5
1001
GradientColor2ACI
1070
     2
1001
ACAD
1010
0.0
1020
0.0
1030
0.0
  0
POLYLINE
  5
4E1
330
4DA
100
AcDbEntity
  8
Y
100
AcDb3dPolyline
 66
     1
 10
0.0
 20
0.0
 30
0.0
 70
     8
  0
VERTEX
  5
4E2
330
4E1
100
AcDbEntity
  8
Y
100
AcDbVertex
100
AcDb3dPolylineVertex
 10
440.0000028264476
 20
115.9999938250985
 30
0.0
 70
    32
  0
VERTEX
  5
4E3
330
4E1
100
AcDbEntity
  8
Y
100
AcDbVertex
100
AcDb3dPolylineVertex
 10
548.0000028264476
 20
115.9999938250985
 30
0.0
 70
    32
  0
VERTEX
  5
4E4
330
4E1
100
AcDbEntity
  8
Y
100
AcDbVertex
100
AcDb3dPolylineVertex
 10
572.0000028264475
 20
103.9999938250985
 30
0.0
 70
    32
  0
VERTEX
  5
4E5
330
4E1
100
AcDbEntity
  8
Y
100
AcDbVertex
100
AcDb3dPolylineVertex
 10
572.0000028264475
 20
67.9999938250985
 30
0.0
 70
    32
  0
VERTEX
  5
4E6
330
4E1
100
AcDbEntity
  8
Y
100
AcDbVertex
100
AcDb3dPolylineVertex
 10
552.0000028264475
 20
59.9999938250985
 30
0.0
 70
    32
  0
VERTEX
  5
4E7
330
4E1
100
AcDbEntity
  8
Y
100
AcDbVertex
100
AcDb3dPolylineVertex
 10
540.0000028264476
 20
95.99999382509849
 30
0.0
 70
    32
  0
VERTEX
  5
4E8
330
4E1
100
AcDbEntity
  8
Y
100
AcDbVertex
100
AcDb3dPolylineVertex
 10
448.0000028264476
 20
95.99999382509849
 30
0.0
 70
    32
  0
VERTEX
  5
4E9
330
4E1
100
AcDbEntity
  8
Y
100
AcDbVertex
100
AcDb3dPolylineVertex
 10
296.0000028264476
 20
51.9999938250985
 30
0.0
 70
    32
  0
VERTEX
  5
4EA
330
4E1
100
AcDbEntity
  8
Y
100
AcDbVertex
100
AcDb3dPolylineVertex
 10
220.0000028264476
 20
19.9999938250985
 30
0.0
 70
    32
  0
VERTEX
  5
4EB
330
4E1
100
AcDbEntity
  8
Y
100
AcDbVertex
100
AcDb3dPolylineVertex
 10
156.0000028264476
 20
11.9999938250985
 30
0.0
 70
    32
  0
VERTEX
  5
4EC
330
4E1
100
AcDbEntity
  8
Y
100
AcDbVertex
100
AcDb3dPolylineVertex
 10
144.0000028264476
 20
35.9999938250985
 30
0.0
 70
    32
  0
VERTEX
  5
4ED
330
4E1
100
AcDbEntity
  8
Y
100
AcDbVertex
100
AcDb3dPolylineVertex
 10
180.0000028264476
 20
71.9999938250985
 30
0.0
 70
    32
  0
VERTEX
  5
4EE
330
4E1
100
AcDbEntity
  8
Y
100
AcDbVertex
100
AcDb3dPolylineVertex
 10
188.0000028264476
 20
87.99999382509851
 30
0.0
 70
    32
  0
VERTEX
  5
4EF
330
4E1
100
AcDbEntity
  8
Y
100
AcDbVertex
100
AcDb3dPolylineVertex
 10
280.0000028264476
 20
235.9999938250985
 30
0.0
 70
    32
  0
VERTEX
  5
4F0
330
4E1
100
AcDbEntity
  8
Y
100
AcDbVertex
100
AcDb3dPolylineVertex
 10
360.0000028264476
 20
359.9999938250985
 30
0.0
 70
    32
  0
VERTEX
  5
4F1
330
4E1
100
AcDbEntity
  8
Y
100
AcDbVertex
100
AcDb3dPolylineVertex
 10
476.0000028264475
 20
539.9999938250984
 30
0.0
 70
    32
  0
VERTEX
  5
4F2
330
4E1
100
AcDbEntity
  8
Y
100
AcDbVertex
100
AcDb3dPolylineVertex
 10
488.0000028264475
 20
575.9999938250984
 30
0.0
 70
    32
  0
VERTEX
  5
4F3
330
4E1
100
AcDbEntity
  8
Y
100
AcDbVertex
100
AcDb3dPolylineVertex
 10
484.0000028264475
 20
583.9999938250985
 30
0.0
 70
    32
  0
VERTEX
  5
4F4
330
4E1
100
AcDbEntity
  8
Y
100
AcDbVertex
100
AcDb3dPolylineVertex
 10
400.0000028264476
 20
563.9999938250984
 30
0.0
 70
    32
  0
VERTEX
  5
4F5
330
4E1
100
AcDbEntity
  8
Y
100
AcDbVertex
100
AcDb3dPolylineVertex
 10
320.0000028264476
 20
523.9999938250985
 30
0.0
 70
    32
  0
VERTEX
  5
4F6
330
4E1
100
AcDbEntity
  8
Y
100
AcDbVertex
100
AcDb3dPolylineVertex
 10
280.0000028264476
 20
503.9999938250985
 30
0.0
 70
    32
  0
VERTEX
  5
4F7
330
4E1
100
AcDbEntity
  8
Y
100
AcDbVertex
100
AcDb3dPolylineVertex
 10
164.0000028264476
 20
427.9999938250985
 30
0.0
 70
    32
  0
VERTEX
  5
4F8
330
4E1
100
AcDbEntity
  8
Y
100
AcDbVertex
100
AcDb3dPolylineVertex
 10
128.0000028264476
 20
399.9999938250985
 30
0.0
 70
    32
  0
VERTEX
  5
4F9
330
4E1
100
AcDbEntity
  8
Y
100
AcDbVertex
100
AcDb3dPolylineVertex
 10
128.0000028264476
 20
243.9999938250985
 30
0.0
 70
    32
  0
VERTEX
  5
4FA
330
4E1
100
AcDbEntity
  8
Y
100
AcDbVertex
100
AcDb3dPolylineVertex
 10
116.0000028264476
 20
235.9999938250985
 30
0.0
 70
    32
  0
VERTEX
  5
4FB
330
4E1
100
AcDbEntity
  8
Y
100
AcDbVertex
100
AcDb3dPolylineVertex
 10
112.0000028264476
 20
371.9999938250985
 30
0.0
 70
    32
  0
VERTEX
  5
4FC
330
4E1
100
AcDbEntity
  8
Y
100
AcDbVertex
100
AcDb3dPolylineVertex
 10
104.0000028264476
 20
371.9999938250985
 30
0.0
 70
    32
  0
VERTEX
  5
4FD
330
4E1
100
AcDbEntity
  8
Y
100
AcDbVertex
100
AcDb3dPolylineVertex
 10
104.0000028264476
 20
347.9999938250985
 30
0.0
 70
    32
  0
VERTEX
  5
4FE
330
4E1
100
AcDbEntity
  8
Y
100
AcDbVertex
100
AcDb3dPolylineVertex
 10
72.0000028264476
 20
351.9999938250985
 30
0.0
 70
    32
  0
VERTEX
  5
4FF
330
4E1
100
AcDbEntity
  8
Y
100
AcDbVertex
100
AcDb3dPolylineVertex
 10
84.00000282644759
 20
391.9999938250985
 30
0.0
 70
    32
  0
VERTEX
  5
500
330
4E1
100
AcDbEntity
  8
Y
100
AcDbVertex
100
AcDb3dPolylineVertex
 10
100.0000028264476
 20
407.9999938250985
 30
0.0
 70
    32
  0
VERTEX
  5
501
330
4E1
100
AcDbEntity
  8
Y
100
AcDbVertex
100
AcDb3dPolylineVertex
 10
100.0000028264476
 20
475.9999938250984
 30
0.0
 70
    32
  0
VERTEX
  5
502
330
4E1
100
AcDbEntity
  8
Y
100
AcDbVertex
100
AcDb3dPolylineVertex
 10
48.00000282644759
 20
427.9999938250985
 30
0.0
 70
    32
  0
VERTEX
  5
503
330
4E1
100
AcDbEntity
  8
Y
100
AcDbVertex
100
AcDb3dPolylineVertex
 10
16.0000028264476
 20
371.9999938250985
 30
0.0
 70
    32
  0
VERTEX
  5
504
330
4E1
100
AcDbEntity
  8
Y
100
AcDbVertex
100
AcDb3dPolylineVertex
 10
0.0000028264475986
 20
371.9999938250985
 30
0.0
 70
    32
  0
VERTEX
  5
505
330
4E1
100
AcDbEntity
  8
Y
100
AcDbVertex
100
AcDb3dPolylineVertex
 10
8.000002826447598
 20
399.9999938250985
 30
0.0
 70
    32
  0
VERTEX
  5
506
330
4E1
100
AcDbEntity
  8
Y
100
AcDbVertex
100
AcDb3dPolylineVertex
 10
40.0000028264476
 20
447.9999938250984
 30
0.0
 70
    32
  0
VERTEX
  5
507
330
4E1
100
AcDbEntity
  8
Y
100
AcDbVertex
100
AcDb3dPolylineVertex
 10
116.0000028264476
 20
515.9999938250985
 30
0.0
 70
    32
  0
VERTEX
  5
508
330
4E1
100
AcDbEntity
  8
Y
100
AcDbVertex
100
AcDb3dPolylineVertex
 10
132.0000028264476
 20
487.9999938250985
 30
0.0
 70
    32
  0
VERTEX
  5
509
330
4E1
100
AcDbEntity
  8
Y
100
AcDbVertex
100
AcDb3dPolylineVertex
 10
132.0000028264476
 20
443.9999938250984
 30
0.0
 70
    32
  0
VERTEX
  5
50A
330
4E1
100
AcDbEntity
  8
Y
100
AcDbVertex
100
AcDb3dPolylineVertex
 10
168.0000028264476
 20
459.9999938250984
 30
0.0
 70
    32
  0
VERTEX
  5
50B
330
4E1
100
AcDbEntity
  8
Y
100
AcDbVertex
100
AcDb3dPolylineVertex
 10
232.0000028264476
 20
503.9999938250985
 30
0.0
 70
    32
  0
VERTEX
  5
50C
330
4E1
100
AcDbEntity
  8
Y
100
AcDbVertex
100
AcDb3dPolylineVertex
 10
288.0000028264476
 20
535.9999938250985
 30
0.0
 70
    32
  0
VERTEX
  5
50D
330
4E1
100
AcDbEntity
  8
Y
100
AcDbVertex
100
AcDb3dPolylineVertex
 10
432.0000028264476
 20
595.9999938250985
 30
0.0
 70
    32
  0
VERTEX
  5
50E
330
4E1
100
AcDbEntity
  8
Y
100
AcDbVertex
100
AcDb3dPolylineVertex
 10
492.0000028264476
 20
603.9999938250985
 30
0.0
 70
    32
  0
VERTEX
  5
50F
330
4E1
100
AcDbEntity
  8
Y
100
AcDbVertex
100
AcDb3dPolylineVertex
 10
516.0000028264476
 20
579.9999938250985
 30
0.0
 70
    32
  0
VERTEX
  5
510
330
4E1
100
AcDbEntity
  8
Y
100
AcDbVertex
100
AcDb3dPolylineVertex
 10
484.0000028264475
 20
511.9999938250985
 30
0.0
 70
    32
  0
VERTEX
  5
511
330
4E1
100
AcDbEntity
  8
Y
100
AcDbVertex
100
AcDb3dPolylineVertex
 10
352.0000028264476
 20
323.9999938250985
 30
0.0
 70
    32
  0
VERTEX
  5
512
330
4E1
100
AcDbEntity
  8
Y
100
AcDbVertex
100
AcDb3dPolylineVertex
 10
320.0000028264476
 20
275.9999938250985
 30
0.0
 70
    32
  0
VERTEX
  5
513
330
4E1
100
AcDbEntity
  8
Y
100
AcDbVertex
100
AcDb3dPolylineVertex
 10
312.0000028264476
 20
271.9999938250985
 30
0.0
 70
    32
  0
VERTEX
  5
514
330
4E1
100
AcDbEntity
  8
Y
100
AcDbVertex
100
AcDb3dPolylineVertex
 10
308.0000028264476
 20
247.9999938250985
 30
0.0
 70
    32
  0
VERTEX
  5
515
330
4E1
100
AcDbEntity
  8
Y
100
AcDbVertex
100
AcDb3dPolylineVertex
 10
300.0000028264476
 20
223.9999938250985
 30
0.0
 70
    32
  0
VERTEX
  5
516
330
4E1
100
AcDbEntity
  8
Y
100
AcDbVertex
100
AcDb3dPolylineVertex
 10
288.0000028264476
 20
211.9999938250985
 30
0.0
 70
    32
  0
VERTEX
  5
517
330
4E1
100
AcDbEntity
  8
Y
100
AcDbVertex
100
AcDb3dPolylineVertex
 10
256.0000028264476
 20
167.9999938250985
 30
0.0
 70
    32
  0
VERTEX
  5
518
330
4E1
100
AcDbEntity
  8
Y
100
AcDbVertex
100
AcDb3dPolylineVertex
 10
240.0000028264476
 20
131.9999938250985
 30
0.0
 70
    32
  0
VERTEX
  5
519
330
4E1
100
AcDbEntity
  8
Y
100
AcDbVertex
100
AcDb3dPolylineVertex
 10
220.0000028264476
 20
95.99999382509849
 30
0.0
 70
    32
  0
VERTEX
  5
51A
330
4E1
100
AcDbEntity
  8
Y
100
AcDbVertex
100
AcDb3dPolylineVertex
 10
212.0000028264476
 20
95.99999382509849
 30
0.0
 70
    32
  0
VERTEX
  5
51B
330
4E1
100
AcDbEntity
  8
Y
100
AcDbVertex
100
AcDb3dPolylineVertex
 10
192.0000028264476
 20
51.9999938250985
 30
0.0
 70
    32
  0
VERTEX
  5
51C
330
4E1
100
AcDbEntity
  8
Y
100
AcDbVertex
100
AcDb3dPolylineVertex
 10
188.0000028264476
 20
39.9999938250985
 30
0.0
 70
    32
  0
VERTEX
  5
51D
330
4E1
100
AcDbEntity
  8
Y
100
AcDbVertex
100
AcDb3dPolylineVertex
 10
284.0000028264476
 20
79.9999938250985
 30
0.0
 70
    32
  0
VERTEX
  5
51E
330
4E1
100
AcDbEntity
  8
Y
100
AcDbVertex
100
AcDb3dPolylineVertex
 10
364.0000028264476
 20
119.9999938250985
 30
0.0
 70
    32
  0
VERTEX
  5
51F
330
4E1
100
AcDbEntity
  8
Y
100
AcDbVertex
100
AcDb3dPolylineVertex
 10
424.0000028264476
 20
151.9999938250985
 30
0.0
 70
    32
  0
VERTEX
  5
520
330
4E1
100
AcDbEntity
  8
Y
100
AcDbVertex
100
AcDb3dPolylineVertex
 10
444.0000028264476
 20
151.9999938250985
 30
0.0
 70
    32
  0
VERTEX
  5
521
330
4E1
100
AcDbEntity
  8
Y
100
AcDbVertex
100
AcDb3dPolylineVertex
 10
444.0000028264476
 20
127.9999938250985
 30
0.0
 70
    32
  0
VERTEX
  5
522
330
4E1
100
AcDbEntity
  8
Y
100
AcDbVertex
100
AcDb3dPolylineVertex
 10
440.0000028264476
 20
115.9999938250985
 30
0.0
 70
    32
  0
VERTEX
  5
523
330
4E1
100
AcDbEntity
  8
Y
100
AcDbVertex
100
AcDb3dPolylineVertex
 10
440.0000028264476
 20
115.9999938250985
 30
0.0
 70
    32
  0
VERTEX
  5
524
330
4E1
100
AcDbEntity
  8
Y
100
AcDbVertex
100
AcDb3dPolylineVertex
 10
440.0000028264476
 20
115.9999938250985
 30
0.0
 70
    32
  0
VERTEX
  5
525
330
4E1
100
AcDbEntity
  8
Y
100
AcDbVertex
100
AcDb3dPolylineVertex
 10
440.0000028264476
 20
115.9999938250985
 30
0.0
 70
    32
  0
SEQEND
  5
526
330
4E1
100
AcDbEntity
  8
Y
  0
HATCH
  5
527
330
4DA
100
AcDbEntity
  8
Y
  6
Continuous
100
AcDbHatch
 10
0.0
 20
0.0
 30
0.0
210
0.0
220
0.0
230
1.0
  2
SOLID
 70
     1
 71
     0
 91
        2
 92
        7
 72
     0
 73
     1
 93
       79
 10
996.0000028264476
 20
219.9999938250985
 10
1016.000002826447
 20
223.9999938250985
 10
1044.000002826448
 20
159.9999938250985
 10
1056.000002826447
 20
147.9999938250985
 10
1068.000002826448
 20
147.9999938250985
 10
1068.000002826448
 20
139.9999938250985
 10
1108.000002826448
 20
127.9999938250985
 10
1176.000002826447
 20
135.9999938250985
 10
1176.000002826447
 20
147.9999938250985
 10
1096.000002826447
 20
147.9999938250985
 10
1092.000002826448
 20
155.9999938250985
 10
1072.000002826447
 20
159.9999938250985
 10
1048.000002826447
 20
203.9999938250985
 10
1040.000002826447
 20
215.9999938250985
 10
1044.000002826448
 20
239.9999938250985
 10
1084.000002826448
 20
251.9999938250985
 10
1196.000002826447
 20
279.9999938250985
 10
1204.000002826447
 20
247.9999938250985
 10
1212.000002826447
 20
155.9999938250985
 10
1184.000002826447
 20
151.9999938250985
 10
1184.000002826447
 20
135.9999938250985
 10
1196.000002826447
 20
131.9999938250985
 10
1208.000002826447
 20
131.9999938250985
 10
1216.000002826447
 20
31.9999938250985
 10
1224.000002826447
 20
31.9999938250985
 10
1244.000002826447
 20
27.9999938250985
 10
1240.000002826447
 20
51.9999938250985
 10
1236.000002826447
 20
143.9999938250985
 10
1296.000002826447
 20
155.9999938250985
 10
1316.000002826448
 20
171.9999938250985
 10
1352.000002826448
 20
187.9999938250985
 10
1368.000002826448
 20
187.9999938250985
 10
1372.000002826447
 20
191.9999938250985
 10
1377.576913511031
 20
192.6030557987396
 10
1384.000002826448
 20
195.9999938250985
 10
1404.000002826447
 20
207.9999938250985
 10
1452.000002826447
 20
231.9999938250985
 10
1528.000002826447
 20
291.9999938250985
 10
1544.000002826448
 20
323.9999938250985
 10
1512.000002826447
 20
343.9999938250985
 10
1380.000002826447
 20
343.9999938250985
 10
1224.000002826447
 20
315.9999938250985
 10
1180.000002826447
 20
439.9999938250984
 10
1156.000002826447
 20
459.9999938250984
 10
1128.000002826447
 20
463.9999938250984
 10
1112.000002826447
 20
439.9999938250984
 10
1112.000002826447
 20
411.9999938250985
 10
1136.000002826447
 20
435.9999938250985
 10
1152.000002826447
 20
423.9999938250985
 10
1164.000002826447
 20
395.9999938250985
 10
1156.000002826447
 20
399.9999938250985
 10
1108.000002826448
 20
387.9999938250985
 10
1048.000002826447
 20
355.9999938250985
 10
1004.000002826447
 20
319.9999938250985
 10
996.0000028264476
 20
291.9999938250985
 10
1016.000002826447
 20
287.9999938250985
 10
1040.000002826447
 20
319.9999938250985
 10
1104.000002826447
 20
359.9999938250985
 10
1148.000002826447
 20
367.9999938250985
 10
1055.552212774637
 20
284.0679314967129
 10
1069.332363878144
 20
281.9772388233687
 10
1083.804262268822
 20
296.0762269653496
 10
1120.000002826447
 20
307.9999938250985
 10
1128.000002826447
 20
319.9999938250985
 10
1144.000002826447
 20
323.9999938250985
 10
1168.000002826447
 20
355.9999938250985
 10
1180.000002826447
 20
355.9999938250985
 10
1192.000002826447
 20
335.9999938250985
 10
1188.000002826447
 20
303.9999938250985
 10
1096.000002826447
 20
279.9999938250985
 10
1064.000002826447
 20
275.9999938250985
 10
1069.332363878144
 20
281.9772388233687
 10
1056.000002826447
 20
283.9999938250985
 10
984.0000028264476
 20
247.9999938250985
 10
916.0000028264475
 20
223.9999938250985
 10
844.0000028264476
 20
187.9999938250985
 10
856.0000028264475
 20
167.9999938250985
 10
896.0000028264476
 20
175.9999938250985
 10
908.0000028264477
 20
187.9999938250985
 97
        0
 92
       22
 72
     0
 73
     1
 93
       16
 10
1232.000002826447
 20
291.9999938250985
 10
1296.000002826447
 20
307.9999938250985
 10
1360.000002826448
 20
315.9999938250985
 10
1468.000002826447
 20
323.9999938250985
 10
1504.000002826447
 20
323.9999938250985
 10
1504.000002826447
 20
303.9999938250985
 10
1468.000002826447
 20
267.9999938250985
 10
1452.000002826447
 20
259.9999938250985
 10
1404.000002826447
 20
231.9999938250985
 10
1389.604560142266
 20
217.3857937065186
 10
1368.000002826448
 20
203.9999938250985
 10
1364.000002826447
 20
195.9999938250985
 10
1316.000002826448
 20
187.9999938250985
 10
1288.000002826447
 20
179.9999938250985
 10
1288.000002826447
 20
171.9999938250985
 10
1236.000002826447
 20
163.9999938250985
 97
        0
 75
     0
 76
     1
 47
0.1434026761045378
 98
        2
 10
976.3802089083474
 20
225.9269228341873
 10
976.3802089083474
 20
225.9269228341873
450
        0
451
        0
460
0.0
461
0.0
452
        0
462
1.0
453
        2
463
0.0
 63
     5
421
      255
463
1.0
 63
     2
421
 16776960
470
LINEAR
1001
GradientColor1ACI
1070
     5
1001
GradientColor2ACI
1070
     2
1001
ACAD
1010
0.0
1020
0.0
1030
0.0
  0
POLYLINE
  5
528
330
4DA
100
AcDbEntity
  8
Y
100
AcDb3dPolyline
 66
     1
 10
0.0
 20
0.0
 30
0.0
 70
     8
  0
VERTEX
  5
529
330
528
100
AcDbEntity
  8
Y
100
AcDbVertex
100
AcDb3dPolylineVertex
 10
1176.000002826447
 20
135.9999938250985
 30
0.0
 70
    32
  0
VERTEX
  5
52A
330
528
100
AcDbEntity
  8
Y
100
AcDbVertex
100
AcDb3dPolylineVertex
 10
1176.000002826447
 20
147.9999938250985
 30
0.0
 70
    32
  0
VERTEX
  5
52B
330
528
100
AcDbEntity
  8
Y
100
AcDbVertex
100
AcDb3dPolylineVertex
 10
1096.000002826447
 20
147.9999938250985
 30
0.0
 70
    32
  0
VERTEX
  5
52C
330
528
100
AcDbEntity
  8
Y
100
AcDbVertex
100
AcDb3dPolylineVertex
 10
1092.000002826448
 20
155.9999938250985
 30
0.0
 70
    32
  0
VERTEX
  5
52D
330
528
100
AcDbEntity
  8
Y
100
AcDbVertex
100
AcDb3dPolylineVertex
 10
1072.000002826447
 20
159.9999938250985
 30
0.0
 70
    32
  0
VERTEX
  5
52E
330
528
100
AcDbEntity
  8
Y
100
AcDbVertex
100
AcDb3dPolylineVertex
 10
1048.000002826447
 20
203.9999938250985
 30
0.0
 70
    32
  0
VERTEX
  5
52F
330
528
100
AcDbEntity
  8
Y
100
AcDbVertex
100
AcDb3dPolylineVertex
 10
1040.000002826447
 20
215.9999938250985
 30
0.0
 70
    32
  0
VERTEX
  5
530
330
528
100
AcDbEntity
  8
Y
100
AcDbVertex
100
AcDb3dPolylineVertex
 10
1044.000002826448
 20
239.9999938250985
 30
0.0
 70
    32
  0
VERTEX
  5
531
330
528
100
AcDbEntity
  8
Y
100
AcDbVertex
100
AcDb3dPolylineVertex
 10
1084.000002826448
 20
251.9999938250985
 30
0.0
 70
    32
  0
VERTEX
  5
532
330
528
100
AcDbEntity
  8
Y
100
AcDbVertex
100
AcDb3dPolylineVertex
 10
1196.000002826447
 20
279.9999938250985
 30
0.0
 70
    32
  0
VERTEX
  5
533
330
528
100
AcDbEntity
  8
Y
100
AcDbVertex
100
AcDb3dPolylineVertex
 10
1204.000002826447
 20
247.9999938250985
 30
0.0
 70
    32
  0
VERTEX
  5
534
330
528
100
AcDbEntity
  8
Y
100
AcDbVertex
100
AcDb3dPolylineVertex
 10
1200.000002826447
 20
239.9999938250985
 30
0.0
 70
    32
  0
SEQEND
  5
535
330
528
100
AcDbEntity
  8
Y
  0
POLYLINE
  5
536
330
4DA
100
AcDbEntity
  8
Y
100
AcDb3dPolyline
 66
     1
 10
0.0
 20
0.0
 30
0.0
 70
     8
  0
VERTEX
  5
537
330
536
100
AcDbEntity
  8
Y
100
AcDbVertex
100
AcDb3dPolylineVertex
 10
1176.000002826447
 20
135.9999938250985
 30
0.0
 70
    32
  0
VERTEX
  5
538
330
536
100
AcDbEntity
  8
Y
100
AcDbVertex
100
AcDb3dPolylineVertex
 10
1184.000002826447
 20
135.9999938250985
 30
0.0
 70
    32
  0
VERTEX
  5
539
330
536
100
AcDbEntity
  8
Y
100
AcDbVertex
100
AcDb3dPolylineVertex
 10
1196.000002826447
 20
131.9999938250985
 30
0.0
 70
    32
  0
VERTEX
  5
53A
330
536
100
AcDbEntity
  8
Y
100
AcDbVertex
100
AcDb3dPolylineVertex
 10
1208.000002826447
 20
131.9999938250985
 30
0.0
 70
    32
  0
VERTEX
  5
53B
330
536
100
AcDbEntity
  8
Y
100
AcDbVertex
100
AcDb3dPolylineVertex
 10
1216.000002826447
 20
31.9999938250985
 30
0.0
 70
    32
  0
VERTEX
  5
53C
330
536
100
AcDbEntity
  8
Y
100
AcDbVertex
100
AcDb3dPolylineVertex
 10
1224.000002826447
 20
31.9999938250985
 30
0.0
 70
    32
  0
VERTEX
  5
53D
330
536
100
AcDbEntity
  8
Y
100
AcDbVertex
100
AcDb3dPolylineVertex
 10
1244.000002826447
 20
27.9999938250985
 30
0.0
 70
    32
  0
VERTEX
  5
53E
330
536
100
AcDbEntity
  8
Y
100
AcDbVertex
100
AcDb3dPolylineVertex
 10
1240.000002826447
 20
51.9999938250985
 30
0.0
 70
    32
  0
VERTEX
  5
53F
330
536
100
AcDbEntity
  8
Y
100
AcDbVertex
100
AcDb3dPolylineVertex
 10
1236.000002826447
 20
143.9999938250985
 30
0.0
 70
    32
  0
VERTEX
  5
540
330
536
100
AcDbEntity
  8
Y
100
AcDbVertex
100
AcDb3dPolylineVertex
 10
1296.000002826447
 20
155.9999938250985
 30
0.0
 70
    32
  0
VERTEX
  5
541
330
536
100
AcDbEntity
  8
Y
100
AcDbVertex
100
AcDb3dPolylineVertex
 10
1316.000002826448
 20
171.9999938250985
 30
0.0
 70
    32
  0
VERTEX
  5
542
330
536
100
AcDbEntity
  8
Y
100
AcDbVertex
100
AcDb3dPolylineVertex
 10
1352.000002826448
 20
187.9999938250985
 30
0.0
 70
    32
  0
VERTEX
  5
543
330
536
100
AcDbEntity
  8
Y
100
AcDbVertex
100
AcDb3dPolylineVertex
 10
1316.000002826448
 20
171.9999938250985
 30
0.0
 70
    32
  0
VERTEX
  5
544
330
536
100
AcDbEntity
  8
Y
100
AcDbVertex
100
AcDb3dPolylineVertex
 10
1316.000002826448
 20
175.9999938250985
 30
0.0
 70
    32
  0
SEQEND
  5
545
330
536
100
AcDbEntity
  8
Y
  0
POLYLINE
  5
546
330
4DA
100
AcDbEntity
  8
Y
100
AcDb3dPolyline
 66
     1
 10
0.0
 20
0.0
 30
0.0
 70
     8
  0
VERTEX
  5
547
330
546
100
AcDbEntity
  8
Y
100
AcDbVertex
100
AcDb3dPolylineVertex
 10
1176.000002826447
 20
135.9999938250985
 30
0.0
 70
    32
  0
VERTEX
  5
548
330
546
100
AcDbEntity
  8
Y
100
AcDbVertex
100
AcDb3dPolylineVertex
 10
1108.000002826448
 20
127.9999938250985
 30
0.0
 70
    32
  0
VERTEX
  5
549
330
546
100
AcDbEntity
  8
Y
100
AcDbVertex
100
AcDb3dPolylineVertex
 10
1068.000002826448
 20
139.9999938250985
 30
0.0
 70
    32
  0
VERTEX
  5
54A
330
546
100
AcDbEntity
  8
Y
100
AcDbVertex
100
AcDb3dPolylineVertex
 10
1068.000002826448
 20
147.9999938250985
 30
0.0
 70
    32
  0
VERTEX
  5
54B
330
546
100
AcDbEntity
  8
Y
100
AcDbVertex
100
AcDb3dPolylineVertex
 10
1056.000002826447
 20
147.9999938250985
 30
0.0
 70
    32
  0
VERTEX
  5
54C
330
546
100
AcDbEntity
  8
Y
100
AcDbVertex
100
AcDb3dPolylineVertex
 10
1044.000002826448
 20
159.9999938250985
 30
0.0
 70
    32
  0
VERTEX
  5
54D
330
546
100
AcDbEntity
  8
Y
100
AcDbVertex
100
AcDb3dPolylineVertex
 10
1016.000002826447
 20
223.9999938250985
 30
0.0
 70
    32
  0
SEQEND
  5
54E
330
546
100
AcDbEntity
  8
Y
  0
POLYLINE
  5
54F
330
4DA
100
AcDbEntity
  8
Y
100
AcDb3dPolyline
 66
     1
 10
0.0
 20
0.0
 30
0.0
 70
     8
  0
VERTEX
  5
550
330
54F
100
AcDbEntity
  8
Y
100
AcDbVertex
100
AcDb3dPolylineVertex
 10
1184.000002826447
 20
135.9999938250985
 30
0.0
 70
    32
  0
VERTEX
  5
551
330
54F
100
AcDbEntity
  8
Y
100
AcDbVertex
100
AcDb3dPolylineVertex
 10
1184.000002826447
 20
151.9999938250985
 30
0.0
 70
    32
  0
VERTEX
  5
552
330
54F
100
AcDbEntity
  8
Y
100
AcDbVertex
100
AcDb3dPolylineVertex
 10
1212.000002826447
 20
155.9999938250985
 30
0.0
 70
    32
  0
VERTEX
  5
553
330
54F
100
AcDbEntity
  8
Y
100
AcDbVertex
100
AcDb3dPolylineVertex
 10
1204.000002826447
 20
247.9999938250985
 30
0.0
 70
    32
  0
SEQEND
  5
554
330
54F
100
AcDbEntity
  8
Y
  0
POLYLINE
  5
555
330
4DA
100
AcDbEntity
  8
Y
100
AcDb3dPolyline
 66
     1
 10
0.0
 20
0.0
 30
0.0
 70
     8
  0
VERTEX
  5
556
330
555
100
AcDbEntity
  8
Y
100
AcDbVertex
100
AcDb3dPolylineVertex
 10
1184.000002826447
 20
135.9999938250985
 30
0.0
 70
    32
  0
VERTEX
  5
557
330
555
100
AcDbEntity
  8
Y
100
AcDbVertex
100
AcDb3dPolylineVertex
 10
1184.000002826447
 20
131.9999938250985
 30
0.0
 70
    32
  0
SEQEND
  5
558
330
555
100
AcDbEntity
  8
Y
  0
POLYLINE
  5
559
330
4DA
100
AcDbEntity
  8
Y
100
AcDb3dPolyline
 66
     1
 10
0.0
 20
0.0
 30
0.0
 70
     8
  0
VERTEX
  5
55A
330
559
100
AcDbEntity
  8
Y
100
AcDbVertex
100
AcDb3dPolylineVertex
 10
1176.000002826447
 20
143.9999938250985
 30
0.0
 70
    32
  0
VERTEX
  5
55B
330
559
100
AcDbEntity
  8
Y
100
AcDbVertex
100
AcDb3dPolylineVertex
 10
1184.000002826447
 20
143.9999938250985
 30
0.0
 70
    32
  0
SEQEND
  5
55C
330
559
100
AcDbEntity
  8
Y
  0
POLYLINE
  5
55D
330
4DA
100
AcDbEntity
  8
Y
100
AcDb3dPolyline
 66
     1
 10
0.0
 20
0.0
 30
0.0
 70
     8
  0
VERTEX
  5
55E
330
55D
100
AcDbEntity
  8
Y
100
AcDbVertex
100
AcDb3dPolylineVertex
 10
1264.000002826447
 20
151.9999938250985
 30
0.0
 70
    32
  0
VERTEX
  5
55F
330
55D
100
AcDbEntity
  8
Y
100
AcDbVertex
100
AcDb3dPolylineVertex
 10
1264.000002826447
 20
143.9999938250985
 30
0.0
 70
    32
  0
SEQEND
  5
560
330
55D
100
AcDbEntity
  8
Y
  0
POLYLINE
  5
561
330
4DA
100
AcDbEntity
  8
Y
100
AcDb3dPolyline
 66
     1
 10
0.0
 20
0.0
 30
0.0
 70
     8
  0
VERTEX
  5
562
330
561
100
AcDbEntity
  8
Y
100
AcDbVertex
100
AcDb3dPolylineVertex
 10
1316.000002826448
 20
187.9999938250985
 30
0.0
 70
    32
  0
VERTEX
  5
563
330
561
100
AcDbEntity
  8
Y
100
AcDbVertex
100
AcDb3dPolylineVertex
 10
1288.000002826447
 20
179.9999938250985
 30
0.0
 70
    32
  0
VERTEX
  5
564
330
561
100
AcDbEntity
  8
Y
100
AcDbVertex
100
AcDb3dPolylineVertex
 10
1288.000002826447
 20
171.9999938250985
 30
0.0
 70
    32
  0
VERTEX
  5
565
330
561
100
AcDbEntity
  8
Y
100
AcDbVertex
100
AcDb3dPolylineVertex
 10
1236.000002826447
 20
163.9999938250985
 30
0.0
 70
    32
  0
VERTEX
  5
566
330
561
100
AcDbEntity
  8
Y
100
AcDbVertex
100
AcDb3dPolylineVertex
 10
1232.000002826447
 20
291.9999938250985
 30
0.0
 70
    32
  0
VERTEX
  5
567
330
561
100
AcDbEntity
  8
Y
100
AcDbVertex
100
AcDb3dPolylineVertex
 10
1296.000002826447
 20
307.9999938250985
 30
0.0
 70
    32
  0
VERTEX
  5
568
330
561
100
AcDbEntity
  8
Y
100
AcDbVertex
100
AcDb3dPolylineVertex
 10
1360.000002826448
 20
315.9999938250985
 30
0.0
 70
    32
  0
VERTEX
  5
569
330
561
100
AcDbEntity
  8
Y
100
AcDbVertex
100
AcDb3dPolylineVertex
 10
1468.000002826447
 20
323.9999938250985
 30
0.0
 70
    32
  0
VERTEX
  5
56A
330
561
100
AcDbEntity
  8
Y
100
AcDbVertex
100
AcDb3dPolylineVertex
 10
1504.000002826447
 20
323.9999938250985
 30
0.0
 70
    32
  0
VERTEX
  5
56B
330
561
100
AcDbEntity
  8
Y
100
AcDbVertex
100
AcDb3dPolylineVertex
 10
1504.000002826447
 20
303.9999938250985
 30
0.0
 70
    32
  0
VERTEX
  5
56C
330
561
100
AcDbEntity
  8
Y
100
AcDbVertex
100
AcDb3dPolylineVertex
 10
1468.000002826447
 20
267.9999938250985
 30
0.0
 70
    32
  0
VERTEX
  5
56D
330
561
100
AcDbEntity
  8
Y
100
AcDbVertex
100
AcDb3dPolylineVertex
 10
1452.000002826447
 20
259.9999938250985
 30
0.0
 70
    32
  0
VERTEX
  5
56E
330
561
100
AcDbEntity
  8
Y
100
AcDbVertex
100
AcDb3dPolylineVertex
 10
1404.000002826447
 20
231.9999938250985
 30
0.0
 70
    32
  0
VERTEX
  5
56F
330
561
100
AcDbEntity
  8
Y
100
AcDbVertex
100
AcDb3dPolylineVertex
 10
1389.604560142266
 20
217.3857937065186
 30
0.0
 70
    32
  0
VERTEX
  5
570
330
561
100
AcDbEntity
  8
Y
100
AcDbVertex
100
AcDb3dPolylineVertex
 10
1368.000002826448
 20
203.9999938250985
 30
0.0
 70
    32
  0
VERTEX
  5
571
330
561
100
AcDbEntity
  8
Y
100
AcDbVertex
100
AcDb3dPolylineVertex
 10
1364.000002826447
 20
195.9999938250985
 30
0.0
 70
    32
  0
VERTEX
  5
572
330
561
100
AcDbEntity
  8
Y
100
AcDbVertex
100
AcDb3dPolylineVertex
 10
1316.000002826448
 20
187.9999938250985
 30
0.0
 70
    32
  0
SEQEND
  5
573
330
561
100
AcDbEntity
  8
Y
  0
HATCH
  5
574
330
4DA
100
AcDbEntity
  8
Y
  6
Continuous
100
AcDbHatch
 10
0.0
 20
0.0
 30
0.0
210
0.0
220
0.0
230
1.0
  2
SOLID
 70
     1
 71
     0
 91
        1
 92
        7
 72
     0
 73
     1
 93
       63
 10
1500.000002826447
 20
139.9999938250985
 10
1352.000002826448
 20
87.99999382509851
 10
1360.000002826448
 20
59.9999938250985
 10
1388.000002826447
 20
63.9999938250985
 10
1436.000002826447
 20
91.99999382509849
 10
1476.000002826447
 20
103.9999938250985
 10
1600.000002826448
 20
139.9999938250985
 10
1712.000002826448
 20
159.9999938250985
 10
1708.000002826447
 20
139.9999938250985
 10
1708.000002826447
 20
115.9999938250985
 10
1732.000002826447
 20
111.9999938250985
 10
1744.000002826447
 20
175.9999938250985
 10
1760.000002826447
 20
175.9999938250985
 10
1800.000002826448
 20
179.9999938250985
 10
1808.000002826447
 20
187.9999938250985
 10
1828.000002826447
 20
183.9999938250985
 10
1820.000002826447
 20
107.9999938250985
 10
1808.000002826447
 20
71.9999938250985
 10
1784.000002826448
 20
71.9999938250985
 10
1784.000002826448
 20
39.9999938250985
 10
1776.000002826447
 20
39.9999938250985
 10
1784.000002826448
 20
23.9999938250985
 10
1800.000002826448
 20
19.9999938250985
 10
1812.000002826447
 20
31.9999938250985
 10
1880.000002826448
 20
39.9999938250985
 10
1896.000002826448
 20
47.9999938250985
 10
1892.000002826447
 20
67.9999938250985
 10
1836.000002826447
 20
71.9999938250985
 10
1852.000002826448
 20
135.9999938250985
 10
1856.000002826447
 20
195.9999938250985
 10
1920.000002826447
 20
203.9999938250985
 10
1936.000002826447
 20
211.9999938250985
 10
1936.000002826447
 20
207.9999938250985
 10
1948.000002826448
 20
207.9999938250985
 10
1948.000002826448
 20
211.9999938250985
 10
1952.000002826448
 20
211.9999938250985
 10
2012.000002826448
 20
215.9999938250985
 10
2096.000002826448
 20
215.9999938250985
 10
2098.604850529577
 20
218.8222850929597
 10
2116.000002826448
 20
211.9999938250985
 10
2136.000002826448
 20
191.9999938250985
 10
2148.000002826448
 20
199.9999938250985
 10
2116.000002826448
 20
231.9999938250985
 10
1988.000002826447
 20
231.9999938250985
 10
1856.000002826447
 20
215.9999938250985
 10
1856.000002826447
 20
439.9999938250984
 10
1844.000002826447
 20
451.9999938250984
 10
1820.000002826447
 20
451.9999938250984
 10
1832.000002826448
 20
211.9999938250985
 10
1748.000002826447
 20
195.9999938250985
 10
1760.000002826447
 20
263.9999938250985
 10
1768.000002826448
 20
447.9999938250984
 10
1740.000002826447
 20
475.9999938250984
 10
1728.000002826448
 20
475.9999938250984
 10
1696.000002826448
 20
471.9999938250984
 10
1632.000002826448
 20
423.9999938250985
 10
1628.000002826447
 20
403.9999938250985
 10
1660.000002826447
 20
411.9999938250985
 10
1696.000002826448
 20
439.9999938250984
 10
1728.000002826448
 20
447.9999938250984
 10
1736.000002826447
 20
431.9999938250985
 10
1736.000002826447
 20
299.9999938250985
 10
1720.000002826447
 20
191.9999938250985
 97
        0
 75
     0
 76
     1
 47
0.2306996255342775
 98
        1
 10
1716.1147768097
 20
178.9184075571829
450
        0
451
        0
460
0.0
461
0.0
452
        0
462
1.0
453
        2
463
0.0
 63
     5
421
      255
463
1.0
 63
     2
421
 16776960
470
LINEAR
1001
GradientColor1ACI
1070
     5
1001
GradientColor2ACI
1070
     2
1001
ACAD
1010
0.0
1020
0.0
1030
0.0
  0
POLYLINE
  5
575
330
4DA
100
AcDbEntity
  8
Y
100
AcDb3dPolyline
 66
     1
 10
0.0
 20
0.0
 30
0.0
 70
     8
  0
VERTEX
  5
576
330
575
100
AcDbEntity
  8
Y
100
AcDbVertex
100
AcDb3dPolylineVertex
 10
1760.000002826447
 20
175.9999938250985
 30
0.0
 70
    32
  0
VERTEX
  5
577
330
575
100
AcDbEntity
  8
Y
100
AcDbVertex
100
AcDb3dPolylineVertex
 10
1744.000002826447
 20
175.9999938250985
 30
0.0
 70
    32
  0
VERTEX
  5
578
330
575
100
AcDbEntity
  8
Y
100
AcDbVertex
100
AcDb3dPolylineVertex
 10
1732.000002826447
 20
111.9999938250985
 30
0.0
 70
    32
  0
VERTEX
  5
579
330
575
100
AcDbEntity
  8
Y
100
AcDbVertex
100
AcDb3dPolylineVertex
 10
1708.000002826447
 20
115.9999938250985
 30
0.0
 70
    32
  0
VERTEX
  5
57A
330
575
100
AcDbEntity
  8
Y
100
AcDbVertex
100
AcDb3dPolylineVertex
 10
1708.000002826447
 20
139.9999938250985
 30
0.0
 70
    32
  0
VERTEX
  5
57B
330
575
100
AcDbEntity
  8
Y
100
AcDbVertex
100
AcDb3dPolylineVertex
 10
1712.000002826448
 20
159.9999938250985
 30
0.0
 70
    32
  0
VERTEX
  5
57C
330
575
100
AcDbEntity
  8
Y
100
AcDbVertex
100
AcDb3dPolylineVertex
 10
1600.000002826448
 20
139.9999938250985
 30
0.0
 70
    32
  0
VERTEX
  5
57D
330
575
100
AcDbEntity
  8
Y
100
AcDbVertex
100
AcDb3dPolylineVertex
 10
1476.000002826447
 20
103.9999938250985
 30
0.0
 70
    32
  0
VERTEX
  5
57E
330
575
100
AcDbEntity
  8
Y
100
AcDbVertex
100
AcDb3dPolylineVertex
 10
1436.000002826447
 20
91.99999382509849
 30
0.0
 70
    32
  0
VERTEX
  5
57F
330
575
100
AcDbEntity
  8
Y
100
AcDbVertex
100
AcDb3dPolylineVertex
 10
1388.000002826447
 20
63.9999938250985
 30
0.0
 70
    32
  0
VERTEX
  5
580
330
575
100
AcDbEntity
  8
Y
100
AcDbVertex
100
AcDb3dPolylineVertex
 10
1360.000002826448
 20
59.9999938250985
 30
0.0
 70
    32
  0
VERTEX
  5
581
330
575
100
AcDbEntity
  8
Y
100
AcDbVertex
100
AcDb3dPolylineVertex
 10
1352.000002826448
 20
87.99999382509851
 30
0.0
 70
    32
  0
VERTEX
  5
582
330
575
100
AcDbEntity
  8
Y
100
AcDbVertex
100
AcDb3dPolylineVertex
 10
1500.000002826447
 20
139.9999938250985
 30
0.0
 70
    32
  0
VERTEX
  5
583
330
575
100
AcDbEntity
  8
Y
100
AcDbVertex
100
AcDb3dPolylineVertex
 10
1720.000002826447
 20
191.9999938250985
 30
0.0
 70
    32
  0
VERTEX
  5
584
330
575
100
AcDbEntity
  8
Y
100
AcDbVertex
100
AcDb3dPolylineVertex
 10
1736.000002826447
 20
299.9999938250985
 30
0.0
 70
    32
  0
VERTEX
  5
585
330
575
100
AcDbEntity
  8
Y
100
AcDbVertex
100
AcDb3dPolylineVertex
 10
1736.000002826447
 20
431.9999938250985
 30
0.0
 70
    32
  0
VERTEX
  5
586
330
575
100
AcDbEntity
  8
Y
100
AcDbVertex
100
AcDb3dPolylineVertex
 10
1728.000002826448
 20
447.9999938250984
 30
0.0
 70
    32
  0
VERTEX
  5
587
330
575
100
AcDbEntity
  8
Y
100
AcDbVertex
100
AcDb3dPolylineVertex
 10
1696.000002826448
 20
439.9999938250984
 30
0.0
 70
    32
  0
VERTEX
  5
588
330
575
100
AcDbEntity
  8
Y
100
AcDbVertex
100
AcDb3dPolylineVertex
 10
1660.000002826447
 20
411.9999938250985
 30
0.0
 70
    32
  0
VERTEX
  5
589
330
575
100
AcDbEntity
  8
Y
100
AcDbVertex
100
AcDb3dPolylineVertex
 10
1628.000002826447
 20
403.9999938250985
 30
0.0
 70
    32
  0
VERTEX
  5
58A
330
575
100
AcDbEntity
  8
Y
100
AcDbVertex
100
AcDb3dPolylineVertex
 10
1632.000002826448
 20
423.9999938250985
 30
0.0
 70
    32
  0
VERTEX
  5
58B
330
575
100
AcDbEntity
  8
Y
100
AcDbVertex
100
AcDb3dPolylineVertex
 10
1696.000002826448
 20
471.9999938250984
 30
0.0
 70
    32
  0
VERTEX
  5
58C
330
575
100
AcDbEntity
  8
Y
100
AcDbVertex
100
AcDb3dPolylineVertex
 10
1728.000002826448
 20
475.9999938250984
 30
0.0
 70
    32
  0
VERTEX
  5
58D
330
575
100
AcDbEntity
  8
Y
100
AcDbVertex
100
AcDb3dPolylineVertex
 10
1740.000002826447
 20
475.9999938250984
 30
0.0
 70
    32
  0
VERTEX
  5
58E
330
575
100
AcDbEntity
  8
Y
100
AcDbVertex
100
AcDb3dPolylineVertex
 10
1768.000002826448
 20
447.9999938250984
 30
0.0
 70
    32
  0
VERTEX
  5
58F
330
575
100
AcDbEntity
  8
Y
100
AcDbVertex
100
AcDb3dPolylineVertex
 10
1760.000002826447
 20
263.9999938250985
 30
0.0
 70
    32
  0
VERTEX
  5
590
330
575
100
AcDbEntity
  8
Y
100
AcDbVertex
100
AcDb3dPolylineVertex
 10
1748.000002826447
 20
195.9999938250985
 30
0.0
 70
    32
  0
VERTEX
  5
591
330
575
100
AcDbEntity
  8
Y
100
AcDbVertex
100
AcDb3dPolylineVertex
 10
1832.000002826448
 20
211.9999938250985
 30
0.0
 70
    32
  0
VERTEX
  5
592
330
575
100
AcDbEntity
  8
Y
100
AcDbVertex
100
AcDb3dPolylineVertex
 10
1820.000002826447
 20
451.9999938250984
 30
0.0
 70
    32
  0
VERTEX
  5
593
330
575
100
AcDbEntity
  8
Y
100
AcDbVertex
100
AcDb3dPolylineVertex
 10
1844.000002826447
 20
451.9999938250984
 30
0.0
 70
    32
  0
VERTEX
  5
594
330
575
100
AcDbEntity
  8
Y
100
AcDbVertex
100
AcDb3dPolylineVertex
 10
1856.000002826447
 20
439.9999938250984
 30
0.0
 70
    32
  0
VERTEX
  5
595
330
575
100
AcDbEntity
  8
Y
100
AcDbVertex
100
AcDb3dPolylineVertex
 10
1856.000002826447
 20
215.9999938250985
 30
0.0
 70
    32
  0
VERTEX
  5
596
330
575
100
AcDbEntity
  8
Y
100
AcDbVertex
100
AcDb3dPolylineVertex
 10
1988.000002826447
 20
231.9999938250985
 30
0.0
 70
    32
  0
VERTEX
  5
597
330
575
100
AcDbEntity
  8
Y
100
AcDbVertex
100
AcDb3dPolylineVertex
 10
2116.000002826448
 20
231.9999938250985
 30
0.0
 70
    32
  0
VERTEX
  5
598
330
575
100
AcDbEntity
  8
Y
100
AcDbVertex
100
AcDb3dPolylineVertex
 10
2148.000002826448
 20
199.9999938250985
 30
0.0
 70
    32
  0
VERTEX
  5
599
330
575
100
AcDbEntity
  8
Y
100
AcDbVertex
100
AcDb3dPolylineVertex
 10
2136.000002826448
 20
191.9999938250985
 30
0.0
 70
    32
  0
VERTEX
  5
59A
330
575
100
AcDbEntity
  8
Y
100
AcDbVertex
100
AcDb3dPolylineVertex
 10
2116.000002826448
 20
211.9999938250985
 30
0.0
 70
    32
  0
VERTEX
  5
59B
330
575
100
AcDbEntity
  8
Y
100
AcDbVertex
100
AcDb3dPolylineVertex
 10
2098.604850529577
 20
218.8222850929597
 30
0.0
 70
    32
  0
VERTEX
  5
59C
330
575
100
AcDbEntity
  8
Y
100
AcDbVertex
100
AcDb3dPolylineVertex
 10
2096.000002826448
 20
215.9999938250985
 30
0.0
 70
    32
  0
VERTEX
  5
59D
330
575
100
AcDbEntity
  8
Y
100
AcDbVertex
100
AcDb3dPolylineVertex
 10
2012.000002826448
 20
215.9999938250985
 30
0.0
 70
    32
  0
VERTEX
  5
59E
330
575
100
AcDbEntity
  8
Y
100
AcDbVertex
100
AcDb3dPolylineVertex
 10
1952.000002826448
 20
211.9999938250985
 30
0.0
 70
    32
  0
VERTEX
  5
59F
330
575
100
AcDbEntity
  8
Y
100
AcDbVertex
100
AcDb3dPolylineVertex
 10
1952.000002826448
 20
211.9999938250985
 30
0.0
 70
    32
  0
VERTEX
  5
5A0
330
575
100
AcDbEntity
  8
Y
100
AcDbVertex
100
AcDb3dPolylineVertex
 10
1960.000002826447
 20
212.5333271584241
 30
0.0
 70
    32
  0
SEQEND
  5
5A1
330
575
100
AcDbEntity
  8
Y
  0
POLYLINE
  5
5A2
330
4DA
100
AcDbEntity
  8
Y
100
AcDb3dPolyline
 66
     1
 10
0.0
 20
0.0
 30
0.0
 70
     8
  0
VERTEX
  5
5A3
330
5A2
100
AcDbEntity
  8
Y
100
AcDbVertex
100
AcDb3dPolylineVertex
 10
1760.000002826447
 20
175.9999938250985
 30
0.0
 70
    32
  0
VERTEX
  5
5A4
330
5A2
100
AcDbEntity
  8
Y
100
AcDbVertex
100
AcDb3dPolylineVertex
 10
1800.000002826448
 20
179.9999938250985
 30
0.0
 70
    32
  0
VERTEX
  5
5A5
330
5A2
100
AcDbEntity
  8
Y
100
AcDbVertex
100
AcDb3dPolylineVertex
 10
1808.000002826447
 20
187.9999938250985
 30
0.0
 70
    32
  0
VERTEX
  5
5A6
330
5A2
100
AcDbEntity
  8
Y
100
AcDbVertex
100
AcDb3dPolylineVertex
 10
1828.000002826447
 20
183.9999938250985
 30
0.0
 70
    32
  0
VERTEX
  5
5A7
330
5A2
100
AcDbEntity
  8
Y
100
AcDbVertex
100
AcDb3dPolylineVertex
 10
1820.000002826447
 20
107.9999938250985
 30
0.0
 70
    32
  0
VERTEX
  5
5A8
330
5A2
100
AcDbEntity
  8
Y
100
AcDbVertex
100
AcDb3dPolylineVertex
 10
1808.000002826447
 20
71.9999938250985
 30
0.0
 70
    32
  0
VERTEX
  5
5A9
330
5A2
100
AcDbEntity
  8
Y
100
AcDbVertex
100
AcDb3dPolylineVertex
 10
1784.000002826448
 20
71.9999938250985
 30
0.0
 70
    32
  0
VERTEX
  5
5AA
330
5A2
100
AcDbEntity
  8
Y
100
AcDbVertex
100
AcDb3dPolylineVertex
 10
1784.000002826448
 20
39.9999938250985
 30
0.0
 70
    32
  0
VERTEX
  5
5AB
330
5A2
100
AcDbEntity
  8
Y
100
AcDbVertex
100
AcDb3dPolylineVertex
 10
1776.000002826447
 20
39.9999938250985
 30
0.0
 70
    32
  0
VERTEX
  5
5AC
330
5A2
100
AcDbEntity
  8
Y
100
AcDbVertex
100
AcDb3dPolylineVertex
 10
1784.000002826448
 20
23.9999938250985
 30
0.0
 70
    32
  0
VERTEX
  5
5AD
330
5A2
100
AcDbEntity
  8
Y
100
AcDbVertex
100
AcDb3dPolylineVertex
 10
1800.000002826448
 20
19.9999938250985
 30
0.0
 70
    32
  0
VERTEX
  5
5AE
330
5A2
100
AcDbEntity
  8
Y
100
AcDbVertex
100
AcDb3dPolylineVertex
 10
1812.000002826447
 20
31.9999938250985
 30
0.0
 70
    32
  0
VERTEX
  5
5AF
330
5A2
100
AcDbEntity
  8
Y
100
AcDbVertex
100
AcDb3dPolylineVertex
 10
1880.000002826448
 20
39.9999938250985
 30
0.0
 70
    32
  0
VERTEX
  5
5B0
330
5A2
100
AcDbEntity
  8
Y
100
AcDbVertex
100
AcDb3dPolylineVertex
 10
1896.000002826448
 20
47.9999938250985
 30
0.0
 70
    32
  0
VERTEX
  5
5B1
330
5A2
100
AcDbEntity
  8
Y
100
AcDbVertex
100
AcDb3dPolylineVertex
 10
1892.000002826447
 20
67.9999938250985
 30
0.0
 70
    32
  0
VERTEX
  5
5B2
330
5A2
100
AcDbEntity
  8
Y
100
AcDbVertex
100
AcDb3dPolylineVertex
 10
1836.000002826447
 20
71.9999938250985
 30
0.0
 70
    32
  0
VERTEX
  5
5B3
330
5A2
100
AcDbEntity
  8
Y
100
AcDbVertex
100
AcDb3dPolylineVertex
 10
1852.000002826448
 20
135.9999938250985
 30
0.0
 70
    32
  0
VERTEX
  5
5B4
330
5A2
100
AcDbEntity
  8
Y
100
AcDbVertex
100
AcDb3dPolylineVertex
 10
1856.000002826447
 20
195.9999938250985
 30
0.0
 70
    32
  0
VERTEX
  5
5B5
330
5A2
100
AcDbEntity
  8
Y
100
AcDbVertex
100
AcDb3dPolylineVertex
 10
1920.000002826447
 20
203.9999938250985
 30
0.0
 70
    32
  0
VERTEX
  5
5B6
330
5A2
100
AcDbEntity
  8
Y
100
AcDbVertex
100
AcDb3dPolylineVertex
 10
1920.000002826447
 20
203.9999938250985
 30
0.0
 70
    32
  0
VERTEX
  5
5B7
330
5A2
100
AcDbEntity
  8
Y
100
AcDbVertex
100
AcDb3dPolylineVertex
 10
1920.000002826447
 20
203.9999938250985
 30
0.0
 70
    32
  0
VERTEX
  5
5B8
330
5A2
100
AcDbEntity
  8
Y
100
AcDbVertex
100
AcDb3dPolylineVertex
 10
1920.000002826447
 20
203.9999938250985
 30
0.0
 70
    32
  0
SEQEND
  5
5B9
330
5A2
100
AcDbEntity
  8
Y
  0
POLYLINE
  5
5BA
330
4DA
100
AcDbEntity
  8
Y
100
AcDb3dPolyline
 66
     1
 10
0.0
 20
0.0
 30
0.0
 70
     8
  0
VERTEX
  5
5BB
330
5BA
100
AcDbEntity
  8
Y
100
AcDbVertex
100
AcDb3dPolylineVertex
 10
1760.000002826447
 20
175.9999938250985
 30
0.0
 70
    32
  0
VERTEX
  5
5BC
330
5BA
100
AcDbEntity
  8
Y
100
AcDbVertex
100
AcDb3dPolylineVertex
 10
1756.000002826447
 20
171.9999938250985
 30
0.0
 70
    32
  0
SEQEND
  5
5BD
330
5BA
100
AcDbEntity
  8
Y
  0
POLYLINE
  5
5BE
330
4DA
100
AcDbEntity
  8
Y
100
AcDb3dPolyline
 66
     1
 10
0.0
 20
0.0
 30
0.0
 70
     8
  0
VERTEX
  5
5BF
330
5BE
100
AcDbEntity
  8
Y
100
AcDbVertex
100
AcDb3dPolylineVertex
 10
1352.000002826448
 20
187.9999938250985
 30
0.0
 70
    32
  0
VERTEX
  5
5C0
330
5BE
100
AcDbEntity
  8
Y
100
AcDbVertex
100
AcDb3dPolylineVertex
 10
1368.000002826448
 20
187.9999938250985
 30
0.0
 70
    32
  0
VERTEX
  5
5C1
330
5BE
100
AcDbEntity
  8
Y
100
AcDbVertex
100
AcDb3dPolylineVertex
 10
1372.000002826447
 20
191.9999938250985
 30
0.0
 70
    32
  0
VERTEX
  5
5C2
330
5BE
100
AcDbEntity
  8
Y
100
AcDbVertex
100
AcDb3dPolylineVertex
 10
1377.576913511031
 20
192.6030557987396
 30
0.0
 70
    32
  0
VERTEX
  5
5C3
330
5BE
100
AcDbEntity
  8
Y
100
AcDbVertex
100
AcDb3dPolylineVertex
 10
1384.000002826448
 20
195.9999938250985
 30
0.0
 70
    32
  0
VERTEX
  5
5C4
330
5BE
100
AcDbEntity
  8
Y
100
AcDbVertex
100
AcDb3dPolylineVertex
 10
1404.000002826447
 20
207.9999938250985
 30
0.0
 70
    32
  0
SEQEND
  5
5C5
330
5BE
100
AcDbEntity
  8
Y
  0
POLYLINE
  5
5C6
330
4DA
100
AcDbEntity
  8
Y
100
AcDb3dPolyline
 66
     1
 10
0.0
 20
0.0
 30
0.0
 70
     8
  0
VERTEX
  5
5C7
330
5C6
100
AcDbEntity
  8
Y
100
AcDbVertex
100
AcDb3dPolylineVertex
 10
1936.000002826447
 20
207.9999938250985
 30
0.0
 70
    32
  0
VERTEX
  5
5C8
330
5C6
100
AcDbEntity
  8
Y
100
AcDbVertex
100
AcDb3dPolylineVertex
 10
1936.000002826447
 20
211.9999938250985
 30
0.0
 70
    32
  0
VERTEX
  5
5C9
330
5C6
100
AcDbEntity
  8
Y
100
AcDbVertex
100
AcDb3dPolylineVertex
 10
1920.000002826447
 20
203.9999938250985
 30
0.0
 70
    32
  0
SEQEND
  5
5CA
330
5C6
100
AcDbEntity
  8
Y
  0
POLYLINE
  5
5CB
330
4DA
100
AcDbEntity
  8
Y
100
AcDb3dPolyline
 66
     1
 10
0.0
 20
0.0
 30
0.0
 70
     8
  0
VERTEX
  5
5CC
330
5CB
100
AcDbEntity
  8
Y
100
AcDbVertex
100
AcDb3dPolylineVertex
 10
1936.000002826447
 20
207.9999938250985
 30
0.0
 70
    32
  0
VERTEX
  5
5CD
330
5CB
100
AcDbEntity
  8
Y
100
AcDbVertex
100
AcDb3dPolylineVertex
 10
1948.000002826448
 20
207.9999938250985
 30
0.0
 70
    32
  0
VERTEX
  5
5CE
330
5CB
100
AcDbEntity
  8
Y
100
AcDbVertex
100
AcDb3dPolylineVertex
 10
1948.000002826448
 20
211.9999938250985
 30
0.0
 70
    32
  0
VERTEX
  5
5CF
330
5CB
100
AcDbEntity
  8
Y
100
AcDbVertex
100
AcDb3dPolylineVertex
 10
1952.000002826448
 20
211.9999938250985
 30
0.0
 70
    32
  0
SEQEND
  5
5D0
330
5CB
100
AcDbEntity
  8
Y
  0
POLYLINE
  5
5D1
330
4DA
100
AcDbEntity
  8
Y
100
AcDb3dPolyline
 66
     1
 10
0.0
 20
0.0
 30
0.0
 70
     8
  0
VERTEX
  5
5D2
330
5D1
100
AcDbEntity
  8
Y
100
AcDbVertex
100
AcDb3dPolylineVertex
 10
1404.000002826447
 20
207.9999938250985
 30
0.0
 70
    32
  0
VERTEX
  5
5D3
330
5D1
100
AcDbEntity
  8
Y
100
AcDbVertex
100
AcDb3dPolylineVertex
 10
1452.000002826447
 20
231.9999938250985
 30
0.0
 70
    32
  0
VERTEX
  5
5D4
330
5D1
100
AcDbEntity
  8
Y
100
AcDbVertex
100
AcDb3dPolylineVertex
 10
1528.000002826447
 20
291.9999938250985
 30
0.0
 70
    32
  0
VERTEX
  5
5D5
330
5D1
100
AcDbEntity
  8
Y
100
AcDbVertex
100
AcDb3dPolylineVertex
 10
1544.000002826448
 20
323.9999938250985
 30
0.0
 70
    32
  0
VERTEX
  5
5D6
330
5D1
100
AcDbEntity
  8
Y
100
AcDbVertex
100
AcDb3dPolylineVertex
 10
1512.000002826447
 20
343.9999938250985
 30
0.0
 70
    32
  0
VERTEX
  5
5D7
330
5D1
100
AcDbEntity
  8
Y
100
AcDbVertex
100
AcDb3dPolylineVertex
 10
1380.000002826447
 20
343.9999938250985
 30
0.0
 70
    32
  0
VERTEX
  5
5D8
330
5D1
100
AcDbEntity
  8
Y
100
AcDbVertex
100
AcDb3dPolylineVertex
 10
1224.000002826447
 20
315.9999938250985
 30
0.0
 70
    32
  0
VERTEX
  5
5D9
330
5D1
100
AcDbEntity
  8
Y
100
AcDbVertex
100
AcDb3dPolylineVertex
 10
1180.000002826447
 20
439.9999938250984
 30
0.0
 70
    32
  0
VERTEX
  5
5DA
330
5D1
100
AcDbEntity
  8
Y
100
AcDbVertex
100
AcDb3dPolylineVertex
 10
1156.000002826447
 20
459.9999938250984
 30
0.0
 70
    32
  0
VERTEX
  5
5DB
330
5D1
100
AcDbEntity
  8
Y
100
AcDbVertex
100
AcDb3dPolylineVertex
 10
1128.000002826447
 20
463.9999938250984
 30
0.0
 70
    32
  0
VERTEX
  5
5DC
330
5D1
100
AcDbEntity
  8
Y
100
AcDbVertex
100
AcDb3dPolylineVertex
 10
1112.000002826447
 20
439.9999938250984
 30
0.0
 70
    32
  0
VERTEX
  5
5DD
330
5D1
100
AcDbEntity
  8
Y
100
AcDbVertex
100
AcDb3dPolylineVertex
 10
1112.000002826447
 20
411.9999938250985
 30
0.0
 70
    32
  0
SEQEND
  5
5DE
330
5D1
100
AcDbEntity
  8
Y
  0
POLYLINE
  5
5DF
330
4DA
100
AcDbEntity
  8
Y
100
AcDb3dPolyline
 66
     1
 10
0.0
 20
0.0
 30
0.0
 70
     8
  0
VERTEX
  5
5E0
330
5DF
100
AcDbEntity
  8
Y
100
AcDbVertex
100
AcDb3dPolylineVertex
 10
116.0000028264476
 20
235.9999938250985
 30
0.0
 70
    32
  0
VERTEX
  5
5E1
330
5DF
100
AcDbEntity
  8
Y
100
AcDbVertex
100
AcDb3dPolylineVertex
 10
116.0000028264476
 20
119.9999938250985
 30
0.0
 70
    32
  0
VERTEX
  5
5E2
330
5DF
100
AcDbEntity
  8
Y
100
AcDbVertex
100
AcDb3dPolylineVertex
 10
116.0000028264476
 20
19.9999938250985
 30
0.0
 70
    32
  0
VERTEX
  5
5E3
330
5DF
100
AcDbEntity
  8
Y
100
AcDbVertex
100
AcDb3dPolylineVertex
 10
120.0000028264476
 20
19.9999938250985
 30
0.0
 70
    32
  0
VERTEX
  5
5E4
330
5DF
100
AcDbEntity
  8
Y
100
AcDbVertex
100
AcDb3dPolylineVertex
 10
128.0000028264476
 20
-0.0000061749015003
 30
0.0
 70
    32
  0
VERTEX
  5
5E5
330
5DF
100
AcDbEntity
  8
Y
100
AcDbVertex
100
AcDb3dPolylineVertex
 10
136.0000028264476
 20
-0.0000061749015003
 30
0.0
 70
    32
  0
VERTEX
  5
5E6
330
5DF
100
AcDbEntity
  8
Y
100
AcDbVertex
100
AcDb3dPolylineVertex
 10
128.0000028264476
 20
27.9999938250985
 30
0.0
 70
    32
  0
VERTEX
  5
5E7
330
5DF
100
AcDbEntity
  8
Y
100
AcDbVertex
100
AcDb3dPolylineVertex
 10
128.0000028264476
 20
243.9999938250985
 30
0.0
 70
    32
  0
SEQEND
  5
5E8
330
5DF
100
AcDbEntity
  8
Y
  0
POLYLINE
  5
5E9
330
4DA
100
AcDbEntity
  8
Y
100
AcDb3dPolyline
 66
     1
 10
0.0
 20
0.0
 30
0.0
 70
     8
  0
VERTEX
  5
5EA
330
5E9
100
AcDbEntity
  8
Y
100
AcDbVertex
100
AcDb3dPolylineVertex
 10
1016.000002826447
 20
223.9999938250985
 30
0.0
 70
    32
  0
VERTEX
  5
5EB
330
5E9
100
AcDbEntity
  8
Y
100
AcDbVertex
100
AcDb3dPolylineVertex
 10
1028.000002826447
 20
235.9999938250985
 30
0.0
 70
    32
  0
VERTEX
  5
5EC
330
5E9
100
AcDbEntity
  8
Y
100
AcDbVertex
100
AcDb3dPolylineVertex
 10
1016.000002826447
 20
223.9999938250985
 30
0.0
 70
    32
  0
VERTEX
  5
5ED
330
5E9
100
AcDbEntity
  8
Y
100
AcDbVertex
100
AcDb3dPolylineVertex
 10
996.0000028264476
 20
219.9999938250985
 30
0.0
 70
    32
  0
VERTEX
  5
5EE
330
5E9
100
AcDbEntity
  8
Y
100
AcDbVertex
100
AcDb3dPolylineVertex
 10
908.0000028264477
 20
187.9999938250985
 30
0.0
 70
    32
  0
VERTEX
  5
5EF
330
5E9
100
AcDbEntity
  8
Y
100
AcDbVertex
100
AcDb3dPolylineVertex
 10
896.0000028264476
 20
175.9999938250985
 30
0.0
 70
    32
  0
VERTEX
  5
5F0
330
5E9
100
AcDbEntity
  8
Y
100
AcDbVertex
100
AcDb3dPolylineVertex
 10
856.0000028264475
 20
167.9999938250985
 30
0.0
 70
    32
  0
VERTEX
  5
5F1
330
5E9
100
AcDbEntity
  8
Y
100
AcDbVertex
100
AcDb3dPolylineVertex
 10
844.0000028264476
 20
187.9999938250985
 30
0.0
 70
    32
  0
VERTEX
  5
5F2
330
5E9
100
AcDbEntity
  8
Y
100
AcDbVertex
100
AcDb3dPolylineVertex
 10
916.0000028264475
 20
223.9999938250985
 30
0.0
 70
    32
  0
VERTEX
  5
5F3
330
5E9
100
AcDbEntity
  8
Y
100
AcDbVertex
100
AcDb3dPolylineVertex
 10
984.0000028264476
 20
247.9999938250985
 30
0.0
 70
    32
  0
VERTEX
  5
5F4
330
5E9
100
AcDbEntity
  8
Y
100
AcDbVertex
100
AcDb3dPolylineVertex
 10
1056.000002826447
 20
283.9999938250985
 30
0.0
 70
    32
  0
VERTEX
  5
5F5
330
5E9
100
AcDbEntity
  8
Y
100
AcDbVertex
100
AcDb3dPolylineVertex
 10
1069.332363878144
 20
281.9772388233687
 30
0.0
 70
    32
  0
VERTEX
  5
5F6
330
5E9
100
AcDbEntity
  8
Y
100
AcDbVertex
100
AcDb3dPolylineVertex
 10
1083.804262268822
 20
296.0762269653496
 30
0.0
 70
    32
  0
VERTEX
  5
5F7
330
5E9
100
AcDbEntity
  8
Y
100
AcDbVertex
100
AcDb3dPolylineVertex
 10
1120.000002826447
 20
307.9999938250985
 30
0.0
 70
    32
  0
VERTEX
  5
5F8
330
5E9
100
AcDbEntity
  8
Y
100
AcDbVertex
100
AcDb3dPolylineVertex
 10
1128.000002826447
 20
319.9999938250985
 30
0.0
 70
    32
  0
VERTEX
  5
5F9
330
5E9
100
AcDbEntity
  8
Y
100
AcDbVertex
100
AcDb3dPolylineVertex
 10
1144.000002826447
 20
323.9999938250985
 30
0.0
 70
    32
  0
VERTEX
  5
5FA
330
5E9
100
AcDbEntity
  8
Y
100
AcDbVertex
100
AcDb3dPolylineVertex
 10
1168.000002826447
 20
355.9999938250985
 30
0.0
 70
    32
  0
VERTEX
  5
5FB
330
5E9
100
AcDbEntity
  8
Y
100
AcDbVertex
100
AcDb3dPolylineVertex
 10
1180.000002826447
 20
355.9999938250985
 30
0.0
 70
    32
  0
VERTEX
  5
5FC
330
5E9
100
AcDbEntity
  8
Y
100
AcDbVertex
100
AcDb3dPolylineVertex
 10
1192.000002826447
 20
335.9999938250985
 30
0.0
 70
    32
  0
VERTEX
  5
5FD
330
5E9
100
AcDbEntity
  8
Y
100
AcDbVertex
100
AcDb3dPolylineVertex
 10
1188.000002826447
 20
303.9999938250985
 30
0.0
 70
    32
  0
VERTEX
  5
5FE
330
5E9
100
AcDbEntity
  8
Y
100
AcDbVertex
100
AcDb3dPolylineVertex
 10
1096.000002826447
 20
279.9999938250985
 30
0.0
 70
    32
  0
VERTEX
  5
5FF
330
5E9
100
AcDbEntity
  8
Y
100
AcDbVertex
100
AcDb3dPolylineVertex
 10
1064.000002826447
 20
275.9999938250985
 30
0.0
 70
    32
  0
VERTEX
  5
600
330
5E9
100
AcDbEntity
  8
Y
100
AcDbVertex
100
AcDb3dPolylineVertex
 10
1069.332363878144
 20
281.9772388233687
 30
0.0
 70
    32
  0
SEQEND
  5
601
330
5E9
100
AcDbEntity
  8
Y
  0
POLYLINE
  5
602
330
4DA
100
AcDbEntity
  8
Y
100
AcDb3dPolyline
 66
     1
 10
0.0
 20
0.0
 30
0.0
 70
     8
  0
VERTEX
  5
603
330
602
100
AcDbEntity
  8
Y
100
AcDbVertex
100
AcDb3dPolylineVertex
 10
1054.836736794677
 20
283.4183608092135
 30
0.0
 70
    32
  0
VERTEX
  5
604
330
602
100
AcDbEntity
  8
Y
100
AcDbVertex
100
AcDb3dPolylineVertex
 10
1148.000002826447
 20
367.9999938250985
 30
0.0
 70
    32
  0
VERTEX
  5
605
330
602
100
AcDbEntity
  8
Y
100
AcDbVertex
100
AcDb3dPolylineVertex
 10
1104.000002826447
 20
359.9999938250985
 30
0.0
 70
    32
  0
VERTEX
  5
606
330
602
100
AcDbEntity
  8
Y
100
AcDbVertex
100
AcDb3dPolylineVertex
 10
1040.000002826447
 20
319.9999938250985
 30
0.0
 70
    32
  0
VERTEX
  5
607
330
602
100
AcDbEntity
  8
Y
100
AcDbVertex
100
AcDb3dPolylineVertex
 10
1016.000002826447
 20
287.9999938250985
 30
0.0
 70
    32
  0
VERTEX
  5
608
330
602
100
AcDbEntity
  8
Y
100
AcDbVertex
100
AcDb3dPolylineVertex
 10
996.0000028264476
 20
291.9999938250985
 30
0.0
 70
    32
  0
VERTEX
  5
609
330
602
100
AcDbEntity
  8
Y
100
AcDbVertex
100
AcDb3dPolylineVertex
 10
1004.000002826447
 20
319.9999938250985
 30
0.0
 70
    32
  0
VERTEX
  5
60A
330
602
100
AcDbEntity
  8
Y
100
AcDbVertex
100
AcDb3dPolylineVertex
 10
1048.000002826447
 20
355.9999938250985
 30
0.0
 70
    32
  0
VERTEX
  5
60B
330
602
100
AcDbEntity
  8
Y
100
AcDbVertex
100
AcDb3dPolylineVertex
 10
1108.000002826448
 20
387.9999938250985
 30
0.0
 70
    32
  0
VERTEX
  5
60C
330
602
100
AcDbEntity
  8
Y
100
AcDbVertex
100
AcDb3dPolylineVertex
 10
1156.000002826447
 20
399.9999938250985
 30
0.0
 70
    32
  0
VERTEX
  5
60D
330
602
100
AcDbEntity
  8
Y
100
AcDbVertex
100
AcDb3dPolylineVertex
 10
1164.000002826447
 20
395.9999938250985
 30
0.0
 70
    32
  0
VERTEX
  5
60E
330
602
100
AcDbEntity
  8
Y
100
AcDbVertex
100
AcDb3dPolylineVertex
 10
1152.000002826447
 20
423.9999938250985
 30
0.0
 70
    32
  0
VERTEX
  5
60F
330
602
100
AcDbEntity
  8
Y
100
AcDbVertex
100
AcDb3dPolylineVertex
 10
1136.000002826447
 20
435.9999938250985
 30
0.0
 70
    32
  0
VERTEX
  5
610
330
602
100
AcDbEntity
  8
Y
100
AcDbVertex
100
AcDb3dPolylineVertex
 10
1112.000002826447
 20
411.9999938250985
 30
0.0
 70
    32
  0
SEQEND
  5
611
330
602
100
AcDbEntity
  8
Y
  0
POLYLINE
  5
612
330
4DA
100
AcDbEntity
  8
Y
100
AcDb3dPolyline
 66
     1
 10
0.0
 20
0.0
 30
0.0
 70
     8
  0
VERTEX
  5
613
330
612
100
AcDbEntity
  8
Y
100
AcDbVertex
100
AcDb3dPolylineVertex
 10
112.0000028264476
 20
303.9999938250985
 30
0.0
 70
    32
  0
VERTEX
  5
614
330
612
100
AcDbEntity
  8
Y
100
AcDbVertex
100
AcDb3dPolylineVertex
 10
108.0000028264476
 20
299.9999938250985
 30
0.0
 70
    32
  0
SEQEND
  5
615
330
612
100
AcDbEntity
  8
Y
  0
POLYLINE
  5
616
330
4DA
100
AcDbEntity
  8
Y
100
AcDb3dPolyline
 66
     1
 10
0.0
 20
0.0
 30
0.0
 70
     8
  0
VERTEX
  5
617
330
616
100
AcDbEntity
  8
Y
100
AcDbVertex
100
AcDb3dPolylineVertex
 10
1144.000002826447
 20
363.9999938250985
 30
0.0
 70
    32
  0
VERTEX
  5
618
330
616
100
AcDbEntity
  8
Y
100
AcDbVertex
100
AcDb3dPolylineVertex
 10
1148.000002826447
 20
363.9999938250985
 30
0.0
 70
    32
  0
SEQEND
  5
619
330
616
100
AcDbEntity
  8
Y
  0
HATCH
  5
61A
330
4DA
100
AcDbEntity
  8
Y
  6
Continuous
100
AcDbHatch
 10
0.0
 20
0.0
 30
0.0
210
0.0
220
0.0
230
1.0
  2
SOLID
 70
     1
 71
     0
 91
        2
 92
        7
 72
     0
 73
     1
 93
       22
 10
828.0000028264476
 20
323.9999938250985
 10
884.0000028264476
 20
363.9999938250985
 10
896.0000028264476
 20
379.9999938250985
 10
936.0000028264476
 20
403.9999938250985
 10
964.0000028264475
 20
435.9999938250985
 10
1012.000002826447
 20
467.9999938250984
 10
1012.000002826447
 20
487.9999938250985
 10
1004.000002826447
 20
491.9999938250985
 10
976.0000028264476
 20
491.9999938250985
 10
928.0000028264476
 20
463.9999938250984
 10
840.0000028264475
 20
387.9999938250985
 10
840.0000028264475
 20
359.9999938250985
 10
796.0000028264476
 20
335.9999938250985
 10
780.0000028264475
 20
327.9999938250985
 10
768.0000028264475
 20
311.9999938250985
 10
788.0000028264475
 20
199.9999938250985
 10
800.0000028264476
 20
99.9999938250985
 10
828.0000028264476
 20
71.9999938250985
 10
848.0000028264475
 20
71.9999938250985
 10
844.0000028264476
 20
91.99999382509849
 10
824.0000028264475
 20
103.9999938250985
 10
800.0000028264476
 20
303.9999938250985
 97
        0
 92
       22
 72
     0
 73
     1
 93
        8
 10
900.0000028264476
 20
407.9999938250985
 10
912.0000028264476
 20
419.9999938250985
 10
940.0000028264475
 20
443.9999938250984
 10
956.0000028264475
 20
459.9999938250984
 10
968.0000028264476
 20
447.9999938250984
 10
944.0000028264476
 20
439.9999938250984
 10
940.0000028264475
 20
435.9999938250985
 10
908.0000028264477
 20
411.9999938250985
 97
        0
 75
     0
 76
     1
 47
0.142551884624916
 98
        2
 10
811.5639171323273
 20
326.539162439527
 10
811.5639171323273
 20
326.539162439527
450
        0
451
        0
460
0.0
461
0.0
452
        0
462
1.0
453
        2
463
0.0
 63
     5
421
      255
463
1.0
 63
     2
421
 16776960
470
LINEAR
1001
GradientColor1ACI
1070
     5
1001
GradientColor2ACI
1070
     2
1001
ACAD
1010
0.0
1020
0.0
1030
0.0
  0
POLYLINE
  5
61B
330
4DA
100
AcDbEntity
  8
Y
100
AcDb3dPolyline
 66
     1
 10
0.0
 20
0.0
 30
0.0
 70
     8
  0
VERTEX
  5
61C
330
61B
100
AcDbEntity
  8
Y
100
AcDbVertex
100
AcDb3dPolylineVertex
 10
908.0000028264477
 20
411.9999938250985
 30
0.0
 70
    32
  0
VERTEX
  5
61D
330
61B
100
AcDbEntity
  8
Y
100
AcDbVertex
100
AcDb3dPolylineVertex
 10
900.0000028264476
 20
407.9999938250985
 30
0.0
 70
    32
  0
VERTEX
  5
61E
330
61B
100
AcDbEntity
  8
Y
100
AcDbVertex
100
AcDb3dPolylineVertex
 10
912.0000028264476
 20
419.9999938250985
 30
0.0
 70
    32
  0
VERTEX
  5
61F
330
61B
100
AcDbEntity
  8
Y
100
AcDbVertex
100
AcDb3dPolylineVertex
 10
912.0000028264476
 20
419.9999938250985
 30
0.0
 70
    32
  0
VERTEX
  5
620
330
61B
100
AcDbEntity
  8
Y
100
AcDbVertex
100
AcDb3dPolylineVertex
 10
912.0000028264476
 20
419.9999938250985
 30
0.0
 70
    32
  0
SEQEND
  5
621
330
61B
100
AcDbEntity
  8
Y
  0
POLYLINE
  5
622
330
4DA
100
AcDbEntity
  8
Y
100
AcDb3dPolyline
 66
     1
 10
0.0
 20
0.0
 30
0.0
 70
     8
  0
VERTEX
  5
623
330
622
100
AcDbEntity
  8
Y
100
AcDbVertex
100
AcDb3dPolylineVertex
 10
944.0000028264476
 20
439.9999938250984
 30
0.0
 70
    32
  0
VERTEX
  5
624
330
622
100
AcDbEntity
  8
Y
100
AcDbVertex
100
AcDb3dPolylineVertex
 10
968.0000028264476
 20
447.9999938250984
 30
0.0
 70
    32
  0
VERTEX
  5
625
330
622
100
AcDbEntity
  8
Y
100
AcDbVertex
100
AcDb3dPolylineVertex
 10
956.0000028264475
 20
459.9999938250984
 30
0.0
 70
    32
  0
VERTEX
  5
626
330
622
100
AcDbEntity
  8
Y
100
AcDbVertex
100
AcDb3dPolylineVertex
 10
940.0000028264475
 20
443.9999938250984
 30
0.0
 70
    32
  0
SEQEND
  5
627
330
622
100
AcDbEntity
  8
Y
  0
POLYLINE
  5
628
330
4DA
100
AcDbEntity
  8
Y
100
AcDb3dPolyline
 66
     1
 10
0.0
 20
0.0
 30
0.0
 70
     8
  0
VERTEX
  5
629
330
628
100
AcDbEntity
  8
Y
100
AcDbVertex
100
AcDb3dPolylineVertex
 10
944.0000028264476
 20
439.9999938250984
 30
0.0
 70
    32
  0
VERTEX
  5
62A
330
628
100
AcDbEntity
  8
Y
100
AcDbVertex
100
AcDb3dPolylineVertex
 10
940.0000028264475
 20
435.9999938250985
 30
0.0
 70
    32
  0
SEQEND
  5
62B
330
628
100
AcDbEntity
  8
Y
  0
POLYLINE
  5
62C
330
4DA
100
AcDbEntity
  8
Y
100
AcDb3dPolyline
 66
     1
 10
0.0
 20
0.0
 30
0.0
 70
     8
  0
VERTEX
  5
62D
330
62C
100
AcDbEntity
  8
Y
100
AcDbVertex
100
AcDb3dPolylineVertex
 10
284.0000028264476
 20
507.9999938250985
 30
0.0
 70
    32
  0
VERTEX
  5
62E
330
62C
100
AcDbEntity
  8
Y
100
AcDbVertex
100
AcDb3dPolylineVertex
 10
288.0000028264476
 20
503.9999938250985
 30
0.0
 70
    32
  0
SEQEND
  5
62F
330
62C
100
AcDbEntity
  8
Y
  0
POLYLINE
  5
630
330
4DA
100
AcDbEntity
  8
Y
100
AcDb3dPolyline
 66
     1
 10
0.0
 20
0.0
 30
0.0
 70
     8
  0
VERTEX
  5
631
330
630
100
AcDbEntity
  8
Y
100
AcDbVertex
100
AcDb3dPolylineVertex
 10
828.0000028264476
 20
71.9999938250985
 30
0.0
 70
    32
  0
VERTEX
  5
632
330
630
100
AcDbEntity
  8
Y
100
AcDbVertex
100
AcDb3dPolylineVertex
 10
800.0000028264476
 20
99.9999938250985
 30
0.0
 70
    32
  0
VERTEX
  5
633
330
630
100
AcDbEntity
  8
Y
100
AcDbVertex
100
AcDb3dPolylineVertex
 10
788.0000028264475
 20
199.9999938250985
 30
0.0
 70
    32
  0
VERTEX
  5
634
330
630
100
AcDbEntity
  8
Y
100
AcDbVertex
100
AcDb3dPolylineVertex
 10
768.0000028264475
 20
311.9999938250985
 30
0.0
 70
    32
  0
VERTEX
  5
635
330
630
100
AcDbEntity
  8
Y
100
AcDbVertex
100
AcDb3dPolylineVertex
 10
780.0000028264475
 20
327.9999938250985
 30
0.0
 70
    32
  0
VERTEX
  5
636
330
630
100
AcDbEntity
  8
Y
100
AcDbVertex
100
AcDb3dPolylineVertex
 10
796.0000028264476
 20
335.9999938250985
 30
0.0
 70
    32
  0
VERTEX
  5
637
330
630
100
AcDbEntity
  8
Y
100
AcDbVertex
100
AcDb3dPolylineVertex
 10
840.0000028264475
 20
359.9999938250985
 30
0.0
 70
    32
  0
VERTEX
  5
638
330
630
100
AcDbEntity
  8
Y
100
AcDbVertex
100
AcDb3dPolylineVertex
 10
840.0000028264475
 20
387.9999938250985
 30
0.0
 70
    32
  0
VERTEX
  5
639
330
630
100
AcDbEntity
  8
Y
100
AcDbVertex
100
AcDb3dPolylineVertex
 10
928.0000028264476
 20
463.9999938250984
 30
0.0
 70
    32
  0
VERTEX
  5
63A
330
630
100
AcDbEntity
  8
Y
100
AcDbVertex
100
AcDb3dPolylineVertex
 10
976.0000028264476
 20
491.9999938250985
 30
0.0
 70
    32
  0
VERTEX
  5
63B
330
630
100
AcDbEntity
  8
Y
100
AcDbVertex
100
AcDb3dPolylineVertex
 10
1004.000002826447
 20
491.9999938250985
 30
0.0
 70
    32
  0
VERTEX
  5
63C
330
630
100
AcDbEntity
  8
Y
100
AcDbVertex
100
AcDb3dPolylineVertex
 10
1012.000002826447
 20
487.9999938250985
 30
0.0
 70
    32
  0
VERTEX
  5
63D
330
630
100
AcDbEntity
  8
Y
100
AcDbVertex
100
AcDb3dPolylineVertex
 10
1012.000002826447
 20
467.9999938250984
 30
0.0
 70
    32
  0
VERTEX
  5
63E
330
630
100
AcDbEntity
  8
Y
100
AcDbVertex
100
AcDb3dPolylineVertex
 10
964.0000028264475
 20
435.9999938250985
 30
0.0
 70
    32
  0
VERTEX
  5
63F
330
630
100
AcDbEntity
  8
Y
100
AcDbVertex
100
AcDb3dPolylineVertex
 10
936.0000028264476
 20
403.9999938250985
 30
0.0
 70
    32
  0
VERTEX
  5
640
330
630
100
AcDbEntity
  8
Y
100
AcDbVertex
100
AcDb3dPolylineVertex
 10
896.0000028264476
 20
379.9999938250985
 30
0.0
 70
    32
  0
VERTEX
  5
641
330
630
100
AcDbEntity
  8
Y
100
AcDbVertex
100
AcDb3dPolylineVertex
 10
884.0000028264476
 20
363.9999938250985
 30
0.0
 70
    32
  0
VERTEX
  5
642
330
630
100
AcDbEntity
  8
Y
100
AcDbVertex
100
AcDb3dPolylineVertex
 10
828.0000028264476
 20
323.9999938250985
 30
0.0
 70
    32
  0
VERTEX
  5
643
330
630
100
AcDbEntity
  8
Y
100
AcDbVertex
100
AcDb3dPolylineVertex
 10
800.0000028264476
 20
303.9999938250985
 30
0.0
 70
    32
  0
VERTEX
  5
644
330
630
100
AcDbEntity
  8
Y
100
AcDbVertex
100
AcDb3dPolylineVertex
 10
824.0000028264475
 20
103.9999938250985
 30
0.0
 70
    32
  0
VERTEX
  5
645
330
630
100
AcDbEntity
  8
Y
100
AcDbVertex
100
AcDb3dPolylineVertex
 10
844.0000028264476
 20
91.99999382509849
 30
0.0
 70
    32
  0
VERTEX
  5
646
330
630
100
AcDbEntity
  8
Y
100
AcDbVertex
100
AcDb3dPolylineVertex
 10
848.0000028264475
 20
71.9999938250985
 30
0.0
 70
    32
  0
VERTEX
  5
647
330
630
100
AcDbEntity
  8
Y
100
AcDbVertex
100
AcDb3dPolylineVertex
 10
828.0000028264476
 20
71.9999938250985
 30
0.0
 70
    32
  0
SEQEND
  5
648
330
630
100
AcDbEntity
  8
Y
  0
LINE
  5
649
330
4DA
100
AcDbEntity
  8
Y
  6
Continuous
100
AcDbLine
 10
908.0000028264477
 20
411.9999938250985
 30
0.0
 11
940.0000028264475
 21
435.9999938250985
 31
0.0
  0
LINE
  5
64A
330
4DA
100
AcDbEntity
  8
Y
  6
Continuous
100
AcDbLine
 10
940.0000028264475
 20
443.9999938250984
 30
0.0
 11
912.0000028264476
 21
419.9999938250985
 31
0.0
  0
ENDBLK
  5
64B
330
4DA
100
AcDbEntity
  8
0
100
AcDbBlockEnd
  0
BLOCK
  5
931
330
92F
100
AcDbEntity
  8
0
100
AcDbBlockBegin
  2
A$C24B21F5D
 70
     0
 10
0.0
 20
0.0
 30
0.0
  3
A$C24B21F5D
  1

  0
LINE
  5
932
330
92F
100
AcDbEntity
  8
0
  6
Continuous
 62
     0
100
AcDbLine
 10
0.9545400174683891
 20
18.66902741510421
 30
0.0
 11
12.60583867609966
 21
6.613760763313621
 31
0.0
1001
AcDbBlockRepETag
1070
     1
1071
        0
1005
932
  0
LINE
  5
933
330
92F
100
AcDbEntity
  8
0
  6
Continuous
 62
     0
100
AcDbLine
 10
2.162250344699714
 20
19.70813758997246
 30
0.0
 11
6.822411173547152
 21
8.959707011934369
 31
0.0
1001
AcDbBlockRepETag
1070
     1
1071
        1
1005
933
  0
LINE
  5
934
330
92F
100
AcDbEntity
  8
0
  6
Continuous
 62
     0
100
AcDbLine
 10
3.971131713711656
 20
11.19672945654019
 30
0.0
 11
3.013567235844675
 21
15.16165558807552
 31
0.0
1001
AcDbBlockRepETag
1070
     1
1071
        2
1005
934
  0
LINE
  5
935
330
92F
100
AcDbEntity
  8
0
  6
Continuous
 62
     0
100
AcDbLine
 10
7.513057617295999
 20
14.14793081907555
 30
0.0
 11
10.22486762126209
 21
9.061912775039672
 31
0.0
1001
AcDbBlockRepETag
1070
     1
1071
        3
1005
935
  0
LINE
  5
936
330
92F
100
AcDbEntity
  8
0
  6
Continuous
 62
     0
100
AcDbLine
 10
5.828145558421965
 20
19.81976225739345
 30
0.0
 11
2.552976467239204
 21
12.29878994682804
 31
0.0
1001
AcDbBlockRepETag
1070
     1
1071
        4
1005
936
  0
LINE
  5
937
330
92F
100
AcDbEntity
  8
0
  6
Continuous
 62
     0
100
AcDbLine
 10
12.64707627799362
 20
6.534103928133845
 30
0.0
 11
9.069420018233358
 21
13.44539682846516
 31
0.0
1001
AcDbBlockRepETag
1070
     1
1071
        5
1005
937
  0
LINE
  5
938
330
92F
100
AcDbEntity
  8
0
  6
Continuous
 62
     0
100
AcDbLine
 10
2.176282437168993
 20
13.8687516413629
 30
0.0
 11
3.891849846753757
 21
6.984242676291614
 31
0.0
1001
AcDbBlockRepETag
1070
     1
1071
        6
1005
938
  0
LINE
  5
939
330
92F
100
AcDbEntity
  8
0
  6
Continuous
 62
     0
100
AcDbLine
 10
4.0261483611539
 20
30.22731861099601
 30
0.0
 11
3.938260723021812
 21
4.709730110131204
 31
0.0
1001
AcDbBlockRepETag
1070
     1
1071
        7
1005
939
  0
LINE
  5
93A
330
92F
100
AcDbEntity
  8
0
  6
Continuous
 62
     0
100
AcDbLine
 10
10.22486762126209
 20
9.061912775039672
 30
0.0
 11
5.803373557166196
 21
11.37736990628764
 31
0.0
1001
AcDbBlockRepETag
1070
     1
1071
        8
1005
93A
  0
LINE
  5
93B
330
92F
100
AcDbEntity
  8
0
  6
Continuous
 62
     0
100
AcDbLine
 10
6.771177485876251
 20
8.981041098944842
 30
0.0
 11
12.64707627799362
 21
6.534103928133845
 31
0.0
1001
AcDbBlockRepETag
1070
     1
1071
        9
1005
93B
  0
LINE
  5
93C
330
92F
100
AcDbEntity
  8
0
  6
Continuous
 62
     0
100
AcDbLine
 10
3.891849846753757
 20
6.984242676291614
 30
0.0
 11
6.771177485876251
 21
8.981041098944842
 31
0.0
1001
AcDbBlockRepETag
1070
     1
1071
       10
1005
93C
  0
LINE
  5
93D
330
92F
100
AcDbEntity
  8
0
  6
Continuous
 62
     0
100
AcDbLine
 10
5.803373557166196
 20
11.37736990628764
 30
0.0
 11
3.971131713711656
 21
11.19672945654019
 31
0.0
1001
AcDbBlockRepETag
1070
     1
1071
       11
1005
93D
  0
LINE
  5
93E
330
92F
100
AcDbEntity
  8
0
  6
Continuous
 62
     0
100
AcDbLine
 10
9.069420018233358
 20
13.44539682846516
 30
0.0
 11
15.74343293101992
 21
15.52729118056595
 31
0.0
1001
AcDbBlockRepETag
1070
     1
1071
       12
1005
93E
  0
LINE
  5
93F
330
92F
100
AcDbEntity
  8
0
  6
Continuous
 62
     0
100
AcDbLine
 10
15.75450404908042
 20
15.52516770688817
 30
0.0
 11
7.655875894299242
 21
17.07850699871778
 31
0.0
1001
AcDbBlockRepETag
1070
     1
1071
       13
1005
93F
  0
LINE
  5
940
330
92F
100
AcDbEntity
  8
0
  6
Continuous
 62
     0
100
AcDbLine
 10
4.020805956912226
 20
28.67619345616549
 30
0.0
 11
5.829700488480739
 21
19.81611941335723
 31
0.0
1001
AcDbBlockRepETag
1070
     1
1071
       14
1005
940
  0
LINE
  5
941
330
92F
100
AcDbEntity
  8
0
  6
Continuous
 62
     0
100
AcDbLine
 10
2.171770616259891
 20
19.65458501130342
 30
0.0
 11
4.020805956912226
 21
28.67619345616549
 31
0.0
1001
AcDbBlockRepETag
1070
     1
1071
       15
1005
941
  0
LINE
  5
942
330
92F
100
AcDbEntity
  8
0
  6
Continuous
 62
     0
100
AcDbLine
 10
7.66019089258043
 20
17.10750948544592
 30
0.0
 11
2.975534844736102
 21
15.14641181798651
 31
0.0
1001
AcDbBlockRepETag
1070
     1
1071
       16
1005
942
  0
LINE
  5
943
330
92F
100
AcDbEntity
  8
0
  6
Continuous
 62
     0
100
AcDbLine
 10
2.665545204363297
 20
16.0921239098534
 30
0.0
 11
9.128998020780272
 21
13.44054888747632
 31
0.0
1001
AcDbBlockRepETag
1070
     1
1071
       17
1005
943
  0
LINE
  5
944
330
92F
100
AcDbEntity
  8
0
  6
Continuous
 62
     0
100
AcDbLine
 10
6.772436779632698
 20
18.26281307730823
 30
0.0
 11
2.180513730854727
 21
13.85173463262617
 31
0.0
1001
AcDbBlockRepETag
1070
     1
1071
       18
1005
944
  0
LINE
  5
945
330
92F
100
AcDbEntity
  8
0
  6
Continuous
 62
     0
100
AcDbLine
 10
3.967335775960236
 20
17.60336241871118
 30
0.0
 11
3.130481057567521
 21
17.4921139399521
 31
0.0
1001
AcDbBlockRepETag
1070
     1
1071
       19
1005
945
  0
LINE
  5
946
330
92F
100
AcDbEntity
  8
0
  6
Continuous
 62
     0
100
AcDbLine
 10
2.866531990352086
 20
16.01462364709005
 30
0.0
 11
0.9429726341622881
 21
18.70529213733971
 31
0.0
1001
AcDbBlockRepETag
1070
     1
1071
       20
1005
946
  0
LINE
  5
947
330
92F
100
AcDbEntity
  8
0
  6
Continuous
 62
     0
100
AcDbLine
 10
2.427852978871669
 20
15.57790603814646
 30
0.0
 11
2.866531990352086
 21
16.01462364709005
 31
0.0
1001
AcDbBlockRepETag
1070
     1
1071
       21
1005
947
  0
LINE
  5
948
330
92F
100
AcDbEntity
  8
0
  6
Continuous
 62
     0
100
AcDbLine
 10
3.013567235844675
 20
15.16165558807552
 30
0.0
 11
2.427852978871669
 21
15.57790603814646
 31
0.0
1001
AcDbBlockRepETag
1070
     1
1071
       22
1005
948
  0
LINE
  5
949
330
92F
100
AcDbEntity
  8
0
  6
Continuous
 62
     0
100
AcDbLine
 10
2.975636557268444
 20
15.14545897347852
 30
0.0
 11
2.176282437168993
 21
13.8687516413629
 31
0.0
1001
AcDbBlockRepETag
1070
     1
1071
       23
1005
949
  0
LINE
  5
94A
330
92F
100
AcDbEntity
  8
0
  6
Continuous
 62
     0
100
AcDbLine
 10
1.831267583649605
 20
15.55378105025738
 30
0.0
 11
2.975636557268444
 21
15.14545897347852
 31
0.0
1001
AcDbBlockRepETag
1070
     1
1071
       24
1005
94A
  0
LINE
  5
94B
330
92F
100
AcDbEntity
  8
0
  6
Continuous
 62
     0
100
AcDbLine
 10
2.665545204363297
 20
16.0921239098534
 30
0.0
 11
1.831267583649605
 21
15.55378105025738
 31
0.0
1001
AcDbBlockRepETag
1070
     1
1071
       25
1005
94B
  0
LINE
  5
94C
330
92F
100
AcDbEntity
  8
0
  6
Continuous
 62
     0
100
AcDbLine
 10
2.718716970528475
 20
16.88070433493703
 30
0.0
 11
2.665545204363297
 21
16.0921239098534
 31
0.0
1001
AcDbBlockRepETag
1070
     1
1071
       26
1005
94C
  0
LINE
  5
94D
330
92F
100
AcDbEntity
  8
0
  6
Continuous
 62
     0
100
AcDbLine
 10
3.130481057567521
 20
17.4921139399521
 30
0.0
 11
2.718716970528475
 21
16.88070433493703
 31
0.0
1001
AcDbBlockRepETag
1070
     1
1071
       27
1005
94D
  0
LINE
  5
94E
330
92F
100
AcDbEntity
  8
0
  6
Continuous
 62
     0
100
AcDbLine
 10
0.9429726341622881
 20
18.70529213733971
 30
0.0
 11
2.184754063084255
 21
19.72664489410817
 31
0.0
1001
AcDbBlockRepETag
1070
     1
1071
       28
1005
94E
  0
LINE
  5
94F
330
92F
100
AcDbEntity
  8
0
  6
Continuous
 62
     0
100
AcDbLine
 10
5.829700488480739
 20
19.81611941335723
 30
0.0
 11
6.577168247546069
 21
18.06071743555367
 31
0.0
1001
AcDbBlockRepETag
1070
     1
1071
       29
1005
94F
  0
LINE
  5
950
330
92F
100
AcDbEntity
  8
0
  6
Continuous
 62
     0
100
AcDbLine
 10
6.772436779632698
 20
18.26281307730823
 30
0.0
 11
4.679848462052177
 21
17.18610469298437
 31
0.0
1001
AcDbBlockRepETag
1070
     1
1071
       30
1005
950
  0
LINE
  5
951
330
92F
100
AcDbEntity
  8
0
  6
Continuous
 62
     0
100
AcDbLine
 10
4.679848462052177
 20
17.18610469298437
 30
0.0
 11
3.967335775960236
 21
17.60336241871118
 31
0.0
1001
AcDbBlockRepETag
1070
     1
1071
       31
1005
951
  0
LINE
  5
952
330
92F
100
AcDbEntity
  8
0
  6
Continuous
 62
     0
100
AcDbLine
 10
6.953439969744067
 20
15.53970917826518
 30
0.0
 11
7.513057617295999
 21
14.14793081907555
 31
0.0
1001
AcDbBlockRepETag
1070
     1
1071
       32
1005
952
  0
LINE
  5
953
330
92F
100
AcDbEntity
  8
0
  6
Continuous
 62
     0
100
AcDbLine
 10
6.59585505031282
 20
16.6918794317171
 30
0.0
 11
6.953439969744067
 21
15.53970917826518
 31
0.0
1001
AcDbBlockRepETag
1070
     1
1071
       33
1005
953
  0
LINE
  5
954
330
92F
100
AcDbEntity
  8
0
  6
Continuous
 62
     0
100
AcDbLine
 10
6.577168247546069
 20
18.06071743555367
 30
0.0
 11
6.59585505031282
 21
16.6918794317171
 31
0.0
1001
AcDbBlockRepETag
1070
     1
1071
       34
1005
954
  0
LINE
  5
955
330
92F
100
AcDbEntity
  8
0
  6
Continuous
 62
     0
100
AcDbLine
 10
7.655875894299242
 20
17.07850699871778
 30
0.0
 11
6.772436779632698
 21
18.26281307730823
 31
0.0
1001
AcDbBlockRepETag
1070
     1
1071
       35
1005
955
  0
LWPOLYLINE
  5
956
330
92F
100
AcDbEntity
  8
0
  6
Continuous
 62
     0
100
AcDbPolyline
 90
        2
 70
     0
 43
0.0
 10
0.0000003352179192
 20
15.57949877623468
 10
17.74790492583997
 20
15.51829325361177
1001
AcDbBlockRepETag
1070
     1
1071
       36
1005
956
  0
TEXT
  5
957
330
92F
100
AcDbEntity
  8
注释
 62
     0
100
AcDbText
 10
3.032357097254134
 20
31.29677384020761
 30
0.0
 40
2.123494005511767
  1
N
 50
359.9996932777716
 41
0.999999998653852
  7
1
100
AcDbText
1001
AcDbBlockRepETag
1070
     1
1071
       37
1005
957
  0
ENDBLK
  5
95A
330
92F
100
AcDbEntity
  8
0
100
AcDbBlockEnd
  0
BLOCK
  5
341
330
33E
100
AcDbEntity
  8
0
100
AcDbBlockBegin
  2
T1-图例$0$A$C6C161DE2
 70
     0
 10
0.0
 20
0.0
 30
0.0
  3
T1-图例$0$A$C6C161DE2
  1

  0
LWPOLYLINE
  5
342
330
33E
100
AcDbEntity
  8
T1-图例$0$A-Car-Stnd
100
AcDbPolyline
 90
        4
 70
     1
 43
0.0
 10
0.0
 20
5300.0
 10
0.0
 20
0.0
 10
2400.0
 20
0.0000002384185791
 10
2400.0
 20
5300.0
  0
LWPOLYLINE
  5
345
330
33E
100
AcDbEntity
  8
9
100
AcDbPolyline
 90
        2
 70
     0
 43
0.0
 10
2400.0
 20
5300.0
 10
0.0
 20
0.0
  0
LWPOLYLINE
  5
346
330
33E
100
AcDbEntity
  8
9
100
AcDbPolyline
 90
       35
 70
     1
 43
0.0
 10
571.5432949066162
 20
2693.288587093353
 10
609.3295583724975
 20
2826.905840873719
 10
679.0888028144836
 20
2931.475860595703
 10
751.7546925544738
 20
3001.189210891724
 10
853.4869313240051
 20
3056.378942251205
 10
827.2509818077088
 20
3172.935119867325
 10
684.8258481025696
 20
3111.935941696167
 10
562.7471652030944
 20
2987.032860517502
 10
487.174644947052
 20
2873.748668193817
 10
443.5751128196716
 20
2690.751130342484
 10
443.5751128196716
 20
2533.896096467972
 10
496.0374894142151
 20
2375.979341983795
 10
568.7033715248108
 20
2259.790428876877
 10
699.5019679069518
 20
2134.887347221375
 10
868.0868210792541
 20
2053.555107355118
 10
1123.870731353759
 20
2041.936213493347
 10
1356.401560783386
 20
2129.077900648117
 10
1456.318339824676
 20
2242.629191875458
 10
1531.890860080719
 20
2329.770874977112
 10
1581.303660869598
 20
2443.055066823959
 10
1598.743473529816
 20
2553.434533119202
 10
1610.370017528534
 20
2620.243158102036
 10
1479.571421146393
 20
2617.338436603546
 10
1470.851515293121
 20
2518.577860116959
 10
1441.785164833069
 20
2440.150341510773
 10
1389.46572637558
 20
2350.103936910629
 10
1319.706474781036
 20
2271.676418304443
 10
1200.534429550171
 20
2204.867793321609
 10
1072.642470836639
 20
2170.011120080948
 10
932.104266166687
 20
2181.670074224472
 10
795.492407798767
 20
2239.764530658722
 10
714.1066122055053
 20
2292.049540519714
 10
641.4407296180725
 20
2379.191227436066
 10
588.9831075668334
 20
2472.529654026032
 10
568.6366643905639
 20
2580.004399299621
  0
CIRCLE
  5
347
330
33E
100
AcDbEntity
  8
9
100
AcDbCircle
 10
1037.824812412262
 20
3708.686202526093
 30
0.0
 40
157.5268662795972
  0
LWPOLYLINE
  5
348
330
33E
100
AcDbEntity
  8
9
100
AcDbPolyline
 90
       29
 70
     1
 43
0.0
 10
970.9626688957214
 20
2667.593479394913
 10
1029.095376014709
 20
2644.355696201325
 10
1636.582167625427
 20
2644.355695962906
 10
1911.753442764282
 20
2124.410307645798
 10
1952.808464050293
 20
2085.854287147522
 10
2010.941171169281
 20
2080.044844388962
 10
2083.607053279877
 20
2114.901517629624
 10
2112.673410415649
 20
2164.281805992127
 10
2109.76677274704
 20
2225.280984163284
 10
1888.862488269806
 20
2812.034997463226
 10
1853.982862472534
 20
2861.415286064148
 10
1819.103236675262
 20
2881.748347759247
 10
1241.641888618469
 20
2878.843622446061
 10
1218.107664585113
 20
3059.958096027374
 10
1534.930920124054
 20
3065.767543077469
 10
1569.810545444488
 20
3109.338384151459
 10
1555.277370452881
 20
3155.81395149231
 10
1543.650826454162
 20
3176.147009372711
 10
1531.952826976776
 20
3197.454986572266
 10
1186.0632147789
 20
3197.454986572266
 10
1136.650413513183
 20
3429.832813262939
 10
1101.770795345306
 20
3482.117822885513
 10
1040.731450080871
 20
3519.879221677781
 10
979.6921048164367
 20
3522.783942937851
 10
892.4930477142334
 20
3496.641438245774
 10
845.9868779182434
 20
3450.165871620178
 10
834.3603405952453
 20
3415.309198141098
 10
834.3603405952453
 20
3354.31001996994
 10
944.8029494285583
 20
2711.16432094574
  0
LWPOLYLINE
  5
349
330
33E
100
AcDbEntity
  8
T1-图例$0$A-Car-Stnd
100
AcDbPolyline
 90
        2
 70
     0
 43
0.0
 10
3450.0
 20
5107.143818378449
 10
3450.0
 20
4635.715726852416
  0
LWPOLYLINE
  5
34A
330
33E
100
AcDbEntity
  8
T1-图例$0$A-Car-Stnd
100
AcDbPolyline
 90
        2
 70
     0
 43
0.0
 10
2550.0
 20
2792.859544754028
 10
2550.0
 20
3133.325997829437
  0
LWPOLYLINE
  5
34B
330
33E
100
AcDbEntity
  8
T1-图例$0$A-Car-Stnd
100
AcDbPolyline
 90
        2
 70
     0
 43
0.0
 10
3450.0
 20
4033.325998067856
 10
3450.0
 20
3692.859544992447
  0
LWPOLYLINE
  5
34C
330
33E
100
AcDbEntity
  8
T1-图例$0$A-Car-Stnd
100
AcDbPolyline
 90
        3
 70
     0
 43
0.0
 10
2550.0
 20
4817.124020576478
 10
2550.0
 20
5150.0
 10
2882.875979423523
 20
5150.0
  0
LWPOLYLINE
  5
34D
330
33E
100
AcDbEntity
  8
T1-图例$0$A-Car-Stnd
100
AcDbPolyline
 90
        4
 70
     0
 43
0.0
 10
3450.0
 20
665.7299523353576
 10
3450.0
 20
150.0000002384186
 10
2934.270047664643
 20
150.0
 10
3450.0
 20
665.7299523353576
  0
LWPOLYLINE
  5
34E
330
33E
100
AcDbEntity
  8
T1-图例$0$A-Car-Stnd
100
AcDbPolyline
 90
        5
 70
     0
 43
0.0
 10
3449.999999523163
 20
1226.995959997177
 10
2550.0
 20
326.9959602355957
 10
2550.0
 20
888.2619676589966
 10
3450.0
 20
1788.261967420578
 10
3449.999999523163
 20
1226.995959997177
  0
LWPOLYLINE
  5
34F
330
33E
100
AcDbEntity
  8
T1-图例$0$A-Car-Stnd
100
AcDbPolyline
 90
        4
 70
     1
 43
0.0
 10
3450.0
 20
2910.793982982636
 10
3450.0
 20
2349.527975559235
 10
2550.0
 20
1449.527975320816
 10
2550.0
 20
2010.793982744217
  0
LWPOLYLINE
  5
350
330
33E
100
AcDbEntity
  8
T1-图例$0$A-Car-Stnd
100
AcDbPolyline
 90
        4
 70
     1
 43
0.0
 10
3450.0
 20
4033.325998067856
 10
3450.0
 20
3472.059990406036
 10
2550.0
 20
2572.059990406037
 10
2550.0
 20
3133.325997829437
  0
LWPOLYLINE
  5
351
330
33E
100
AcDbEntity
  8
T1-图例$0$A-Car-Stnd
100
AcDbPolyline
 90
        6
 70
     0
 43
0.0
 10
3444.141986846924
 20
5150.0
 10
3449.999999523163
 20
5149.999999761582
 10
3450.0
 20
4594.592005491256
 10
2550.0
 20
3694.592005491257
 10
2550.0
 20
4255.858012914657
 10
3444.141986846924
 20
5150.0
  0
LWPOLYLINE
  5
352
330
33E
100
AcDbEntity
  8
T1-图例$0$A-Car-Stnd
100
AcDbPolyline
 90
        4
 70
     0
 43
0.0
 10
2882.875979423523
 20
5150.0
 10
2550.0
 20
4817.124020576478
 10
2550.0
 20
5150.0
 10
2882.875979423523
 20
5150.0
  0
LWPOLYLINE
  5
353
330
33E
100
AcDbEntity
  8
T1-图例$0$A-Car-Stnd
100
AcDbPolyline
 90
        4
 70
     1
 43
0.0
 10
3600.0
 20
0.0
 10
2400.0
 20
0.0000002384185791
 10
2400.0
 20
5300.0
 10
3600.0
 20
5300.000000238418
  0
ENDBLK
  5
354
330
33E
100
AcDbEntity
  8
0
100
AcDbBlockEnd
  0
BLOCK
  5
290
330
28D
100
AcDbEntity
  8
0
 48
2.5
100
AcDbBlockBegin
  2
A$C109832E5
 70
     0
 10
0.0
 20
0.0
 30
0.0
  3
A$C109832E5
  1

  0
LWPOLYLINE
  5
291
330
28D
100
AcDbEntity
  8
4
100
AcDbPolyline
 90
        2
 70
     0
 43
0.0
 10
175.0487778219394
 20
142.2331025735475
 10
174.4770613149739
 20
163.4222024301998
1001
FS_KZMS
1000
控制模式=
1001
FS_SJLY
1000
数据来源=
1001
FS_BZ
1000
备注=
1001
FS_JSSX
1000
建设时序=
1001
FAPP_DLHX_KG
1000
道路红线=
  0
LWPOLYLINE
  5
297
330
28D
100
AcDbEntity
  8
4
 48
50.0
100
AcDbPolyline
 90
        2
 70
     0
 43
0.0
 10
174.4770613149739
 20
163.4222024301998
 10
260.222662918386
 20
253.613370701205
1001
FS_KZMS
1000
控制模式=
1001
FS_SJLY
1000
数据来源=
1001
FS_BZ
1000
备注=
1001
FS_JSSX
1000
建设时序=
1001
FAPP_DLHX_KG
1000
道路红线=
  0
LWPOLYLINE
  5
298
330
28D
100
AcDbEntity
  8
4
100
AcDbPolyline
 90
        4
 70
     0
 43
0.0
 10
362.3063421157421
 20
123.1690067625604
 10
261.663085967768
 20
79.38450086861848
 10
237.0047136343783
 20
83.70154707971961
 10
175.0487778219394
 20
142.2331025735475
1001
FS_KZMS
1000
控制模式=
1001
FS_SJLY
1000
数据来源=
1001
FS_BZ
1000
备注=
1001
FS_JSSX
1000
建设时序=
1001
FAPP_DLHX_KG
1000
道路红线=
  0
LWPOLYLINE
  5
299
330
28D
100
AcDbEntity
  8
4
 48
50.0
100
AcDbPolyline
 90
        2
 70
     0
 43
0.0
 10
138.6931948967976
 20
176.5792679823935
 10
57.15222296875436
 20
253.613370701205
1001
FS_KZMS
1000
控制模式=
1001
FS_SJLY
1000
数据来源=
1001
FS_BZ
1000
备注=
1001
FS_JSSX
1000
建设时序=
1001
FAPP_DLHX_KG
1000
道路红线=
  0
LWPOLYLINE
  5
29A
330
28D
100
AcDbEntity
  8
4
 48
50.0
100
AcDbPolyline
 90
        2
 70
     0
 43
0.0
 10
232.6269831202226
 20
253.613370701205
 10
159.9659209040692
 20
177.1844920455478
1001
FS_KZMS
1000
控制模式=
1001
FS_SJLY
1000
数据来源=
1001
FS_BZ
1000
备注=
1001
FS_JSSX
1000
建设时序=
1001
FAPP_DLHX_KG
1000
道路红线=
  0
LWPOLYLINE
  5
29B
330
28D
100
AcDbEntity
  8
4
100
AcDbPolyline
 90
        2
 70
     0
 43
0.0
 10
138.6931948967976
 20
176.5792679823935
 10
159.9658542443067
 20
177.1844219290651
  0
LWPOLYLINE
  5
29C
330
28D
100
AcDbEntity
  8
4
100
AcDbPolyline
 90
        5
 70
     0
 43
0.0
 10
106.4433533436386
 20
15.16315758554265
 10
214.0930933747441
 20
59.04816047148779
 10
217.079579958343
 20
75.01167067885399
 10
30.5081888808636
 20
251.2710328721441
 10
27.65090432553552
 20
253.613370701205
  0
LWPOLYLINE
  5
29D
330
28D
100
AcDbEntity
  8
4
100
AcDbPolyline
 90
        4
 70
     0
 43
0.0
 10
362.306342115975
 20
101.3583163581788
 10
235.7091767976526
 20
46.28265065327286
 42
-0.0058133007094411
 10
234.2091859119246
 20
45.65072158863768
 10
122.228143846034
 20
-0.0000003990717232
1001
DICAD_PRO_LHB_YJ_NEW
1000

  0
LWPOLYLINE
  5
29F
330
28D
100
AcDbEntity
  8
4
  6
CENTER
 48
0.01
100
AcDbPolyline
 90
        2
 70
   128
 43
0.0
 10
245.8417104309192
 20
61.59612011117861
 10
42.59051793976687
 20
253.613370701205
  0
LINE
  5
2A1
330
28D
100
AcDbEntity
  8
4
  6
CENTER
 48
0.01
100
AcDbLine
 10
246.4249687351985
 20
253.613370701205
 30
0.0
 11
149.9760993770324
 21
152.1631216383539
 31
0.0
1001
FAPP_DLZX
1000
道路中线=
1001
FS_DLMC
1000
道路名称=
1001
FS_TYPE
1000
道路等级=高速公路
1001
FS_DLXS
1000
道路形式=
1001
FS_DLBK
1000
道路板块=一板块
1001
FS_DLDM
1000
道路分幅=0+3.5+8+3.5+0
1001
FD_WIDTH
1000
道路红线宽度=15.00
1001
FD_DLCD
1000
道路长度=
1001
FN_SJCS
1000
设计车速=
1001
FN_ZLCDS
1000
主路车道数=
1001
FN_FLCDS
1000
辅路车道数=
1001
FS_SFSGJZYD
1000
是否设公交专用道=
1001
FS_SFSLD
1000
是否设绿道=
1001
FS_KZMS
1000
控制模式=
1001
FS_JSZT
1000
建设状态=
1001
FS_SJLY
1000
数据来源=
1001
FS_BZ
1000
备注=
1001
FS_JSSX
1000
建设时序=
1001
FS_DLZX
1000
道路走向=南～北
1001
~$FS_CROSS
1000
3:1:-1.00
1001
~$FS_DLHX
1000
0
1001
~$FD_LRWD
1000
7.50
1001
~$FD_RRWD
1000
7.50
1001
~$FD_MODE
1000
1
1001
FS_ENTCODE
1000
实体ID=521445-1CBD9B
  0
LWPOLYLINE
  5
2B7
330
28D
100
AcDbEntity
  8
4
  6
CENTER
 48
0.01
100
AcDbPolyline
 90
        4
 70
   128
 43
0.0
 10
362.3063421157421
 20
112.2636615601368
 10
231.7198799261823
 20
55.4524658350274
 42
-0.0058133007085837
 10
230.4341734541813
 20
54.91081235231831
 10
114.3357485948363
 20
7.581578593235462
1001
DICAD_PRO_LHB_YJ_NEW
1000

  0
TEXT
  5
2B8
330
28D
100
AcDbEntity
  8
JT-道路名称-BZ
  6
Continuous
100
AcDbText
 10
111.6596710045123
 20
35.74277329817415
 30
0.0
 40
5.0
  1
公园绿地
 50
25.0
100
AcDbText
  0
LWPOLYLINE
  5
2BD
330
28D
100
AcDbEntity
  8
Z-道路中心线
  6
DOTE
 48
0.003
100
AcDbPolyline
 90
       10
 70
     1
 43
0.3
 10
203.3197156550595
 20
88.01091357320547
 10
82.00371565495151
 20
202.4299135729671
 10
0.1087156549328938
 20
116.2819135729223
 10
3.676715655019506
 20
113.1019135732203
 10
83.72071565501391
 20
37.4809135729447
 10
86.83871565491427
 20
38.95491357287392
 10
91.25671565509401
 20
41.06591357290745
 10
93.5287156549748
 20
42.15891357278451
 10
110.7037156549049
 20
50.6969135729596
 10
134.6087156549329
 20
60.996913573239
  0
LWPOLYLINE
  5
2BF
330
28D
100
AcDbEntity
  8
建筑
100
AcDbPolyline
 90
        4
 70
     1
 43
0.2
 10
9.54989277513232
 20
115.4352936865762
 10
77.93319659179542
 20
50.93937320215627
 10
114.9840445297304
 20
90.22339879954234
 10
46.60074071306735
 20
154.7193192839622
  0
LINE
  5
2C2
330
28D
100
AcDbEntity
  8
4
  6
DASH
 48
5.0
100
AcDbLine
 10
98.09140949265566
 20
187.423219489865
 30
0.0
 11
96.97372621356045
 21
186.238169727847
 31
0.0
  0
ARC
  5
2C3
330
28D
100
AcDbEntity
  8
4
  6
DASH
 48
5.0
100
AcDbCircle
 10
97.70120816887356
 20
185.5520429136231
 30
0.0
 40
1.000000000251571
100
AcDbArc
 50
136.6757107396939
 51
226.6757107962675
  0
LINE
  5
2C4
330
28D
100
AcDbEntity
  8
4
 48
5.0
100
AcDbLine
 10
97.0150813551154
 20
184.8245609579608
 30
0.0
 11
169.75481252186
 21
116.2313393848017
 31
0.0
  0
ARC
  5
2C5
330
28D
100
AcDbEntity
  8
4
 48
5.0
100
AcDbCircle
 10
170.4409393353853
 20
116.958821340464
 30
0.0
 40
1.000000000026387
100
AcDbArc
 50
226.6757107962675
 51
316.6757107774096
  0
LINE
  5
2C6
330
28D
100
AcDbEntity
  8
4
 48
5.0
100
AcDbLine
 10
167.3939748598495
 20
112.2707497961819
 30
0.0
 11
172.222070536809
 21
117.3898507123813
 31
0.0
  0
HATCH
  5
2C7
330
28D
100
AcDbEntity
  8
DIM_ELEV
100
AcDbHatch
 10
0.0
 20
0.0
 30
0.0
210
0.0
220
0.0
230
1.0
  2
SOLID
 70
     1
 71
     0
 91
        1
 92
        7
 72
     0
 73
     1
 93
        3
 10
180.4186073571909
 20
116.7992698145099
 10
182.5390714651439
 20
116.8595356186852
 10
180.3583415530156
 20
118.9197339224629
 97
        0
 75
     0
 76
     1
 47
0.0
 98
        1
 10
-342541.7552677094
 20
-1272532.73396412
450
        0
451
        0
460
0.0
461
0.0
452
        0
462
0.0
453
        0
470

  0
LWPOLYLINE
  5
2C8
330
28D
100
AcDbEntity
  8
建筑
100
AcDbPolyline
 90
        4
 70
     0
 43
0.2
 10
128.8062016853364
 20
77.18698933906853
 10
131.7161295064725
 20
74.44248208543285
 10
118.782639069017
 20
60.72944722371175
 10
115.8727112475317
 20
63.47395447874442
  0
LWPOLYLINE
  5
2C9
330
28D
100
AcDbEntity
  8
建筑
100
AcDbPolyline
 90
        6
 70
     0
 43
0.2
 10
128.8062016842887
 20
77.18698933953419
 10
122.2588640847243
 20
83.36213066289202
 10
101.194770905422
 20
61.02843462862074
 10
105.3414180520922
 20
57.11751179071143
 42
0.4142135623649542
 10
110.006326990202
 20
57.25398375885561
 10
115.8727112469496
 20
63.47395447827875
  0
INSERT
  5
2CA
330
28D
100
AcDbEntity
  8
0
100
AcDbBlockReference
  2
JHRTYJF
 10
-2263163.879626874
 20
-1422264.854732682
 30
0.0
 41
1.002713087290779
 42
1.002713087290779
 43
1.002713087290779
 50
317.3014590761614
  0
INSERT
  5
2D2
330
28D
100
AcDbEntity
  8
0
100
AcDbBlockReference
  2
JHRTYJF
 10
-2263159.514730782
 20
-1422268.971497674
 30
0.0
 41
1.002713087290779
 42
1.002713087290779
 43
1.002713087290779
 50
317.3014590761614
  0
INSERT
  5
2D3
330
28D
100
AcDbEntity
  8
0
100
AcDbBlockReference
  2
JHRTYJF
 10
-2263155.149834691
 20
-1422273.088262667
 30
0.0
 41
1.002713087290779
 42
1.002713087290779
 43
1.002713087290779
 50
317.3014590761614
  0
INSERT
  5
2D4
330
28D
100
AcDbEntity
  8
0
100
AcDbBlockReference
  2
JHRTYJF
 10
-2263150.784938599
 20
-1422277.205027659
 30
0.0
 41
1.002713087290779
 42
1.002713087290779
 43
1.002713087290779
 50
317.3014590761614
  0
INSERT
  5
2D5
330
28D
100
AcDbEntity
  8
0
100
AcDbBlockReference
  2
JHRTYJF
 10
-2263146.420042507
 20
-1422281.321792652
 30
0.0
 41
1.002713087290779
 42
1.002713087290779
 43
1.002713087290779
 50
317.3014590761614
  0
INSERT
  5
2D6
330
28D
100
AcDbEntity
  8
0
100
AcDbBlockReference
  2
JHRTYJF
 10
-2263142.055146416
 20
-1422285.438557644
 30
0.0
 41
1.002713087290779
 42
1.002713087290779
 43
1.002713087290779
 50
317.3014590761614
  0
INSERT
  5
2D7
330
28D
100
AcDbEntity
  8
0
100
AcDbBlockReference
  2
JHRTYJF
 10
-2263137.690250324
 20
-1422289.555322637
 30
0.0
 41
1.002713087290779
 42
1.002713087290779
 43
1.002713087290779
 50
317.3014590761614
  0
INSERT
  5
2D8
330
28D
100
AcDbEntity
  8
0
100
AcDbBlockReference
  2
JHRTYJF
 10
-2263133.325354233
 20
-1422293.672087629
 30
0.0
 41
1.002713087290779
 42
1.002713087290779
 43
1.002713087290779
 50
317.3014590761614
  0
INSERT
  5
2D9
330
28D
100
AcDbEntity
  8
0
100
AcDbBlockReference
  2
JHRTYJF
 10
-2263128.960458141
 20
-1422297.788852622
 30
0.0
 41
1.002713087290779
 42
1.002713087290779
 43
1.002713087290779
 50
317.3014590761614
  0
INSERT
  5
2DA
330
28D
100
AcDbEntity
  8
0
100
AcDbBlockReference
  2
JHRTYJF
 10
-2263124.595562049
 20
-1422301.905617614
 30
0.0
 41
1.002713087290779
 42
1.002713087290779
 43
1.002713087290779
 50
317.3014590761614
  0
INSERT
  5
2DB
330
28D
100
AcDbEntity
  8
0
100
AcDbBlockReference
  2
JHRTYJF
 10
-2263120.230665958
 20
-1422306.022382607
 30
0.0
 41
1.002713087290779
 42
1.002713087290779
 43
1.002713087290779
 50
317.3014590761614
  0
INSERT
  5
2DC
330
28D
100
AcDbEntity
  8
0
100
AcDbBlockReference
  2
JHRTYJF
 10
-2263115.865769866
 20
-1422310.139147599
 30
0.0
 41
1.002713087290779
 42
1.002713087290779
 43
1.002713087290779
 50
317.3014590761614
  0
INSERT
  5
2DD
330
28D
100
AcDbEntity
  8
0
100
AcDbBlockReference
  2
JHRTYJF
 10
-2263160.063116874
 20
-1422255.258082067
 30
0.0
 41
1.002713087290779
 42
1.002713087290779
 43
1.002713087290779
 50
317.3014590761614
  0
INSERT
  5
2DE
330
28D
100
AcDbEntity
  8
0
100
AcDbBlockReference
  2
JHRTYJF
 10
-2263155.698220783
 20
-1422259.37484706
 30
0.0
 41
1.002713087290779
 42
1.002713087290779
 43
1.002713087290779
 50
317.3014590761614
  0
INSERT
  5
2DF
330
28D
100
AcDbEntity
  8
0
100
AcDbBlockReference
  2
JHRTYJF
 10
-2263151.333324691
 20
-1422263.491612053
 30
0.0
 41
1.002713087290779
 42
1.002713087290779
 43
1.002713087290779
 50
317.3014590761614
  0
INSERT
  5
2E0
330
28D
100
AcDbEntity
  8
0
100
AcDbBlockReference
  2
JHRTYJF
 10
-2263146.968428601
 20
-1422267.608377045
 30
0.0
 41
1.002713087290779
 42
1.002713087290779
 43
1.002713087290779
 50
317.3014590761614
  0
INSERT
  5
2E1
330
28D
100
AcDbEntity
  8
0
100
AcDbBlockReference
  2
JHRTYJF
 10
-2263142.603532509
 20
-1422271.725142038
 30
0.0
 41
1.002713087290779
 42
1.002713087290779
 43
1.002713087290779
 50
317.3014590761614
  0
INSERT
  5
2E2
330
28D
100
AcDbEntity
  8
0
100
AcDbBlockReference
  2
JHRTYJF
 10
-2263138.238636417
 20
-1422275.84190703
 30
0.0
 41
1.002713087290779
 42
1.002713087290779
 43
1.002713087290779
 50
317.3014590761614
  0
INSERT
  5
2E3
330
28D
100
AcDbEntity
  8
0
100
AcDbBlockReference
  2
JHRTYJF
 10
-2263133.873740326
 20
-1422279.958672023
 30
0.0
 41
1.002713087290779
 42
1.002713087290779
 43
1.002713087290779
 50
317.3014590761614
  0
INSERT
  5
2E4
330
28D
100
AcDbEntity
  8
0
100
AcDbBlockReference
  2
JHRTYJF
 10
-2263129.508844234
 20
-1422284.075437015
 30
0.0
 41
1.002713087290779
 42
1.002713087290779
 43
1.002713087290779
 50
317.3014590761614
  0
INSERT
  5
2E5
330
28D
100
AcDbEntity
  8
0
100
AcDbBlockReference
  2
JHRTYJF
 10
-2263125.143948143
 20
-1422288.192202007
 30
0.0
 41
1.002713087290779
 42
1.002713087290779
 43
1.002713087290779
 50
317.3014590761614
  0
INSERT
  5
2E6
330
28D
100
AcDbEntity
  8
0
100
AcDbBlockReference
  2
JHRTYJF
 10
-2263120.779052051
 20
-1422292.308967
 30
0.0
 41
1.002713087290779
 42
1.002713087290779
 43
1.002713087290779
 50
317.3014590761614
  0
INSERT
  5
2E7
330
28D
100
AcDbEntity
  8
0
100
AcDbBlockReference
  2
JHRTYJF
 10
-2263116.414155959
 20
-1422296.425731992
 30
0.0
 41
1.002713087290779
 42
1.002713087290779
 43
1.002713087290779
 50
317.3014590761614
  0
INSERT
  5
2E8
330
28D
100
AcDbEntity
  8
0
100
AcDbBlockReference
  2
JHRTYJF
 10
-2263112.049278849
 20
-1422300.542479083
 30
0.0
 41
1.002713087290779
 42
1.002713087290779
 43
1.002713087290779
 50
317.3014590761614
  0
INSERT
  5
2E9
330
28D
100
AcDbEntity
  8
0
100
AcDbBlockReference
  2
JHRTYJF
 10
-2263107.684382757
 20
-1422304.659244075
 30
0.0
 41
1.002713087290779
 42
1.002713087290779
 43
1.002713087290779
 50
317.3014590761614
  0
INSERT
  5
2EA
330
28D
100
AcDbEntity
  8
0
100
AcDbBlockReference
  2
JHRTYJF
 10
-2263103.319486666
 20
-1422308.776009068
 30
0.0
 41
1.002713087290779
 42
1.002713087290779
 43
1.002713087290779
 50
317.3014590761614
  0
INSERT
  5
2EB
330
28D
100
AcDbEntity
  8
0
100
AcDbBlockReference
  2
JHRTYJF
 10
-2263085.863166528
 20
-1422325.240053642
 30
0.0
 41
1.002713087290779
 42
1.002713087290779
 43
1.002713087290779
 50
317.3014590761614
  0
INSERT
  5
2EC
330
28D
100
AcDbEntity
  8
0
100
AcDbBlockReference
  2
JHRTYJF
 10
-2263090.224836352
 20
-1422321.126268243
 30
0.0
 41
1.002713087290779
 42
1.002713087290779
 43
1.002713087290779
 50
317.3014590761614
  0
INSERT
  5
2ED
330
28D
100
AcDbEntity
  8
0
100
AcDbBlockReference
  2
43TGTRHFD
 10
1381478.867643552
 20
-2244917.655239945
 30
0.0
 50
46.67571079169093
  0
INSERT
  5
2F3
330
28D
100
AcDbEntity
  8
0
100
AcDbBlockReference
  2
45TGHHSAAAA
 10
1381516.261346667
 20
-2244880.585729267
 30
0.0
 50
46.67571078562544
  0
INSERT
  5
2F9
330
28D
100
AcDbEntity
  8
0
100
AcDbBlockReference
  2
45TGHHSAAAA
 10
1381514.614642315
 20
-2244882.331685961
 30
0.0
 50
46.67571078562544
  0
INSERT
  5
2FA
330
28D
100
AcDbEntity
  8
0
100
AcDbBlockReference
  2
45TGHHSAAAA
 10
1381512.967937962
 20
-2244884.077642654
 30
0.0
 50
46.67571078562544
  0
INSERT
  5
2FB
330
28D
100
AcDbEntity
  8
0
100
AcDbBlockReference
  2
45TGHHSAAAA
 10
1381511.321233609
 20
-2244885.823599347
 30
0.0
 50
46.67571078562544
  0
INSERT
  5
2FC
330
28D
100
AcDbEntity
  8
0
100
AcDbBlockReference
  2
45TGHHSAAAA
 10
1381509.674529256
 20
-2244887.569556041
 30
0.0
 50
46.67571078562544
  0
INSERT
  5
2FD
330
28D
100
AcDbEntity
  8
0
100
AcDbBlockReference
  2
45TGHHSAAAA
 10
1381508.027824903
 20
-2244889.315512734
 30
0.0
 50
46.67571078562544
  0
INSERT
  5
2FE
330
28D
100
AcDbEntity
  8
0
100
AcDbBlockReference
  2
45TGHHSAAAA
 10
1381506.381120551
 20
-2244891.061469427
 30
0.0
 50
46.67571078562544
  0
INSERT
  5
2FF
330
28D
100
AcDbEntity
  8
0
100
AcDbBlockReference
  2
45TGHHSAAAA
 10
1381504.7344162
 20
-2244892.807426118
 30
0.0
 50
46.67571078562544
  0
INSERT
  5
300
330
28D
100
AcDbEntity
  8
0
100
AcDbBlockReference
  2
45TGHHSAAAA
 10
1381503.087711847
 20
-2244894.553382812
 30
0.0
 50
46.67571078562544
  0
INSERT
  5
301
330
28D
100
AcDbEntity
  8
0
100
AcDbBlockReference
  2
45TGHHSAAAA
 10
1381501.441007495
 20
-2244896.299339505
 30
0.0
 50
46.67571078562544
  0
INSERT
  5
302
330
28D
100
AcDbEntity
  8
0
100
AcDbBlockReference
  2
45TGHHSAAAA
 10
1381499.794303143
 20
-2244898.045296197
 30
0.0
 50
46.67571078562544
  0
INSERT
  5
303
330
28D
100
AcDbEntity
  8
0
100
AcDbBlockReference
  2
45TGHHSAAAA
 10
1381498.14759879
 20
-2244899.79125289
 30
0.0
 50
46.67571078562544
  0
INSERT
  5
304
330
28D
100
AcDbEntity
  8
0
100
AcDbBlockReference
  2
45TGHHSAAAA
 10
1381496.500894437
 20
-2244901.537209583
 30
0.0
 50
46.67571078562544
  0
INSERT
  5
305
330
28D
100
AcDbEntity
  8
0
100
AcDbBlockReference
  2
45TGHHSAAAA
 10
1381494.854190084
 20
-2244903.283166277
 30
0.0
 50
46.67571078562544
  0
INSERT
  5
306
330
28D
100
AcDbEntity
  8
0
100
AcDbBlockReference
  2
45TGHHSAAAA
 10
1381493.207485732
 20
-2244905.02912297
 30
0.0
 50
46.67571078562544
  0
INSERT
  5
307
330
28D
100
AcDbEntity
  8
0
100
AcDbBlockReference
  2
45TGHHSAAAA
 10
1381491.560781379
 20
-2244906.775079663
 30
0.0
 50
46.67571078562544
  0
HATCH
  5
308
330
28D
100
AcDbEntity
  8
9
  6
Continuous
100
AcDbHatch
 10
0.0
 20
0.0
 30
0.0
210
0.0
220
0.0
230
1.0
  2
CROSS
 70
     0
 71
     0
 91
        1
 92
        1
 93
        7
 72
     1
 10
174.1901311438996
 20
91.23573332699015
 11
156.8124095315579
 21
72.81059871660545
 72
     1
 10
156.8124095315579
 20
72.81059871660545
 11
153.3932443378726
 21
76.03539474355057
 72
     1
 10
153.3932443378726
 20
76.03539474355057
 11
146.8064269314054
 21
69.05156797124073
 72
     1
 10
146.8064269314054
 20
69.05156797124073
 11
144.1558261538157
 21
70.73939187172801
 72
     1
 10
144.1558261538157
 20
70.73939187172801
 11
146.0257055185502
 21
65.67638384783641
 72
     1
 10
146.0257055185502
 20
65.67638384783641
 11
185.0017760879127
 21
80.81978964013979
 72
     1
 10
185.0017760879127
 20
80.81978964013979
 11
174.1901311438996
 21
91.23573332699015
 97
        0
 75
     1
 76
     1
 52
0.0
 41
0.2
 77
     0
 78
     2
 53
0.0
 43
-685263.137284345
 44
-2544651.794519493
 45
1.27
 46
1.27
 79
     2
 49
0.635
 49
-1.905
 53
90.0
 43
-685262.819784345
 44
-2544652.112019493
 45
-1.27
 46
1.27
 79
     2
 49
0.635
 49
-1.905
 98
        1
 10
-685263.137284345
 20
-2545183.047086427
1001
ACAD
1010
0.0
1020
0.0
1030
0.0
  0
LINE
  5
30A
330
28D
100
AcDbEntity
  8
4
 48
5.0
100
AcDbLine
 10
89.25142423843499
 20
195.5400136979297
 30
0.0
 11
88.92898660455831
 21
195.2008311194368
 31
0.0
  0
LINE
  5
30B
330
28D
100
AcDbEntity
  8
4
 48
5.0
100
AcDbLine
 10
86.10719126055483
 20
195.1238471833057
 30
0.0
 11
85.64881334360689
 21
195.5253552151844
 31
0.0
  0
ARC
  5
30C
330
28D
100
AcDbEntity
  8
4
 48
5.0
100
AcDbCircle
 10
87.47944488783833
 20
196.5788110941648
 30
0.0
 40
2.0
100
AcDbArc
 50
226.6757107962675
 51
316.4497892815085
  0
INSERT
  5
30D
330
28D
100
AcDbEntity
  8
0
100
AcDbBlockReference
  2
JHRTYJF
 10
-2263003.994792862
 20
-1422414.949651919
 30
0.0
 41
1.002713087290779
 42
1.002713087290779
 43
1.002713087290779
 50
317.30624363396
  0
INSERT
  5
30E
330
28D
100
AcDbEntity
  8
0
100
AcDbBlockReference
  2
JHRTYJF
 10
-2262999.62955301
 20
-1422419.0660524
 30
0.0
 41
1.002713087290779
 42
1.002713087290779
 43
1.002713087290779
 50
317.30624363396
  0
INSERT
  5
30F
330
28D
100
AcDbEntity
  8
0
100
AcDbBlockReference
  2
JHRTYJF
 10
-2262995.264313158
 20
-1422423.182452881
 30
0.0
 41
1.002713087290779
 42
1.002713087290779
 43
1.002713087290779
 50
317.30624363396
  0
INSERT
  5
310
330
28D
100
AcDbEntity
  8
0
100
AcDbBlockReference
  2
JHRTYJF
 10
-2262990.899073306
 20
-1422427.298853363
 30
0.0
 41
1.002713087290779
 42
1.002713087290779
 43
1.002713087290779
 50
317.30624363396
  0
INSERT
  5
311
330
28D
100
AcDbEntity
  8
0
100
AcDbBlockReference
  2
JHRTYJF
 10
-2262986.533833454
 20
-1422431.415253844
 30
0.0
 41
1.002713087290779
 42
1.002713087290779
 43
1.002713087290779
 50
317.30624363396
  0
INSERT
  5
312
330
28D
100
AcDbEntity
  8
0
100
AcDbBlockReference
  2
JHRTYJF
 10
-2262982.168612584
 20
-1422435.531636424
 30
0.0
 41
1.002713087290779
 42
1.002713087290779
 43
1.002713087290779
 50
317.30624363396
  0
INSERT
  5
313
330
28D
100
AcDbEntity
  8
0
100
AcDbBlockReference
  2
JHRTYJF
 10
-2262977.803372733
 20
-1422439.648036905
 30
0.0
 41
1.002713087290779
 42
1.002713087290779
 43
1.002713087290779
 50
317.30624363396
  0
INSERT
  5
314
330
28D
100
AcDbEntity
  8
0
100
AcDbBlockReference
  2
JHRTYJF
 10
-2262973.43813288
 20
-1422443.764437387
 30
0.0
 41
1.002713087290779
 42
1.002713087290779
 43
1.002713087290779
 50
317.30624363396
  0
INSERT
  5
315
330
28D
100
AcDbEntity
  8
0
100
AcDbBlockReference
  2
JHRTYJF
 10
-2262969.072893028
 20
-1422447.880837868
 30
0.0
 41
1.002713087290779
 42
1.002713087290779
 43
1.002713087290779
 50
317.30624363396
  0
INSERT
  5
316
330
28D
100
AcDbEntity
  8
0
100
AcDbBlockReference
  2
JHRTYJF
 10
-2262964.707653176
 20
-1422451.997238349
 30
0.0
 41
1.002713087290779
 42
1.002713087290779
 43
1.002713087290779
 50
317.30624363396
  0
INSERT
  5
317
330
28D
100
AcDbEntity
  8
0
100
AcDbBlockReference
  2
JHRTYJF
 10
-2262960.342413324
 20
-1422456.11363883
 30
0.0
 41
1.002713087290779
 42
1.002713087290779
 43
1.002713087290779
 50
317.30624363396
  0
INSERT
  5
318
330
28D
100
AcDbEntity
  8
0
100
AcDbBlockReference
  2
JHRTYJF
 10
-2262955.977173473
 20
-1422460.230039312
 30
0.0
 41
1.002713087290779
 42
1.002713087290779
 43
1.002713087290779
 50
317.30624363396
  0
INSERT
  5
319
330
28D
100
AcDbEntity
  8
0
100
AcDbBlockReference
  2
JHRTYJF
 10
-2262951.611933621
 20
-1422464.346439793
 30
0.0
 41
1.002713087290779
 42
1.002713087290779
 43
1.002713087290779
 50
317.30624363396
  0
INSERT
  5
31A
330
28D
100
AcDbEntity
  8
0
100
AcDbBlockReference
  2
JHRTYJF
 10
-2262947.246693769
 20
-1422468.462840274
 30
0.0
 41
1.002713087290779
 42
1.002713087290779
 43
1.002713087290779
 50
317.30624363396
  0
INSERT
  5
31B
330
28D
100
AcDbEntity
  8
0
100
AcDbBlockReference
  2
JHRTYJF
 10
-2262942.881453916
 20
-1422472.579240755
 30
0.0
 41
1.002713087290779
 42
1.002713087290779
 43
1.002713087290779
 50
317.30624363396
  0
INSERT
  5
31C
330
28D
100
AcDbEntity
  8
0
100
AcDbBlockReference
  2
JHRTYJF
 10
-2262938.516214064
 20
-1422476.695641236
 30
0.0
 41
1.002713087290779
 42
1.002713087290779
 43
1.002713087290779
 50
317.30624363396
  0
LINE
  5
31D
330
28D
100
AcDbEntity
  8
1绿地填充
  6
Continuous
100
AcDbLine
 10
85.1764971462544
 20
38.16911816503853
 30
0.0
 11
85.17707481305114
 21
38.16857241839171
 31
0.0
  0
LWPOLYLINE
  5
31E
330
28D
100
AcDbEntity
  8
建筑
100
AcDbPolyline
 90
        4
 70
     1
 43
0.2
 10
139.9496512078913
 20
83.17226560926064
 10
61.38160007656551
 20
157.2739614271559
 10
88.82667262305039
 20
186.3732396466657
 10
167.3939748598495
 20
112.2707497961819
  0
INSERT
  5
31F
330
28D
100
AcDbEntity
  8
0
100
AcDbBlockReference
  2
43TGTRHFD
 10
1381480.514347904
 20
-2244915.909283251
 30
0.0
 50
46.67571079169093
  0
INSERT
  5
320
330
28D
100
AcDbEntity
  8
0
100
AcDbBlockReference
  2
43TGTRHFD
 10
1381482.161052256
 20
-2244914.163326558
 30
0.0
 50
46.67571079169093
  0
INSERT
  5
321
330
28D
100
AcDbEntity
  8
0
100
AcDbBlockReference
  2
43TGTRHFD
 10
1381483.807756608
 20
-2244912.417369864
 30
0.0
 50
46.67571079169093
  0
HATCH
  5
327
330
28D
100
AcDbEntity
  8
DIM_ELEV
100
AcDbHatch
 10
0.0
 20
0.0
 30
0.0
210
0.0
220
0.0
230
1.0
  2
SOLID
 70
     1
 71
     0
 91
        1
 92
        7
 72
     0
 73
     1
 93
        3
 10
97.7188949068077
 20
195.2430831985548
 10
99.83935901476071
 20
195.3033490027301
 10
97.65862910263241
 20
197.3635473065078
 97
        0
 75
     0
 76
     1
 47
0.0
 98
        1
 10
-342624.4549801597
 20
-1272454.290150736
450
        0
451
        0
460
0.0
461
0.0
452
        0
462
0.0
453
        0
470

  0
MTEXT
  5
330
330
28D
100
AcDbEntity
  8
0
  6
DASHED
100
AcDbMText
 10
122.0109851649031
 20
173.817287758924
 30
-9994.400009999999
 40
4.0
 41
22.03576472913846
 46
43.15337259415535
 71
     1
 72
     1
  1
汇\P银\P二\P路
 11
0.7021292503865001
 21
0.7120495177666311
 31
0.0
 73
     1
 44
1.0
1001
ACAD
1000
ACAD_MTEXT_DEFINED_HEIGHT_BEGIN
1070
    46
1040
43.15337259415535
1000
ACAD_MTEXT_DEFINED_HEIGHT_END
  0
INSERT
  5
332
330
28D
100
AcDbEntity
  8
0
100
AcDbBlockReference
  2
JHRTYJF
 10
1413560.263201287
 20
-2268617.789776741
 30
0.0
 41
1.002713087290779
 42
1.002713087290779
 43
1.002713087290779
 50
47.07561434724278
  0
INSERT
  5
333
330
28D
100
AcDbEntity
  8
0
100
AcDbBlockReference
  2
JHRTYJF
 10
1413531.325621808
 20
-2268648.230152788
 30
0.0
 41
1.002713087290779
 42
1.002713087290779
 43
1.002713087290779
 50
47.07561434724278
  0
INSERT
  5
334
330
28D
100
AcDbEntity
  8
0
100
AcDbBlockReference
  2
JHRTYJF
 10
1413535.459561733
 20
-2268643.881527638
 30
0.0
 41
1.002713087290779
 42
1.002713087290779
 43
1.002713087290779
 50
47.07561434724278
  0
INSERT
  5
335
330
28D
100
AcDbEntity
  8
0
100
AcDbBlockReference
  2
JHRTYJF
 10
1413539.593501657
 20
-2268639.532902488
 30
0.0
 41
1.002713087290779
 42
1.002713087290779
 43
1.002713087290779
 50
47.07561434724278
  0
INSERT
  5
336
330
28D
100
AcDbEntity
  8
0
100
AcDbBlockReference
  2
JHRTYJF
 10
1413543.72747416
 20
-2268635.184308307
 30
0.0
 41
1.002713087290779
 42
1.002713087290779
 43
1.002713087290779
 50
47.07561434724278
  0
INSERT
  5
337
330
28D
100
AcDbEntity
  8
0
100
AcDbBlockReference
  2
JHRTYJF
 10
1413547.861424945
 20
-2268630.835693481
 30
0.0
 41
1.002713087290779
 42
1.002713087290779
 43
1.002713087290779
 50
47.07561434724278
  0
INSERT
  5
338
330
28D
100
AcDbEntity
  8
0
100
AcDbBlockReference
  2
JHRTYJF
 10
1413551.995375729
 20
-2268626.487078654
 30
0.0
 41
1.002713087290779
 42
1.002713087290779
 43
1.002713087290779
 50
47.07561434724278
  0
INSERT
  5
339
330
28D
100
AcDbEntity
  8
0
100
AcDbBlockReference
  2
JHRTYJF
 10
1413556.129326513
 20
-2268622.138463827
 30
0.0
 41
1.002713087290779
 42
1.002713087290779
 43
1.002713087290779
 50
47.07561434724278
  0
LWPOLYLINE
  5
33A
330
28D
100
AcDbEntity
  8
PLAN_道路
  6
Continuous
100
AcDbPolyline
 90
       16
 70
     1
 43
0.0
 10
61.22884617501404
 20
163.7554409205913
 10
83.01793718372938
 20
186.8573650554754
 42
-0.231662148471927
 10
90.42735053342767
 20
189.6407689405605
 42
0.0915313803440746
 10
95.12974357360509
 20
190.049082824029
 10
91.41845389874651
 20
193.5493800090626
 42
0.2441045659668169
 10
80.10803709912579
 20
189.601901718881
 10
58.31908865354489
 20
166.5001287367195
 42
0.4142191544745625
 10
58.85653519036714
 20
148.1230341689661
 10
130.1127246852265
 20
80.91754283709452
 42
0.4139695228770031
 10
148.4822028834605
 20
81.44728227658196
 10
177.5989977547433
 20
112.2675510942936
 10
174.663684043684
 20
115.0367717356421
 10
145.5797283787979
 20
84.19968029251322
 42
-0.4142142696238898
 10
132.8572345451684
 20
83.82746820710599
 10
61.60104245063848
 20
151.0329619972035
 42
-0.4142195416219512
 10
61.22884617524687
 20
163.7554409205913
  0
INSERT
  5
33B
330
28D
100
AcDbEntity
  8
T1-图例$0$A-Stnd
100
AcDbBlockReference
  2
T1-图例$0$A$C6C161DE2
 10
100.1104092526948
 20
52.15296665485948
 30
0.0
 41
0.001
 42
0.001
 43
0.001
 50
46.67571078596392
  0
INSERT
  5
355
330
28D
100
AcDbEntity
  8
T1-图例$0$A-Stnd
100
AcDbBlockReference
  2
T1-图例$0$A$C6C161DE2
 10
102.5804657816188
 20
54.77190169459209
 30
0.0
 41
0.001
 42
0.001
 43
0.001
 50
46.67571078596392
  0
INSERT
  5
356
330
28D
100
AcDbEntity
  8
0
100
AcDbBlockReference
  2
43TGTRHFD
 10
293490.8984581414
 20
-2619475.438531667
 30
0.0
 50
21.46147902869366
  0
INSERT
  5
357
330
28D
100
AcDbEntity
  8
0
100
AcDbBlockReference
  2
43TGTRHFD
 10
293477.4968999536
 20
-2619480.707140418
 30
0.0
 50
21.46147902869366
  0
INSERT
  5
358
330
28D
100
AcDbEntity
  8
0
100
AcDbBlockReference
  2
43TGTRHFD
 10
1381430.524201688
 20
-2244936.300240864
 30
0.0
 50
46.67571077331962
  0
INSERT
  5
359
330
28D
100
AcDbEntity
  8
0
100
AcDbBlockReference
  2
43TGTRHFD
 10
1381428.877497336
 20
-2244938.046197557
 30
0.0
 50
46.67571077331962
  0
INSERT
  5
35A
330
28D
100
AcDbEntity
  8
0
100
AcDbBlockReference
  2
43TGTRHFD
 10
1381427.230792983
 20
-2244939.79215425
 30
0.0
 50
46.67571077331962
  0
INSERT
  5
35B
330
28D
100
AcDbEntity
  8
0
100
AcDbBlockReference
  2
43TGTRHFD
 10
1381425.58408863
 20
-2244941.538110943
 30
0.0
 50
46.67571077331962
  0
INSERT
  5
35C
330
28D
100
AcDbEntity
  8
0
100
AcDbBlockReference
  2
43TGTRHFD
 10
1381423.937384278
 20
-2244943.284067635
 30
0.0
 50
46.67571077331962
  0
INSERT
  5
35D
330
28D
100
AcDbEntity
  8
0
100
AcDbBlockReference
  2
43TGTRHFD
 10
1381422.290679925
 20
-2244945.030024329
 30
0.0
 50
46.67571077331962
  0
INSERT
  5
35E
330
28D
100
AcDbEntity
  8
0
100
AcDbBlockReference
  2
43TGTRHFD
 10
1381420.643975572
 20
-2244946.775981021
 30
0.0
 50
46.67571077331962
  0
INSERT
  5
35F
330
28D
100
AcDbEntity
  8
0
100
AcDbBlockReference
  2
43TGTRHFD
 10
1379527.989769522
 20
-2246109.447963806
 30
0.0
 50
46.6275403398724
  0
INSERT
  5
360
330
28D
100
AcDbEntity
  8
0
100
AcDbBlockReference
  2
43TGTRHFD
 10
1379529.637941176
 20
-2246107.703392167
 30
0.0
 50
46.6275403398724
  0
INSERT
  5
361
330
28D
100
AcDbEntity
  8
0
100
AcDbBlockReference
  2
43TGTRHFD
 10
293479.7304929848
 20
-2619479.829038959
 30
0.0
 50
21.46147902869366
  0
INSERT
  5
362
330
28D
100
AcDbEntity
  8
0
100
AcDbBlockReference
  2
43TGTRHFD
 10
293481.964086016
 20
-2619478.950937501
 30
0.0
 50
21.46147902869366
  0
INSERT
  5
363
330
28D
100
AcDbEntity
  8
0
100
AcDbBlockReference
  2
43TGTRHFD
 10
293484.1976790471
 20
-2619478.072836043
 30
0.0
 50
21.46147902869366
  0
INSERT
  5
364
330
28D
100
AcDbEntity
  8
0
100
AcDbBlockReference
  2
43TGTRHFD
 10
293486.4312720783
 20
-2619477.194734585
 30
0.0
 50
21.46147902869366
  0
INSERT
  5
365
330
28D
100
AcDbEntity
  8
0
100
AcDbBlockReference
  2
43TGTRHFD
 10
293488.6648651095
 20
-2619476.316633126
 30
0.0
 50
21.46147902869366
  0
INSERT
  5
366
330
28D
100
AcDbEntity
  8
0
100
AcDbBlockReference
  2
JHRTYJF
 10
1413590.395240014
 20
-2268725.744767807
 30
0.0
 41
1.002713087290779
 42
1.002713087290779
 43
1.002713087290779
 50
47.07561434724278
  0
INSERT
  5
367
330
28D
100
AcDbEntity
  8
0
100
AcDbBlockReference
  2
JHRTYJF
 10
1413586.261300089
 20
-2268730.093392957
 30
0.0
 41
1.002713087290779
 42
1.002713087290779
 43
1.002713087290779
 50
47.07561434724278
  0
INSERT
  5
368
330
28D
100
AcDbEntity
  8
0
100
AcDbBlockReference
  2
JHRTYJF
 10
1413582.127349305
 20
-2268734.442007784
 30
0.0
 41
1.002713087290779
 42
1.002713087290779
 43
1.002713087290779
 50
47.07561434724278
  0
LINE
  5
369
330
28D
100
AcDbEntity
  8
4
 48
2.5
100
AcDbLine
 10
77.93319659179542
 20
50.93937320215627
 30
0.0
 11
73.94485668151173
 21
46.71768901264295
 31
0.0
  0
HATCH
  5
36A
330
28D
100
AcDbEntity
  8
9
  6
Continuous
100
AcDbHatch
 10
0.0
 20
0.0
 30
0.0
210
0.0
220
0.0
230
1.0
  2
CROSS
 70
     0
 71
     0
 91
        1
 92
        1
 93
       17
 72
     2
 10
107.4974611988291
 20
59.99425193341449
 40
4.771187624261258
 50
226.7498723689081
 51
297.4049441474822
 73
     1
 72
     1
 10
109.6935262342449
 20
55.758507641498
 11
109.9846143823815
 21
55.48077639471739
 72
     1
 10
109.9846143823815
 20
55.48077639471739
 11
111.7039012743626
 21
57.30369041906669
 72
     1
 10
111.7039012743626
 20
57.30369041906669
 11
111.5584048832534
 21
57.44091578107327
 72
     1
 10
111.5584048832534
 20
57.44091578107327
 11
112.1416126750409
 21
58.05927544320002
 72
     1
 10
112.1416126750409
 20
58.05927544320002
 11
112.287109065568
 21
57.92205008119345
 72
     1
 10
112.287109065568
 20
57.92205008119345
 11
114.0024260997306
 21
59.74075496802107
 72
     1
 10
114.0024260997306
 20
59.74075496802107
 11
113.8569297078065
 21
59.87798033095896
 72
     1
 10
113.8569297078065
 20
59.87798033095896
 11
115.9153101488482
 21
62.06042619748041
 72
     1
 10
115.9153101488482
 20
62.06042619748041
 11
118.5564500131877
 21
59.56942712143064
 72
     1
 10
118.5564500131877
 20
59.56942712143064
 11
128.4525602954673
 21
64.46339785540477
 72
     1
 10
128.4525602954673
 20
64.46339785540477
 11
130.509964436409
 21
59.23005779087543
 72
     1
 10
130.509964436409
 20
59.23005779087543
 11
110.7059877519495
 21
50.69602418737486
 72
     1
 10
110.7059877519495
 20
50.69602418737486
 11
93.52995941520203
 21
42.1589940614067
 72
     1
 10
93.52995941520203
 20
42.1589940614067
 11
88.6405834449688
 21
39.81536466535181
 72
     1
 10
88.6405834449688
 20
39.81536466535181
 11
88.58462550293188
 21
39.9324760758318
 72
     1
 10
88.58462550293188
 20
39.9324760758318
 11
104.2283168536378
 21
56.51906465832144
 97
        0
 75
     1
 76
     1
 52
0.0
 41
0.2
 77
     0
 78
     2
 53
0.0
 43
-685263.137284345
 44
-2544651.794519493
 45
1.27
 46
1.27
 79
     2
 49
0.635
 49
-1.905
 53
90.0
 43
-685262.819784345
 44
-2544652.112019493
 45
-1.27
 46
1.27
 79
     2
 49
0.635
 49
-1.905
 98
        1
 10
-685263.1360405848
 20
-2545183.047005938
1001
GradientColor1ACI
1070
     5
1001
GradientColor2ACI
1070
     2
1001
ACAD
1010
0.0
1020
0.0
1030
0.0
  0
LWPOLYLINE
  5
36B
330
28D
100
AcDbEntity
  8
4
  6
Continuous
100
AcDbPolyline
 90
       16
 70
     1
 43
0.0
 10
128.4512055189116
 20
64.46460530767217
 10
118.555095233838
 20
59.57063457556069
 10
115.9139553697314
 20
62.06163365207612
 10
113.8555749286897
 20
59.87918778555467
 10
114.0010713202646
 20
59.74196242215112
 10
112.2857542864512
 20
57.92325753578916
 10
112.1402578955749
 20
58.06048289779574
 10
111.5570501040201
 20
57.44212323566898
 10
111.7025464950129
 20
57.30489787366241
 10
109.9832596030319
 20
55.48198384931311
 10
109.6921714551281
 20
55.75971509609371
 42
-0.3184440741276161
 10
104.2269620730076
 20
56.52027211431414
 10
88.58327072369865
 20
39.93368353042752
 10
88.63937274739146
 20
39.81664118263871
 10
110.7036046358989
 20
50.69820151617751
 10
130.5086096571758
 20
59.23126524547114
  0
LWPOLYLINE
  5
36C
330
28D
100
AcDbEntity
  8
PLAN_道路
  6
Continuous
100
AcDbPolyline
 90
       22
 70
     1
 43
0.0
 10
9.551136426045559
 20
115.4353742799721
 10
9.551136535243131
 20
115.4353741761297
 10
77.93444035190623
 20
50.93945369170978
 10
101.9138135029934
 20
76.36414330312982
 10
101.9138135029934
 20
76.36414330312982
 10
114.2640961483121
 20
89.45881850272417
 10
114.2640961483121
 20
89.45881850272417
 10
114.9852882898412
 20
90.22347928909585
 10
122.2601078448351
 20
83.36221115244553
 10
101.1960146657657
 20
61.02851511817426
 10
84.72897113906219
 20
43.56894818972796
 10
83.29578812769614
 20
44.92678417172283
 10
79.99944481998682
 20
41.43764089560136
 10
79.77988580462988
 20
41.20524008339271
 10
73.94906502927188
 20
46.71386656211689
 10
76.56218672508839
 20
49.48448978131636
 10
5.231099214404821
 20
116.7609045030549
 10
8.542412319453433
 20
120.2441818872467
 10
43.81423857074696
 20
157.3477570493705
 10
46.60198447329458
 20
154.7193997725844
 10
9.551136535359546
 20
115.4353741751984
 10
9.551136425579898
 20
115.4353742795065
  0
LWPOLYLINE
  5
36D
330
28D
100
AcDbEntity
  8
4
100
AcDbPolyline
 90
        5
 70
     1
 43
0.0
 10
183.7805625468027
 20
101.404215067625
 10
186.2937316274037
 20
104.0688740857877
 10
203.3138468347024
 20
88.01772827422245
 10
185.0017760879127
 20
80.81978964013979
 10
174.1901311438996
 20
91.23573332699015
  0
LINE
  5
36E
330
28D
100
AcDbEntity
  8
4
  6
DASH
 48
5.0
100
AcDbLine
 10
98.6616422473453
 20
186.5706529463641
 30
0.0
 11
93.93299637478776
 21
181.5570973940193
 31
0.0
  0
HATCH
  5
36F
330
28D
100
AcDbEntity
  8
9
  6
Continuous
100
AcDbHatch
 10
0.0
 20
0.0
 30
0.0
210
0.0
220
0.0
230
1.0
  2
CROSS
 70
     0
 71
     0
 91
        1
 92
        1
 93
        7
 72
     1
 10
79.99637972237542
 20
41.43720699753612
 11
79.77682070701849
 21
41.20480618532747
 72
     1
 10
79.77682070701849
 20
41.20480618532747
 11
83.71889431751332
 21
37.48056016443297
 72
     1
 10
83.71889431751332
 20
37.48056016443297
 11
88.63801979494747
 21
39.81425427924842
 72
     1
 10
88.63801979494747
 20
39.81425427924842
 11
88.58156040555332
 21
39.93204217776656
 72
     1
 10
88.58156040555332
 20
39.93204217776656
 11
87.14531873026862
 21
41.28663787152618
 72
     1
 10
87.14531873026862
 20
41.28663787152618
 11
83.84897542314138
 21
37.79749459540472
 72
     1
 10
83.84897542314138
 20
37.79749459540472
 11
79.99637972237542
 21
41.43720699753612
 97
        0
 75
     1
 76
     1
 52
10.0
 41
0.2
 77
     0
 78
     2
 53
10.0
 43
-685263.137284345
 44
-2544651.794519493
 45
1.030172660688502
 46
1.471239031962505
 79
     2
 49
0.6349999999999996
 49
-1.904999999999999
 53
99.99999999999994
 43
-685262.7694745871
 44
-2544652.052062658
 45
-1.471239031962505
 46
1.030172660688502
 79
     2
 49
0.6349999999999998
 49
-1.904999999999999
 98
        1
 10
-685263.1391056824
 20
-2545183.047439835
1001
GradientColor1ACI
1070
     5
1001
GradientColor2ACI
1070
     2
1001
ACAD
1010
0.0
1020
0.0
1030
0.0
  0
LWPOLYLINE
  5
370
330
28D
100
AcDbEntity
  8
4
 48
2.5
100
AcDbPolyline
 90
        3
 70
     0
 43
0.0
 10
43.81423857074696
 20
157.3477570493705
 10
49.66625752672553
 20
163.5036851158365
 10
50.83784800861031
 20
162.38993433211
  0
HATCH
  5
371
330
28D
100
AcDbEntity
  8
9
  6
Continuous
100
AcDbHatch
 10
0.0
 20
0.0
 30
0.0
210
0.0
220
0.0
230
1.0
  2
CROSS
 70
     0
 71
     0
 91
        1
 92
        1
 93
       14
 72
     1
 10
76.56020375166554
 20
49.48240382643416
 11
5.266972112935036
 21
116.7228315644897
 72
     1
 10
5.266972112935036
 20
116.7228315644897
 11
49.51763055182528
 21
163.6410868340172
 72
     1
 10
49.51763055182528
 20
163.6410868340172
 11
50.8372198145371
 21
162.386640924029
 72
     1
 10
50.8372198145371
 20
162.386640924029
 11
83.91833937610499
 21
197.1855668229982
 72
     1
 10
83.91833937610499
 20
197.1855668229982
 11
86.10645204724278
 21
195.121841717977
 72
     2
 10
87.47870567452627
 20
196.5768056288361
 40
1.999999999873765
 50
226.675710782262
 51
316.4497892934749
 73
     1
 72
     1
 10
88.92824739124625
 20
195.1988256541081
 11
89.36673490877728
 21
195.6629668213427
 72
     1
 10
89.36673490877728
 20
195.6629668213427
 11
83.09013272915036
 21
201.394423126243
 72
     1
 10
83.09013272915036
 20
201.394423126243
 11
82.00297644163947
 21
202.4279081076384
 72
     1
 10
82.00297644163947
 20
202.4279081076384
 11
0.1079764416208491
 21
116.2799081075936
 72
     1
 10
0.1079764416208491
 20
116.2799081075936
 11
3.675976441707462
 21
113.0999081078917
 72
     1
 10
3.675976441707462
 20
113.0999081078917
 11
73.94708205584902
 21
46.71178060723469
 72
     1
 10
73.94708205584902
 20
46.71178060723469
 11
74.16413828649092
 21
46.94191953772679
 72
     1
 10
74.16413828649092
 20
46.94191953772679
 11
76.56020375166554
 21
49.48240382643416
 97
        0
 75
     1
 76
     1
 52
0.0
 41
0.2
 77
     0
 78
     2
 53
0.0
 43
-685263.137284345
 44
-2544651.794519493
 45
1.27
 46
1.27
 79
     2
 49
0.635
 49
-1.905
 53
90.0
 43
-685262.819784345
 44
-2544652.112019493
 45
-1.27
 46
1.27
 79
     2
 49
0.635
 49
-1.905
 98
        1
 10
-685263.1380235583
 20
-2545183.049091892
1001
GradientColor1ACI
1070
     5
1001
GradientColor2ACI
1070
     2
1001
ACAD
1010
0.0
1020
0.0
1030
0.0
  0
LINE
  5
C57
330
28D
100
AcDbEntity
  8
DIM_ELEV
100
AcDbLine
 10
61.23196338303387
 20
84.76488642254844
 30
0.0
 11
59.73196338303387
 21
86.26488642254845
 31
0.0
  0
LINE
  5
C58
330
28D
100
AcDbEntity
  8
DIM_ELEV
100
AcDbLine
 10
61.23196338303387
 20
84.76488642254844
 30
0.0
 11
62.73196338303387
 21
86.26488642254845
 31
0.0
  0
LINE
  5
C59
330
28D
100
AcDbEntity
  8
DIM_ELEV
100
AcDbLine
 10
59.73196338303387
 20
86.26488642254845
 30
0.0
 11
74.29781959147658
 21
86.26488642254845
 31
0.0
  0
TEXT
  5
C5A
330
28D
100
AcDbEntity
  8
DIM_ELEV
 62
     7
100
AcDbText
 10
62.04992929611794
 20
92.06488642254845
 30
0.0
 40
1.51054852320675
  1
1#车间（丁类）
 41
0.8
  7
-宋
100
AcDbText
  0
TEXT
  5
C5B
330
28D
100
AcDbEntity
  8
DIM_ELEV
 62
     7
100
AcDbText
 10
68.09887444379725
 20
89.46488642254845
 30
0.0
 40
1.51054852320675
  1
H=20.75
 41
0.8
  7
-宋
100
AcDbText
  0
TEXT
  5
C5C
330
28D
100
AcDbEntity
  8
DIM_ELEV
 62
     7
100
AcDbText
 10
63.56216558303777
 20
86.86488642254843
 30
0.0
 40
1.51054852320675
  1
%%p0.000(5.45)
 41
0.8
  7
-宋
100
AcDbText
  0
LINE
  5
C5D
330
28D
100
AcDbEntity
  8
DIM_ELEV
100
AcDbLine
 10
104.0701333972392
 20
135.6149276066571
 30
0.0
 11
102.5701333972392
 21
137.1149276066571
 31
0.0
  0
LINE
  5
C5E
330
28D
100
AcDbEntity
  8
DIM_ELEV
100
AcDbLine
 10
104.0701333972392
 20
135.6149276066571
 30
0.0
 11
105.5701333972392
 21
137.1149276066571
 31
0.0
  0
LINE
  5
C5F
330
28D
100
AcDbEntity
  8
DIM_ELEV
100
AcDbLine
 10
102.5701333972392
 20
137.1149276066571
 30
0.0
 11
117.1359896056819
 21
137.1149276066571
 31
0.0
  0
TEXT
  5
C60
330
28D
100
AcDbEntity
  8
DIM_ELEV
 62
     7
100
AcDbText
 10
104.8880993103233
 20
142.9149276066571
 30
0.0
 40
1.51054852320675
  1
2#车间（丁类）
 41
0.8
  7
-宋
100
AcDbText
  0
TEXT
  5
C61
330
28D
100
AcDbEntity
  8
DIM_ELEV
 62
     7
100
AcDbText
 10
110.9370444580026
 20
140.3149276066571
 30
0.0
 40
1.51054852320675
  1
H=20.75
 41
0.8
  7
-宋
100
AcDbText
  0
TEXT
  5
C62
330
28D
100
AcDbEntity
  8
DIM_ELEV
 62
     7
100
AcDbText
 10
106.4003355972431
 20
137.7149276066571
 30
0.0
 40
1.51054852320675
  1
%%p0.000(5.45)
 41
0.8
  7
-宋
100
AcDbText
  0
LINE
  5
C63
330
28D
100
AcDbEntity
  8
DIM_ELEV
100
AcDbLine
 10
110.4366490670945
 20
64.75112751126289
 30
0.0
 11
108.9366490670945
 21
66.25112751126289
 31
0.0
  0
LINE
  5
C64
330
28D
100
AcDbEntity
  8
DIM_ELEV
100
AcDbLine
 10
110.4366490670945
 20
64.75112751126289
 30
0.0
 11
111.9366490670945
 21
66.25112751126289
 31
0.0
  0
LINE
  5
C65
330
28D
100
AcDbEntity
  8
DIM_ELEV
100
AcDbLine
 10
108.9366490670945
 20
66.25112751126289
 30
0.0
 11
123.5025052755372
 21
66.25112751126289
 31
0.0
  0
TEXT
  5
C66
330
28D
100
AcDbEntity
  8
DIM_ELEV
 62
     7
100
AcDbText
 10
116.4394251067609
 20
72.05112751126289
 30
0.0
 40
1.51054852320675
  1
3#综合楼
 41
0.8
  7
-宋
100
AcDbText
  0
TEXT
  5
C67
330
28D
100
AcDbEntity
  8
DIM_ELEV
 62
     7
100
AcDbText
 10
117.3035601278579
 20
69.4511275112629
 30
0.0
 40
1.51054852320675
  1
H=22.50
 41
0.8
  7
-宋
100
AcDbText
  0
TEXT
  5
C68
330
28D
100
AcDbEntity
  8
DIM_ELEV
 62
     7
100
AcDbText
 10
112.7668512670984
 20
66.85112751126289
 30
0.0
 40
1.51054852320675
  1
%%p0.000(5.45)
 41
0.8
  7
-宋
100
AcDbText
  0
TEXT
  5
C69
330
28D
100
AcDbEntity
  8
TWT_TEXT
100
AcDbText
 10
179.7537793378578
 20
121.2585811433382
 30
0.0
 40
1.321729957805907
  1
厂区出入口
 50
316.6279676469691
 41
0.8
  7
-宋
100
AcDbText
  0
TEXT
  5
C6A
330
28D
100
AcDbEntity
  8
TWT_TEXT
100
AcDbText
 10
97.05406688747462
 20
199.7023945273831
 30
0.0
 40
1.321729957805907
  1
厂区出入口
 50
316.6279676469691
 41
0.8
  7
-宋
100
AcDbText
  0
LINE
  5
C6B
330
28D
100
AcDbEntity
  8
TWT_ELEV
100
AcDbLine
 10
94.4929091684753
 20
57.77818563859909
 30
0.0
 11
92.9929091684753
 21
59.2781856385991
 31
0.0
  0
LINE
  5
C6C
330
28D
100
AcDbEntity
  8
TWT_ELEV
100
AcDbLine
 10
94.4929091684753
 20
57.77818563859909
 30
0.0
 11
95.99290916847531
 21
59.2781856385991
 31
0.0
  0
LINE
  5
C6D
330
28D
100
AcDbEntity
  8
TWT_ELEV
100
AcDbLine
 10
92.9929091684753
 20
59.2781856385991
 30
0.0
 11
95.99290916847531
 21
59.2781856385991
 31
0.0
  0
HATCH
  5
C6E
330
28D
100
AcDbEntity
  8
TWT_ELEV
100
AcDbHatch
 10
0.0
 20
0.0
 30
0.0
210
0.0
220
0.0
230
1.0
  2
SOLID
 70
     1
 71
     0
 91
        1
 92
        7
 72
     0
 73
     1
 93
        3
 10
94.4929091684753
 20
57.77818563859909
 10
92.9929091684753
 20
59.2781856385991
 10
95.99290916847531
 20
59.2781856385991
 97
        0
 75
     0
 76
     1
 47
0.0
 98
        1
 10
0.0
 20
0.0
450
        0
451
        0
460
0.0
461
0.0
452
        0
462
0.0
453
        0
470

  0
TEXT
  5
C6F
330
28D
100
AcDbEntity
  8
TWT_ELEV
 62
     7
100
AcDbText
 10
92.91738049670543
 20
59.8031856385991
 30
0.0
 40
1.321729957805907
  1
5.30
 41
0.8
  7
-宋
100
AcDbText
  0
LINE
  5
C70
330
28D
100
AcDbEntity
  8
TWT_ELEV
100
AcDbLine
 10
101.7887914062012
 20
109.3130763429217
 30
0.0
 11
100.2887914062012
 21
110.8130763429217
 31
0.0
  0
LINE
  5
C71
330
28D
100
AcDbEntity
  8
TWT_ELEV
100
AcDbLine
 10
101.7887914062012
 20
109.3130763429217
 30
0.0
 11
103.2887914062012
 21
110.8130763429217
 31
0.0
  0
LINE
  5
C72
330
28D
100
AcDbEntity
  8
TWT_ELEV
100
AcDbLine
 10
100.2887914062012
 20
110.8130763429217
 30
0.0
 11
103.2887914062012
 21
110.8130763429217
 31
0.0
  0
HATCH
  5
C73
330
28D
100
AcDbEntity
  8
TWT_ELEV
100
AcDbHatch
 10
0.0
 20
0.0
 30
0.0
210
0.0
220
0.0
230
1.0
  2
SOLID
 70
     1
 71
     0
 91
        1
 92
        7
 72
     0
 73
     1
 93
        3
 10
101.7887914062012
 20
109.3130763429217
 10
100.2887914062012
 20
110.8130763429217
 10
103.2887914062012
 20
110.8130763429217
 97
        0
 75
     0
 76
     1
 47
0.0
 98
        1
 10
0.0
 20
0.0
450
        0
451
        0
460
0.0
461
0.0
452
        0
462
0.0
453
        0
470

  0
TEXT
  5
C74
330
28D
100
AcDbEntity
  8
TWT_ELEV
 62
     7
100
AcDbText
 10
100.2132627344313
 20
111.3380763429217
 30
0.0
 40
1.321729957805907
  1
5.30
 41
0.8
  7
-宋
100
AcDbText
  0
LINE
  5
C75
330
28D
100
AcDbEntity
  8
TWT_ELEV
100
AcDbLine
 10
56.22475488367491
 20
158.1486256704665
 30
0.0
 11
54.7247548836749
 21
159.6486256704666
 31
0.0
  0
LINE
  5
C76
330
28D
100
AcDbEntity
  8
TWT_ELEV
100
AcDbLine
 10
56.22475488367491
 20
158.1486256704665
 30
0.0
 11
57.7247548836749
 21
159.6486256704666
 31
0.0
  0
LINE
  5
C77
330
28D
100
AcDbEntity
  8
TWT_ELEV
100
AcDbLine
 10
54.7247548836749
 20
159.6486256704666
 30
0.0
 11
57.7247548836749
 21
159.6486256704666
 31
0.0
  0
HATCH
  5
C78
330
28D
100
AcDbEntity
  8
TWT_ELEV
100
AcDbHatch
 10
0.0
 20
0.0
 30
0.0
210
0.0
220
0.0
230
1.0
  2
SOLID
 70
     1
 71
     0
 91
        1
 92
        7
 72
     0
 73
     1
 93
        3
 10
56.22475488367491
 20
158.1486256704665
 10
54.7247548836749
 20
159.6486256704666
 10
57.7247548836749
 20
159.6486256704666
 97
        0
 75
     0
 76
     1
 47
0.0
 98
        1
 10
0.0
 20
0.0
450
        0
451
        0
460
0.0
461
0.0
452
        0
462
0.0
453
        0
470

  0
TEXT
  5
C79
330
28D
100
AcDbEntity
  8
TWT_ELEV
 62
     7
100
AcDbText
 10
54.64922621190503
 20
160.1736256704666
 30
0.0
 40
1.321729957805907
  1
5.30
 41
0.8
  7
-宋
100
AcDbText
  0
LINE
  5
C7A
330
28D
100
AcDbEntity
  8
TWT_ELEV
100
AcDbLine
 10
59.08049049484543
 20
64.0372576341033
 30
0.0
 11
57.58049049484544
 21
65.5372576341033
 31
0.0
  0
LINE
  5
C7B
330
28D
100
AcDbEntity
  8
TWT_ELEV
100
AcDbLine
 10
59.08049049484543
 20
64.0372576341033
 30
0.0
 11
60.58049049484544
 21
65.5372576341033
 31
0.0
  0
LINE
  5
C7C
330
28D
100
AcDbEntity
  8
TWT_ELEV
100
AcDbLine
 10
57.58049049484544
 20
65.5372576341033
 30
0.0
 11
60.58049049484544
 21
65.5372576341033
 31
0.0
  0
HATCH
  5
C7D
330
28D
100
AcDbEntity
  8
TWT_ELEV
100
AcDbHatch
 10
0.0
 20
0.0
 30
0.0
210
0.0
220
0.0
230
1.0
  2
SOLID
 70
     1
 71
     0
 91
        1
 92
        7
 72
     0
 73
     1
 93
        3
 10
59.08049049484543
 20
64.0372576341033
 10
57.58049049484544
 20
65.5372576341033
 10
60.58049049484544
 20
65.5372576341033
 97
        0
 75
     0
 76
     1
 47
0.0
 98
        1
 10
0.0
 20
0.0
450
        0
451
        0
460
0.0
461
0.0
452
        0
462
0.0
453
        0
470

  0
TEXT
  5
C7E
330
28D
100
AcDbEntity
  8
TWT_ELEV
 62
     7
100
AcDbText
 10
57.50496182307556
 20
66.0622576341033
 30
0.0
 40
1.321729957805907
  1
5.30
 41
0.8
  7
-宋
100
AcDbText
  0
LINE
  5
C7F
330
28D
100
AcDbEntity
  8
TWT_ELEV
100
AcDbLine
 10
169.421704660519
 20
100.1179790995083
 30
0.0
 11
167.921704660519
 21
101.6179790995084
 31
0.0
  0
LINE
  5
C80
330
28D
100
AcDbEntity
  8
TWT_ELEV
100
AcDbLine
 10
169.421704660519
 20
100.1179790995083
 30
0.0
 11
170.921704660519
 21
101.6179790995084
 31
0.0
  0
LINE
  5
C81
330
28D
100
AcDbEntity
  8
TWT_ELEV
100
AcDbLine
 10
167.921704660519
 20
101.6179790995084
 30
0.0
 11
170.921704660519
 21
101.6179790995084
 31
0.0
  0
HATCH
  5
C82
330
28D
100
AcDbEntity
  8
TWT_ELEV
100
AcDbHatch
 10
0.0
 20
0.0
 30
0.0
210
0.0
220
0.0
230
1.0
  2
SOLID
 70
     1
 71
     0
 91
        1
 92
        7
 72
     0
 73
     1
 93
        3
 10
169.421704660519
 20
100.1179790995083
 10
167.921704660519
 20
101.6179790995084
 10
170.921704660519
 20
101.6179790995084
 97
        0
 75
     0
 76
     1
 47
0.0
 98
        1
 10
0.0
 20
0.0
450
        0
451
        0
460
0.0
461
0.0
452
        0
462
0.0
453
        0
470

  0
TEXT
  5
C83
330
28D
100
AcDbEntity
  8
TWT_ELEV
 62
     7
100
AcDbText
 10
167.8461759887491
 20
102.1429790995084
 30
0.0
 40
1.321729957805907
  1
5.30
 41
0.8
  7
-宋
100
AcDbText
  0
ENDBLK
  5
372
330
28D
100
AcDbEntity
  8
0
 48
2.5
100
AcDbBlockEnd
  0
BLOCK
  5
9D2
330
9D1
100
AcDbEntity
  8
0
100
AcDbBlockBegin
  2
_AXISO
 70
     2
 10
0.0
 20
0.0
 30
0.0
  3
_AXISO
  1

  0
CIRCLE
  5
9D3
330
9D1
100
AcDbEntity
  8
0
100
AcDbCircle
 10
0.0
 20
0.0
 30
0.0
 40
0.5
  0
ATTDEF
  5
9D4
330
9D1
100
AcDbEntity
  8
AXIS_TEXT
100
AcDbText
 10
-0.25
 20
-0.28
 30
0.0
 40
0.5600000000000001
  1

 41
1.041666666666666
  7
COMPLEX
 72
     5
 11
0.25
 21
-0.28
 31
0.0
100
AcDbAttributeDefinition
280
     0
  3

  2
A
 70
     0
280
     0
  0
ENDBLK
  5
9D7
330
9D1
100
AcDbEntity
  8
0
100
AcDbBlockEnd
  0
ENDSEC
  0
SECTION
  2
ENTITIES
  0
TEXT
  5
F
330
2
100
AcDbEntity
  8
PUB_TEXT
100
AcDbText
 10
685351.6111680072
 20
2545534.824030284
 30
0.0
 40
1.036799999999999
  1
非机动车位(每个1.6平方米)
 41
0.7
  7
黑体
100
AcDbText
  0
TEXT
  5
13
330
2
100
AcDbEntity
  8
PUB_TEXT
100
AcDbText
 10
685351.576849456
 20
2545574.558615192
 30
0.0
 40
1.036799999999999
  1
建筑设计高度(m)
 41
0.7
  7
黑体
100
AcDbText
  0
TEXT
  5
14
330
2
100
AcDbEntity
  8
PUB_TEXT
100
AcDbText
 10
685351.7402750719
 20
2545558.822547573
 30
0.0
 40
1.036799999999999
  1
净用地范围线
 41
0.7
  7
黑体
100
AcDbText
  0
TEXT
  5
15
330
2
100
AcDbEntity
  8
PUB_TEXT
100
AcDbText
 10
685351.5768494542
 20
2545566.676909747
 30
0.0
 40
1.036799999999999
  1
建筑室内地平%%P0.000设计标高(m)
 41
0.7
  7
黑体
100
AcDbText
  0
TEXT
  5
16
330
2
100
AcDbEntity
  8
PUB_TEXT
100
AcDbText
 10
685351.631862535
 20
2545561.455833452
 30
0.0
 40
1.036799999999999
  1
室外地坪设计标高(m)
 41
0.7
  7
黑体
100
AcDbText
  0
TEXT
  5
17
330
2
100
AcDbEntity
  8
PUB_TEXT
100
AcDbText
 10
685351.7402725327
 20
2545556.229632782
 30
0.0
 40
1.036799999999999
  1
拟建建筑外轮廓线
 41
0.7
  7
黑体
100
AcDbText
  0
TEXT
  5
18
330
2
100
AcDbEntity
  8
PUB_TEXT
100
AcDbText
 10
685351.7102055637
 20
2545550.969463284
 30
0.0
 40
1.036799999999999
  1
建筑单体出入口
 41
0.7
  7
黑体
100
AcDbText
  0
TEXT
  5
19
330
2
100
AcDbEntity
  8
PUB_TEXT
100
AcDbText
 10
685351.6525623653
 20
2545548.368788967
 30
0.0
 40
1.036799999999999
  1
车道
 41
0.7
  7
黑体
100
AcDbText
  0
LWPOLYLINE
  5
1A
330
2
100
AcDbEntity
  8
Z-道路中心线
  6
ACAD_ISO04W100
 48
0.05
100
AcDbPolyline
 90
        2
 70
     0
 43
0.0
 10
685342.0509973358
 20
2545548.559816158
 10
685342.0509973358
 20
2545547.504964785
  0
LWPOLYLINE
  5
1F
330
2
100
AcDbEntity
  8
Z-道路中心线
  6
ACAD_ISO04W100
 48
0.05
100
AcDbPolyline
 90
        2
 70
     0
 43
0.0
 10
685344.4843569764
 20
2545549.828209612
 10
685344.4843569764
 20
2545548.559816158
  0
LWPOLYLINE
  5
20
330
2
100
AcDbEntity
  8
A-SITE-ROAD
  6
Continuous
100
AcDbPolyline
 90
        2
 70
   128
 43
0.0
 10
685344.1231002186
 20
2545549.828209612
 10
685344.1231002186
 20
2545549.726216158
  0
LWPOLYLINE
  5
24
330
2
100
AcDbEntity
  8
a08
  6
DASH
 48
5.0
100
AcDbPolyline
 90
        2
 70
   128
 43
0.0
 10
685344.8456137337
 20
2545549.726216158
 42
0.4142135623730951
 10
685345.4288137339
 20
2545549.143016158
  0
LWPOLYLINE
  5
29
330
2
100
AcDbEntity
  8
a08
  6
DASH
 48
5.0
100
AcDbPolyline
 90
        2
 70
   128
 43
0.0
 10
685344.8456137337
 20
2545549.828209612
 10
685344.8456137337
 20
2545549.726216158
  0
LWPOLYLINE
  5
2A
330
2
100
AcDbEntity
  8
a08
  6
DASH
 48
5.0
100
AcDbPolyline
 90
        2
 70
   128
 43
0.0
 10
685345.4288137339
 20
2545549.143016158
 10
685346.0381526658
 20
2545549.143016158
  0
LWPOLYLINE
  5
2B
330
2
100
AcDbEntity
  8
a08
  6
DASH
 48
5.0
100
AcDbPolyline
 90
        2
 70
   128
 43
0.0
 10
685341.7069635856
 20
2545547.685016158
 10
685341.7069635856
 20
2545547.504964785
  0
LWPOLYLINE
  5
2C
330
2
100
AcDbEntity
  8
a08
  6
DASH
 48
5.0
100
AcDbPolyline
 90
        2
 70
   128
 43
0.0
 10
685342.3950310861
 20
2545547.685016158
 10
685342.3950310861
 20
2545547.504964785
  0
LWPOLYLINE
  5
2D
330
2
100
AcDbEntity
  8
a08
  6
DASH
 48
5.0
100
AcDbPolyline
 90
        2
 70
   128
 43
0.0
 10
685342.6866310861
 20
2545547.976616158
 42
0.4142135623730951
 10
685342.3950310861
 20
2545547.685016158
  0
LWPOLYLINE
  5
2E
330
2
100
AcDbEntity
  8
a08
  6
DASH
 48
5.0
100
AcDbPolyline
 90
        2
 70
   128
 43
0.0
 10
685342.6866310861
 20
2545547.976616158
 10
685346.0381526659
 20
2545547.976616158
  0
LWPOLYLINE
  5
2F
330
2
100
AcDbEntity
  8
a08
  6
DASH
 48
5.0
100
AcDbPolyline
 90
        2
 70
   128
 43
0.0
 10
685341.7069635856
 20
2545547.685016158
 42
0.4142135623730951
 10
685341.4153635856
 20
2545547.976616158
  0
LWPOLYLINE
  5
30
330
2
100
AcDbEntity
  8
a08
  6
DASH
 48
5.0
100
AcDbPolyline
 90
        2
 70
   128
 43
0.0
 10
685340.6172480276
 20
2545547.976616158
 10
685341.4153635856
 20
2545547.976616158
  0
LWPOLYLINE
  5
31
330
2
100
AcDbEntity
  8
a08
  6
DASH
 48
5.0
100
AcDbPolyline
 90
        2
 70
   128
 43
0.0
 10
685343.5399002188
 20
2545549.143016158
 42
0.4142135623730951
 10
685344.1231002186
 20
2545549.726216158
  0
LWPOLYLINE
  5
32
330
2
100
AcDbEntity
  8
a08
  6
DASH
 48
5.0
100
AcDbPolyline
 90
        2
 70
   128
 43
0.0
 10
685340.6172480276
 20
2545549.143016158
 10
685343.5399002188
 20
2545549.143016158
  0
LWPOLYLINE
  5
33
330
2
100
AcDbEntity
  8
PUB_TEXT
100
AcDbPolyline
 90
        2
 70
   128
 43
0.0
 10
685338.0668357054
 20
2545576.28540109
 10
685338.0668357035
 20
2545526.101999709
  0
LWPOLYLINE
  5
34
330
2
100
AcDbEntity
  8
PUB_TEXT
100
AcDbPolyline
 90
        2
 70
   128
 43
0.0
 10
685369.8039710754
 20
2545576.285401086
 10
685369.8039710696
 20
2545526.101999704
  0
LWPOLYLINE
  5
35
330
2
100
AcDbEntity
  8
PUB_TEXT
100
AcDbPolyline
 90
        2
 70
   128
 43
0.0
 10
685349.7308357065
 20
2545576.285401089
 10
685349.7308357003
 20
2545528.726399708
  0
LWPOLYLINE
  5
36
330
2
100
AcDbEntity
  8
PUB_TEXT
100
AcDbPolyline
 90
        2
 70
   128
 43
0.0
 10
685338.0668357056
 20
2545573.66100109
 10
685369.8039710753
 20
2545573.661001087
  0
TEXT
  5
37
330
2
100
AcDbEntity
  8
Z-文字
100
AcDbText
 10
685342.1440032142
 20
2545574.654484773
 30
0.0
 40
0.8
  1
H=100.00M
 41
0.8
  7
黑体
100
AcDbText
  0
LWPOLYLINE
  5
3A
330
2
100
AcDbEntity
  8
PUB_TEXT
100
AcDbPolyline
 90
        2
 70
   128
 43
0.0
 10
685338.0668357039
 20
2545563.163401091
 10
685369.8039710735
 20
2545563.163401086
  0
LWPOLYLINE
  5
3B
330
2
100
AcDbEntity
  8
PUB_TEXT
100
AcDbPolyline
 90
        2
 70
   128
 43
0.0
 10
685338.0668357037
 20
2545560.53900109
 10
685369.8039710734
 20
2545560.539001086
  0
LWPOLYLINE
  5
3C
330
2
100
AcDbEntity
  8
PUB_TEXT
100
AcDbPolyline
 90
        2
 70
   128
 43
0.0
 10
685338.0668357051
 20
2545560.53900109
 10
685369.8039710744
 20
2545560.539001086
  0
LWPOLYLINE
  5
3D
330
2
100
AcDbEntity
  8
PUB_TEXT
100
AcDbPolyline
 90
        2
 70
   128
 43
0.0
 10
685338.0668357051
 20
2545560.53900109
 10
685369.8039710744
 20
2545560.539001086
  0
LWPOLYLINE
  5
3E
330
2
100
AcDbEntity
  8
PUB_TEXT
100
AcDbPolyline
 90
        2
 70
   128
 43
0.0
 10
685338.0668357044
 20
2545560.53900109
 10
685369.8039710741
 20
2545560.539001086
  0
LWPOLYLINE
  5
3F
330
2
100
AcDbEntity
  8
PUB_TEXT
100
AcDbPolyline
 90
        2
 70
   128
 43
0.0
 10
685338.0668357039
 20
2545557.91460109
 10
685369.803971074
 20
2545557.914601087
  0
LWPOLYLINE
  5
40
330
2
100
AcDbEntity
  8
PUB_TEXT
100
AcDbPolyline
 90
        2
 70
   128
 43
0.0
 10
685338.0668357044
 20
2545555.29020109
 10
685369.8039710744
 20
2545555.290201084
  0
LWPOLYLINE
  5
41
330
2
100
AcDbEntity
  8
PUB_TEXT
100
AcDbPolyline
 90
        2
 70
   128
 43
0.0
 10
685338.0668357044
 20
2545552.665801089
 10
685369.8039710741
 20
2545552.665801085
  0
LWPOLYLINE
  5
42
330
2
100
AcDbEntity
  8
PUB_TEXT
100
AcDbPolyline
 90
        2
 70
   128
 43
0.0
 10
685338.0668357042
 20
2545550.04140109
 10
685369.8039710735
 20
2545550.041401085
  0
LWPOLYLINE
  5
43
330
2
100
AcDbEntity
  8
PUB_TEXT
100
AcDbPolyline
 90
        2
 70
   128
 43
0.0
 10
685338.0668357039
 20
2545547.417001089
 10
685369.8039710734
 20
2545547.417001085
  0
TEXT
  5
44
330
2
100
AcDbEntity
  8
PUB_TEXT
100
AcDbText
 10
685351.5768494538
 20
2545564.052509747
 30
0.0
 40
1.036799999999999
  1
=绝对标高7.40m
 41
0.7
  7
黑体
100
AcDbText
  0
LINE
  5
45
330
2
100
AcDbEntity
  8
PUB_TEXT
100
AcDbLine
 10
685338.0668357056
 20
2545576.28540109
 30
0.0
 11
685369.8039710753
 21
2545576.285401086
 31
0.0
  0
LWPOLYLINE
  5
46
330
2
100
AcDbEntity
  8
PUB_TEXT
100
AcDbPolyline
 90
        2
 70
   128
 43
0.0
 10
685338.0668357056
 20
2545576.28540109
 10
685369.8039710753
 20
2545576.285401086
  0
LWPOLYLINE
  5
47
330
2
100
AcDbEntity
  8
PUB_TEXT
100
AcDbPolyline
 90
        2
 70
   128
 43
0.0
 10
685338.0668357056
 20
2545576.28540109
 10
685369.8039710753
 20
2545576.285401086
  0
TEXT
  5
48
330
2
100
AcDbEntity
  8
PUB_TEXT
100
AcDbText
 10
685339.9466796817
 20
2545577.226732361
 30
0.0
 40
3.110399999999998
  1
图 例
 41
0.7
  7
黑体
100
AcDbText
  0
LWPOLYLINE
  5
49
330
2
100
AcDbEntity
  8
Z-道路中心线
  6
ACAD_ISO04W100
 48
0.05
100
AcDbPolyline
 90
        2
 70
     0
 43
0.0
 10
685340.6172480032
 20
2545548.559816158
 10
685346.0381526658
 20
2545548.559816158
  0
LWPOLYLINE
  5
4A
330
2
100
AcDbEntity
  8
PUB_TEXT
100
AcDbPolyline
 90
        2
 70
   128
 43
0.0
 10
685338.0668357042
 20
2545555.290201091
 10
685369.803971074
 20
2545555.290201087
  0
INSERT
  5
4B
102
{ACAD_XDICTIONARY
360
4C
102
}
330
2
100
AcDbEntity
  8
A-DIM-SYMB
100
AcDbBlockReference
  2
*U3
 10
685343.7049467392
 20
2545553.471435376
 30
0.0
 41
-0.2916
 42
0.2916
 43
0.2916
  0
LWPOLYLINE
  5
74
330
2
100
AcDbEntity
  8
PUB_TEXT
100
AcDbPolyline
 90
        2
 70
   128
 43
0.0
 10
685338.0668317226
 20
2545547.417001089
 10
685369.8039670923
 20
2545547.417001085
  0
LWPOLYLINE
  5
75
330
2
100
AcDbEntity
  8
PUB_TEXT
100
AcDbPolyline
 90
        2
 70
   128
 43
0.0
 10
685338.0668357003
 20
2545547.417001089
 10
685369.80397107
 20
2545547.417001085
  0
LWPOLYLINE
  5
76
330
2
100
AcDbEntity
  8
PUB_TEXT
100
AcDbPolyline
 90
        2
 70
   128
 43
0.0
 10
685338.0668317221
 20
2545541.84839971
 10
685369.8039670916
 20
2545541.848399707
  0
LWPOLYLINE
  5
77
330
2
100
AcDbEntity
  8
PUB_TEXT
100
AcDbPolyline
 90
        2
 70
   128
 43
0.0
 10
685338.0668356996
 20
2545541.84839971
 10
685369.8039710694
 20
2545541.848399707
  0
LWPOLYLINE
  5
78
330
2
100
AcDbEntity
  8
PUB_TEXT
100
AcDbPolyline
 90
        2
 70
   128
 43
0.0
 10
685338.0668356996
 20
2545541.84839971
 10
685369.8039710694
 20
2545541.848399707
  0
LWPOLYLINE
  5
79
330
2
100
AcDbEntity
  8
PUB_TEXT
100
AcDbPolyline
 90
        2
 70
   128
 43
0.0
 10
685338.0668317264
 20
2545541.84839971
 10
685369.8039670961
 20
2545541.848399707
  0
LWPOLYLINE
  5
7A
330
2
100
AcDbEntity
  8
PUB_TEXT
100
AcDbPolyline
 90
        2
 70
   128
 43
0.0
 10
685338.0668357042
 20
2545541.84839971
 10
685369.8039710739
 20
2545541.848399707
  0
TEXT
  5
7B
330
2
100
AcDbEntity
  8
PUB_TEXT
100
AcDbText
 10
685351.6111680041
 20
2545545.641431663
 30
0.0
 40
1.036799999999999
  1
平行布置机动车车位
 41
0.7
  7
黑体
100
AcDbText
  0
LWPOLYLINE
  5
7C
330
2
100
AcDbEntity
  8
PUB_TEXT
100
AcDbPolyline
 90
        2
 70
   128
 43
0.0
 10
685338.0668317264
 20
2545541.84839971
 10
685369.8039670961
 20
2545541.848399707
  0
LWPOLYLINE
  5
7D
330
2
100
AcDbEntity
  8
PUB_TEXT
100
AcDbPolyline
 90
        2
 70
   128
 43
0.0
 10
685338.0668357037
 20
2545539.223999711
 10
685369.8039710732
 20
2545539.223999707
  0
LINE
  5
7E
330
2
100
AcDbEntity
  8
DIM_ELEV
100
AcDbLine
 10
685342.1046873215
 20
2545565.100922014
 30
0.0
 11
685341.1326873215
 21
2545566.072922014
 31
0.0
  0
LINE
  5
80
330
2
100
AcDbEntity
  8
DIM_ELEV
100
AcDbLine
 10
685342.1046873215
 20
2545565.100922014
 30
0.0
 11
685343.0766873216
 21
2545566.072922014
 31
0.0
  0
LINE
  5
81
330
2
100
AcDbEntity
  8
DIM_ELEV
100
AcDbLine
 10
685341.1326873215
 20
2545566.072922014
 30
0.0
 11
685346.0037229812
 21
2545566.072922014
 31
0.0
  0
TEXT
  5
82
330
2
100
AcDbEntity
  8
DIM_ELEV
 62
     7
100
AcDbText
 10
685343.1825274192
 20
2545564.851604247
 30
0.0
 40
0.6083544303797469
  1
(%%P0.000)
  7
黑体
100
AcDbText
  0
TEXT
  5
83
330
2
100
AcDbEntity
  8
PUB_TEXT
100
AcDbText
 10
685351.7102055637
 20
2545553.403546879
 30
0.0
 40
1.036799999999999
  1
厂区出入口
 41
0.7
  7
黑体
100
AcDbText
  0
LWPOLYLINE
  5
84
330
2
100
AcDbEntity
  8
PUB_TEXT
100
AcDbPolyline
 90
        2
 70
   128
 43
0.0
 10
685338.0668357032
 20
2545555.29020109
 10
685369.803971073
 20
2545555.290201087
  0
LWPOLYLINE
  5
85
330
2
100
AcDbEntity
  8
PUB_TEXT
100
AcDbPolyline
 90
        2
 70
   128
 43
0.0
 10
685338.0668357051
 20
2545568.41220109
 10
685369.8039710748
 20
2545568.412201085
  0
LWPOLYLINE
  5
86
330
2
100
AcDbEntity
  8
PUB_TEXT
100
AcDbPolyline
 90
        2
 70
   128
 43
0.0
 10
685338.0668357053
 20
2545573.66100109
 10
685369.8039710749
 20
2545573.661001087
  0
TEXT
  5
87
330
2
100
AcDbEntity
  8
PUB_TEXT
100
AcDbText
 10
685351.5768494554
 20
2545571.934215193
 30
0.0
 40
1.036799999999999
  1
建筑防火设计高度(m)
 41
0.7
  7
黑体
100
AcDbText
  0
TEXT
  5
88
330
2
100
AcDbEntity
  8
Z-文字
100
AcDbText
 10
685342.1440032136
 20
2545572.030084773
 30
0.0
 40
0.8
  1
HF=23.50M
 41
0.8
  7
黑体
100
AcDbText
  0
LWPOLYLINE
  5
89
102
{ACAD_REACTORS
330
90
102
}
330
2
100
AcDbEntity
  8
k-绿地填充
 62
    81
100
AcDbPolyline
 90
        4
 70
   129
 43
0.0
 10
685341.3281120684
 20
2545530.650542416
 10
685345.7825751448
 20
2545530.650542416
 10
685345.7825751448
 20
2545529.39704076
 10
685341.3281120687
 20
2545529.39704076
  0
TEXT
  5
8D
330
2
100
AcDbEntity
  8
PUB_TEXT
100
AcDbText
 10
685351.6111719827
 20
2545529.575230283
 30
0.0
 40
1.036799999999999
  1
绿地
 41
0.7
  7
黑体
100
AcDbText
  0
LWPOLYLINE
  5
8E
330
2
100
AcDbEntity
  8
PUB_TEXT
100
AcDbPolyline
 90
        2
 70
   128
 43
0.0
 10
685338.0668357011
 20
2545531.350799709
 10
685369.8039710709
 20
2545531.350799705
  0
LWPOLYLINE
  5
8F
330
2
100
AcDbEntity
  8
PUB_TEXT
100
AcDbPolyline
 90
        2
 70
   128
 43
0.0
 10
685338.0668396785
 20
2545528.726399709
 10
685369.803975048
 20
2545528.726399704
  0
HATCH
  5
90
330
2
100
AcDbEntity
  8
1绿地填充
  6
Continuous
100
AcDbHatch
 10
0.0
 20
0.0
 30
0.0
210
0.0
220
0.0
230
1.0
  2
CROSS
 70
     0
 71
     1
 91
        1
 92
        1
 93
        4
 72
     1
 10
685341.3281120684
 20
2545530.650542416
 11
685345.7825751448
 21
2545530.650542416
 72
     1
 10
685345.7825751448
 20
2545530.650542416
 11
685345.7825751448
 21
2545529.39704076
 72
     1
 10
685345.7825751448
 20
2545529.39704076
 11
685341.3281120687
 21
2545529.39704076
 72
     1
 10
685341.3281120687
 20
2545529.39704076
 11
685341.3281120684
 21
2545530.650542416
 97
        1
330
89
 75
     1
 76
     1
 52
-1.165078314214383
 41
0.3
 77
     0
 78
     2
 53
358.8349216857856
 43
-9582.741187603678
 44
-32127.99725275068
 45
0.4858351567800494
 46
0.4664679254102095
 79
     2
 49
0.238125
 49
-0.714375
 53
88.83492168578561
 43
-9582.624570622341
 44
-32128.11871154001
 45
-0.4664679254102095
 46
0.4858351567800494
 79
     2
 49
0.238125
 49
-0.714375
 98
        1
 10
400077.6054073625
 20
1051232.146682306
1001
ACAD
1010
0.0
1020
0.0
1030
0.0
  0
HATCH
  5
92
330
2
100
AcDbEntity
  8
PLAN_机动车位
100
AcDbHatch
 10
0.0
 20
0.0
 30
0.0
210
0.0
220
0.0
230
1.0
  2
ANSI37
 70
     0
 71
     0
 91
        1
 92
        1
 93
        6
 72
     1
 10
685342.4728437953
 20
2545535.904760278
 11
685343.6248437953
 21
2545535.904760278
 72
     1
 10
685343.6248437953
 20
2545535.904760278
 11
685344.7624437953
 21
2545535.904760278
 72
     1
 10
685344.7624437953
 20
2545535.904760278
 11
685344.7624437953
 21
2545535.328760278
 72
     1
 10
685344.7624437953
 20
2545535.328760278
 11
685344.7624437953
 21
2545535.040760278
 72
     1
 10
685344.7624437953
 20
2545535.040760278
 11
685342.4728437953
 21
2545535.040760278
 72
     1
 10
685342.4728437953
 20
2545535.040760278
 11
685342.4728437953
 21
2545535.904760278
 97
        0
 75
     0
 76
     1
 52
0.0
 41
0.2304
 77
     0
 78
     2
 53
44.99999999999998
 43
284810.2041873924
 44
1051238.193242307
 45
-0.2586313762867916
 46
0.2586313762867914
 79
     0
 53
135.0
 43
284810.2041873924
 44
1051238.193242307
 45
-0.2586313762867917
 46
-0.2586313762867914
 79
     0
 98
        1
 10
284810.2041873924
 20
1051238.193242307
1001
ACAD
1010
0.0
1020
0.0
1030
0.0
  0
LWPOLYLINE
  5
94
330
2
100
AcDbEntity
  8
PUB_DIM
100
AcDbPolyline
 90
        4
 70
     1
 43
0.3234816000000001
 10
685291.039997235
 20
2545528.071992041
 10
685325.9347285136
 20
2545528.071992041
 10
685325.9347285136
 20
2545574.653342428
 10
685291.039997235
 20
2545574.653342428
  0
LWPOLYLINE
  5
96
330
2
100
AcDbEntity
  8
PUB_DIM
100
AcDbPolyline
 90
        2
 70
     0
 43
0.0
 10
685291.039997235
 20
2545570.771563231
 10
685325.9347285136
 20
2545570.771563231
  0
LWPOLYLINE
  5
97
330
2
100
AcDbEntity
  8
PUB_DIM
100
AcDbPolyline
 90
        2
 70
     0
 43
0.0
 10
685291.039997235
 20
2545566.889784028
 10
685325.9347285136
 20
2545566.889784028
  0
LWPOLYLINE
  5
98
330
2
100
AcDbEntity
  8
PUB_DIM
100
AcDbPolyline
 90
        2
 70
     0
 43
0.0
 10
685291.039997235
 20
2545563.008004828
 10
685325.9347285136
 20
2545563.008004828
  0
LWPOLYLINE
  5
99
330
2
100
AcDbEntity
  8
PUB_DIM
100
AcDbPolyline
 90
        2
 70
     0
 43
0.0
 10
685291.039997235
 20
2545559.12622563
 10
685325.9347285136
 20
2545559.12622563
  0
LWPOLYLINE
  5
9A
330
2
100
AcDbEntity
  8
PUB_DIM
100
AcDbPolyline
 90
        2
 70
     0
 43
0.0
 10
685291.039997235
 20
2545555.244446428
 10
685325.9347285136
 20
2545555.244446428
  0
LWPOLYLINE
  5
9B
330
2
100
AcDbEntity
  8
PUB_DIM
100
AcDbPolyline
 90
        2
 70
     0
 43
0.0
 10
685291.039997235
 20
2545547.480888031
 10
685325.9347285136
 20
2545547.480888031
  0
LWPOLYLINE
  5
9C
330
2
100
AcDbEntity
  8
PUB_DIM
100
AcDbPolyline
 90
        2
 70
     0
 43
0.0
 10
685291.039997235
 20
2545543.599108826
 10
685325.9347285136
 20
2545543.599108826
  0
LWPOLYLINE
  5
9D
330
2
100
AcDbEntity
  8
PUB_DIM
100
AcDbPolyline
 90
        2
 70
     0
 43
0.0
 10
685291.039997235
 20
2545539.717329632
 10
685325.9347285136
 20
2545539.717329632
  0
LWPOLYLINE
  5
9E
330
2
100
AcDbEntity
  8
PUB_DIM
100
AcDbPolyline
 90
        2
 70
     0
 43
0.0
 10
685308.4292648036
 20
2545574.653342428
 10
685308.4292648036
 20
2545531.953771226
  0
TEXT
  5
9F
330
2
100
AcDbEntity
  8
PUB_DIM
100
AcDbText
 10
685297.9029653948
 20
2545575.682196551
 30
0.0
 40
3.558297600000001
  1
主要经济技术指标
 41
0.8
  7
天正
100
AcDbText
  0
TEXT
  5
A2
330
2
100
AcDbEntity
  8
PUB_DIM
100
AcDbText
 10
685292.5148113482
 20
2545571.418526428
 30
0.0
 40
2.5878528
  1
规划用地总面积
 41
0.8
  7
天正
100
AcDbText
  0
TEXT
  5
A3
330
2
100
AcDbEntity
  8
PUB_DIM
100
AcDbText
 10
685292.4822084782
 20
2545567.536747234
 30
0.0
 40
2.5878528
  1
建筑基底总面积
 41
0.8
  7
天正
100
AcDbText
  0
TEXT
  5
A4
330
2
100
AcDbEntity
  8
PUB_DIM
100
AcDbText
 10
685295.5713304031
 20
2545552.00963043
 30
0.0
 40
2.5878528
  1
建筑密度
 41
0.8
  7
天正
100
AcDbText
  0
TEXT
  5
A5
330
2
100
AcDbEntity
  8
PUB_DIM
100
AcDbText
 10
685296.6146222406
 20
2545548.127851227
 30
0.0
 40
2.5878528
  1
容积率
 41
0.8
  7
天正
100
AcDbText
  0
TEXT
  5
A6
330
2
100
AcDbEntity
  8
PUB_DIM
100
AcDbText
 10
685296.6390743927
 20
2545544.246072032
 30
0.0
 40
2.5878528
  1
绿地面积
 41
0.8
  7
天正
100
AcDbText
  0
TEXT
  5
A7
330
2
100
AcDbEntity
  8
PUB_DIM
100
AcDbText
 10
685314.7309652219
 20
2545552.268415712
 30
0.0
 40
2.07028224
  1
58.70
 41
0.6
  7
天正
100
AcDbText
  0
TEXT
  5
A8
330
2
100
AcDbEntity
  8
PUB_DIM
100
AcDbText
 10
685320.2704479649
 20
2545552.268415712
 30
0.0
 40
2.07028224
  1
%
 41
0.6
  7
天正
100
AcDbText
  0
TEXT
  5
A9
330
2
100
AcDbEntity
  8
PUB_DIM
100
AcDbText
 10
685294.6339978931
 20
2545563.65496803
 30
0.0
 40
2.5878528
  1
总建筑面积
 41
0.8
  7
天正
100
AcDbText
  0
TEXT
  5
AA
330
2
100
AcDbEntity
  8
PUB_DIM
100
AcDbText
 10
685294.5932443053
 20
2545559.773188828
 30
0.0
 40
2.5878528
  1
计容总面积
 41
0.8
  7
天正
100
AcDbText
  0
TEXT
  5
AB
330
2
100
AcDbEntity
  8
PUB_DIM
100
AcDbText
 10
685293.5173495978
 20
2545555.891409633
 30
0.0
 40
2.5878528
  1
不计容总面积
 41
0.8
  7
天正
100
AcDbText
  0
LWPOLYLINE
  5
AC
330
2
100
AcDbEntity
  8
PUB_DIM
100
AcDbPolyline
 90
        2
 70
     0
 43
0.0
 10
685291.039997235
 20
2545551.362667234
 10
685325.9347285136
 20
2545551.362667234
  0
TEXT
  5
AD
330
2
100
AcDbEntity
  8
PUB_DIM
100
AcDbText
 10
685293.6577875962
 20
2545536.482513634
 30
0.0
 40
2.5878528
  1
小汽车停车位
 41
0.8
  7
天正
100
AcDbText
  0
TEXT
  5
AE
330
2
100
AcDbEntity
  8
PUB_DIM
100
AcDbText
 10
685315.2545110581
 20
2545536.741298916
 30
0.0
 40
2.07028224
  1
78个
 41
0.6
  7
天正
100
AcDbText
  0
TEXT
  5
AF
330
2
100
AcDbEntity
  8
PUB_DIM
100
AcDbText
 10
685296.6390743927
 20
2545540.364292828
 30
0.0
 40
2.5878528
  1
绿地率
 41
0.8
  7
天正
100
AcDbText
  0
TEXT
  5
B0
330
2
100
AcDbEntity
  8
PUB_DIM
100
AcDbText
 10
685320.6587547841
 20
2545540.623078111
 30
0.0
 40
2.07028224
  1
%
 41
0.6
  7
天正
100
AcDbText
  0
LWPOLYLINE
  5
B1
330
2
100
AcDbEntity
  8
PUB_DIM
100
AcDbPolyline
 90
        2
 70
     0
 43
0.0
 10
685291.039997235
 20
2545535.835550429
 10
685325.9347285136
 20
2545535.835550429
  0
TEXT
  5
B2
330
2
100
AcDbEntity
  8
PUB_DIM
100
AcDbText
 10
685293.6577875962
 20
2545532.731029966
 30
0.0
 40
2.5878528
  1
非机动车位
 41
0.8
  7
天正
100
AcDbText
  0
LWPOLYLINE
  5
B3
330
2
100
AcDbEntity
  8
PUB_DIM
100
AcDbPolyline
 90
        7
 70
     0
 10
685267.1857389698
 20
2545530.720659086
 40
0.2695680000000001
 41
0.2695680000000001
 10
685267.1857389701
 20
2545530.720659086
 40
0.2695680000000001
 41
0.2695680000000001
 10
685267.1857389698
 20
2545553.456603336
 40
0.2695680000000001
 41
0.2695680000000001
 10
685267.1857389696
 20
2545553.456603336
 40
0.2695680000000001
 41
0.2695680000000001
 10
685118.9352695738
 20
2545553.456603337
 40
0.2695680000000001
 41
0.2695680000000001
 10
685118.9352695738
 20
2545530.720659086
 40
0.2695680000000001
 41
0.2695680000000001
 10
685267.1857389698
 20
2545530.720659087
 40
0.0
 41
0.0
  0
LWPOLYLINE
  5
B4
330
2
100
AcDbEntity
  8
PUB_DIM
100
AcDbPolyline
 90
        2
 70
     0
 43
0.0
 10
685118.9352695738
 20
2545540.425107077
 10
685184.3125783111
 20
2545540.425107077
  0
LWPOLYLINE
  5
B5
330
2
100
AcDbEntity
  8
PUB_DIM
100
AcDbPolyline
 90
        2
 70
     0
 43
0.0
 10
685135.6346693612
 20
2545553.456603337
 10
685135.6346693612
 20
2545530.720659086
  0
LWPOLYLINE
  5
B6
330
2
100
AcDbEntity
  8
PUB_DIM
100
AcDbPolyline
 90
        2
 70
     0
 43
0.0
 10
685142.5795041696
 20
2545553.456603337
 10
685142.5795041696
 20
2545530.720659086
  0
LWPOLYLINE
  5
B7
330
2
100
AcDbEntity
  8
PUB_DIM
100
AcDbPolyline
 90
        2
 70
     0
 43
0.0
 10
685155.5139882465
 20
2545553.456603337
 10
685155.5139882465
 20
2545530.720659086
  0
LWPOLYLINE
  5
B8
330
2
100
AcDbEntity
  8
PUB_DIM
100
AcDbPolyline
 90
        2
 70
     0
 43
0.0
 10
685168.3188789062
 20
2545553.456603337
 10
685168.3188789062
 20
2545530.720659086
  0
TEXT
  5
B9
330
2
100
AcDbEntity
  8
PUB_DIM
100
AcDbText
 10
685156.5507782936
 20
2545554.941253388
 30
0.0
 40
4.447872000000001
  1
建 筑 物 一 览 表
 41
0.8
  7
天正
100
AcDbText
  0
TEXT
  5
BA
330
2
100
AcDbEntity
  8
PUB_DIM
100
AcDbText
 10
685122.2988167444
 20
2545550.668691081
 30
0.0
 40
2.156544
  1
建筑物名称
 41
0.8
  7
天正
100
AcDbText
  0
TEXT
  5
BB
330
2
100
AcDbEntity
  8
PUB_DIM
100
AcDbText
 10
685137.6416835832
 20
2545550.668691081
 30
0.0
 40
2.156544
  1
层数
 41
0.8
  7
天正
100
AcDbText
  0
TEXT
  5
BC
330
2
100
AcDbEntity
  8
PUB_DIM
100
AcDbText
 10
685143.4090190401
 20
2545550.668691081
 30
0.0
 40
2.156544
  1
基底面积（
 41
0.8
  7
天正
100
AcDbText
  0
TEXT
  5
BD
330
2
100
AcDbEntity
  8
PUB_DIM
100
AcDbText
 10
685152.0351950398
 20
2545550.668691081
 30
0.0
 40
1.7252352
  1
m
 41
0.6
  7
天正
100
AcDbText
  0
TEXT
  5
BE
330
2
100
AcDbEntity
  8
PUB_DIM
100
AcDbText
 10
685153.859015109
 20
2545550.668691081
 30
0.0
 40
2.156544
  1
）
 41
0.8
  7
天正
100
AcDbText
  0
TEXT
  5
BF
330
2
100
AcDbEntity
  8
PUB_DIM
100
AcDbText
 10
685155.8337921949
 20
2545550.668691081
 30
0.0
 40
2.156544
  1
建筑面积（
 41
0.8
  7
天正
100
AcDbText
  0
TEXT
  5
C0
330
2
100
AcDbEntity
  8
PUB_DIM
100
AcDbText
 10
685164.4599681944
 20
2545550.668691081
 30
0.0
 40
1.7252352
  1
m
 41
0.6
  7
天正
100
AcDbText
  0
TEXT
  5
C1
330
2
100
AcDbEntity
  8
PUB_DIM
100
AcDbText
 10
685166.2837882634
 20
2545550.668691081
 30
0.0
 40
2.156544
  1
）
 41
0.8
  7
天正
100
AcDbText
  0
TEXT
  5
C2
330
2
100
AcDbEntity
  8
PUB_DIM
100
AcDbText
 10
685168.9030194378
 20
2545550.668691081
 30
0.0
 40
2.156544
  1
计容建筑面积（
 41
0.8
  7
天正
100
AcDbText
  0
TEXT
  5
C3
330
2
100
AcDbEntity
  8
PUB_DIM
100
AcDbText
 10
685180.4930437355
 20
2545550.668691081
 30
0.0
 40
1.7252352
  1
m
 41
0.6
  7
天正
100
AcDbText
  0
TEXT
  5
C4
330
2
100
AcDbEntity
  8
PUB_DIM
100
AcDbText
 10
685181.5789445915
 20
2545550.668691081
 30
0.0
 40
2.156544
  1
）
 41
0.8
  7
天正
100
AcDbText
  0
LWPOLYLINE
  5
C5
330
2
100
AcDbEntity
  8
PUB_DIM
100
AcDbPolyline
 90
        2
 70
     0
 43
0.0
 10
685118.9352695738
 20
2545540.425107077
 10
685184.3125783111
 20
2545540.425107077
  0
TEXT
  5
C6
330
2
100
AcDbEntity
  8
PUB_DIM
100
AcDbText
 10
685233.3052437948
 20
2545550.732870458
 30
0.0
 40
2.156544
  1
耐火等级
 41
0.8
  7
天正
100
AcDbText
  0
LWPOLYLINE
  5
C7
330
2
100
AcDbEntity
  8
PUB_DIM
100
AcDbPolyline
 90
        2
 70
     0
 43
0.0
 10
685240.4865545101
 20
2545553.520782714
 10
685240.4865545101
 20
2545530.720659087
  0
TEXT
  5
C8
330
2
100
AcDbEntity
  8
PUB_DIM
100
AcDbText
 10
685241.003312132
 20
2545550.732870458
 30
0.0
 40
2.156544
  1
火灾危险性分类
 41
0.8
  7
天正
100
AcDbText
  0
LWPOLYLINE
  5
C9
330
2
100
AcDbEntity
  8
PUB_DIM
100
AcDbPolyline
 90
        2
 70
     0
 43
0.0
 10
685253.2188462785
 20
2545553.520782714
 10
685253.2188462785
 20
2545530.720659087
  0
TEXT
  5
CA
330
2
100
AcDbEntity
  8
PUB_DIM
100
AcDbText
 10
685262.5603185676
 20
2545550.732870458
 30
0.0
 40
2.156544
  1
备注
 41
0.8
  7
天正
100
AcDbText
  0
TEXT
  5
CB
330
2
100
AcDbEntity
  8
PUB_DIM
100
AcDbText
 10
685262.5641022055
 20
2545545.465050375
 30
0.0
 40
2.156544
  1
拟建
 41
0.8
  7
天正
100
AcDbText
  0
LWPOLYLINE
  5
CC
330
2
100
AcDbEntity
  8
PUB_DIM
100
AcDbPolyline
 90
        2
 70
     0
 43
0.0
 10
685118.9352695738
 20
2545540.425107084
 10
685267.1857389701
 20
2545540.425107084
  0
LWPOLYLINE
  5
CD
330
2
100
AcDbEntity
  8
PUB_DIM
100
AcDbPolyline
 90
        2
 70
     0
 43
0.0
 10
685184.3125783109
 20
2545543.659923079
 10
685260.3533934402
 20
2545543.659923079
  0
LWPOLYLINE
  5
CE
330
2
100
AcDbEntity
  8
PUB_DIM
100
AcDbPolyline
 90
        2
 70
     0
 43
0.0
 10
685118.9352695738
 20
2545543.659923079
 10
685260.3533934402
 20
2545543.659923079
  0
LWPOLYLINE
  5
CF
330
2
100
AcDbEntity
  8
PUB_DIM
100
AcDbPolyline
 90
        2
 70
     0
 43
0.0
 10
685184.3125783109
 20
2545546.894739074
 10
685260.3533934402
 20
2545546.894739074
  0
LWPOLYLINE
  5
D0
330
2
100
AcDbEntity
  8
PUB_DIM
100
AcDbPolyline
 90
        2
 70
     0
 43
0.0
 10
685118.9352695738
 20
2545550.129555081
 10
685182.4056236842
 20
2545550.129555081
  0
LWPOLYLINE
  5
D1
330
2
100
AcDbEntity
  8
PUB_DIM
100
AcDbPolyline
 90
        2
 70
     0
 43
0.0
 10
685118.9352695738
 20
2545546.894739081
 10
685184.3125783111
 20
2545546.894739081
  0
LWPOLYLINE
  5
D2
330
2
100
AcDbEntity
  8
PUB_DIM
100
AcDbPolyline
 90
        2
 70
     0
 43
0.0
 10
685118.9352695738
 20
2545550.129555081
 10
685267.1857389698
 20
2545550.129555081
  0
LWPOLYLINE
  5
D3
330
2
100
AcDbEntity
  8
PUB_DIM
100
AcDbPolyline
 90
        2
 70
     0
 43
0.0
 10
685118.9352695738
 20
2545546.894739081
 10
685260.3533934402
 20
2545546.894739081
  0
LWPOLYLINE
  5
D4
330
2
100
AcDbEntity
  8
PUB_DIM
100
AcDbPolyline
 90
        2
 70
     0
 43
0.0
 10
685184.3125783109
 20
2545550.129555076
 10
685205.2107283355
 20
2545550.129555076
  0
LWPOLYLINE
  5
D5
330
2
100
AcDbEntity
  8
PUB_DIM
100
AcDbPolyline
 90
        2
 70
     0
 43
0.0
 10
685260.3533934402
 20
2545553.520782714
 10
685260.3533934402
 20
2545530.720659087
  0
TEXT
  5
D6
330
2
100
AcDbEntity
  8
PUB_DIM
100
AcDbText
 10
685253.5538392974
 20
2545550.732870458
 30
0.0
 40
2.156544
  1
结构形式
 41
0.8
  7
天正
100
AcDbText
  0
TEXT
  5
D7
330
2
100
AcDbEntity
  8
PUB_DIM
100
AcDbText
 10
685123.895895973
 20
2545547.43387508
 30
0.0
 40
2.156544
  1
1#厂房
 41
0.8
  7
天正
100
AcDbText
  0
TEXT
  5
D8
330
2
100
AcDbEntity
  8
PUB_DIM
100
AcDbText
 10
685146.6995801256
 20
2545547.649529481
 30
0.0
 40
1.7252352
  1
5076.00
 41
0.6
  7
天正
100
AcDbText
  0
TEXT
  5
D9
330
2
100
AcDbEntity
  8
PUB_DIM
100
AcDbText
 10
685234.6933899696
 20
2545547.574179102
 30
0.0
 40
2.156544
  1
二级
 41
0.8
  7
天正
100
AcDbText
  0
TEXT
  5
DA
330
2
100
AcDbEntity
  8
PUB_DIM
100
AcDbText
 10
685254.9419854705
 20
2545547.574179102
 30
0.0
 40
2.156544
  1
框架
 41
0.8
  7
天正
100
AcDbText
  0
TEXT
  5
DB
330
2
100
AcDbEntity
  8
PUB_DIM
100
AcDbText
 10
685244.7482235418
 20
2545547.481946847
 30
0.0
 40
2.156544
  1
丁类
 41
0.8
  7
天正
100
AcDbText
  0
INSERT
  5
DC
330
2
100
AcDbEntity
  8
PLAN_道路
  6
Continuous
100
AcDbBlockReference
  2
111111
 10
21628.14327978226
 20
69245.74128916114
 30
0.0
 41
0.9599999999999999
 42
0.9599999999999999
 43
0.9599999999999999
  0
TEXT
  5
EA
330
2
100
AcDbEntity
  8
PUB_TEXT
100
AcDbText
 10
685343.5136104263
 20
2545561.625337441
 30
0.0
 40
0.7344
  1
5.40
 41
0.7058823529411766
  7
_TCH_DIM
100
AcDbText
  0
LWPOLYLINE
  5
EC
330
2
100
AcDbEntity
  8
PUB_TEXT
100
AcDbPolyline
 90
        2
 70
   128
 43
0.0
 10
685338.0668396784
 20
2545526.101999709
 10
685369.8039750478
 20
2545526.101999704
  0
TEXT
  5
ED
330
2
100
AcDbEntity
  8
PUB_TEXT
100
AcDbText
 10
685351.6525663384
 20
2545527.053787586
 30
0.0
 40
1.036799999999999
  1
消防车道
 41
0.7
  7
黑体
100
AcDbText
  0
HATCH
  5
EE
330
2
100
AcDbEntity
  8
PLAN_道路
  6
Continuous
 62
   251
100
AcDbHatch
 10
0.0
 20
0.0
 30
0.0
210
0.0
220
0.0
230
1.0
  2
松散材料
 70
     0
 71
     0
 91
        4
 92
        7
 72
     1
 73
     1
 93
        6
 10
685346.038156639
 20
2545527.828014775
 42
0.0
 10
685345.4288177063
 20
2545527.828014775
 42
-0.4142135621172064
 10
685344.8456177066
 20
2545528.411214775
 42
0.0
 10
685344.4843609493
 20
2545528.411214775
 42
0.0
 10
685344.4843609493
 20
2545527.244814775
 42
0.0
 10
685346.038156639
 20
2545527.244814775
 42
0.0
 97
        0
 92
        7
 72
     1
 73
     1
 93
        6
 10
685344.4843609493
 20
2545528.411214775
 42
0.0
 10
685344.1231041912
 20
2545528.411214775
 42
-0.4142135624243952
 10
685343.5399041915
 20
2545527.828014775
 42
0.0
 10
685340.6172520005
 20
2545527.828014775
 42
0.0
 10
685340.6172520006
 20
2545527.244814775
 42
0.0
 10
685344.4843609493
 20
2545527.244814775
 42
0.0
 97
        0
 92
        7
 72
     1
 73
     1
 93
        6
 10
685342.0510013086
 20
2545527.244814775
 42
0.0
 10
685342.0510013086
 20
2545526.370014775
 42
0.0
 10
685342.3950350592
 20
2545526.370014775
 42
-0.4142135614227034
 10
685342.6866350587
 20
2545526.661614774
 42
0.0
 10
685346.038156639
 20
2545526.661614774
 42
0.0
 10
685346.038156639
 20
2545527.244814775
 42
0.0
 97
        0
 92
        7
 72
     1
 73
     1
 93
        6
 10
685342.0510013086
 20
2545527.244814775
 42
0.0
 10
685340.6172520006
 20
2545527.244814775
 42
0.0
 10
685340.6172520006
 20
2545526.661614775
 42
0.0
 10
685341.4153675593
 20
2545526.661614774
 42
-0.4142135619247
 10
685341.7069675586
 20
2545526.370014775
 42
0.0
 10
685342.0510013086
 20
2545526.370014775
 42
0.0
 97
        0
 75
     0
 76
     1
 52
0.0
 41
0.096
 77
     0
 78
     1
 53
0.0
 43
21628.1434182598
 44
68746.01310472237
 45
0.09
 46
0.18
 79
     2
 49
0.0
 49
-0.18
 47
0.0165637116431085
 98
        4
 10
685344.9178547468
 20
2545527.510808561
 10
685343.9630399653
 20
2545527.622119279
 10
685343.5333726377
 20
2545527.017873895
 10
685341.7510521616
 20
2545526.890665916
1001
ACAD
1010
0.0
1020
0.0
1030
0.0
  0
LWPOLYLINE
  5
EF
330
2
100
AcDbEntity
  8
Z-道路中心线
  6
ACAD_ISO04W100
 48
0.05
100
AcDbPolyline
 90
        2
 70
     0
 43
0.0
 10
685342.0510013089
 20
2545527.244814777
 10
685342.0510013089
 20
2545526.189963403
  0
LWPOLYLINE
  5
F0
330
2
100
AcDbEntity
  8
Z-道路中心线
  6
ACAD_ISO04W100
 48
0.05
100
AcDbPolyline
 90
        2
 70
     0
 43
0.0
 10
685344.4843609496
 20
2545528.51320823
 10
685344.4843609496
 20
2545527.244814777
  0
LWPOLYLINE
  5
F1
330
2
100
AcDbEntity
  8
PLAN_道路
  6
Continuous
100
AcDbPolyline
 90
        2
 70
   128
 43
0.0
 10
685344.8456177068
 20
2545528.411214776
 42
0.4142135623730951
 10
685345.4288177069
 20
2545527.828014776
  0
LWPOLYLINE
  5
F2
330
2
100
AcDbEntity
  8
PLAN_道路
  6
Continuous
100
AcDbPolyline
 90
        2
 70
   128
 43
0.0
 10
685345.4288177069
 20
2545527.828014776
 10
685346.038156639
 20
2545527.828014776
  0
LWPOLYLINE
  5
F3
330
2
100
AcDbEntity
  8
PLAN_道路
  6
Continuous
100
AcDbPolyline
 90
        2
 70
   128
 43
0.0
 10
685342.6866350592
 20
2545526.661614776
 42
0.4142135623730951
 10
685342.3950350592
 20
2545526.370014776
  0
LWPOLYLINE
  5
F4
330
2
100
AcDbEntity
  8
PLAN_道路
  6
Continuous
100
AcDbPolyline
 90
        2
 70
   128
 43
0.0
 10
685342.6866350592
 20
2545526.661614776
 10
685346.038156639
 20
2545526.661614776
  0
LWPOLYLINE
  5
F5
330
2
100
AcDbEntity
  8
PLAN_道路
  6
Continuous
100
AcDbPolyline
 90
        2
 70
   128
 43
0.0
 10
685341.7069675586
 20
2545526.370014776
 42
0.4142135623730951
 10
685341.415367559
 20
2545526.661614776
  0
LWPOLYLINE
  5
F6
330
2
100
AcDbEntity
  8
PLAN_道路
  6
Continuous
100
AcDbPolyline
 90
        2
 70
   128
 43
0.0
 10
685340.6172520006
 20
2545526.661614776
 10
685341.415367559
 20
2545526.661614776
  0
LWPOLYLINE
  5
F7
330
2
100
AcDbEntity
  8
PLAN_道路
  6
Continuous
100
AcDbPolyline
 90
        2
 70
   128
 43
0.0
 10
685343.5399041919
 20
2545527.828014776
 42
0.4142135623730951
 10
685344.1231041917
 20
2545528.411214776
  0
LWPOLYLINE
  5
F8
330
2
100
AcDbEntity
  8
PLAN_道路
  6
Continuous
100
AcDbPolyline
 90
        2
 70
   128
 43
0.0
 10
685340.6172520006
 20
2545527.828014776
 10
685343.5399041919
 20
2545527.828014776
  0
LWPOLYLINE
  5
F9
330
2
100
AcDbEntity
  8
Z-道路中心线
  6
ACAD_ISO04W100
 48
0.05
100
AcDbPolyline
 90
        2
 70
     0
 43
0.0
 10
685340.6172519763
 20
2545527.244814777
 10
685346.038156639
 20
2545527.244814777
  0
INSERT
  5
FA
330
2
100
AcDbEntity
  8
cdz
100
AcDbBlockReference
  2
A$C5D0344E3
 10
685343.9465413015
 20
2545540.892586929
 30
0.0
 41
0.6
 42
0.6
 43
0.6
 50
89.99999999365442
  0
INSERT
  5
103
330
2
100
AcDbEntity
  8
车位
100
AcDbBlockReference
  2
frewrtret
 10
685342.3735524481
 20
2545541.604078574
 30
0.0
 41
-0.0006
 42
0.0006
 43
0.0006
 50
359.9999999936543
  0
LWPOLYLINE
  5
10D
330
2
100
AcDbEntity
  8
PUB_TEXT
100
AcDbPolyline
 90
        2
 70
   128
 43
0.0
 10
685338.0668357011
 20
2545533.97519971
 10
685369.8039710704
 20
2545533.975199706
  0
TEXT
  5
10E
330
2
100
AcDbEntity
  8
PUB_TEXT
100
AcDbText
 10
685351.4583326928
 20
2545539.994633366
 30
0.0
 40
1.036799999999999
  1
充电桩停车位
 41
0.7
  7
黑体
100
AcDbText
  0
LWPOLYLINE
  5
10F
102
{ACAD_REACTORS
330
111
102
}
330
2
100
AcDbEntity
  8
k-绿地填充
 62
    81
100
AcDbPolyline
 90
        4
 70
   129
 43
0.0
 10
685341.3281080911
 20
2545533.274942417
 10
685345.7825711673
 20
2545533.274942417
 10
685345.7825711673
 20
2545532.02144076
 10
685341.3281080912
 20
2545532.02144076
  0
TEXT
  5
110
330
2
100
AcDbEntity
  8
PUB_TEXT
100
AcDbText
 10
685351.6111680052
 20
2545532.199630283
 30
0.0
 40
1.036799999999999
  1
车位植草砖
 41
0.7
  7
黑体
100
AcDbText
  0
HATCH
  5
111
330
2
100
AcDbEntity
  8
1绿地填充
  6
Continuous
100
AcDbHatch
 10
0.0
 20
0.0
 30
0.0
210
0.0
220
0.0
230
1.0
  2
松散材料
 70
     0
 71
     1
 91
        1
 92
        1
 93
        4
 72
     1
 10
685341.3281080911
 20
2545533.274942417
 11
685345.7825711673
 21
2545533.274942417
 72
     1
 10
685345.7825711673
 20
2545533.274942417
 11
685345.7825711673
 21
2545532.02144076
 72
     1
 10
685345.7825711673
 20
2545532.02144076
 11
685341.3281080912
 21
2545532.02144076
 72
     1
 10
685341.3281080912
 20
2545532.02144076
 11
685341.3281080911
 21
2545533.274942417
 97
        1
330
10F
 75
     1
 76
     1
 52
0.0
 41
0.2
 77
     0
 78
     1
 53
0.0
 43
-9582.741191580891
 44
-32122.74845275004
 45
0.1875
 46
0.375
 79
     2
 49
0.0
 49
-0.375
 98
        1
 10
400077.6054033852
 20
1051234.771082306
1001
ACAD
1010
0.0
1020
0.0
1030
0.0
  0
LWPOLYLINE
  5
112
330
2
100
AcDbEntity
  8
PUB_TEXT
100
AcDbPolyline
 90
        2
 70
   128
 43
0.0
 10
685338.0668317185
 20
2545544.835475132
 10
685369.8039670881
 20
2545544.835475128
  0
TEXT
  5
113
330
2
100
AcDbEntity
  8
PUB_TEXT
100
AcDbText
 10
685351.6111680036
 20
2545542.654356242
 30
0.0
 40
1.036799999999999
  1
垂直布置机动车车位
 41
0.7
  7
黑体
100
AcDbText
  0
TEXT
  5
115
330
2
100
AcDbEntity
  8
PUB_DIM
100
AcDbText
 10
685137.1176593367
 20
2545547.649529481
 30
0.0
 40
1.7252352
  1
1F
 41
0.6
  7
天正
100
AcDbText
  0
LWPOLYLINE
  5
116
330
2
100
AcDbEntity
  8
PUB_DIM
100
AcDbPolyline
 90
        2
 70
     0
 43
0.0
 10
685184.3125783111
 20
2545530.720659086
 10
685184.3125783111
 20
2545553.456603337
  0
TEXT
  5
117
330
2
100
AcDbEntity
  8
PUB_DIM
100
AcDbText
 10
685153.489955752
 20
2545551.750012422
 30
0.0
 40
0.6
  1
2
 41
0.6
  7
天正
100
AcDbText
  0
TEXT
  5
118
330
2
100
AcDbEntity
  8
PUB_DIM
100
AcDbText
 10
685165.8453209103
 20
2545551.905902431
 30
0.0
 40
0.6
  1
2
 41
0.6
  7
天正
100
AcDbText
  0
TEXT
  5
119
330
2
100
AcDbEntity
  8
PUB_DIM
100
AcDbText
 10
685181.7666395128
 20
2545551.799702192
 30
0.0
 40
0.6
  1
2
 41
0.6
  7
天正
100
AcDbText
  0
LWPOLYLINE
  5
11A
330
2
100
AcDbEntity
  8
PUB_DIM
100
AcDbPolyline
 90
        2
 70
     0
 43
0.0
 10
685232.8469290997
 20
2545553.520782714
 10
685232.8469290997
 20
2545530.720659087
  0
LWPOLYLINE
  5
11B
330
2
100
AcDbEntity
  8
PUB_DIM
100
AcDbPolyline
 90
        2
 70
     0
 43
0.0
 10
685291.039997235
 20
2545528.071992041
 10
685325.9347285136
 20
2545528.071992041
  0
LWPOLYLINE
  5
11D
330
2
100
AcDbEntity
  8
PUB_DIM
100
AcDbPolyline
 90
        2
 70
     0
 43
0.0
 10
685291.039997235
 20
2545531.953771226
 10
685325.9347285136
 20
2545531.953771226
  0
TEXT
  5
11F
330
2
100
AcDbEntity
  8
PUB_DIM
100
AcDbText
 10
685123.895895973
 20
2545544.199059078
 30
0.0
 40
2.156544
  1
2#厂房
 41
0.8
  7
天正
100
AcDbText
  0
TEXT
  5
120
330
2
100
AcDbEntity
  8
PUB_DIM
100
AcDbText
 10
685146.6995801256
 20
2545544.414713479
 30
0.0
 40
1.7252352
  1
4320.00
 41
0.6
  7
天正
100
AcDbText
  0
TEXT
  5
121
330
2
100
AcDbEntity
  8
PUB_DIM
100
AcDbText
 10
685234.6933899696
 20
2545544.3393631
 30
0.0
 40
2.156544
  1
二级
 41
0.8
  7
天正
100
AcDbText
  0
TEXT
  5
122
330
2
100
AcDbEntity
  8
PUB_DIM
100
AcDbText
 10
685254.9419854705
 20
2545544.3393631
 30
0.0
 40
2.156544
  1
框架
 41
0.8
  7
天正
100
AcDbText
  0
TEXT
  5
123
330
2
100
AcDbEntity
  8
PUB_DIM
100
AcDbText
 10
685244.7482235418
 20
2545544.247130845
 30
0.0
 40
2.156544
  1
丁类
 41
0.8
  7
天正
100
AcDbText
  0
TEXT
  5
124
330
2
100
AcDbEntity
  8
PUB_DIM
100
AcDbText
 10
685137.1176593367
 20
2545544.414713479
 30
0.0
 40
1.7252352
  1
2F
 41
0.6
  7
天正
100
AcDbText
  0
TEXT
  5
125
330
2
100
AcDbEntity
  8
PUB_DIM
100
AcDbText
 10
685123.895895973
 20
2545540.964243075
 30
0.0
 40
2.156544
  1
3#综合楼
 41
0.8
  7
天正
100
AcDbText
  0
TEXT
  5
126
330
2
100
AcDbEntity
  8
PUB_DIM
100
AcDbText
 10
685146.6995801256
 20
2545541.179897476
 30
0.0
 40
1.7252352
  1
349.36
 41
0.6
  7
天正
100
AcDbText
  0
TEXT
  5
127
330
2
100
AcDbEntity
  8
PUB_DIM
100
AcDbText
 10
685234.6933899696
 20
2545541.104547098
 30
0.0
 40
2.156544
  1
二级
 41
0.8
  7
天正
100
AcDbText
  0
TEXT
  5
128
330
2
100
AcDbEntity
  8
PUB_DIM
100
AcDbText
 10
685254.9419854705
 20
2545541.104547098
 30
0.0
 40
2.156544
  1
框架
 41
0.8
  7
天正
100
AcDbText
  0
TEXT
  5
129
330
2
100
AcDbEntity
  8
PUB_DIM
100
AcDbText
 10
685244.7482235418
 20
2545541.012314842
 30
0.0
 40
2.156544
  1
- -
 41
0.8
  7
天正
100
AcDbText
  0
TEXT
  5
12A
330
2
100
AcDbEntity
  8
PUB_DIM
100
AcDbText
 10
685137.1176593367
 20
2545541.179897476
 30
0.0
 40
1.7252352
  1
6F
 41
0.6
  7
天正
100
AcDbText
  0
LWPOLYLINE
  5
12B
330
2
100
AcDbEntity
  8
PUB_TEXT
100
AcDbPolyline
 90
        2
 70
   128
 43
0.0
 10
685338.0668357035
 20
2545536.599599711
 10
685369.8039710728
 20
2545536.599599707
  0
TEXT
  5
12C
330
2
100
AcDbEntity
  8
PUB_TEXT
100
AcDbText
 10
685351.6111680031
 20
2545537.405556242
 30
0.0
 40
1.036799999999999
  1
双层机械停车架
 41
0.7
  7
黑体
100
AcDbText
  0
LWPOLYLINE
  5
12D
330
2
100
AcDbEntity
  8
PUB_TEXT
100
AcDbPolyline
 90
        2
 70
   128
 43
0.0
 10
685338.0668357054
 20
2545571.03660109
 10
685369.8039710751
 20
2545571.036601087
  0
TEXT
  5
12E
330
2
100
AcDbEntity
  8
PUB_TEXT
100
AcDbText
 10
685351.5768494552
 20
2545569.309815193
 30
0.0
 40
1.036799999999999
  1
建筑最高点设计高度(m)
 41
0.7
  7
黑体
100
AcDbText
  0
TEXT
  5
12F
330
2
100
AcDbEntity
  8
Z-文字
100
AcDbText
 10
685342.1440032133
 20
2545569.405684773
 30
0.0
 40
0.8
  1
HG=23.50M
 41
0.8
  7
黑体
100
AcDbText
  0
INSERT
  5
130
330
2
100
AcDbEntity
  8
PLAN_道路
  6
Continuous
100
AcDbBlockReference
  2
111111
 10
21628.67337939551
 20
69255.57453710911
 30
0.0
 41
0.9599999999999999
 42
0.9599999999999999
 43
0.9599999999999999
  0
LWPOLYLINE
  5
131
330
2
100
AcDbEntity
  8
PUB_DIM
100
AcDbPolyline
 90
        2
 70
     0
 43
0.0
 10
685197.7998502004
 20
2545530.720659087
 10
685197.7998502004
 20
2545553.456603337
  0
LWPOLYLINE
  5
133
330
2
100
AcDbEntity
  8
PUB_DIM
100
AcDbPolyline
 90
        2
 70
     0
 43
0.0
 10
685213.9776224311
 20
2545530.720659087
 10
685213.9776224311
 20
2545553.456603337
  0
LWPOLYLINE
  5
148
330
2
100
AcDbEntity
  8
PUB_DIM
100
AcDbPolyline
 90
        2
 70
     0
 43
0.0
 10
685126.2222136151
 20
2545533.955475082
 10
685267.1857389701
 20
2545533.955475082
  0
LWPOLYLINE
  5
149
330
2
100
AcDbEntity
  8
PUB_DIM
100
AcDbPolyline
 90
        2
 70
     0
 43
0.0
 10
685122.4804384649
 20
2545530.720659086
 10
685267.1857389701
 20
2545530.720659086
  0
LWPOLYLINE
  5
14A
330
2
100
AcDbEntity
  8
PUB_DIM
100
AcDbPolyline
 90
        2
 70
     0
 43
0.0
 10
685126.2222136151
 20
2545537.190291088
 10
685267.1857389701
 20
2545537.190291088
  0
LWPOLYLINE
  5
14B
330
2
100
AcDbEntity
  8
PUB_DIM
100
AcDbPolyline
 90
        2
 70
     0
 43
0.0
 10
685126.2222136151
 20
2545540.398395666
 10
685126.2222136151
 20
2545530.693947676
  0
TEXT
  5
14C
330
2
100
AcDbEntity
  8
PUB_DIM
100
AcDbText
 10
685121.5779749553
 20
2545535.378388844
 30
0.0
 40
2.156544
  1
其中
 41
0.8
  7
天正
100
AcDbText
  0
TEXT
  5
14D
330
2
100
AcDbEntity
  8
PUB_DIM
100
AcDbText
 10
685126.5718570072
 20
2545537.79415479
 30
0.0
 40
2.156544
  1
活动室
 41
0.8
  7
天正
100
AcDbText
  0
TEXT
  5
14E
330
2
100
AcDbEntity
  8
PUB_DIM
100
AcDbText
 10
685126.5718570072
 20
2545534.559338785
 30
0.0
 40
2.156544
  1
宿舍
 41
0.8
  7
天正
100
AcDbText
  0
TEXT
  5
14F
330
2
100
AcDbEntity
  8
PUB_DIM
100
AcDbText
 10
685234.6933899696
 20
2545537.869731109
 30
0.0
 40
2.156544
  1
二级
 41
0.8
  7
天正
100
AcDbText
  0
TEXT
  5
150
330
2
100
AcDbEntity
  8
PUB_DIM
100
AcDbText
 10
685244.7482235418
 20
2545537.777498854
 30
0.0
 40
2.156544
  1
- -
 41
0.8
  7
天正
100
AcDbText
  0
TEXT
  5
151
330
2
100
AcDbEntity
  8
PUB_DIM
100
AcDbText
 10
685137.1176593367
 20
2545537.945081488
 30
0.0
 40
1.7252352
  1
1F
 41
0.6
  7
天正
100
AcDbText
  0
TEXT
  5
154
330
2
100
AcDbEntity
  8
PUB_DIM
100
AcDbText
 10
685234.6933899696
 20
2545534.634915104
 30
0.0
 40
2.156544
  1
二级
 41
0.8
  7
天正
100
AcDbText
  0
TEXT
  5
155
330
2
100
AcDbEntity
  8
PUB_DIM
100
AcDbText
 10
685244.7482235418
 20
2545534.542682848
 30
0.0
 40
2.156544
  1
- -
 41
0.8
  7
天正
100
AcDbText
  0
TEXT
  5
156
330
2
100
AcDbEntity
  8
PUB_DIM
100
AcDbText
 10
685137.1176593367
 20
2545534.710265482
 30
0.0
 40
1.7252352
  1
2-6F
 41
0.6
  7
天正
100
AcDbText
  0
TEXT
  5
159
330
2
100
AcDbEntity
  8
PUB_DIM
100
AcDbText
 10
685254.9419854705
 20
2545537.869731102
 30
0.0
 40
2.156544
  1
框架
 41
0.8
  7
天正
100
AcDbText
  0
TEXT
  5
15A
330
2
100
AcDbEntity
  8
PUB_DIM
100
AcDbText
 10
685254.9419854705
 20
2545534.634915096
 30
0.0
 40
2.156544
  1
框架
 41
0.8
  7
天正
100
AcDbText
  0
TEXT
  5
15B
330
2
100
AcDbEntity
  8
PUB_DIM
100
AcDbText
 10
685261.2353535085
 20
2545534.515663432
 30
0.0
 40
2.156544
  1
35户
 41
0.8
  7
天正
100
AcDbText
  0
INSERT
  5
15C
330
2
100
AcDbEntity
  8
YSPOINT
100
AcDbBlockReference
  2
雨水井
 10
685352.7660000001
 20
2545375.488
 30
4.793999999999999
 41
0.5
 42
0.5
 43
0.5
1001
GXDATA
1000
＃检查井＃
1001
物探点号
1000
YS24L1054
1001
特征点
1000

1001
附属物
1000
检查井
1001
井深
1000
2.55
1001
备注
1000

1001
立管高度
1000

1001
立管管径
1000

1001
立管材质
1000

1001
权属单位
1000
市政管网
1001
探测单位
1000

1001
探测日期
1000
2024
1001
建设年代
1000

1001
旋转角
1000
0
1001
标识码
1000

1001
代码
1000
YS
1001
X坐标
1000
2545375.488
1001
Y坐标
1000
685352.766
1001
地面高程
1000
4.794
1001
图上点号
1000
3YS24L1054
1001
图幅号
1000

1001
井底高程
1000

1001
泥深
1000
0
1001
偏心井
1000

1001
行政区
1000
三水区
1001
所在道路
1000
汇银二路
1001
管类
1000
雨水
1001
水深
1000
0
1001
PointID
1000

1001
物探点号坐标
1000
685347.391,2545376.464
  0
INSERT
  5
188
330
2
100
AcDbEntity
  8
YSPOINT
100
AcDbBlockReference
  2
雨水井
 10
685449.353
 20
2545283.991
 30
5.142
 41
0.5
 42
0.5
 43
0.5
1001
GXDATA
1000
＃检查井＃
1001
物探点号
1000
YS24L1068
1001
特征点
1000

1001
附属物
1000
检查井
1001
井深
1000
3.05
1001
备注
1000

1001
立管高度
1000

1001
立管管径
1000

1001
立管材质
1000

1001
权属单位
1000
市政管网
1001
探测单位
1000

1001
探测日期
1000
2024
1001
建设年代
1000

1001
旋转角
1000
0
1001
标识码
1000

1001
代码
1000
YS
1001
X坐标
1000
2545283.991
1001
Y坐标
1000
685449.353
1001
地面高程
1000
5.142
1001
图上点号
1000
3YS24L1068
1001
图幅号
1000

1001
井底高程
1000

1001
泥深
1000
0
1001
偏心井
1000

1001
行政区
1000
三水区
1001
所在道路
1000
汇银二路
1001
管类
1000
雨水
1001
水深
1000
0
1001
PointID
1000

1001
物探点号坐标
1000
685450.328,2545284.645
  0
INSERT
  5
189
330
2
100
AcDbEntity
  8
WSPOINT
100
AcDbBlockReference
  2
污水井
 10
685446.6850000001
 20
2545286.527
 30
5.134
 41
0.5
 42
0.5
 43
0.5
1001
GXDATA
1000
＃检查井＃
1001
物探点号
1000
WS24L1562
1001
特征点
1000

1001
附属物
1000
检查井
1001
井深
1000
1.96
1001
备注
1000
满水
1001
立管高度
1000

1001
立管管径
1000

1001
立管材质
1000

1001
权属单位
1000
市政管网
1001
探测单位
1000

1001
探测日期
1000
2024
1001
建设年代
1000

1001
旋转角
1000
0
1001
标识码
1000

1001
代码
1000
WS
1001
X坐标
1000
2545286.527
1001
Y坐标
1000
685446.685
1001
地面高程
1000
5.134
1001
图上点号
1000
3WS24L1562
1001
图幅号
1000

1001
井底高程
1000

1001
泥深
1000
0
1001
偏心井
1000

1001
行政区
1000
三水区
1001
所在道路
1000
汇银二路
1001
管类
1000
污水
1001
水深
1000
0.51
1001
PointID
1000

1001
物探点号坐标
1000
685440.848,2545288.930
  0
INSERT
  5
195
330
2
100
AcDbEntity
  8
WSPOINT
100
AcDbBlockReference
  2
污水井
 10
685350.163
 20
2545378.359
 30
4.817
 41
0.5
 42
0.5
 43
0.5
1001
GXDATA
1000
＃检查井＃
1001
物探点号
1000
WS24L1556
1001
特征点
1000

1001
附属物
1000
检查井
1001
井深
1000
1.95
1001
备注
1000
满水
1001
立管高度
1000

1001
立管管径
1000

1001
立管材质
1000

1001
权属单位
1000
市政管网
1001
探测单位
1000

1001
探测日期
1000
2024
1001
建设年代
1000

1001
旋转角
1000
0
1001
标识码
1000

1001
代码
1000
WS
1001
X坐标
1000
2545378.359
1001
Y坐标
1000
685350.163
1001
地面高程
1000
4.817
1001
图上点号
1000
3WS24L1556
1001
图幅号
1000

1001
井底高程
1000

1001
泥深
1000
0
1001
偏心井
1000

1001
行政区
1000
三水区
1001
所在道路
1000
汇银二路
1001
管类
1000
污水
1001
水深
1000
1.11
1001
PointID
1000

1001
物探点号坐标
1000
685344.326,2545380.762
  0
INSERT
  5
1B5
330
2
100
AcDbEntity
  8
2
 48
2.5
100
AcDbBlockReference
  2
A$C517C2315
 10
685371.3231632977
 20
2545287.28473629
 30
0.0
 50
316.6757153154824
  0
INSERT
  5
1C4
330
2
100
AcDbEntity
  8
2
 48
2.5
100
AcDbBlockReference
  2
A$C517C2315
 10
685423.6946193694
 20
2545308.280296256
 30
0.0
 50
316.6757153154824
  0
INSERT
  5
1C5
330
2
100
AcDbEntity
  8
2
 48
2.5
100
AcDbBlockReference
  2
A$C517C2315
 10
685375.7721561662
 20
2545261.321196542
 30
0.0
 50
46.67571531548243
  0
INSERT
  5
28C
330
2
100
AcDbEntity
  8
TWT_TEXT
 48
2.5
100
AcDbBlockReference
  2
A$C109832E5
 10
685263.137284345
 20
2545183.047086427
 30
0.0
  0
TEXT
  5
A02
330
2
100
AcDbEntity
  8
PUB_TEXT
  6
Continuous
100
AcDbText
 10
685311.6891828941
 20
2545567.911857423
 30
0.0
 40
2.0
  1
9746.00m
 41
0.525
  7
天正
100
AcDbText
  0
TEXT
  5
A03
330
2
100
AcDbEntity
  8
PUB_TEXT
  6
Continuous
100
AcDbText
 10
685319.689182894
 20
2545569.161857422
 30
0.0
 40
1.0
  1
2
 41
0.525
  7
天正
100
AcDbText
  0
TEXT
  5
A04
330
2
100
AcDbEntity
  8
PUB_TEXT
  6
Continuous
100
AcDbText
 10
685311.6891828941
 20
2545560.148299025
 30
0.0
 40
2.0
  1
25917.40m
 41
0.525
  7
天正
100
AcDbText
  0
TEXT
  5
A05
330
2
100
AcDbEntity
  8
PUB_TEXT
  6
Continuous
100
AcDbText
 10
685320.4891828942
 20
2545561.398299025
 30
0.0
 40
1.0
  1
2
 41
0.525
  7
天正
100
AcDbText
  0
TEXT
  5
A06
330
2
100
AcDbEntity
  8
PUB_TEXT
  6
Continuous
100
AcDbText
 10
685311.6891828941
 20
2545556.266519823
 30
0.0
 40
2.0
  1
- -m
 41
0.525
  7
天正
100
AcDbText
  0
TEXT
  5
A07
330
2
100
AcDbEntity
  8
PUB_TEXT
  6
Continuous
100
AcDbText
 10
685316.3183167524
 20
2545557.516519822
 30
0.0
 40
1.0
  1
2
 41
0.525
  7
天正
100
AcDbText
  0
TEXT
  5
A08
330
2
100
AcDbEntity
  8
PUB_TEXT
  6
Continuous
100
AcDbText
 10
685311.6891828941
 20
2545544.621182221
 30
0.0
 40
2.0
  1
1659.00m
 41
0.525
  7
天正
100
AcDbText
  0
TEXT
  5
A09
330
2
100
AcDbEntity
  8
PUB_TEXT
  6
Continuous
100
AcDbText
 10
685319.4891828941
 20
2545545.871182221
 30
0.0
 40
1.0
  1
2
 41
0.525
  7
天正
100
AcDbText
  0
TEXT
  5
A0A
330
2
100
AcDbEntity
  8
PUB_TEXT
  6
Continuous
100
AcDbText
 10
685310.9170428652
 20
2545571.389741959
 30
0.0
 40
2.0
  1
16590.00m
 41
0.525
  7
天正
100
AcDbText
  0
TEXT
  5
A0B
330
2
100
AcDbEntity
  8
PUB_TEXT
  6
Continuous
100
AcDbText
 10
685319.7170428654
 20
2545572.639741959
 30
0.0
 40
1.0
  1
2
 41
0.525
  7
天正
100
AcDbText
  0
TEXT
  5
A0C
330
2
100
AcDbEntity
  8
PUB_TEXT
  6
Continuous
100
AcDbText
 10
685311.7472809647
 20
2545564.030078223
 30
0.0
 40
2.0
  1
17710.00m
 41
0.525
  7
天正
100
AcDbText
  0
TEXT
  5
A0D
330
2
100
AcDbEntity
  8
PUB_TEXT
  6
Continuous
100
AcDbText
 10
685320.3472809648
 20
2545565.280078223
 30
0.0
 40
1.0
  1
2
 41
0.525
  7
天正
100
AcDbText
  0
TEXT
  5
A0E
330
2
100
AcDbEntity
  8
PUB_TEXT
  6
Continuous
100
AcDbText
 10
685308.9723062943
 20
2545532.881424199
 30
0.0
 40
2.0
  1
208.00m
 41
0.525
  7
天正
100
AcDbText
  0
TEXT
  5
A0F
330
2
100
AcDbEntity
  8
PUB_TEXT
  6
Continuous
100
AcDbText
 10
685315.9723062944
 20
2545534.131424199
 30
0.0
 40
1.0
  1
2
 41
0.525
  7
天正
100
AcDbText
  0
TEXT
  5
A10
330
2
100
AcDbEntity
  8
PUB_TEXT
  6
Continuous
100
AcDbText
 10
685316.3223062944
 20
2545532.881424199
 30
0.0
 40
2.5
  1
（130个）
 41
0.7
  7
天正
100
AcDbText
  0
TEXT
  5
A11
330
2
100
AcDbEntity
  8
PUB_TEXT
  6
Continuous
100
AcDbText
 10
685291.6352323487
 20
2545529.441578755
 30
0.0
 40
1.398581560283687
  1
其中非机动车停车位159个，电动自行车停车位159个，设置充电桩48个
 41
0.8
  7
_TCH_DIM
100
AcDbText
  0
TEXT
  5
A12
330
2
100
AcDbEntity
  8
PUB_DIM
100
AcDbText
 10
685184.9765503942
 20
2545550.578124879
 30
0.0
 40
2.156544
  1
建筑高度（m）
 41
0.7
  7
天正
100
AcDbText
  0
TEXT
  5
A13
330
2
100
AcDbEntity
  8
PUB_DIM
100
AcDbText
 10
685198.4638222835
 20
2545550.578124879
 30
0.0
 40
2.156544
  1
消防建筑高度（m）
 41
0.7
  7
天正
100
AcDbText
  0
TEXT
  5
A14
330
2
100
AcDbEntity
  8
PUB_DIM
100
AcDbText
 10
685215.7809933657
 20
2545550.578124875
 30
0.0
 40
2.156544
  1
建筑最高点高度（m）
 41
0.7
  7
天正
100
AcDbText
  0
TEXT
  5
A15
330
2
100
AcDbEntity
  8
PUB_DIM
100
AcDbText
 10
685202.0615192322
 20
2545547.649529476
 30
0.0
 40
1.7252352
  1
18.00
 41
0.525
  7
天正
100
AcDbText
  0
TEXT
  5
A16
330
2
100
AcDbEntity
  8
PUB_DIM
100
AcDbText
 10
685202.0615192322
 20
2545544.414713474
 30
0.0
 40
1.7252352
  1
18.00
 41
0.525
  7
天正
100
AcDbText
  0
TEXT
  5
A17
330
2
100
AcDbEntity
  8
PUB_DIM
100
AcDbText
 10
685202.0615192322
 20
2545541.179897472
 30
0.0
 40
1.7252352
  1
22.50
 41
0.525
  7
天正
100
AcDbText
  0
TEXT
  5
A18
330
2
100
AcDbEntity
  8
PUB_DIM
100
AcDbText
 10
685219.3786903145
 20
2545541.179897467
 30
0.0
 40
1.7252352
  1
- -
 41
0.525
  7
天正
100
AcDbText
  0
TEXT
  5
A19
330
2
100
AcDbEntity
  8
PUB_DIM
100
AcDbText
 10
685219.3786903145
 20
2545544.41471347
 30
0.0
 40
1.7252352
  1
- -
 41
0.525
  7
天正
100
AcDbText
  0
TEXT
  5
A1A
330
2
100
AcDbEntity
  8
PUB_DIM
100
AcDbText
 10
685219.3786903145
 20
2545547.649529471
 30
0.0
 40
1.7252352
  1
- -
 41
0.525
  7
天正
100
AcDbText
  0
TEXT
  5
A1B
330
2
100
AcDbEntity
  8
PUB_DIM
100
AcDbText
 10
685188.5742473429
 20
2545541.179897472
 30
0.0
 40
1.7252352
  1
22.50
 41
0.525
  7
天正
100
AcDbText
  0
TEXT
  5
A1C
330
2
100
AcDbEntity
  8
PUB_DIM
100
AcDbText
 10
685188.5742473429
 20
2545544.414713474
 30
0.0
 40
1.7252352
  1
18.00
 41
0.525
  7
天正
100
AcDbText
  0
TEXT
  5
A1D
330
2
100
AcDbEntity
  8
PUB_DIM
100
AcDbText
 10
685188.5742473429
 20
2545547.649529476
 30
0.0
 40
1.7252352
  1
18.00
 41
0.525
  7
天正
100
AcDbText
  0
TEXT
  5
A1E
330
2
100
AcDbEntity
  8
PUB_DIM
100
AcDbText
 10
685158.26173568
 20
2545541.179897476
 30
0.0
 40
1.725235199983023
  1
1719.00
 41
0.525
  7
天正
100
AcDbText
  0
TEXT
  5
A1F
330
2
100
AcDbEntity
  8
PUB_DIM
100
AcDbText
 10
685172.3979340033
 20
2545541.179897476
 30
0.0
 40
1.725235200008419
  1
1719.00
 41
0.525
  7
天正
100
AcDbText
  0
TEXT
  5
A20
330
2
100
AcDbEntity
  8
PUB_DIM
100
AcDbText
 10
685172.3979340033
 20
2545544.414713479
 30
0.0
 40
1.725235199992926
  1
11280.00
 41
0.525
  7
天正
100
AcDbText
  0
TEXT
  5
A21
330
2
100
AcDbEntity
  8
PUB_DIM
100
AcDbText
 10
685158.26173568
 20
2545544.414713479
 30
0.0
 40
1.7252352
  1
7520.00
 41
0.525
  7
天正
100
AcDbText
  0
TEXT
  5
A22
330
2
100
AcDbEntity
  8
PUB_DIM
100
AcDbText
 10
685172.3979340033
 20
2545547.649529481
 30
0.0
 40
1.7252352
  1
10152.00
 41
0.525
  7
天正
100
AcDbText
  0
TEXT
  5
A23
330
2
100
AcDbEntity
  8
PUB_DIM
100
AcDbText
 10
685158.26173568
 20
2545547.649529481
 30
0.0
 40
1.7252352
  1
5076.00
 41
0.525
  7
天正
100
AcDbText
  0
TEXT
  5
A24
330
2
100
AcDbEntity
  8
PUB_DIM
100
AcDbText
 10
685315.3042100498
 20
2545548.386636509
 30
0.0
 40
2.070282239983831
  1
1.61
 41
0.525
  7
天正
100
AcDbText
  0
TEXT
  5
A25
330
2
100
AcDbEntity
  8
PUB_DIM
100
AcDbText
 10
685315.55452894
 20
2545540.623078111
 30
0.0
 40
2.070282240013403
  1
10.10
 41
0.525
  7
天正
100
AcDbText
  0
TEXT
  5
A26
330
2
100
AcDbEntity
  8
PUB_TEXT
100
AcDbText
 10
685343.8200003167
 20
2545566.250488135
 30
0.0
 40
0.6083544303577371
  1
7.25
  7
黑体
100
AcDbText
  0
TEXT
  5
A27
330
2
100
AcDbEntity
  8
PUB_DIM
100
AcDbText
 10
685158.26173568
 20
2545537.945081488
 30
0.0
 40
1.725235199983023
  1
349.36
 41
0.525
  7
天正
100
AcDbText
  0
TEXT
  5
A28
330
2
100
AcDbEntity
  8
PUB_DIM
100
AcDbText
 10
685172.3979340033
 20
2545537.945081488
 30
0.0
 40
1.725235200008419
  1
349.36
 41
0.525
  7
天正
100
AcDbText
  0
TEXT
  5
A29
330
2
100
AcDbEntity
  8
PUB_DIM
100
AcDbText
 10
685158.26173568
 20
2545534.710265482
 30
0.0
 40
1.725235199983023
  1
1369.64
 41
0.525
  7
天正
100
AcDbText
  0
TEXT
  5
A2A
330
2
100
AcDbEntity
  8
PUB_DIM
100
AcDbText
 10
685172.3979340033
 20
2545534.710265482
 30
0.0
 40
1.725235200008419
  1
1369.64
 41
0.525
  7
天正
100
AcDbText
  0
INSERT
  5
A2B
330
2
100
AcDbEntity
  8
WELL_雨水
100
AcDbBlockReference
  2
$TwtSys$00000187
 10
685431.3054345301
 20
2545298.024181771
 30
0.0
 41
2.25
 42
2.25
 43
2.25
  0
INSERT
  5
A2C
330
2
100
AcDbEntity
  8
WELL_污水
100
AcDbBlockReference
  2
$TwtSys$00000187
 10
685362.3545789651
 20
2545250.491904849
 30
0.0
 41
2.25
 42
2.25
 43
2.25
  0
TEXT
  5
A2D
330
2
100
AcDbEntity
  8
TWT_TEXT
100
AcDbText
 10
685362.004578965
 20
2545249.791904848
 30
0.0
 40
1.4
  1
W
 41
0.525
  7
天正
100
AcDbText
  0
INSERT
  5
A2E
330
2
100
AcDbEntity
  8
WELL_污水
100
AcDbBlockReference
  2
$TwtSys$00000187
 10
685385.683140601
 20
2545275.226055572
 30
0.0
 41
2.25
 42
2.25
 43
2.25
  0
TEXT
  5
A2F
330
2
100
AcDbEntity
  8
TWT_TEXT
100
AcDbText
 10
685385.3331406011
 20
2545274.526055571
 30
0.0
 40
1.4
  1
W
 41
0.525
  7
天正
100
AcDbText
  0
INSERT
  5
A30
330
2
100
AcDbEntity
  8
WELL_污水
100
AcDbBlockReference
  2
$TwtSys$00000187
 10
685378.8217989427
 20
2545267.951305359
 30
0.0
 41
2.25
 42
2.25
 43
2.25
  0
TEXT
  5
A31
330
2
100
AcDbEntity
  8
TWT_TEXT
100
AcDbText
 10
685378.4717989427
 20
2545267.251305359
 30
0.0
 40
1.4
  1
W
 41
0.525
  7
天正
100
AcDbText
  0
INSERT
  5
A32
330
2
100
AcDbEntity
  8
WELL_污水
100
AcDbBlockReference
  2
$TwtSys$00000187
 10
685376.953463604
 20
2545283.45969022
 30
0.0
 41
2.25
 42
2.25
 43
2.25
  0
TEXT
  5
A33
330
2
100
AcDbEntity
  8
TWT_TEXT
100
AcDbText
 10
685376.603463604
 20
2545282.75969022
 30
0.0
 40
1.4
  1
W
 41
0.525
  7
天正
100
AcDbText
  0
INSERT
  5
A34
330
2
100
AcDbEntity
  8
WELL_污水
100
AcDbBlockReference
  2
$TwtSys$00000187
 10
685403.0263818862
 20
2545258.868393735
 30
0.0
 41
2.25
 42
2.25
 43
2.25
  0
TEXT
  5
A35
330
2
100
AcDbEntity
  8
TWT_TEXT
100
AcDbText
 10
685402.6763818862
 20
2545258.168393735
 30
0.0
 40
1.4
  1
W
 41
0.525
  7
天正
100
AcDbText
  0
INSERT
  5
A36
330
2
100
AcDbEntity
  8
WELL_污水
100
AcDbBlockReference
  2
$TwtSys$00000187
 10
685437.3856581396
 20
2545295.297880077
 30
0.0
 41
2.25
 42
2.25
 43
2.25
  0
TEXT
  5
A37
330
2
100
AcDbEntity
  8
TWT_TEXT
100
AcDbText
 10
685437.0356581397
 20
2545294.597880077
 30
0.0
 40
1.4
  1
W
 41
0.525
  7
天正
100
AcDbText
  0
INSERT
  5
A38
330
2
100
AcDbEntity
  8
WELL_污水
100
AcDbBlockReference
  2
$TwtSys$00000187
 10
685428.7111072976
 20
2545303.479309024
 30
0.0
 41
2.25
 42
2.25
 43
2.25
  0
TEXT
  5
A39
330
2
100
AcDbEntity
  8
TWT_TEXT
100
AcDbText
 10
685428.3611072976
 20
2545302.779309024
 30
0.0
 40
1.4
  1
W
 41
0.525
  7
天正
100
AcDbText
  0
INSERT
  5
A3A
330
2
100
AcDbEntity
  8
WELL_污水
100
AcDbBlockReference
  2
$TwtSys$00000187
 10
685386.5591619069
 20
2545241.408993226
 30
0.0
 41
2.25
 42
2.25
 43
2.25
  0
TEXT
  5
A3B
330
2
100
AcDbEntity
  8
TWT_TEXT
100
AcDbText
 10
685386.209161907
 20
2545240.708993226
 30
0.0
 40
1.4
  1
W
 41
0.525
  7
天正
100
AcDbText
  0
INSERT
  5
A3C
330
2
100
AcDbEntity
  8
WELL_污水
100
AcDbBlockReference
  2
$TwtSys$00000187
 10
685375.4840829743
 20
2545236.789185152
 30
0.0
 41
2.25
 42
2.25
 43
2.25
  0
TEXT
  5
A3D
330
2
100
AcDbEntity
  8
TWT_TEXT
100
AcDbText
 10
685375.1340829743
 20
2545236.089185152
 30
0.0
 40
1.4
  1
W
 41
0.525
  7
天正
100
AcDbText
  0
LINE
  5
A3E
330
2
100
AcDbEntity
  8
PIPE-污水
  6
DASH
 48
0.0125
100
AcDbLine
 10
685363.1264799016
 20
2545251.310314248
 30
0.0
 11
685378.0498980062
 21
2545267.132895959
 31
0.0
  0
LINE
  5
A3F
330
2
100
AcDbEntity
  8
PIPE-污水
  6
DASH
 48
0.0125
100
AcDbLine
 10
685379.5936998792
 20
2545268.769714758
 30
0.0
 11
685384.9112396646
 21
2545274.407646172
 31
0.0
  0
LINE
  5
A40
330
2
100
AcDbEntity
  8
PIPE-污水
  6
DASH
 48
0.0125
100
AcDbLine
 10
685384.8647333826
 20
2545275.99795882
 30
0.0
 11
685377.7718708224
 21
2545282.687786972
 31
0.0
  0
LINE
  5
A41
330
2
100
AcDbEntity
  8
PIPE-污水
  6
DASH
 48
0.0125
100
AcDbLine
 10
685376.1350374283
 20
2545284.231573369
 30
0.0
 11
685375.8189063384
 21
2545284.529726419
 31
0.0
  0
LINE
  5
A42
330
2
100
AcDbEntity
  8
PIPE-污水
  6
DASH
 48
0.0125
100
AcDbLine
 10
685376.5223716243
 20
2545237.222292159
 30
0.0
 11
685385.5208732568
 21
2545240.975886218
 31
0.0
  0
LINE
  5
A43
330
2
100
AcDbEntity
  8
PIPE-污水
  6
DASH
 48
0.0125
100
AcDbLine
 10
685387.3310628435
 20
2545242.227402624
 30
0.0
 11
685402.2544809497
 21
2545258.049984337
 31
0.0
  0
LINE
  5
A44
330
2
100
AcDbEntity
  8
PIPE-污水
  6
DASH
 48
0.0125
100
AcDbLine
 10
685403.7982828227
 20
2545259.686803134
 30
0.0
 11
685422.8385059238
 21
2545279.874234973
 31
0.0
  0
LINE
  5
A45
330
2
100
AcDbEntity
  8
PIPE-污水
  6
DASH
 48
0.0125
100
AcDbLine
 10
685436.5672409397
 20
2545296.069772742
 30
0.0
 11
685429.5295244975
 21
2545302.707416359
 31
0.0
  0
LINE
  5
A46
330
2
100
AcDbEntity
  8
PIPE-污水
  6
DASH
 48
0.0125
100
AcDbLine
 10
685438.2040675384
 20
2545294.52597914
 30
0.0
 11
685446.6849999997
 21
2545286.527
 31
0.0
  0
LINE
  5
A47
330
2
100
AcDbEntity
  8
PIPE-污水
  6
DASH
 48
0.0125
100
AcDbLine
 10
685386.5015499998
 20
2545274.454154635
 30
0.0
 11
685402.2079724874
 21
2545259.640294672
 31
0.0
  0
INSERT
  5
A48
330
2
100
AcDbEntity
  8
WELL_污水
100
AcDbBlockReference
  2
$TwtSys$00000187
 10
685423.6104068592
 20
2545280.692644373
 30
0.0
 41
2.25
 42
2.25
 43
2.25
  0
TEXT
  5
A49
330
2
100
AcDbEntity
  8
TWT_TEXT
100
AcDbText
 10
685423.2604068591
 20
2545279.992644373
 30
0.0
 40
1.4
  1
W
 41
0.525
  7
天正
100
AcDbText
  0
LINE
  5
A4A
330
2
100
AcDbEntity
  8
PIPE-污水
  6
DASH
 48
0.0125
100
AcDbLine
 10
685424.3823077969
 20
2545281.51105377
 30
0.0
 11
685434.8919957925
 21
2545292.653969951
 31
0.0
  0
TEXT
  5
A4B
330
2
100
AcDbEntity
  8
TWT_TEXT
100
AcDbText
 10
685431.0254345302
 20
2545297.32418177
 30
0.0
 40
1.4
  1
Y
 41
0.525
  7
天正
100
AcDbText
  0
INSERT
  5
A4C
330
2
100
AcDbEntity
  8
WELL_雨水
100
AcDbBlockReference
  2
$TwtSys$00000187
 10
685447.1471286156
 20
2545279.089121702
 30
0.0
 41
2.25
 42
2.25
 43
2.25
  0
TEXT
  5
A4D
330
2
100
AcDbEntity
  8
TWT_TEXT
100
AcDbText
 10
685446.8671286155
 20
2545278.389121702
 30
0.0
 40
1.4
  1
Y
 41
0.525
  7
天正
100
AcDbText
  0
INSERT
  5
A4E
330
2
100
AcDbEntity
  8
WELL_雨水
100
AcDbBlockReference
  2
$TwtSys$00000187
 10
685426.5631036478
 20
2545257.264871059
 30
0.0
 41
2.25
 42
2.25
 43
2.25
  0
TEXT
  5
A4F
330
2
100
AcDbEntity
  8
TWT_TEXT
100
AcDbText
 10
685426.2831036476
 20
2545256.564871059
 30
0.0
 40
1.4
  1
Y
 41
0.525
  7
天正
100
AcDbText
  0
INSERT
  5
A50
330
2
100
AcDbEntity
  8
WELL_雨水
100
AcDbBlockReference
  2
$TwtSys$00000187
 10
685409.9504852493
 20
2545250.335158947
 30
0.0
 41
2.25
 42
2.25
 43
2.25
  0
TEXT
  5
A51
330
2
100
AcDbEntity
  8
TWT_TEXT
100
AcDbText
 10
685409.6704852493
 20
2545249.635158947
 30
0.0
 40
1.4
  1
Y
 41
0.525
  7
天正
100
AcDbText
  0
INSERT
  5
A52
330
2
100
AcDbEntity
  8
WELL_雨水
100
AcDbBlockReference
  2
$TwtSys$00000187
 10
685393.3378668514
 20
2545243.405446836
 30
0.0
 41
2.25
 42
2.25
 43
2.25
  0
TEXT
  5
A53
330
2
100
AcDbEntity
  8
TWT_TEXT
100
AcDbText
 10
685393.0578668514
 20
2545242.705446835
 30
0.0
 40
1.4
  1
Y
 41
0.525
  7
天正
100
AcDbText
  0
INSERT
  5
A54
330
2
100
AcDbEntity
  8
WELL_雨水
100
AcDbBlockReference
  2
$TwtSys$00000187
 10
685387.4776487457
 20
2545271.530912036
 30
0.0
 41
2.25
 42
2.25
 43
2.25
  0
TEXT
  5
A55
330
2
100
AcDbEntity
  8
TWT_TEXT
100
AcDbText
 10
685387.1976487457
 20
2545270.830912035
 30
0.0
 40
1.4
  1
Y
 41
0.525
  7
天正
100
AcDbText
  0
LINE
  5
A56
330
2
100
AcDbEntity
  8
PIPE-雨水
  6
DASH
 48
0.0125
100
AcDbLine
 10
685388.2960581445
 20
2545270.759011099
 30
0.0
 11
685395.3889396017
 21
2545264.069202983
 31
0.0
  0
LINE
  5
A57
330
2
100
AcDbEntity
  8
PIPE-雨水
  6
DASH
 48
0.0125
100
AcDbLine
 10
685408.9121965992
 20
2545249.902051941
 30
0.0
 11
685394.3761555014
 21
2545243.838553842
 31
0.0
  0
LINE
  5
A58
330
2
100
AcDbEntity
  8
PIPE-雨水
  6
DASH
 48
0.0125
100
AcDbLine
 10
685410.9887738991
 20
2545250.768265955
 30
0.0
 11
685425.5248149778
 21
2545256.831764044
 31
0.0
  0
LINE
  5
A59
330
2
100
AcDbEntity
  8
PIPE-雨水
  6
DASH
 48
0.0125
100
AcDbLine
 10
685427.3350045644
 20
2545258.08328045
 30
0.0
 11
685446.375227679
 21
2545278.270712303
 31
0.0
  0
INSERT
  5
A5A
330
2
100
AcDbEntity
  8
WELL_雨水
100
AcDbBlockReference
  2
$TwtSys$00000187
 10
685375.1272337619
 20
2545258.436361653
 30
0.0
 41
2.25
 42
2.25
 43
2.25
  0
TEXT
  5
A5B
330
2
100
AcDbEntity
  8
TWT_TEXT
100
AcDbText
 10
685374.847233762
 20
2545257.736361653
 30
0.0
 40
1.4
  1
Y
 41
0.525
  7
天正
100
AcDbText
  0
INSERT
  5
A5C
330
2
100
AcDbEntity
  8
WELL_雨水
100
AcDbBlockReference
  2
$TwtSys$00000187
 10
685362.7768187767
 20
2545245.341811272
 30
0.0
 41
2.25
 42
2.25
 43
2.25
  0
TEXT
  5
A5D
330
2
100
AcDbEntity
  8
TWT_TEXT
100
AcDbText
 10
685362.4968187766
 20
2545244.641811272
 30
0.0
 40
1.4
  1
Y
 41
0.525
  7
天正
100
AcDbText
  0
INSERT
  5
A5E
330
2
100
AcDbEntity
  8
WELL_雨水
100
AcDbBlockReference
  2
$TwtSys$00000187
 10
685345.623464632
 20
2545227.154935741
 30
0.0
 41
2.25
 42
2.25
 43
2.25
  0
TEXT
  5
A5F
330
2
100
AcDbEntity
  8
TWT_TEXT
100
AcDbText
 10
685345.343464632
 20
2545226.454935741
 30
0.0
 40
1.4
  1
Y
 41
0.525
  7
天正
100
AcDbText
  0
INSERT
  5
A60
330
2
100
AcDbEntity
  8
WELL_雨水
100
AcDbBlockReference
  2
$TwtSys$00000187
 10
685328.1640641225
 20
2545243.62215572
 30
0.0
 41
2.25
 42
2.25
 43
2.25
  0
TEXT
  5
A61
330
2
100
AcDbEntity
  8
TWT_TEXT
100
AcDbText
 10
685327.8840641225
 20
2545242.92215572
 30
0.0
 40
1.4
  1
Y
 41
0.525
  7
天正
100
AcDbText
  0
INSERT
  5
A62
330
2
100
AcDbEntity
  8
WELL_雨水
100
AcDbBlockReference
  2
$TwtSys$00000187
 10
685304.5301206022
 20
2545265.913006025
 30
0.0
 41
2.25
 42
2.25
 43
2.25
  0
TEXT
  5
A63
330
2
100
AcDbEntity
  8
TWT_TEXT
100
AcDbText
 10
685304.250120602
 20
2545265.213006024
 30
0.0
 40
1.4
  1
Y
 41
0.525
  7
天正
100
AcDbText
  0
INSERT
  5
A64
330
2
100
AcDbEntity
  8
WELL_雨水
100
AcDbBlockReference
  2
$TwtSys$00000187
 10
685287.0707200928
 20
2545282.380226004
 30
0.0
 41
2.25
 42
2.25
 43
2.25
  0
TEXT
  5
A65
330
2
100
AcDbEntity
  8
TWT_TEXT
100
AcDbText
 10
685286.7907200927
 20
2545281.680226004
 30
0.0
 40
1.4
  1
Y
 41
0.525
  7
天正
100
AcDbText
  0
INSERT
  5
A66
330
2
100
AcDbEntity
  8
WELL_雨水
100
AcDbBlockReference
  2
$TwtSys$00000187
 10
685269.6770192266
 20
2545298.785473169
 30
0.0
 41
2.25
 42
2.25
 43
2.25
  0
TEXT
  5
A67
330
2
100
AcDbEntity
  8
TWT_TEXT
100
AcDbText
 10
685269.3970192264
 20
2545298.085473169
 30
0.0
 40
1.4
  1
Y
 41
0.525
  7
天正
100
AcDbText
  0
INSERT
  5
A68
330
2
100
AcDbEntity
  8
WELL_雨水
100
AcDbBlockReference
  2
$TwtSys$00000187
 10
685317.624670984
 20
2545253.56259104
 30
0.0
 41
2.25
 42
2.25
 43
2.25
  0
TEXT
  5
A69
330
2
100
AcDbEntity
  8
TWT_TEXT
100
AcDbText
 10
685317.344670984
 20
2545252.862591039
 30
0.0
 40
1.4
  1
Y
 41
0.525
  7
天正
100
AcDbText
  0
LINE
  5
A6A
330
2
100
AcDbEntity
  8
PIPE-雨水
  6
DASH
 48
0.0125
100
AcDbLine
 10
685328.9824735213
 20
2545242.850254784
 30
0.0
 11
685344.805055233
 21
2545227.926836677
 31
0.0
  0
LINE
  5
A6B
330
2
100
AcDbEntity
  8
PIPE-雨水
  6
DASH
 48
0.0125
100
AcDbLine
 10
685316.8062615852
 20
2545254.334491976
 30
0.0
 11
685305.348530001
 21
2545265.141105088
 31
0.0
  0
LINE
  5
A6C
330
2
100
AcDbEntity
  8
PIPE-雨水
  6
DASH
 48
0.0125
100
AcDbLine
 10
685303.7117118248
 20
2545266.68490762
 30
0.0
 11
685287.8891421288
 21
2545281.608338466
 31
0.0
  0
LINE
  5
A6D
330
2
100
AcDbEntity
  8
PIPE-雨水
  6
DASH
 48
0.0125
100
AcDbLine
 10
685286.2523231704
 20
2545283.152140168
 30
0.0
 11
685270.4954294075
 21
2545298.013573062
 31
0.0
  0
INSERT
  5
A6E
330
2
100
AcDbEntity
  8
WELL_雨水
100
AcDbBlockReference
  2
$TwtSys$00000187
 10
685290.2608236377
 20
2545320.609931833
 30
0.0
 41
2.25
 42
2.25
 43
2.25
  0
TEXT
  5
A6F
330
2
100
AcDbEntity
  8
TWT_TEXT
100
AcDbText
 10
685289.9808236377
 20
2545319.909931833
 30
0.0
 40
1.4
  1
Y
 41
0.525
  7
天正
100
AcDbText
  0
INSERT
  5
A70
330
2
100
AcDbEntity
  8
WELL_雨水
100
AcDbBlockReference
  2
$TwtSys$00000187
 10
685311.5307788406
 20
2545343.161883145
 30
0.0
 41
2.25
 42
2.25
 43
2.25
  0
TEXT
  5
A71
330
2
100
AcDbEntity
  8
TWT_TEXT
100
AcDbText
 10
685311.2507788406
 20
2545342.461883145
 30
0.0
 40
1.4
  1
Y
 41
0.525
  7
天正
100
AcDbText
  0
INSERT
  5
A72
330
2
100
AcDbEntity
  8
WELL_雨水
100
AcDbBlockReference
  2
$TwtSys$00000187
 10
685328.9244763415
 20
2545326.756632412
 30
0.0
 41
2.25
 42
2.25
 43
2.25
  0
TEXT
  5
A73
330
2
100
AcDbEntity
  8
TWT_TEXT
100
AcDbText
 10
685328.6444763414
 20
2545326.056632412
 30
0.0
 40
1.4
  1
Y
 41
0.525
  7
天正
100
AcDbText
  0
INSERT
  5
A74
330
2
100
AcDbEntity
  8
WELL_雨水
100
AcDbBlockReference
  2
$TwtSys$00000187
 10
685346.3838768509
 20
2545310.289412432
 30
0.0
 41
2.25
 42
2.25
 43
2.25
  0
TEXT
  5
A75
330
2
100
AcDbEntity
  8
TWT_TEXT
100
AcDbText
 10
685346.1038768507
 20
2545309.589412432
 30
0.0
 40
1.4
  1
Y
 41
0.525
  7
天正
100
AcDbText
  0
INSERT
  5
A76
330
2
100
AcDbEntity
  8
WELL_雨水
100
AcDbBlockReference
  2
$TwtSys$00000187
 10
685359.4784272328
 20
2545297.938997447
 30
0.0
 41
2.25
 42
2.25
 43
2.25
  0
TEXT
  5
A77
330
2
100
AcDbEntity
  8
TWT_TEXT
100
AcDbText
 10
685359.1984272327
 20
2545297.238997447
 30
0.0
 40
1.4
  1
Y
 41
0.525
  7
天正
100
AcDbText
  0
INSERT
  5
A78
330
2
100
AcDbEntity
  8
WELL_雨水
100
AcDbBlockReference
  2
$TwtSys$00000187
 10
685370.0340096496
 20
2545287.984519272
 30
0.0
 41
2.25
 42
2.25
 43
2.25
  0
TEXT
  5
A79
330
2
100
AcDbEntity
  8
TWT_TEXT
100
AcDbText
 10
685369.7540096495
 20
2545287.284519272
 30
0.0
 40
1.4
  1
Y
 41
0.525
  7
天正
100
AcDbText
  0
INSERT
  5
A7A
330
2
100
AcDbEntity
  8
WELL_雨水
100
AcDbBlockReference
  2
$TwtSys$00000187
 10
685396.2073490006
 20
2545263.297302046
 30
0.0
 41
2.25
 42
2.25
 43
2.25
  0
TEXT
  5
A7B
330
2
100
AcDbEntity
  8
TWT_TEXT
100
AcDbText
 10
685395.9273490005
 20
2545262.597302046
 30
0.0
 40
1.4
  1
Y
 41
0.525
  7
天正
100
AcDbText
  0
LINE
  5
A7C
330
2
100
AcDbEntity
  8
PIPE-雨水
  6
DASH
 48
0.0125
100
AcDbLine
 10
685397.0257583994
 20
2545262.525401109
 30
0.0
 11
685409.1320758503
 21
2545251.107059884
 31
0.0
  0
LINE
  5
A7D
330
2
100
AcDbEntity
  8
PIPE-雨水
  6
DASH
 48
0.0125
100
AcDbLine
 10
685370.8523897059
 20
2545287.212587227
 30
0.0
 11
685386.6592686895
 21
2545272.302844081
 31
0.0
  0
LINE
  5
A7E
330
2
100
AcDbEntity
  8
PIPE-雨水
  6
DASH
 48
0.0125
100
AcDbLine
 10
685358.6600178338
 20
2545298.710898384
 30
0.0
 11
685347.2022862497
 21
2545309.517511496
 31
0.0
  0
LINE
  5
A7F
330
2
100
AcDbEntity
  8
PIPE-雨水
  6
DASH
 48
0.0125
100
AcDbLine
 10
685345.5654674519
 20
2545311.061313369
 30
0.0
 11
685329.7428857402
 21
2545325.984731475
 31
0.0
  0
LINE
  5
A80
330
2
100
AcDbEntity
  8
PIPE-雨水
  6
DASH
 48
0.0125
100
AcDbLine
 10
685328.1060669425
 20
2545327.528533349
 30
0.0
 11
685312.3491882394
 21
2545342.389982209
 31
0.0
  0
LINE
  5
A81
330
2
100
AcDbEntity
  8
PIPE-雨水
  6
DASH
 48
0.0125
100
AcDbLine
 10
685310.7588859083
 20
2545342.343466197
 30
0.0
 11
685291.0327165699
 21
2545321.428348781
 31
0.0
  0
LINE
  5
A82
330
2
100
AcDbEntity
  8
PIPE-雨水
  6
DASH
 48
0.0125
100
AcDbLine
 10
685289.4889309723
 20
2545319.791514633
 30
0.0
 11
685270.4489118917
 21
2545299.60389037
 31
0.0
  0
INSERT
  5
A83
330
2
100
AcDbEntity
  8
WELL_雨水
100
AcDbBlockReference
  2
$TwtSys$00000187
 10
685331.1797700381
 20
2545356.9429261
 30
0.0
 41
2.25
 42
2.25
 43
2.25
  0
TEXT
  5
A84
330
2
100
AcDbEntity
  8
TWT_TEXT
100
AcDbText
 10
685330.8997700381
 20
2545356.2429261
 30
0.0
 40
1.4
  1
Y
 41
0.525
  7
天正
100
AcDbText
  0
LINE
  5
A85
330
2
100
AcDbEntity
  8
PIPE-雨水
  6
DASH
 48
0.0125
100
AcDbLine
 10
685447.6087934287
 20
2545280.115031347
 30
0.0
 11
685449.353
 21
2545283.991
 31
0.0
  0
LINE
  5
A86
330
2
100
AcDbEntity
  8
PIPE-污水
  6
DASH
 48
0.0125
100
AcDbLine
 10
685428.4336179325
 20
2545304.569549663
 30
0.0
 11
685428.1903627482
 21
2545305.525286067
 31
0.0
  0
INSERT
  5
A87
330
2
100
AcDbEntity
  8
WELL_雨水
100
AcDbBlockReference
  2
$TwtSys$00000187
 10
685418.2108841476
 20
2545310.374596754
 30
0.0
 41
2.25
 42
2.25
 43
2.25
  0
TEXT
  5
A88
330
2
100
AcDbEntity
  8
TWT_TEXT
100
AcDbText
 10
685417.9308841475
 20
2545309.674596754
 30
0.0
 40
1.4
  1
Y
 41
0.525
  7
天正
100
AcDbText
  0
LINE
  5
A89
330
2
100
AcDbEntity
  8
PIPE-雨水
  6
DASH
 48
0.0125
100
AcDbLine
 10
685419.0292935465
 20
2545309.602695818
 30
0.0
 11
685430.4870251313
 21
2545298.796082707
 31
0.0
  0
LINE
  5
A8A
330
2
100
AcDbEntity
  8
PIPE-雨水
  6
DASH
 48
0.0125
100
AcDbLine
 10
685432.0273208248
 20
2545297.161334635
 30
0.0
 11
685446.425242321
 21
2545279.951968836
 31
0.0
  0
INSERT
  5
A8B
330
2
100
AcDbEntity
  8
WELL_雨水
100
AcDbBlockReference
  2
$TwtSys$00000187
 10
685363.124495036
 20
2545363.017999819
 30
0.0
 41
2.25
 42
2.25
 43
2.25
  0
TEXT
  5
A8C
330
2
100
AcDbEntity
  8
TWT_TEXT
100
AcDbText
 10
685362.8444950359
 20
2545362.317999818
 30
0.0
 40
1.4
  1
Y
 41
0.525
  7
天正
100
AcDbText
  0
INSERT
  5
A8D
330
2
100
AcDbEntity
  8
WELL_雨水
100
AcDbBlockReference
  2
$TwtSys$00000187
 10
685380.5838955453
 20
2545346.550779839
 30
0.0
 41
2.25
 42
2.25
 43
2.25
  0
TEXT
  5
A8E
330
2
100
AcDbEntity
  8
TWT_TEXT
100
AcDbText
 10
685380.3038955454
 20
2545345.850779839
 30
0.0
 40
1.4
  1
Y
 41
0.525
  7
天正
100
AcDbText
  0
INSERT
  5
A8F
330
2
100
AcDbEntity
  8
WELL_雨水
100
AcDbBlockReference
  2
$TwtSys$00000187
 10
685393.6784459271
 20
2545334.200364854
 30
0.0
 41
2.25
 42
2.25
 43
2.25
  0
TEXT
  5
A90
330
2
100
AcDbEntity
  8
TWT_TEXT
100
AcDbText
 10
685393.3984459271
 20
2545333.500364854
 30
0.0
 40
1.4
  1
Y
 41
0.525
  7
天正
100
AcDbText
  0
LINE
  5
A91
330
2
100
AcDbEntity
  8
PIPE-雨水
  6
DASH
 48
0.0125
100
AcDbLine
 10
685392.8600365283
 20
2545334.972265791
 30
0.0
 11
685381.4023049442
 21
2545345.778878903
 31
0.0
  0
LINE
  5
A92
330
2
100
AcDbEntity
  8
PIPE-雨水
  6
DASH
 48
0.0125
100
AcDbLine
 10
685379.7654861466
 20
2545347.322680775
 30
0.0
 11
685363.9429044349
 21
2545362.246098882
 31
0.0
  0
INSERT
  5
A93
330
2
100
AcDbEntity
  8
WELL_雨水
100
AcDbBlockReference
  2
$TwtSys$00000187
 10
685411.138295766
 20
2545317.73362129
 30
0.0
 41
2.25
 42
2.25
 43
2.25
  0
TEXT
  5
A94
330
2
100
AcDbEntity
  8
TWT_TEXT
100
AcDbText
 10
685410.858295766
 20
2545317.03362129
 30
0.0
 40
1.4
  1
Y
 41
0.525
  7
天正
100
AcDbText
  0
LINE
  5
A95
330
2
100
AcDbEntity
  8
PIPE-雨水
  6
DASH
 48
0.0125
100
AcDbLine
 10
685410.3198653048
 20
2545318.505499895
 30
0.0
 11
685394.4968763887
 21
2545333.428486249
 31
0.0
  0
LINE
  5
A96
330
2
100
AcDbEntity
  8
PIPE-雨水
  6
DASH
 48
0.0125
100
AcDbLine
 10
685362.4056470458
 20
2545363.883379832
 30
0.0
 11
685352.7660000001
 21
2545375.488
 31
0.0
  0
LINE
  5
A97
330
2
100
AcDbEntity
  8
PIPE-雨水
  6
DASH
 48
0.0125
100
AcDbLine
 10
685352.7660000001
 20
2545375.488
 30
0.0
 11
685332.0331012287
 21
2545357.676036513
 31
0.0
  0
LINE
  5
A98
330
2
100
AcDbEntity
  8
PIPE-雨水
  6
DASH
 48
0.0125
100
AcDbLine
 10
685330.2587235758
 20
2545356.296939711
 30
0.0
 11
685312.451825303
 21
2545343.807869534
 31
0.0
  0
LINE
  5
A99
330
2
100
AcDbEntity
  8
PIPE-雨水
  6
DASH
 48
0.0125
100
AcDbLine
 10
685346.3953655685
 20
2545227.97334514
 30
0.0
 11
685362.0049178402
 21
2545244.523401873
 31
0.0
  0
LINE
  5
A9A
330
2
100
AcDbEntity
  8
PIPE-雨水
  6
DASH
 48
0.0125
100
AcDbLine
 10
685363.5487197133
 20
2545246.160220671
 30
0.0
 11
685374.3553328254
 21
2545257.617952255
 31
0.0
  0
LINE
  5
A9B
330
2
100
AcDbEntity
  8
PIPE-雨水
  6
DASH
 48
0.0125
100
AcDbLine
 10
685375.8991346984
 20
2545259.254771051
 30
0.0
 11
685386.7057478092
 21
2545270.712502637
 31
0.0
  0
TEXT
  5
A9C
330
2
100
AcDbEntity
  8
TWT_SYMB
 62
     7
100
AcDbText
 10
685366.3539194404
 20
2545250.5068624
 30
0.0
 40
1.4
  1
D400,L=18
 50
46.6751317347699
 41
0.525
  7
天正
100
AcDbText
  0
LWPOLYLINE
  5
A9D
330
2
100
AcDbEntity
  8
TWT_SYMB
100
AcDbPolyline
 90
        3
 70
     0
 10
685366.4933992409
 20
2545250.01104305
 40
0.0
 41
0.0
 10
685369.7662514388
 20
2545253.48109066
 40
0.4000000000000001
 41
0.0
 10
685370.7954526874
 20
2545254.572303192
 40
0.0
 41
0.0
  0
TEXT
  5
A9E
330
2
100
AcDbEntity
  8
TWT_SYMB
 62
     7
100
AcDbText
 10
685367.9717328998
 20
2545257.819926241
 30
0.0
 40
1.4
  1
D300,L=24
 50
46.6751317347699
 41
0.525
  7
天正
100
AcDbText
  0
LWPOLYLINE
  5
A9F
330
2
100
AcDbEntity
  8
TWT_SYMB
100
AcDbPolyline
 90
        3
 70
     0
 10
685368.1712494398
 20
2545257.387760956
 40
0.0
 41
0.0
 10
685371.4441016376
 20
2545260.857808566
 40
0.4000000000000001
 41
0.0
 10
685372.4733028862
 20
2545261.949021098
 40
0.0
 41
0.0
  0
TEXT
  5
AA0
330
2
100
AcDbEntity
  8
TWT_SYMB
 62
     7
100
AcDbText
 10
685379.6960504578
 20
2545270.250655667
 30
0.0
 40
1.4
  1
D300,L=10
 50
46.6751317347699
 41
0.525
  7
天正
100
AcDbText
  0
LWPOLYLINE
  5
AA1
330
2
100
AcDbEntity
  8
TWT_SYMB
100
AcDbPolyline
 90
        3
 70
     0
 10
685379.8355302578
 20
2545269.754836317
 40
0.0
 41
0.0
 10
685383.1083824556
 20
2545273.224883927
 40
0.4000000000000001
 41
0.0
 10
685384.1375837044
 20
2545274.316096459
 40
0.0
 41
0.0
  0
TEXT
  5
AA2
330
2
100
AcDbEntity
  8
TWT_SYMB
 62
     7
100
AcDbText
 10
685392.1763158432
 20
2545248.737014619
 30
0.0
 40
1.4
  1
D300,L=24
 50
46.6751317347699
 41
0.525
  7
天正
100
AcDbText
  0
LWPOLYLINE
  5
AA3
330
2
100
AcDbEntity
  8
TWT_SYMB
100
AcDbPolyline
 90
        3
 70
     0
 10
685392.3758323825
 20
2545248.304849333
 40
0.0
 41
0.0
 10
685395.6486845804
 20
2545251.774896943
 40
0.4000000000000001
 41
0.0
 10
685396.677885829
 20
2545252.866109475
 40
0.0
 41
0.0
  0
TEXT
  5
AA4
330
2
100
AcDbEntity
  8
TWT_SYMB
 62
     7
100
AcDbText
 10
685378.0260658293
 20
2545238.869845078
 30
0.0
 40
1.4
  1
D300,L=12
 50
22.6427473491635
 41
0.525
  7
天正
100
AcDbText
  0
LWPOLYLINE
  5
AA5
330
2
100
AcDbEntity
  8
TWT_SYMB
100
AcDbPolyline
 90
        3
 70
     0
 10
685378.1188275926
 20
2545238.429987405
 40
0.0
 41
0.0
 10
685382.1865678273
 20
2545240.126786072
 40
0.4000000000000001
 41
0.0
 10
685383.5709526939
 20
2545240.704262082
 40
0.0
 41
0.0
  0
TEXT
  5
AA6
330
2
100
AcDbEntity
  8
TWT_SYMB
 62
     7
100
AcDbText
 10
685410.7139456672
 20
2545268.391571004
 30
0.0
 40
1.4
  1
D300,L=30
 50
46.6751317347699
 41
0.525
  7
天正
100
AcDbText
  0
LWPOLYLINE
  5
AA7
330
2
100
AcDbEntity
  8
TWT_SYMB
100
AcDbPolyline
 90
        3
 70
     0
 10
685410.9014548592
 20
2545267.946674906
 40
0.0
 41
0.0
 10
685414.174307057
 20
2545271.416722516
 40
0.4000000000000001
 41
0.0
 10
685415.2035083058
 20
2545272.507935048
 40
0.0
 41
0.0
  0
TEXT
  5
AA8
330
2
100
AcDbEntity
  8
TWT_SYMB
 62
     7
100
AcDbText
 10
685427.8935837941
 20
2545286.606314175
 30
0.0
 40
1.4
  1
D300,L=20
 50
46.6751317347699
 41
0.525
  7
天正
100
AcDbText
  0
LWPOLYLINE
  5
AA9
330
2
100
AcDbEntity
  8
TWT_SYMB
100
AcDbPolyline
 90
        3
 70
     0
 10
685428.0810929859
 20
2545286.161418077
 40
0.0
 41
0.0
 10
685431.3539451839
 20
2545289.631465687
 40
0.4000000000000001
 41
0.0
 10
685432.3831464324
 20
2545290.722678219
 40
0.0
 41
0.0
  0
TEXT
  5
AAA
330
2
100
AcDbEntity
  8
TWT_SYMB
 62
     7
100
AcDbText
 10
685379.9802773045
 20
2545281.899292209
 30
0.0
 40
1.4
  1
D300,L=12
 50
316.6751317355438
 41
0.525
  7
天正
100
AcDbText
  0
LWPOLYLINE
  5
AAB
330
2
100
AcDbEntity
  8
TWT_SYMB
100
AcDbPolyline
 90
        3
 70
     0
 10
685379.4844579548
 20
2545281.759812409
 40
0.0
 41
0.0
 10
685382.9545055647
 20
2545278.486960211
 40
0.4000000000000001
 41
0.0
 10
685384.0457180966
 20
2545277.457758963
 40
0.0
 41
0.0
  0
TEXT
  5
AAC
330
2
100
AcDbEntity
  8
TWT_SYMB
 62
     7
100
AcDbText
 10
685392.9530823815
 20
2545269.663680706
 30
0.0
 40
1.4
  1
D300,L=24
 50
316.6751317355438
 41
0.525
  7
天正
100
AcDbText
  0
LWPOLYLINE
  5
AAD
330
2
100
AcDbEntity
  8
TWT_SYMB
100
AcDbPolyline
 90
        3
 70
     0
 10
685392.5209170959
 20
2545269.464164167
 40
0.0
 41
0.0
 10
685395.9909647058
 20
2545266.191311969
 40
0.4000000000000001
 41
0.0
 10
685397.0821772377
 20
2545265.16211072
 40
0.0
 41
0.0
  0
TEXT
  5
AAE
330
2
100
AcDbEntity
  8
TWT_SYMB
 62
     7
100
AcDbText
 10
685440.6973042713
 20
2545293.468859352
 30
0.0
 40
1.4
  1
D300,L=13
 50
316.6751317355438
 41
0.525
  7
天正
100
AcDbText
  0
LWPOLYLINE
  5
AAF
330
2
100
AcDbEntity
  8
TWT_SYMB
100
AcDbPolyline
 90
        3
 70
     0
 10
685440.2014849219
 20
2545293.329379552
 40
0.0
 41
0.0
 10
685443.671532532
 20
2545290.056527354
 40
0.4000000000000001
 41
0.0
 10
685444.7627450639
 20
2545289.027326106
 40
0.0
 41
0.0
  0
TEXT
  5
AB0
330
2
100
AcDbEntity
  8
TWT_SYMB
 62
     7
100
AcDbText
 10
685431.7103579207
 20
2545301.945013864
 30
0.0
 40
1.4
  1
D300,L=12
 50
316.6751317355438
 41
0.525
  7
天正
100
AcDbText
  0
LWPOLYLINE
  5
AB1
330
2
100
AcDbEntity
  8
TWT_SYMB
100
AcDbPolyline
 90
        3
 70
     0
 10
685431.2145385708
 20
2545301.805534064
 40
0.0
 41
0.0
 10
685434.6845861809
 20
2545298.532681866
 40
0.4000000000000001
 41
0.0
 10
685435.7757987128
 20
2545297.503480618
 40
0.0
 41
0.0
  0
LINE
  5
AB2
330
2
100
AcDbEntity
  8
TWT_LEAD
100
AcDbLine
 10
685426.5631036478
 20
2545257.264871059
 30
0.0
 11
685424.3790127691
 21
2545259.448961938
 31
0.0
  0
LINE
  5
AB3
330
2
100
AcDbEntity
  8
TWT_LEAD
100
AcDbLine
 10
685424.3790127691
 20
2545259.448961938
 30
0.0
 11
685421.0393174362
 21
2545259.448961938
 31
0.0
  0
TEXT
  5
AB4
330
2
100
AcDbEntity
  8
TWT_LEAD
 62
     7
100
AcDbText
 10
685421.5891651026
 20
2545259.798961938
 30
0.0
 40
1.4
  1
5.30
 41
0.525
  7
天正
100
AcDbText
  0
TEXT
  5
AB5
330
2
100
AcDbEntity
  8
TWT_LEAD
 62
     7
100
AcDbText
 10
685421.5891651026
 20
2545257.698961938
 30
0.0
 40
1.4
  1
3.60
 41
0.525
  7
天正
100
AcDbText
  0
LINE
  5
AB6
330
2
100
AcDbEntity
  8
TWT_LEAD
100
AcDbLine
 10
685428.7111072976
 20
2545303.479309024
 30
0.0
 11
685430.8951981761
 21
2545305.663399903
 31
0.0
  0
LINE
  5
AB7
330
2
100
AcDbEntity
  8
TWT_LEAD
100
AcDbLine
 10
685430.8951981761
 20
2545305.663399903
 30
0.0
 11
685434.7170987941
 21
2545305.663399903
 31
0.0
  0
TEXT
  5
AB8
330
2
100
AcDbEntity
  8
TWT_LEAD
 62
     7
100
AcDbText
 10
685431.6861484851
 20
2545306.013399903
 30
0.0
 40
1.4
  1
5.30
 41
0.525
  7
天正
100
AcDbText
  0
TEXT
  5
AB9
330
2
100
AcDbEntity
  8
TWT_LEAD
 62
     7
100
AcDbText
 10
685431.6861484851
 20
2545303.913399903
 30
0.0
 40
1.4
  1
3.90
 41
0.525
  7
天正
100
AcDbText
  0
LINE
  5
ABA
330
2
100
AcDbEntity
  8
TWT_LEAD
100
AcDbLine
 10
685437.3856581396
 20
2545295.297880077
 30
0.0
 11
685439.5697490182
 21
2545297.481970956
 31
0.0
  0
LINE
  5
ABB
330
2
100
AcDbEntity
  8
TWT_LEAD
100
AcDbLine
 10
685439.5697490182
 20
2545297.481970956
 30
0.0
 11
685443.3916496361
 21
2545297.481970956
 31
0.0
  0
TEXT
  5
ABC
330
2
100
AcDbEntity
  8
TWT_LEAD
 62
     7
100
AcDbText
 10
685440.3606993272
 20
2545297.831970956
 30
0.0
 40
1.4
  1
5.30
 41
0.525
  7
天正
100
AcDbText
  0
TEXT
  5
ABD
330
2
100
AcDbEntity
  8
TWT_LEAD
 62
     7
100
AcDbText
 10
685440.448199327
 20
2545295.731970956
 30
0.0
 40
1.4
  1
3.16
 41
0.525
  7
天正
100
AcDbText
  0
LINE
  5
ABE
330
2
100
AcDbEntity
  8
TWT_LEAD
100
AcDbLine
 10
685423.6104068592
 20
2545280.692644373
 30
0.0
 11
685425.1037340984
 21
2545280.692644373
 31
0.0
  0
LINE
  5
ABF
330
2
100
AcDbEntity
  8
TWT_LEAD
100
AcDbLine
 10
685425.1037340984
 20
2545280.692644373
 30
0.0
 11
685428.2980882921
 21
2545280.692644373
 31
0.0
  0
TEXT
  5
AC0
330
2
100
AcDbEntity
  8
TWT_LEAD
 62
     7
100
AcDbText
 10
685425.5809111953
 20
2545281.042644373
 30
0.0
 40
1.4
  1
5.30
 41
0.525
  7
天正
100
AcDbText
  0
TEXT
  5
AC1
330
2
100
AcDbEntity
  8
TWT_LEAD
 62
     7
100
AcDbText
 10
685425.5809111953
 20
2545278.942644373
 30
0.0
 40
1.4
  1
3.22
 41
0.525
  7
天正
100
AcDbText
  0
LINE
  5
AC2
330
2
100
AcDbEntity
  8
TWT_LEAD
100
AcDbLine
 10
685403.0263818862
 20
2545258.868393735
 30
0.0
 11
685404.5197091256
 21
2545258.868393735
 31
0.0
  0
LINE
  5
AC3
330
2
100
AcDbEntity
  8
TWT_LEAD
100
AcDbLine
 10
685404.5197091256
 20
2545258.868393735
 30
0.0
 11
685407.7140633193
 21
2545258.868393735
 31
0.0
  0
TEXT
  5
AC4
330
2
100
AcDbEntity
  8
TWT_LEAD
 62
     7
100
AcDbText
 10
685404.9968862224
 20
2545259.218393735
 30
0.0
 40
1.4
  1
5.30
 41
0.525
  7
天正
100
AcDbText
  0
TEXT
  5
AC5
330
2
100
AcDbEntity
  8
TWT_LEAD
 62
     7
100
AcDbText
 10
685405.1543862223
 20
2545257.118393735
 30
0.0
 40
1.4
  1
3.31
 41
0.525
  7
天正
100
AcDbText
  0
LINE
  5
AC6
330
2
100
AcDbEntity
  8
TWT_LEAD
100
AcDbLine
 10
685386.5591619069
 20
2545241.408993226
 30
0.0
 11
685386.5591619069
 21
2545237.578310251
 31
0.0
  0
LINE
  5
AC7
330
2
100
AcDbEntity
  8
TWT_LEAD
100
AcDbLine
 10
685386.5591619069
 20
2545237.578310251
 30
0.0
 11
685389.7535161006
 21
2545237.578310251
 31
0.0
  0
TEXT
  5
AC8
330
2
100
AcDbEntity
  8
TWT_LEAD
 62
     7
100
AcDbText
 10
685387.0363390036
 20
2545237.928310251
 30
0.0
 40
1.4
  1
5.30
 41
0.525
  7
天正
100
AcDbText
  0
TEXT
  5
AC9
330
2
100
AcDbEntity
  8
TWT_LEAD
 62
     7
100
AcDbText
 10
685387.0363390036
 20
2545235.828310251
 30
0.0
 40
1.4
  1
3.90
 41
0.525
  7
天正
100
AcDbText
  0
LINE
  5
ACA
330
2
100
AcDbEntity
  8
TWT_LEAD
100
AcDbLine
 10
685375.4840829743
 20
2545236.789185152
 30
0.0
 11
685373.9907557351
 21
2545236.789185152
 31
0.0
  0
LINE
  5
ACB
330
2
100
AcDbEntity
  8
TWT_LEAD
100
AcDbLine
 10
685373.9907557351
 20
2545236.789185152
 30
0.0
 11
685370.7964015412
 21
2545236.789185152
 31
0.0
  0
TEXT
  5
ACC
330
2
100
AcDbEntity
  8
TWT_LEAD
 62
     7
100
AcDbText
 10
685371.273578638
 20
2545237.139185152
 30
0.0
 40
1.4
  1
5.30
 41
0.525
  7
天正
100
AcDbText
  0
TEXT
  5
ACD
330
2
100
AcDbEntity
  8
TWT_LEAD
 62
     7
100
AcDbText
 10
685371.273578638
 20
2545235.039185152
 30
0.0
 40
1.4
  1
4.00
 41
0.525
  7
天正
100
AcDbText
  0
LINE
  5
ACE
330
2
100
AcDbEntity
  8
TWT_LEAD
100
AcDbLine
 10
685385.683140601
 20
2545275.226055572
 30
0.0
 11
685385.683140601
 21
2545278.423792609
 31
0.0
  0
LINE
  5
ACF
330
2
100
AcDbEntity
  8
TWT_LEAD
100
AcDbLine
 10
685385.683140601
 20
2545278.423792609
 30
0.0
 11
685388.8774947947
 21
2545278.423792609
 31
0.0
  0
TEXT
  5
AD0
330
2
100
AcDbEntity
  8
TWT_LEAD
 62
     7
100
AcDbText
 10
685386.1603176977
 20
2545278.773792609
 30
0.0
 40
1.4
  1
5.30
 41
0.525
  7
天正
100
AcDbText
  0
TEXT
  5
AD1
330
2
100
AcDbEntity
  8
TWT_LEAD
 62
     7
100
AcDbText
 10
685386.1603176977
 20
2545276.673792609
 30
0.0
 40
1.4
  1
3.70
 41
0.525
  7
天正
100
AcDbText
  0
LINE
  5
AD2
330
2
100
AcDbEntity
  8
TWT_LEAD
100
AcDbLine
 10
685376.953463604
 20
2545283.45969022
 30
0.0
 11
685376.953463604
 21
2545286.657427257
 31
0.0
  0
LINE
  5
AD3
330
2
100
AcDbEntity
  8
TWT_LEAD
100
AcDbLine
 10
685376.953463604
 20
2545286.657427257
 30
0.0
 11
685380.1478177977
 21
2545286.657427257
 31
0.0
  0
TEXT
  5
AD4
330
2
100
AcDbEntity
  8
TWT_LEAD
 62
     7
100
AcDbText
 10
685377.4306407007
 20
2545287.007427257
 30
0.0
 40
1.4
  1
5.30
 41
0.525
  7
天正
100
AcDbText
  0
TEXT
  5
AD5
330
2
100
AcDbEntity
  8
TWT_LEAD
 62
     7
100
AcDbText
 10
685377.4306407007
 20
2545284.907427257
 30
0.0
 40
1.4
  1
3.75
 41
0.525
  7
天正
100
AcDbText
  0
LINE
  5
AD6
330
2
100
AcDbEntity
  8
TWT_LEAD
100
AcDbLine
 10
685378.8217989427
 20
2545267.951305359
 30
0.0
 11
685377.5253742824
 21
2545267.951305359
 31
0.0
  0
LINE
  5
AD7
330
2
100
AcDbEntity
  8
TWT_LEAD
100
AcDbLine
 10
685377.5253742824
 20
2545267.951305359
 30
0.0
 11
685374.5542668292
 21
2545267.951305359
 31
0.0
  0
TEXT
  5
AD8
330
2
100
AcDbEntity
  8
TWT_LEAD
 62
     7
100
AcDbText
 10
685374.9198205559
 20
2545268.301305359
 30
0.0
 40
1.4
  1
5.30
 41
0.525
  7
天正
100
AcDbText
  0
TEXT
  5
AD9
330
2
100
AcDbEntity
  8
TWT_LEAD
 62
     7
100
AcDbText
 10
685374.9198205559
 20
2545266.201305359
 30
0.0
 40
1.4
  1
3.73
 41
0.525
  7
天正
100
AcDbText
  0
LINE
  5
ADA
330
2
100
AcDbEntity
  8
TWT_LEAD
100
AcDbLine
 10
685362.3545789651
 20
2545250.491904849
 30
0.0
 11
685361.0581543049
 21
2545250.491904849
 31
0.0
  0
LINE
  5
ADB
330
2
100
AcDbEntity
  8
TWT_LEAD
100
AcDbLine
 10
685361.0581543049
 20
2545250.491904849
 30
0.0
 11
685358.0870468516
 21
2545250.491904849
 31
0.0
  0
TEXT
  5
ADC
330
2
100
AcDbEntity
  8
TWT_LEAD
 62
     7
100
AcDbText
 10
685358.4526005782
 20
2545250.841904849
 30
0.0
 40
1.4
  1
5.30
 41
0.525
  7
天正
100
AcDbText
  0
TEXT
  5
ADD
330
2
100
AcDbEntity
  8
TWT_LEAD
 62
     7
100
AcDbText
 10
685358.4526005782
 20
2545248.741904849
 30
0.0
 40
1.4
  1
4.00
 41
0.525
  7
天正
100
AcDbText
  0
LINE
  5
ADE
330
2
100
AcDbEntity
  8
PIPE-污水
  6
DASH
 48
0.0125
100
AcDbLine
 10
685378.6679602541
 20
2545266.83687337
 30
0.0
 11
685378.527166356
 21
2545265.816939921
 31
0.0
  0
TEXT
  5
ADF
330
2
100
AcDbEntity
  8
TWT_SYMB
 62
     7
100
AcDbText
 10
685421.370616023
 20
2545304.421815053
 30
0.0
 40
1.4
  1
D300,L=18
 50
316.6751317358599
 41
0.525
  7
天正
100
AcDbText
  0
LWPOLYLINE
  5
AE0
330
2
100
AcDbEntity
  8
TWT_SYMB
100
AcDbPolyline
 90
        3
 70
     0
 10
685422.3956830715
 20
2545305.740302214
 40
0.0
 41
0.0
 10
685425.7114391661
 20
2545302.612973474
 40
0.4000000000000001
 41
0.0
 10
685426.802651698
 20
2545301.583772225
 40
0.0
 41
0.0
  0
TEXT
  5
AE1
330
2
100
AcDbEntity
  8
TWT_SYMB
 62
     7
100
AcDbText
 10
685435.9169670185
 20
2545289.193282971
 30
0.0
 40
1.4
  1
D300,L=25
 50
309.9169611877128
 41
0.525
  7
天正
100
AcDbText
  0
LWPOLYLINE
  5
AE2
330
2
100
AcDbEntity
  8
TWT_SYMB
100
AcDbPolyline
 90
        3
 70
     0
 10
685437.18069753
 20
2545290.273655676
 40
0.0
 41
0.0
 10
685440.0139731225
 20
2545286.887133803
 40
0.4000000000000001
 41
0.0
 10
685440.9764881819
 20
2545285.736670956
 40
0.0
 41
0.0
  0
LINE
  5
AE3
330
2
100
AcDbEntity
  8
TWT_LEAD
100
AcDbLine
 10
685418.2108841476
 20
2545310.374596754
 30
0.0
 11
685415.7983666315
 21
2545307.962079238
 31
0.0
  0
LINE
  5
AE4
330
2
100
AcDbEntity
  8
TWT_LEAD
100
AcDbLine
 10
685415.7983666315
 20
2545307.962079238
 30
0.0
 11
685412.3972028975
 21
2545307.962079238
 31
0.0
  0
TEXT
  5
AE5
330
2
100
AcDbEntity
  8
TWT_LEAD
 62
     7
100
AcDbText
 10
685412.9777847643
 20
2545308.312079238
 30
0.0
 40
1.4
  1
5.30
 41
0.525
  7
天正
100
AcDbText
  0
TEXT
  5
AE6
330
2
100
AcDbEntity
  8
TWT_LEAD
 62
     7
100
AcDbText
 10
685412.9777847643
 20
2545306.212079238
 30
0.0
 40
1.4
  1
4.20
 41
0.525
  7
天正
100
AcDbText
  0
LINE
  5
AE7
330
2
100
AcDbEntity
  8
TWT_LEAD
100
AcDbLine
 10
685431.3054345301
 20
2545298.024181771
 30
0.0
 11
685428.892917014
 21
2545295.611664254
 31
0.0
  0
LINE
  5
AE8
330
2
100
AcDbEntity
  8
TWT_LEAD
100
AcDbLine
 10
685428.892917014
 20
2545295.611664254
 30
0.0
 11
685425.49175328
 21
2545295.611664254
 31
0.0
  0
TEXT
  5
AE9
330
2
100
AcDbEntity
  8
TWT_LEAD
 62
     7
100
AcDbText
 10
685426.072335147
 20
2545295.961664254
 30
0.0
 40
1.4
  1
5.30
 41
0.525
  7
天正
100
AcDbText
  0
TEXT
  5
AEA
330
2
100
AcDbEntity
  8
TWT_LEAD
 62
     7
100
AcDbText
 10
685426.142335147
 20
2545293.861664254
 30
0.0
 40
1.4
  1
4.15
 41
0.525
  7
天正
100
AcDbText
  0
LINE
  5
AEB
330
2
100
AcDbEntity
  8
TWT_LEAD
100
AcDbLine
 10
685447.1471286156
 20
2545279.089121702
 30
0.0
 11
685449.6433060821
 21
2545276.592944235
 31
0.0
  0
LINE
  5
AEC
330
2
100
AcDbEntity
  8
TWT_LEAD
100
AcDbLine
 10
685449.6433060821
 20
2545276.592944235
 30
0.0
 11
685452.8376602759
 21
2545276.592944235
 31
0.0
  0
TEXT
  5
AED
330
2
100
AcDbEntity
  8
TWT_LEAD
 62
     7
100
AcDbText
 10
685450.120483179
 20
2545276.942944235
 30
0.0
 40
1.4
  1
5.30
 41
0.525
  7
天正
100
AcDbText
  0
TEXT
  5
AEE
330
2
100
AcDbEntity
  8
TWT_LEAD
 62
     7
100
AcDbText
 10
685450.277983179
 20
2545274.842944235
 30
0.0
 40
1.4
  1
3.51
 41
0.525
  7
天正
100
AcDbText
  0
LINE
  5
AEF
330
2
100
AcDbEntity
  8
TWT_LEAD
100
AcDbLine
 10
685396.2073490006
 20
2545263.297302046
 30
0.0
 11
685396.2073490006
 21
2545260.339809179
 31
0.0
  0
LINE
  5
AF0
330
2
100
AcDbEntity
  8
TWT_LEAD
100
AcDbLine
 10
685396.2073490006
 20
2545260.339809179
 30
0.0
 11
685393.0129948068
 21
2545260.339809179
 31
0.0
  0
TEXT
  5
AF1
330
2
100
AcDbEntity
  8
TWT_LEAD
 62
     7
100
AcDbText
 10
685393.4901719036
 20
2545260.689809179
 30
0.0
 40
1.4
  1
5.30
 41
0.525
  7
天正
100
AcDbText
  0
TEXT
  5
AF2
330
2
100
AcDbEntity
  8
TWT_LEAD
 62
     7
100
AcDbText
 10
685393.6476719036
 20
2545258.589809179
 30
0.0
 40
1.4
  1
3.71
 41
0.525
  7
天正
100
AcDbText
  0
LINE
  5
AF3
330
2
100
AcDbEntity
  8
TWT_LEAD
100
AcDbLine
 10
685393.3378668514
 20
2545243.405446836
 30
0.0
 11
685393.3378668514
 21
2545239.574763861
 31
0.0
  0
LINE
  5
AF4
330
2
100
AcDbEntity
  8
TWT_LEAD
100
AcDbLine
 10
685393.3378668514
 20
2545239.574763861
 30
0.0
 11
685396.5322210452
 21
2545239.574763861
 31
0.0
  0
TEXT
  5
AF5
330
2
100
AcDbEntity
  8
TWT_LEAD
 62
     7
100
AcDbText
 10
685393.8150439484
 20
2545239.924763861
 30
0.0
 40
1.4
  1
5.30
 41
0.525
  7
天正
100
AcDbText
  0
TEXT
  5
AF6
330
2
100
AcDbEntity
  8
TWT_LEAD
 62
     7
100
AcDbText
 10
685393.8150439484
 20
2545237.824763861
 30
0.0
 40
1.4
  1
4.20
 41
0.525
  7
天正
100
AcDbText
  0
LINE
  5
AF7
330
2
100
AcDbEntity
  8
TWT_LEAD
100
AcDbLine
 10
685409.9504852493
 20
2545250.335158947
 30
0.0
 11
685409.9504852493
 21
2545246.504475973
 31
0.0
  0
LINE
  5
AF8
330
2
100
AcDbEntity
  8
TWT_LEAD
100
AcDbLine
 10
685409.9504852493
 20
2545246.504475973
 30
0.0
 11
685413.144839443
 21
2545246.504475973
 31
0.0
  0
TEXT
  5
AF9
330
2
100
AcDbEntity
  8
TWT_LEAD
 62
     7
100
AcDbText
 10
685410.4276623463
 20
2545246.854475973
 30
0.0
 40
1.4
  1
5.30
 41
0.525
  7
天正
100
AcDbText
  0
TEXT
  5
AFA
330
2
100
AcDbEntity
  8
TWT_LEAD
 62
     7
100
AcDbText
 10
685410.4276623463
 20
2545244.754475973
 30
0.0
 40
1.4
  1
3.65
 41
0.525
  7
天正
100
AcDbText
  0
LINE
  5
AFB
330
2
100
AcDbEntity
  8
TWT_LEAD
100
AcDbLine
 10
685362.7768187767
 20
2545245.341811272
 30
0.0
 11
685360.8592633356
 21
2545245.341811272
 31
0.0
  0
LINE
  5
AFC
330
2
100
AcDbEntity
  8
TWT_LEAD
100
AcDbLine
 10
685360.8592633356
 20
2545245.341811272
 30
0.0
 11
685357.6649091419
 21
2545245.341811272
 31
0.0
  0
TEXT
  5
AFD
330
2
100
AcDbEntity
  8
TWT_LEAD
 62
     7
100
AcDbText
 10
685358.1420862387
 20
2545245.691811272
 30
0.0
 40
1.4
  1
5.30
 41
0.525
  7
天正
100
AcDbText
  0
TEXT
  5
AFE
330
2
100
AcDbEntity
  8
TWT_LEAD
 62
     7
100
AcDbText
 10
685358.1420862387
 20
2545243.591811272
 30
0.0
 40
1.4
  1
4.05
 41
0.525
  7
天正
100
AcDbText
  0
LINE
  5
AFF
330
2
100
AcDbEntity
  8
TWT_LEAD
100
AcDbLine
 10
685375.1272337619
 20
2545258.436361653
 30
0.0
 11
685373.4941619966
 21
2545258.436361653
 31
0.0
  0
LINE
  5
B00
330
2
100
AcDbEntity
  8
TWT_LEAD
100
AcDbLine
 10
685373.4941619966
 20
2545258.436361653
 30
0.0
 11
685370.2998078029
 21
2545258.436361653
 31
0.0
  0
TEXT
  5
B01
330
2
100
AcDbEntity
  8
TWT_LEAD
 62
     7
100
AcDbText
 10
685370.7769848998
 20
2545258.786361653
 30
0.0
 40
1.4
  1
5.30
 41
0.525
  7
天正
100
AcDbText
  0
TEXT
  5
B02
330
2
100
AcDbEntity
  8
TWT_LEAD
 62
     7
100
AcDbText
 10
685370.7769848998
 20
2545256.686361653
 30
0.0
 40
1.4
  1
4.00
 41
0.525
  7
天正
100
AcDbText
  0
LINE
  5
B03
330
2
100
AcDbEntity
  8
TWT_LEAD
100
AcDbLine
 10
685387.4776487457
 20
2545271.530912036
 30
0.0
 11
685385.8445769803
 21
2545271.530912036
 31
0.0
  0
LINE
  5
B04
330
2
100
AcDbEntity
  8
TWT_LEAD
100
AcDbLine
 10
685385.8445769803
 20
2545271.530912036
 30
0.0
 11
685382.6502227867
 21
2545271.530912036
 31
0.0
  0
TEXT
  5
B05
330
2
100
AcDbEntity
  8
TWT_LEAD
 62
     7
100
AcDbText
 10
685383.1273998835
 20
2545271.880912036
 30
0.0
 40
1.4
  1
5.30
 41
0.525
  7
天正
100
AcDbText
  0
TEXT
  5
B06
330
2
100
AcDbEntity
  8
TWT_LEAD
 62
     7
100
AcDbText
 10
685383.1273998835
 20
2545269.780912036
 30
0.0
 40
1.4
  1
3.75
 41
0.525
  7
天正
100
AcDbText
  0
LINE
  5
B07
330
2
100
AcDbEntity
  8
TWT_LEAD
100
AcDbLine
 10
685345.623464632
 20
2545227.154935741
 30
0.0
 11
685347.1167918712
 21
2545227.154935741
 31
0.0
  0
LINE
  5
B08
330
2
100
AcDbEntity
  8
TWT_LEAD
100
AcDbLine
 10
685347.1167918712
 20
2545227.154935741
 30
0.0
 11
685350.3111460651
 21
2545227.154935741
 31
0.0
  0
TEXT
  5
B09
330
2
100
AcDbEntity
  8
TWT_LEAD
 62
     7
100
AcDbText
 10
685347.5939689682
 20
2545227.504935741
 30
0.0
 40
1.4
  1
5.30
 41
0.525
  7
天正
100
AcDbText
  0
TEXT
  5
B0A
330
2
100
AcDbEntity
  8
TWT_LEAD
 62
     7
100
AcDbText
 10
685347.6639689681
 20
2545225.404935741
 30
0.0
 40
1.4
  1
4.13
 41
0.525
  7
天正
100
AcDbText
  0
LINE
  5
B0B
330
2
100
AcDbEntity
  8
TWT_LEAD
100
AcDbLine
 10
685328.1640608535
 20
2545243.622158022
 30
0.0
 11
685330.3481517321
 21
2545245.8062489
 31
0.0
  0
LINE
  5
B0C
330
2
100
AcDbEntity
  8
TWT_LEAD
100
AcDbLine
 10
685330.3481517321
 20
2545245.8062489
 30
0.0
 11
685333.6185107209
 21
2545245.8062489
 31
0.0
  0
TEXT
  5
B0D
330
2
100
AcDbEntity
  8
TWT_LEAD
 62
     7
100
AcDbText
 10
685330.8633312265
 20
2545246.156248901
 30
0.0
 40
1.4
  1
5.30
 41
0.525
  7
天正
100
AcDbText
  0
TEXT
  5
B0E
330
2
100
AcDbEntity
  8
TWT_LEAD
 62
     7
100
AcDbText
 10
685330.8633312265
 20
2545244.0562489
 30
0.0
 40
1.4
  1
4.30
 41
0.525
  7
天正
100
AcDbText
  0
LINE
  5
B0F
330
2
100
AcDbEntity
  8
TWT_LEAD
100
AcDbLine
 10
685317.6246677151
 20
2545253.562593341
 30
0.0
 11
685319.8087585936
 21
2545255.74668422
 31
0.0
  0
LINE
  5
B10
330
2
100
AcDbEntity
  8
TWT_LEAD
100
AcDbLine
 10
685319.8087585936
 20
2545255.74668422
 30
0.0
 11
685323.0791175824
 21
2545255.74668422
 31
0.0
  0
TEXT
  5
B11
330
2
100
AcDbEntity
  8
TWT_LEAD
 62
     7
100
AcDbText
 10
685320.3239380879
 20
2545256.09668422
 30
0.0
 40
1.4
  1
5.30
 41
0.525
  7
天正
100
AcDbText
  0
TEXT
  5
B12
330
2
100
AcDbEntity
  8
TWT_LEAD
 62
     7
100
AcDbText
 10
685320.3239380879
 20
2545253.99668422
 30
0.0
 40
1.4
  1
4.20
 41
0.525
  7
天正
100
AcDbText
  0
LINE
  5
B13
330
2
100
AcDbEntity
  8
TWT_LEAD
100
AcDbLine
 10
685304.5301173331
 20
2545265.913008326
 30
0.0
 11
685306.7142082117
 21
2545268.097099205
 31
0.0
  0
LINE
  5
B14
330
2
100
AcDbEntity
  8
TWT_LEAD
100
AcDbLine
 10
685306.7142082117
 20
2545268.097099205
 30
0.0
 11
685309.9845672004
 21
2545268.097099205
 31
0.0
  0
TEXT
  5
B15
330
2
100
AcDbEntity
  8
TWT_LEAD
 62
     7
100
AcDbText
 10
685307.2293877061
 20
2545268.447099205
 30
0.0
 40
1.4
  1
5.30
 41
0.525
  7
天正
100
AcDbText
  0
TEXT
  5
B16
330
2
100
AcDbEntity
  8
TWT_LEAD
 62
     7
100
AcDbText
 10
685307.2293877061
 20
2545266.347099205
 30
0.0
 40
1.4
  1
4.05
 41
0.525
  7
天正
100
AcDbText
  0
LINE
  5
B17
330
2
100
AcDbEntity
  8
TWT_LEAD
100
AcDbLine
 10
685287.0707168237
 20
2545282.380228305
 30
0.0
 11
685289.2548077024
 21
2545284.564319184
 31
0.0
  0
LINE
  5
B18
330
2
100
AcDbEntity
  8
TWT_LEAD
100
AcDbLine
 10
685289.2548077024
 20
2545284.564319184
 30
0.0
 11
685292.525166691
 21
2545284.564319184
 31
0.0
  0
TEXT
  5
B19
330
2
100
AcDbEntity
  8
TWT_LEAD
 62
     7
100
AcDbText
 10
685289.7699871968
 20
2545284.914319184
 30
0.0
 40
1.4
  1
5.30
 41
0.525
  7
天正
100
AcDbText
  0
TEXT
  5
B1A
330
2
100
AcDbEntity
  8
TWT_LEAD
 62
     7
100
AcDbText
 10
685289.7699871968
 20
2545282.814319184
 30
0.0
 40
1.4
  1
3.98
 41
0.525
  7
天正
100
AcDbText
  0
LINE
  5
B1B
330
2
100
AcDbEntity
  8
TWT_LEAD
100
AcDbLine
 10
685269.6770192266
 20
2545298.785473169
 30
0.0
 11
685268.2615745786
 21
2545298.785473169
 31
0.0
  0
LINE
  5
B1C
330
2
100
AcDbEntity
  8
TWT_LEAD
100
AcDbLine
 10
685268.2615745786
 20
2545298.785473169
 30
0.0
 11
685265.0672203849
 21
2545298.785473169
 31
0.0
  0
TEXT
  5
B1D
330
2
100
AcDbEntity
  8
TWT_LEAD
 62
     7
100
AcDbText
 10
685265.5443974818
 20
2545299.135473169
 30
0.0
 40
1.4
  1
5.30
 41
0.525
  7
天正
100
AcDbText
  0
TEXT
  5
B1E
330
2
100
AcDbEntity
  8
TWT_LEAD
 62
     7
100
AcDbText
 10
685265.7018974817
 20
2545297.035473169
 30
0.0
 40
1.4
  1
3.81
 41
0.525
  7
天正
100
AcDbText
  0
LINE
  5
B1F
330
2
100
AcDbEntity
  8
TWT_LEAD
100
AcDbLine
 10
685290.2608236377
 20
2545320.609931833
 30
0.0
 11
685288.8453789899
 21
2545320.609931833
 31
0.0
  0
LINE
  5
B20
330
2
100
AcDbEntity
  8
TWT_LEAD
100
AcDbLine
 10
685288.8453789899
 20
2545320.609931833
 30
0.0
 11
685285.651024796
 21
2545320.609931833
 31
0.0
  0
TEXT
  5
B21
330
2
100
AcDbEntity
  8
TWT_LEAD
 62
     7
100
AcDbText
 10
685286.1282018929
 20
2545320.959931833
 30
0.0
 40
1.4
  1
5.30
 41
0.525
  7
天正
100
AcDbText
  0
TEXT
  5
B22
330
2
100
AcDbEntity
  8
TWT_LEAD
 62
     7
100
AcDbText
 10
685286.1282018929
 20
2545318.859931833
 30
0.0
 40
1.4
  1
3.72
 41
0.525
  7
天正
100
AcDbText
  0
LINE
  5
B23
330
2
100
AcDbEntity
  8
TWT_LEAD
100
AcDbLine
 10
685311.5307788406
 20
2545343.161883145
 30
0.0
 11
685310.1153341926
 21
2545343.161883145
 31
0.0
  0
LINE
  5
B24
330
2
100
AcDbEntity
  8
TWT_LEAD
100
AcDbLine
 10
685310.1153341926
 20
2545343.161883145
 30
0.0
 11
685306.9209799989
 21
2545343.161883145
 31
0.0
  0
TEXT
  5
B25
330
2
100
AcDbEntity
  8
TWT_LEAD
 62
     7
100
AcDbText
 10
685307.3981570958
 20
2545343.511883146
 30
0.0
 40
1.4
  1
5.30
 41
0.525
  7
天正
100
AcDbText
  0
TEXT
  5
B26
330
2
100
AcDbEntity
  8
TWT_LEAD
 62
     7
100
AcDbText
 10
685307.3981570958
 20
2545341.411883145
 30
0.0
 40
1.4
  1
3.62
 41
0.525
  7
天正
100
AcDbText
  0
LINE
  5
B27
330
2
100
AcDbEntity
  8
TWT_LEAD
100
AcDbLine
 10
685331.1797700381
 20
2545356.9429261
 30
0.0
 11
685333.3713148902
 21
2545354.751381248
 31
0.0
  0
LINE
  5
B28
330
2
100
AcDbEntity
  8
TWT_LEAD
100
AcDbLine
 10
685333.3713148902
 20
2545354.751381248
 30
0.0
 11
685336.772478624
 21
2545354.751381248
 31
0.0
  0
TEXT
  5
B29
330
2
100
AcDbEntity
  8
TWT_LEAD
 62
     7
100
AcDbText
 10
685333.951896757
 20
2545355.101381248
 30
0.0
 40
1.4
  1
5.30
 41
0.525
  7
天正
100
AcDbText
  0
TEXT
  5
B2A
330
2
100
AcDbEntity
  8
TWT_LEAD
 62
     7
100
AcDbText
 10
685333.951896757
 20
2545353.001381247
 30
0.0
 40
1.4
  1
3.55
 41
0.525
  7
天正
100
AcDbText
  0
LINE
  5
B2B
330
2
100
AcDbEntity
  8
TWT_LEAD
100
AcDbLine
 10
685411.138295766
 20
2545317.73362129
 30
0.0
 11
685408.3251897889
 21
2545314.920515313
 31
0.0
  0
LINE
  5
B2C
330
2
100
AcDbEntity
  8
TWT_LEAD
100
AcDbLine
 10
685408.3251897889
 20
2545314.920515313
 30
0.0
 11
685404.9240260549
 21
2545314.920515313
 31
0.0
  0
TEXT
  5
B2D
330
2
100
AcDbEntity
  8
TWT_LEAD
 62
     7
100
AcDbText
 10
685405.5046079219
 20
2545315.270515313
 30
0.0
 40
1.4
  1
5.30
 41
0.525
  7
天正
100
AcDbText
  0
TEXT
  5
B2E
330
2
100
AcDbEntity
  8
TWT_LEAD
 62
     7
100
AcDbText
 10
685405.5046079219
 20
2545313.170515313
 30
0.0
 40
1.4
  1
4.20
 41
0.525
  7
天正
100
AcDbText
  0
LINE
  5
B2F
330
2
100
AcDbEntity
  8
TWT_LEAD
100
AcDbLine
 10
685393.6784459271
 20
2545334.200364854
 30
0.0
 11
685390.86533995
 21
2545331.387258877
 31
0.0
  0
LINE
  5
B30
330
2
100
AcDbEntity
  8
TWT_LEAD
100
AcDbLine
 10
685390.86533995
 20
2545331.387258877
 30
0.0
 11
685387.4641762162
 21
2545331.387258877
 31
0.0
  0
TEXT
  5
B31
330
2
100
AcDbEntity
  8
TWT_LEAD
 62
     7
100
AcDbText
 10
685388.0447580832
 20
2545331.737258877
 30
0.0
 40
1.4
  1
5.30
 41
0.525
  7
天正
100
AcDbText
  0
TEXT
  5
B32
330
2
100
AcDbEntity
  8
TWT_LEAD
 62
     7
100
AcDbText
 10
685388.1147580832
 20
2545329.637258877
 30
0.0
 40
1.4
  1
4.13
 41
0.525
  7
天正
100
AcDbText
  0
LINE
  5
B33
330
2
100
AcDbEntity
  8
TWT_LEAD
100
AcDbLine
 10
685380.5838955453
 20
2545346.550779839
 30
0.0
 11
685377.7707895682
 21
2545343.737673862
 31
0.0
  0
LINE
  5
B34
330
2
100
AcDbEntity
  8
TWT_LEAD
100
AcDbLine
 10
685377.7707895682
 20
2545343.737673862
 30
0.0
 11
685374.3696258343
 21
2545343.737673862
 31
0.0
  0
TEXT
  5
B35
330
2
100
AcDbEntity
  8
TWT_LEAD
 62
     7
100
AcDbText
 10
685374.9502077014
 20
2545344.087673862
 30
0.0
 40
1.4
  1
5.30
 41
0.525
  7
天正
100
AcDbText
  0
TEXT
  5
B36
330
2
100
AcDbEntity
  8
TWT_LEAD
 62
     7
100
AcDbText
 10
685374.9502077014
 20
2545341.987673862
 30
0.0
 40
1.4
  1
3.98
 41
0.525
  7
天正
100
AcDbText
  0
LINE
  5
B37
330
2
100
AcDbEntity
  8
TWT_LEAD
100
AcDbLine
 10
685363.124495036
 20
2545363.017999819
 30
0.0
 11
685360.3113890589
 21
2545360.204893841
 31
0.0
  0
LINE
  5
B38
330
2
100
AcDbEntity
  8
TWT_LEAD
100
AcDbLine
 10
685360.3113890589
 20
2545360.204893841
 30
0.0
 11
685356.9102253249
 21
2545360.204893841
 31
0.0
  0
TEXT
  5
B39
330
2
100
AcDbEntity
  8
TWT_LEAD
 62
     7
100
AcDbText
 10
685357.4908071919
 20
2545360.554893842
 30
0.0
 40
1.4
  1
5.30
 41
0.525
  7
天正
100
AcDbText
  0
TEXT
  5
B3A
330
2
100
AcDbEntity
  8
TWT_LEAD
 62
     7
100
AcDbText
 10
685357.6483071918
 20
2545358.454893841
 30
0.0
 40
1.4
  1
3.91
 41
0.525
  7
天正
100
AcDbText
  0
LINE
  5
B3B
330
2
100
AcDbEntity
  8
TWT_LEAD
100
AcDbLine
 10
685359.4784239638
 20
2545297.938999749
 30
0.0
 11
685361.6625148423
 21
2545300.123090628
 31
0.0
  0
LINE
  5
B3C
330
2
100
AcDbEntity
  8
TWT_LEAD
100
AcDbLine
 10
685361.6625148423
 20
2545300.123090628
 30
0.0
 11
685365.4844154603
 21
2545300.123090628
 31
0.0
  0
TEXT
  5
B3D
330
2
100
AcDbEntity
  8
TWT_LEAD
 62
     7
100
AcDbText
 10
685362.4534651513
 20
2545300.473090628
 30
0.0
 40
1.4
  1
5.30
 41
0.525
  7
天正
100
AcDbText
  0
TEXT
  5
B3E
330
2
100
AcDbEntity
  8
TWT_LEAD
 62
     7
100
AcDbText
 10
685362.4534651513
 20
2545298.373090628
 30
0.0
 40
1.4
  1
4.20
 41
0.525
  7
天正
100
AcDbText
  0
LINE
  5
B3F
330
2
100
AcDbEntity
  8
TWT_LEAD
100
AcDbLine
 10
685346.3838735819
 20
2545310.289414734
 30
0.0
 11
685348.5679644605
 21
2545312.473505612
 31
0.0
  0
LINE
  5
B40
330
2
100
AcDbEntity
  8
TWT_LEAD
100
AcDbLine
 10
685348.5679644605
 20
2545312.473505612
 30
0.0
 11
685352.3898650784
 21
2545312.473505612
 31
0.0
  0
TEXT
  5
B41
330
2
100
AcDbEntity
  8
TWT_LEAD
 62
     7
100
AcDbText
 10
685349.3589147693
 20
2545312.823505613
 30
0.0
 40
1.4
  1
5.30
 41
0.525
  7
天正
100
AcDbText
  0
TEXT
  5
B42
330
2
100
AcDbEntity
  8
TWT_LEAD
 62
     7
100
AcDbText
 10
685349.3589147693
 20
2545310.723505612
 30
0.0
 40
1.4
  1
4.05
 41
0.525
  7
天正
100
AcDbText
  0
LINE
  5
B43
330
2
100
AcDbEntity
  8
TWT_LEAD
100
AcDbLine
 10
685328.9244730726
 20
2545326.756634713
 30
0.0
 11
685331.1085639511
 21
2545328.940725592
 31
0.0
  0
LINE
  5
B44
330
2
100
AcDbEntity
  8
TWT_LEAD
100
AcDbLine
 10
685331.1085639511
 20
2545328.940725592
 30
0.0
 11
685334.9304645691
 21
2545328.940725592
 31
0.0
  0
TEXT
  5
B45
330
2
100
AcDbEntity
  8
TWT_LEAD
 62
     7
100
AcDbText
 10
685331.8995142601
 20
2545329.290725592
 30
0.0
 40
1.4
  1
5.30
 41
0.525
  7
天正
100
AcDbText
  0
TEXT
  5
B46
330
2
100
AcDbEntity
  8
TWT_LEAD
 62
     7
100
AcDbText
 10
685331.8995142601
 20
2545327.190725592
 30
0.0
 40
1.4
  1
3.88
 41
0.525
  7
天正
100
AcDbText
  0
TEXT
  5
B47
330
2
100
AcDbEntity
  8
TWT_SYMB
 62
     7
100
AcDbText
 10
685333.4588961671
 20
2545235.655607042
 30
0.0
 40
1.4
  1
D300,L=24
 50
316.6751317358599
 41
0.525
  7
天正
100
AcDbText
  0
LWPOLYLINE
  5
B48
330
2
100
AcDbEntity
  8
TWT_SYMB
100
AcDbPolyline
 90
        3
 70
     0
 10
685334.5476172797
 20
2545236.914057464
 40
0.0
 41
0.0
 10
685337.8633733743
 20
2545233.786728724
 40
0.4000000000000001
 41
0.0
 10
685338.9545859062
 20
2545232.757527475
 40
0.0
 41
0.0
  0
TEXT
  5
B49
330
2
100
AcDbEntity
  8
TWT_SYMB
 62
     7
100
AcDbText
 10
685375.3209609874
 20
2545280.024776966
 30
0.0
 40
1.4
  1
D400,L=24
 50
316.6751317358599
 41
0.525
  7
天正
100
AcDbText
  0
LWPOLYLINE
  5
B4A
330
2
100
AcDbEntity
  8
TWT_SYMB
100
AcDbPolyline
 90
        3
 70
     0
 10
685376.4096821001
 20
2545281.283227387
 40
0.0
 41
0.0
 10
685379.7254381948
 20
2545278.155898647
 40
0.4000000000000001
 41
0.0
 10
685380.8166507267
 20
2545277.126697398
 40
0.0
 41
0.0
  0
TEXT
  5
B4B
330
2
100
AcDbEntity
  8
TWT_SYMB
 62
     7
100
AcDbText
 10
685388.3186475055
 20
2545267.765094787
 30
0.0
 40
1.4
  1
D600,L=12
 50
316.6751317358599
 41
0.525
  7
天正
100
AcDbText
  0
LWPOLYLINE
  5
B4C
330
2
100
AcDbEntity
  8
TWT_SYMB
100
AcDbPolyline
 90
        3
 70
     0
 10
685389.3437145536
 20
2545269.083581949
 40
0.0
 41
0.0
 10
685392.6594706482
 20
2545265.956253208
 40
0.4000000000000001
 41
0.0
 10
685393.7506831801
 20
2545264.927051959
 40
0.0
 41
0.0
  0
TEXT
  5
B4D
330
2
100
AcDbEntity
  8
TWT_SYMB
 62
     7
100
AcDbText
 10
685401.4587270639
 20
2545255.371737952
 30
0.0
 40
1.4
  1
D600,L=19
 50
316.6751317358599
 41
0.525
  7
天正
100
AcDbText
  0
LWPOLYLINE
  5
B4E
330
2
100
AcDbEntity
  8
TWT_SYMB
100
AcDbPolyline
 90
        3
 70
     0
 10
685402.4710632997
 20
2545256.702232461
 40
0.0
 41
0.0
 10
685405.7868193944
 20
2545253.574903721
 40
0.4000000000000001
 41
0.0
 10
685406.8780319263
 20
2545252.545702472
 40
0.0
 41
0.0
  0
TEXT
  5
B4F
330
2
100
AcDbEntity
  8
TWT_SYMB
 62
     7
100
AcDbText
 10
685351.4784945101
 20
2545234.735165545
 30
0.0
 40
1.4
  1
D400,L=25
 50
46.6751317347699
 41
0.525
  7
天正
100
AcDbText
  0
LWPOLYLINE
  5
B50
330
2
100
AcDbEntity
  8
TWT_SYMB
100
AcDbPolyline
 90
        3
 70
     0
 10
685351.666003702
 20
2545234.290269446
 40
0.0
 41
0.0
 10
685354.9388558999
 20
2545237.760317055
 40
0.4000000000000001
 41
0.0
 10
685355.9680571486
 20
2545238.851529587
 40
0.0
 41
0.0
  0
TEXT
  5
B51
330
2
100
AcDbEntity
  8
TWT_SYMB
 62
     7
100
AcDbText
 10
685379.0060527041
 20
2545263.921310148
 30
0.0
 40
1.4
  1
D400,L=18
 50
46.6751317347699
 41
0.525
  7
天正
100
AcDbText
  0
LWPOLYLINE
  5
B52
330
2
100
AcDbEntity
  8
TWT_SYMB
100
AcDbPolyline
 90
        3
 70
     0
 10
685379.1455325041
 20
2545263.425490798
 40
0.0
 41
0.0
 10
685382.418384702
 20
2545266.895538408
 40
0.4000000000000001
 41
0.0
 10
685383.4475859506
 20
2545267.98675094
 40
0.0
 41
0.0
  0
TEXT
  5
B53
330
2
100
AcDbEntity
  8
TWT_SYMB
 62
     7
100
AcDbText
 10
685398.3090965688
 20
2545246.465578855
 30
0.0
 40
1.4
  1
D300,L=18
 50
22.64274735580169
 41
0.525
  7
天正
100
AcDbText
  0
LWPOLYLINE
  5
B54
330
2
100
AcDbEntity
  8
TWT_SYMB
100
AcDbPolyline
 90
        3
 70
     0
 10
685398.1920683144
 20
2545245.938210327
 40
0.0
 41
0.0
 10
685402.6793885852
 20
2545247.810030704
 40
0.4000000000000001
 41
0.0
 10
685404.0637734517
 20
2545248.387506713
 40
0.0
 41
0.0
  0
TEXT
  5
B55
330
2
100
AcDbEntity
  8
TWT_SYMB
 62
     7
100
AcDbText
 10
685414.445630095
 20
2545253.196699087
 30
0.0
 40
1.4
  1
D600,L=18
 50
22.64274735580169
 41
0.525
  7
天正
100
AcDbText
  0
LWPOLYLINE
  5
B56
330
2
100
AcDbEntity
  8
TWT_SYMB
100
AcDbPolyline
 90
        3
 70
     0
 10
685414.3286018405
 20
2545252.669330559
 40
0.0
 41
0.0
 10
685418.8159221113
 20
2545254.541150936
 40
0.4000000000000001
 41
0.0
 10
685420.2003069777
 20
2545255.118626946
 40
0.0
 41
0.0
  0
TEXT
  5
B57
330
2
100
AcDbEntity
  8
TWT_SYMB
 62
     7
100
AcDbText
 10
685436.9090766583
 20
2545265.082492177
 30
0.0
 40
1.4
  1
D600,L=30
 50
46.67513173661539
 41
0.525
  7
天正
100
AcDbText
  0
LWPOLYLINE
  5
B58
330
2
100
AcDbEntity
  8
TWT_SYMB
100
AcDbPolyline
 90
        3
 70
     0
 10
685435.6386188884
 20
2545266.158482476
 40
0.0
 41
0.0
 10
685438.7659476287
 20
2545269.474238571
 40
0.4000000000000001
 41
0.0
 10
685439.7951488775
 20
2545270.565451103
 40
0.0
 41
0.0
  0
TEXT
  5
B59
330
2
100
AcDbEntity
  8
TWT_SYMB
 62
     7
100
AcDbText
 10
685449.8411205965
 20
2545279.678374275
 30
0.0
 40
1.4
  1
D600
 50
65.77200049696689
 41
0.525
  7
天正
100
AcDbText
  0
LWPOLYLINE
  5
B5A
330
2
100
AcDbEntity
  8
TWT_SYMB
100
AcDbPolyline
 90
        3
 70
     0
 10
685448.2340465541
 20
2545280.158375639
 40
0.0
 41
0.0
 10
685448.8777265
 20
2545281.588758561
 40
0.4000000000000001
 41
0.0
 10
685449.4932795843
 20
2545282.956638088
 40
0.0
 41
0.0
  0
TEXT
  5
B5B
330
2
100
AcDbEntity
  8
TWT_SYMB
 62
     7
100
AcDbText
 10
685307.3300736511
 20
2545260.299557684
 30
0.0
 40
1.4
  1
D400,L=18
 50
316.6751317358599
 41
0.525
  7
天正
100
AcDbText
  0
LWPOLYLINE
  5
B5C
330
2
100
AcDbEntity
  8
TWT_SYMB
100
AcDbPolyline
 90
        3
 70
     0
 10
685312.7621093257
 20
2545257.461514857
 40
0.0
 41
0.0
 10
685309.4463532311
 20
2545260.588843597
 40
0.4000000000000001
 41
0.0
 10
685308.3551406992
 20
2545261.618044846
 40
0.0
 41
0.0
  0
TEXT
  5
B5D
330
2
100
AcDbEntity
  8
TWT_SYMB
 62
     7
100
AcDbText
 10
685291.9894507703
 20
2545274.768418935
 30
0.0
 40
1.4
  1
D500,L=24
 50
316.6751317358599
 41
0.525
  7
天正
100
AcDbText
  0
LWPOLYLINE
  5
B5E
330
2
100
AcDbEntity
  8
TWT_SYMB
100
AcDbPolyline
 90
        3
 70
     0
 10
685297.4851405095
 20
2545271.870339368
 40
0.0
 41
0.0
 10
685294.1693844148
 20
2545274.997668108
 40
0.4000000000000001
 41
0.0
 10
685293.0781718829
 20
2545276.026869357
 40
0.0
 41
0.0
  0
TEXT
  5
B5F
330
2
100
AcDbEntity
  8
TWT_SYMB
 62
     7
100
AcDbText
 10
685274.5629000825
 20
2545291.204652507
 30
0.0
 40
1.4
  1
D500,L=24
 50
316.6751317358599
 41
0.525
  7
天正
100
AcDbText
  0
LWPOLYLINE
  5
B60
330
2
100
AcDbEntity
  8
TWT_SYMB
100
AcDbPolyline
 90
        3
 70
     0
 10
685280.0585898217
 20
2545288.30657294
 40
0.0
 41
0.0
 10
685276.742833727
 20
2545291.43390168
 40
0.4000000000000001
 41
0.0
 10
685275.6516211951
 20
2545292.463102929
 40
0.0
 41
0.0
  0
TEXT
  5
B61
330
2
100
AcDbEntity
  8
TWT_SYMB
 62
     7
100
AcDbText
 10
685351.4342193115
 20
2545307.061059877
 30
0.0
 40
1.4
  1
D400,L=18
 50
316.6751317273676
 41
0.525
  7
天正
100
AcDbText
  0
LWPOLYLINE
  5
B62
330
2
100
AcDbEntity
  8
TWT_SYMB
100
AcDbPolyline
 90
        3
 70
     0
 10
685355.3024408658
 20
2545302.56498023
 40
0.0
 41
0.0
 10
685351.9866847719
 20
2545305.692308971
 40
0.4000000000000001
 41
0.0
 10
685350.8954722402
 20
2545306.72151022
 40
0.0
 41
0.0
  0
TEXT
  5
B63
330
2
100
AcDbEntity
  8
TWT_SYMB
 62
     7
100
AcDbText
 10
685336.0935898011
 20
2545321.529914099
 30
0.0
 40
1.4
  1
D500,L=24
 50
316.6751317273676
 41
0.525
  7
天正
100
AcDbText
  0
LWPOLYLINE
  5
B64
330
2
100
AcDbEntity
  8
TWT_SYMB
100
AcDbPolyline
 90
        3
 70
     0
 10
685340.0254654203
 20
2545316.973797712
 40
0.0
 41
0.0
 10
685336.7097093263
 20
2545320.101126453
 40
0.4000000000000001
 41
0.0
 10
685335.6184967946
 20
2545321.130327701
 40
0.0
 41
0.0
  0
TEXT
  5
B65
330
2
100
AcDbEntity
  8
TWT_SYMB
 62
     7
100
AcDbText
 10
685318.6670407961
 20
2545337.966149455
 30
0.0
 40
1.4
  1
D600,L=24
 50
316.6751317273676
 41
0.525
  7
天正
100
AcDbText
  0
LWPOLYLINE
  5
B66
330
2
100
AcDbEntity
  8
TWT_SYMB
100
AcDbPolyline
 90
        3
 70
     0
 10
685322.5989164151
 20
2545333.410033069
 40
0.0
 41
0.0
 10
685319.2831603212
 20
2545336.537361809
 40
0.4000000000000001
 41
0.0
 10
685318.1919477894
 20
2545337.566563058
 40
0.0
 41
0.0
  0
TEXT
  5
B67
330
2
100
AcDbEntity
  8
TWT_SYMB
 62
     7
100
AcDbText
 10
685277.2472742381
 20
2545308.184494539
 30
0.0
 40
1.4
  1
D600,L=30
 50
46.6751317347699
 41
0.525
  7
天正
100
AcDbText
  0
LWPOLYLINE
  5
B68
330
2
100
AcDbEntity
  8
TWT_SYMB
100
AcDbPolyline
 90
        3
 70
     0
 10
685277.4347834297
 20
2545307.73959844
 40
0.0
 41
0.0
 10
685280.7076356277
 20
2545311.20964605
 40
0.4000000000000001
 41
0.0
 10
685281.7368368762
 20
2545312.300858582
 40
0.0
 41
0.0
  0
TEXT
  5
B69
330
2
100
AcDbEntity
  8
TWT_SYMB
 62
     7
100
AcDbText
 10
685298.2822201759
 20
2545330.487276842
 30
0.0
 40
1.4
  1
D600,L=31
 50
46.6751317347699
 41
0.525
  7
天正
100
AcDbText
  0
LWPOLYLINE
  5
B6A
330
2
100
AcDbEntity
  8
TWT_SYMB
100
AcDbPolyline
 90
        3
 70
     0
 10
685298.3616632369
 20
2545329.927803428
 40
0.0
 41
0.0
 10
685301.6345154347
 20
2545333.397851038
 40
0.4000000000000001
 41
0.0
 10
685302.6637166834
 20
2545334.48906357
 40
0.0
 41
0.0
  0
TEXT
  5
B6B
330
2
100
AcDbEntity
  8
TWT_SYMB
 62
     7
100
AcDbText
 10
685319.2914514465
 20
2545349.755105221
 30
0.0
 40
1.4
  1
D600,L=24
 50
35.04433538299218
 41
0.525
  7
天正
100
AcDbText
  0
LWPOLYLINE
  5
B6C
330
2
100
AcDbEntity
  8
TWT_SYMB
100
AcDbPolyline
 90
        3
 70
     0
 10
685319.0298824149
 20
2545349.032182913
 40
0.0
 41
0.0
 10
685323.6748350925
 20
2545352.289973185
 40
0.4000000000000001
 41
0.0
 10
685324.9028970424
 20
2545353.15128837
 40
0.0
 41
0.0
  0
TEXT
  5
B6D
330
2
100
AcDbEntity
  8
TWT_SYMB
 62
     7
100
AcDbText
 10
685338.9845098674
 20
2545364.889560566
 30
0.0
 40
1.4
  1
D600,L=28
 50
40.66640022612516
 41
0.525
  7
天正
100
AcDbText
  0
LWPOLYLINE
  5
B6E
330
2
100
AcDbEntity
  8
TWT_SYMB
100
AcDbPolyline
 90
        3
 70
     0
 10
685338.7632463055
 20
2545364.117192663
 40
0.0
 41
0.0
 10
685343.103703634
 20
2545367.846148672
 40
0.4000000000000001
 41
0.0
 10
685344.2414785546
 20
2545368.823629224
 40
0.0
 41
0.0
  0
TEXT
  5
B6F
330
2
100
AcDbEntity
  8
TWT_SYMB
 62
     7
100
AcDbText
 10
685398.59739464
 20
2545326.588788964
 30
0.0
 40
1.4
  1
D400,L=24
 50
316.6751317358599
 41
0.525
  7
天正
100
AcDbText
  0
LWPOLYLINE
  5
B70
330
2
100
AcDbEntity
  8
TWT_SYMB
100
AcDbPolyline
 90
        3
 70
     0
 10
685404.0930843793
 20
2545323.690709397
 40
0.0
 41
0.0
 10
685400.7773282848
 20
2545326.818038137
 40
0.4000000000000001
 41
0.0
 10
685399.6861157527
 20
2545327.847239386
 40
0.0
 41
0.0
  0
TEXT
  5
B71
330
2
100
AcDbEntity
  8
TWT_SYMB
 62
     7
100
AcDbText
 10
685383.3838485946
 20
2545340.937331499
 30
0.0
 40
1.4
  1
D400,L=18
 50
316.6751317358599
 41
0.525
  7
天正
100
AcDbText
  0
LWPOLYLINE
  5
B72
330
2
100
AcDbEntity
  8
TWT_SYMB
100
AcDbPolyline
 90
        3
 70
     0
 10
685388.815884269
 20
2545338.099288671
 40
0.0
 41
0.0
 10
685385.5001281743
 20
2545341.226617412
 40
0.4000000000000001
 41
0.0
 10
685384.4089156424
 20
2545342.255818661
 40
0.0
 41
0.0
  0
TEXT
  5
B73
330
2
100
AcDbEntity
  8
TWT_SYMB
 62
     7
100
AcDbText
 10
685368.0432190841
 20
2545355.406185721
 30
0.0
 40
1.4
  1
D500,L=24
 50
316.6751317358599
 41
0.525
  7
天正
100
AcDbText
  0
LWPOLYLINE
  5
B74
330
2
100
AcDbEntity
  8
TWT_SYMB
100
AcDbPolyline
 90
        3
 70
     0
 10
685373.5389088234
 20
2545352.508106154
 40
0.0
 41
0.0
 10
685370.2231527288
 20
2545355.635434894
 40
0.4000000000000001
 41
0.0
 10
685369.1319401969
 20
2545356.664636142
 40
0.0
 41
0.0
  0
TEXT
  5
B75
330
2
100
AcDbEntity
  8
TWT_SYMB
 62
     7
100
AcDbText
 10
685354.3985166178
 20
2545370.138385333
 30
0.0
 40
1.4
  1
D500,L=16
 50
309.7155040688019
 41
0.525
  7
天正
100
AcDbText
  0
LWPOLYLINE
  5
B76
330
2
100
AcDbEntity
  8
TWT_SYMB
100
AcDbPolyline
 90
        3
 70
     0
 10
685359.4750799302
 20
2545366.628820086
 40
0.0
 41
0.0
 10
685356.4834540287
 20
2545370.230267535
 40
0.4000000000000001
 41
0.0
 10
685355.5249900416
 20
2545371.384107553
 40
0.0
 41
0.0
  0
LINE
  5
B77
330
2
100
AcDbEntity
  8
TWT_LEAD
100
AcDbLine
 10
685352.7660000001
 20
2545375.488
 30
0.0
 11
685350.9133192992
 21
2545375.488
 31
0.0
  0
LINE
  5
B78
330
2
100
AcDbEntity
  8
TWT_LEAD
100
AcDbLine
 10
685350.9133192992
 20
2545375.488
 30
0.0
 11
685347.5121555653
 21
2545375.488
 31
0.0
  0
TEXT
  5
B79
330
2
100
AcDbEntity
  8
TWT_LEAD
 62
     7
100
AcDbText
 10
685348.0927374322
 20
2545375.838
 30
0.0
 40
1.4
  1
5.30
 41
0.525
  7
天正
100
AcDbText
  0
TEXT
  5
B7A
330
2
100
AcDbEntity
  8
TWT_LEAD
 62
     7
100
AcDbText
 10
685348.0752374323
 20
2545373.737999999
 30
0.0
 40
1.4
  1
2.24
 41
0.525
  7
天正
100
AcDbText
  0
TEXT
  5
B7B
330
2
100
AcDbEntity
  8
TWT_TEXT
100
AcDbText
 10
685433.4072437755
 20
2545290.235342356
 30
0.0
 40
1.4
  1
4.07
 41
0.525
  7
天正
100
AcDbText
  0
LINE
  5
B7C
330
2
100
AcDbEntity
  8
TWT_LEAD
100
AcDbLine
 10
685370.0340096496
 20
2545287.984519272
 30
0.0
 11
685370.0340096496
 21
2545291.18225631
 31
0.0
  0
LINE
  5
B7D
330
2
100
AcDbEntity
  8
TWT_LEAD
100
AcDbLine
 10
685370.0340096496
 20
2545291.18225631
 30
0.0
 11
685373.2283638433
 21
2545291.18225631
 31
0.0
  0
TEXT
  5
B7E
330
2
100
AcDbEntity
  8
TWT_LEAD
 62
     7
100
AcDbText
 10
685370.5111867464
 20
2545291.532256309
 30
0.0
 40
1.4
  1
5.30
 41
0.525
  7
天正
100
AcDbText
  0
TEXT
  5
B7F
330
2
100
AcDbEntity
  8
TWT_LEAD
 62
     7
100
AcDbText
 10
685370.5111867464
 20
2545289.432256309
 30
0.0
 40
1.4
  1
4.20
 41
0.525
  7
天正
100
AcDbText
  0
LINE
  5
B80
330
2
100
AcDbEntity
  8
PIPE-污水
  6
DASH
 48
0.0125
100
AcDbLine
 10
685435.8525893196
 20
2545293.672441018
 30
0.0
 11
685436.6137572032
 21
2545294.479470678
 31
0.0
  0
LINE
  5
B81
330
2
100
AcDbEntity
  8
PIPE-污水
  6
DASH
 48
0.0125
100
AcDbLine
 10
685446.6850000001
 20
2545286.527
 30
0.0
 11
685455.1548737915
 21
2545295.492402551
 31
0.0
  0
LINE
  5
B82
330
2
100
AcDbEntity
  8
PIPE-雨水
  6
DASH
 48
0.0125
100
AcDbLine
 10
685449.353
 20
2545283.991
 30
0.0
 11
685458.085631451
 21
2545292.723631451
 31
0.0
  0
LINE
  5
B83
330
2
100
AcDbEntity
  8
PIPE-雨水
  6
DASH
 48
0.0125
100
AcDbLine
 10
685352.7660000001
 20
2545375.488
 30
0.0
 11
685361.1195528841
 21
2545384.330276306
 31
0.0
  0
TEXT
  5
B84
330
2
100
AcDbEntity
  8
TWT_SYMB
 62
     7
100
AcDbText
 10
685356.0369514887
 20
2545380.188062968
 30
0.0
 40
1.4
  1
D600
 50
46.62796764224469
 41
0.525
  7
天正
100
AcDbText
  0
LWPOLYLINE
  5
B85
330
2
100
AcDbEntity
  8
TWT_SYMB
100
AcDbPolyline
 90
        3
 70
     0
 10
685355.8624500642
 20
2545379.493692686
 40
0.0
 41
0.0
 10
685357.4928642567
 20
2545381.219494029
 40
0.4000000000000001
 41
0.0
 10
685358.5229634086
 20
2545382.309858985
 40
0.0
 41
0.0
  0
TEXT
  5
B86
330
2
100
AcDbEntity
  8
TWT_SYMB
 62
     7
100
AcDbText
 10
685450.8340785439
 20
2545292.156564721
 30
0.0
 40
1.4
  1
D400
 50
46.62796764224469
 41
0.525
  7
天正
100
AcDbText
  0
LWPOLYLINE
  5
B87
330
2
100
AcDbEntity
  8
TWT_SYMB
100
AcDbPolyline
 90
        3
 70
     0
 10
685450.6595771193
 20
2545291.462194439
 40
0.0
 41
0.0
 10
685452.2899913118
 20
2545293.187995782
 40
0.4000000000000001
 41
0.0
 10
685453.3200904636
 20
2545294.278360738
 40
0.0
 41
0.0
  0
TEXT
  5
B88
330
2
100
AcDbEntity
  8
TWT_SYMB
 62
     7
100
AcDbText
 10
685453.6425061396
 20
2545289.540349033
 30
0.0
 40
1.4
  1
D600
 50
46.62796764224469
 41
0.525
  7
天正
100
AcDbText
  0
LWPOLYLINE
  5
B89
330
2
100
AcDbEntity
  8
TWT_SYMB
100
AcDbPolyline
 90
        3
 70
     0
 10
685453.4680047152
 20
2545288.845978752
 40
0.0
 41
0.0
 10
685455.0984189076
 20
2545290.571780094
 40
0.4000000000000001
 41
0.0
 10
685456.1285180595
 20
2545291.66214505
 40
0.0
 41
0.0
  0
LINE
  5
B8A
330
2
100
AcDbEntity
  8
TWT_LEAD
100
AcDbLine
 10
685449.353
 20
2545283.991
 30
0.0
 11
685451.7856359604
 21
2545283.991
 31
0.0
  0
LINE
  5
B8B
330
2
100
AcDbEntity
  8
TWT_LEAD
100
AcDbLine
 10
685451.7856359604
 20
2545283.991
 30
0.0
 11
685454.9799901541
 21
2545283.991
 31
0.0
  0
TEXT
  5
B8C
330
2
100
AcDbEntity
  8
TWT_LEAD
 62
     7
100
AcDbText
 10
685452.2628130571
 20
2545284.341
 30
0.0
 40
1.4
  1
5.30
 41
0.525
  7
天正
100
AcDbText
  0
TEXT
  5
B8D
330
2
100
AcDbEntity
  8
TWT_LEAD
 62
     7
100
AcDbText
 10
685452.2803130571
 20
2545282.241
 30
0.0
 40
1.4
  1
2.09
 41
0.525
  7
天正
100
AcDbText
  0
LINE
  5
B8E
330
2
100
AcDbEntity
  8
TWT_LEAD
100
AcDbLine
 10
685446.6850000001
 20
2545286.527
 30
0.0
 11
685446.6850000001
 21
2545291.796349878
 31
0.0
  0
LINE
  5
B8F
330
2
100
AcDbEntity
  8
TWT_LEAD
100
AcDbLine
 10
685446.6850000001
 20
2545291.796349878
 30
0.0
 11
685449.879354194
 21
2545291.796349878
 31
0.0
  0
TEXT
  5
B90
330
2
100
AcDbEntity
  8
TWT_LEAD
 62
     7
100
AcDbText
 10
685447.162177097
 20
2545292.146349878
 30
0.0
 40
1.4
  1
5.30
 41
0.525
  7
天正
100
AcDbText
  0
TEXT
  5
B91
330
2
100
AcDbEntity
  8
TWT_LEAD
 62
     7
100
AcDbText
 10
685447.232177097
 20
2545290.046349878
 30
0.0
 40
1.4
  1
3.17
 41
0.525
  7
天正
100
AcDbText
  0
LINE
  5
B92
330
2
100
AcDbEntity
  8
TWT_LEAD
100
AcDbLine
 10
685458.0856314512
 20
2545292.723631451
 30
0.0
 11
685460.8459952375
 21
2545295.483995237
 31
0.0
  0
LINE
  5
B93
330
2
100
AcDbEntity
  8
TWT_LEAD
100
AcDbLine
 10
685460.8459952375
 20
2545295.483995237
 30
0.0
 11
685471.2564369904
 21
2545295.483995237
 31
0.0
  0
TEXT
  5
B94
330
2
100
AcDbEntity
  8
TWT_LEAD
 62
     7
100
AcDbText
 10
685461.300723988
 20
2545295.833995237
 30
0.0
 40
1.75
  1
现状市政雨水管网
 41
0.7
  7
天正
100
AcDbText
  0
LINE
  5
B95
330
2
100
AcDbEntity
  8
TWT_LEAD
100
AcDbLine
 10
685455.1548737915
 20
2545295.492402551
 30
0.0
 11
685458.6253065488
 21
2545298.962835309
 31
0.0
  0
LINE
  5
B96
330
2
100
AcDbEntity
  8
TWT_LEAD
100
AcDbLine
 10
685458.6253065488
 20
2545298.962835309
 30
0.0
 11
685469.0357483018
 21
2545298.962835309
 31
0.0
  0
TEXT
  5
B97
330
2
100
AcDbEntity
  8
TWT_LEAD
 62
     7
100
AcDbText
 10
685459.0800352993
 20
2545299.312835309
 30
0.0
 40
1.75
  1
现状市政污水管网
 41
0.7
  7
天正
100
AcDbText
  0
LINE
  5
B98
330
2
100
AcDbEntity
  8
TWT_LEAD
100
AcDbLine
 10
685361.1195531048
 20
2545384.330276388
 30
0.0
 11
685363.8799168911
 21
2545387.090640174
 31
0.0
  0
LINE
  5
B99
330
2
100
AcDbEntity
  8
TWT_LEAD
100
AcDbLine
 10
685363.8799168911
 20
2545387.090640174
 30
0.0
 11
685374.290358644
 21
2545387.090640174
 31
0.0
  0
TEXT
  5
B9A
330
2
100
AcDbEntity
  8
TWT_LEAD
 62
     7
100
AcDbText
 10
685364.3346456417
 20
2545387.440640174
 30
0.0
 40
1.75
  1
现状市政雨水管网
 41
0.7
  7
天正
100
AcDbText
  0
LINE
  5
B9B
330
2
100
AcDbEntity
  8
PIPE-雨水
  6
DASH
 48
0.0125
100
AcDbLine
 10
686102.5247280436
 20
2545279.676338452
 30
0.0
 11
686124.9975645472
 21
2545258.480585364
 31
0.0
  0
LINE
  5
B9C
330
2
100
AcDbEntity
  8
PIPE-雨水
  6
DASH
 48
0.0125
100
AcDbLine
 10
686124.9975645472
 20
2545258.480585364
 30
0.0
 11
686108.3849461495
 21
2545251.550873252
 31
0.0
  0
LINE
  5
B9D
330
2
100
AcDbEntity
  8
PIPE-雨水
  6
DASH
 48
0.0125
100
AcDbLine
 10
686124.9975645472
 20
2545258.480585364
 30
0.0
 11
686141.6101829258
 21
2545265.410297467
 31
0.0
  0
LINE
  5
B9E
330
2
100
AcDbEntity
  8
PIPE-雨水
  6
DASH
 48
0.0125
100
AcDbLine
 10
686141.6101829258
 20
2545265.410297467
 30
0.0
 11
686162.1942079136
 21
2545287.234548119
 31
0.0
  0
LINE
  5
B9F
330
2
100
AcDbEntity
  8
PIPE-雨水
  6
DASH
 48
0.0125
100
AcDbLine
 10
686043.2111434204
 20
2545251.767582137
 30
0.0
 11
686060.6705439299
 21
2545235.300362158
 31
0.0
  0
LINE
  5
BA0
330
2
100
AcDbEntity
  8
PIPE-雨水
  6
DASH
 48
0.0125
100
AcDbLine
 10
686032.6717502819
 20
2545261.708017457
 30
0.0
 11
686019.5771999001
 21
2545274.058432442
 31
0.0
  0
LINE
  5
BA1
330
2
100
AcDbEntity
  8
PIPE-雨水
  6
DASH
 48
0.0125
100
AcDbLine
 10
686019.5771999001
 20
2545274.058432442
 30
0.0
 11
686002.1178126493
 21
2545290.525666478
 31
0.0
  0
LINE
  5
BA2
330
2
100
AcDbEntity
  8
PIPE-雨水
  6
DASH
 48
0.0125
100
AcDbLine
 10
686002.1178126493
 20
2545290.525666478
 30
0.0
 11
685984.7240985245
 21
2545306.930899585
 31
0.0
  0
LINE
  5
BA3
330
2
100
AcDbEntity
  8
PIPE-雨水
  6
DASH
 48
0.0125
100
AcDbLine
 10
686085.0810889475
 20
2545296.129945689
 30
0.0
 11
686102.5247280436
 21
2545279.676338452
 31
0.0
  0
LINE
  5
BA4
330
2
100
AcDbEntity
  8
PIPE-雨水
  6
DASH
 48
0.0125
100
AcDbLine
 10
686074.5255065307
 20
2545306.084423864
 30
0.0
 11
686026.5778581385
 21
2545351.307309562
 31
0.0
  0
LINE
  5
BA5
330
2
100
AcDbEntity
  8
PIPE-雨水
  6
DASH
 48
0.0125
100
AcDbLine
 10
686026.5778581385
 20
2545351.307309562
 30
0.0
 11
686005.3079029357
 21
2545328.75535825
 31
0.0
  0
LINE
  5
BA6
330
2
100
AcDbEntity
  8
PIPE-雨水
  6
DASH
 48
0.0125
100
AcDbLine
 10
686005.3079029357
 20
2545328.75535825
 30
0.0
 11
685984.7240985245
 21
2545306.930899585
 31
0.0
  0
LINE
  5
BA7
330
2
100
AcDbEntity
  8
PIPE-雨水
  6
DASH
 48
0.0125
100
AcDbLine
 10
686162.1942079136
 20
2545287.234548119
 30
0.0
 11
686164.4000792979
 21
2545292.136426417
 31
0.0
  0
LINE
  5
BA8
330
2
100
AcDbEntity
  8
PIPE-雨水
  6
DASH
 48
0.0125
100
AcDbLine
 10
686133.2579634455
 20
2545318.520023171
 30
0.0
 11
686146.352513828
 21
2545306.169608187
 31
0.0
  0
LINE
  5
BA9
330
2
100
AcDbEntity
  8
PIPE-雨水
  6
DASH
 48
0.0125
100
AcDbLine
 10
686146.352513828
 20
2545306.169608187
 30
0.0
 11
686162.1942079136
 21
2545287.234548119
 31
0.0
  0
LINE
  5
BAA
330
2
100
AcDbEntity
  8
PIPE-雨水
  6
DASH
 48
0.0125
100
AcDbLine
 10
686126.1853750639
 20
2545325.879047707
 30
0.0
 11
686078.1715743339
 21
2545371.163426235
 31
0.0
  0
LINE
  5
BAB
330
2
100
AcDbEntity
  8
PIPE-雨水
  6
DASH
 48
0.0125
100
AcDbLine
 10
686078.1715743339
 20
2545371.163426235
 30
0.0
 11
686067.813079298
 21
2545383.633426417
 31
0.0
  0
LINE
  5
BAC
330
2
100
AcDbEntity
  8
PIPE-雨水
  6
DASH
 48
0.0125
100
AcDbLine
 10
686067.813079298
 20
2545383.633426417
 30
0.0
 11
686046.226849336
 21
2545365.088352517
 31
0.0
  0
LINE
  5
BAD
330
2
100
AcDbEntity
  8
PIPE-雨水
  6
DASH
 48
0.0125
100
AcDbLine
 10
686046.226849336
 20
2545365.088352517
 30
0.0
 11
686026.5778581385
 21
2545351.307309562
 31
0.0
  0
LINE
  5
BAE
330
2
100
AcDbEntity
  8
PIPE-雨水
  6
DASH
 48
0.0125
100
AcDbLine
 10
686060.6705439299
 20
2545235.300362158
 30
0.0
 11
686077.8238980746
 21
2545253.487237689
 31
0.0
  0
LINE
  5
BAF
330
2
100
AcDbEntity
  8
PIPE-雨水
  6
DASH
 48
0.0125
100
AcDbLine
 10
686077.8238980746
 20
2545253.487237689
 30
0.0
 11
686102.5247280436
 21
2545279.676338452
 31
0.0
  0
LINE
  5
BB0
330
2
100
AcDbEntity
  8
PIPE-雨水
  6
DASH
 48
0.0125
100
AcDbLine
 10
686164.4000792979
 20
2545292.136426417
 30
0.0
 11
686173.1327107489
 21
2545300.869057868
 31
0.0
  0
LINE
  5
BB1
330
2
100
AcDbEntity
  8
PIPE-雨水
  6
DASH
 48
0.0125
100
AcDbLine
 10
686067.813079298
 20
2545383.633426417
 30
0.0
 11
686076.166632182
 21
2545392.475702723
 31
0.0
  0
CIRCLE
  5
BB2
330
2
100
AcDbEntity
  8
VPIPE-雨水
  6
Continuous
100
AcDbCircle
 10
685273.7301773579
 20
2545298.414263588
 30
0.0
 40
0.3499999999767169
  0
LINE
  5
BB3
330
2
100
AcDbEntity
  8
PIPE-雨水
  6
DASH
 48
0.0125
100
AcDbLine
 10
685273.4857635386
 20
2545298.163740365
 30
0.0
 11
685271.6459159785
 21
2545296.277903714
 31
0.0
  0
CIRCLE
  5
BB4
330
2
100
AcDbEntity
  8
VPIPE-雨水
  6
Continuous
100
AcDbCircle
 10
685285.3698886459
 20
2545287.436234569
 30
0.0
 40
0.3499999999767169
  0
LINE
  5
BB5
330
2
100
AcDbEntity
  8
PIPE-雨水
  6
DASH
 48
0.0125
100
AcDbLine
 10
685285.1255593482
 20
2545287.185628914
 30
0.0
 11
685283.2863363585
 21
2545285.299159765
 31
0.0
  0
CIRCLE
  5
BB6
330
2
100
AcDbEntity
  8
VPIPE-雨水
  6
Continuous
100
AcDbCircle
 10
685297.0095999338
 20
2545276.458205551
 30
0.0
 40
0.3499999999767169
  0
LINE
  5
BB7
330
2
100
AcDbEntity
  8
PIPE-雨水
  6
DASH
 48
0.0125
100
AcDbLine
 10
685296.7652706003
 20
2545276.20759993
 30
0.0
 11
685294.926023899
 21
2545274.321106999
 31
0.0
  0
CIRCLE
  5
BB8
330
2
100
AcDbEntity
  8
VPIPE-雨水
  6
Continuous
100
AcDbCircle
 10
685308.6493112217
 20
2545265.480176531
 30
0.0
 40
0.3499999999767169
  0
LINE
  5
BB9
330
2
100
AcDbEntity
  8
PIPE-雨水
  6
DASH
 48
0.0125
100
AcDbLine
 10
685308.4091665343
 20
2545265.225558132
 30
0.0
 11
685306.6016786468
 21
2545263.309131509
 31
0.0
  0
CIRCLE
  5
BBA
330
2
100
AcDbEntity
  8
VPIPE-雨水
  6
Continuous
100
AcDbCircle
 10
685320.2890225095
 20
2545254.502147513
 30
0.0
 40
0.3499999999767169
  0
LINE
  5
BBB
330
2
100
AcDbEntity
  8
PIPE-雨水
  6
DASH
 48
0.0125
100
AcDbLine
 10
685320.048877822
 20
2545254.247529115
 30
0.0
 11
685318.2413668989
 21
2545252.331078072
 31
0.0
  0
CIRCLE
  5
BBC
330
2
100
AcDbEntity
  8
VPIPE-雨水
  6
Continuous
100
AcDbCircle
 10
685331.9287337976
 20
2545243.524118494
 30
0.0
 40
0.3499999999767169
  0
LINE
  5
BBD
330
2
100
AcDbEntity
  8
PIPE-雨水
  6
DASH
 48
0.0125
100
AcDbLine
 10
685331.6885891103
 20
2545243.269500095
 30
0.0
 11
685329.8810551565
 21
2545241.353024629
 31
0.0
  0
CIRCLE
  5
BBE
330
2
100
AcDbEntity
  8
VPIPE-雨水
  6
Continuous
100
AcDbCircle
 10
685340.9155496919
 20
2545235.098370031
 30
0.0
 40
0.3499999999767169
  0
LINE
  5
BBF
330
2
100
AcDbEntity
  8
PIPE-雨水
  6
DASH
 48
0.0125
100
AcDbLine
 10
685340.6754050017
 20
2545234.843751635
 30
0.0
 11
685338.8427990759
 21
2545232.900693132
 31
0.0
  0
CIRCLE
  5
BC0
330
2
100
AcDbEntity
  8
VPIPE-雨水
  6
Continuous
100
AcDbCircle
 10
685309.868611282
 20
2545336.730136226
 30
0.0
 40
0.3499999999767169
  0
LINE
  5
BC1
330
2
100
AcDbEntity
  8
PIPE-雨水
  6
DASH
 48
0.0125
100
AcDbLine
 10
685309.6139972571
 20
2545336.970285551
 30
0.0
 11
685308.9271091817
 21
2545337.618151307
 31
0.0
  0
CIRCLE
  5
BC2
330
2
100
AcDbEntity
  8
VPIPE-雨水
  6
Continuous
100
AcDbCircle
 10
685321.5083225698
 20
2545325.752107207
 30
0.0
 40
0.3499999999767169
  0
LINE
  5
BC3
330
2
100
AcDbEntity
  8
PIPE-雨水
  6
DASH
 48
0.0125
100
AcDbLine
 10
685321.748471895
 20
2545326.006721232
 30
0.0
 11
685322.3963376511
 21
2545326.693609307
 31
0.0
  0
CIRCLE
  5
BC4
330
2
100
AcDbEntity
  8
VPIPE-雨水
  6
Continuous
100
AcDbCircle
 10
685333.1480338578
 20
2545314.774078189
 30
0.0
 40
0.3499999999767169
  0
LINE
  5
BC5
330
2
100
AcDbEntity
  8
PIPE-雨水
  6
DASH
 48
0.0125
100
AcDbLine
 10
685333.3881831829
 20
2545315.028692213
 30
0.0
 11
685334.036048939
 21
2545315.715580289
 31
0.0
  0
CIRCLE
  5
BC6
330
2
100
AcDbEntity
  8
VPIPE-雨水
  6
Continuous
100
AcDbCircle
 10
685344.7877451458
 20
2545303.79604917
 30
0.0
 40
0.3499999999767169
  0
LINE
  5
BC7
330
2
100
AcDbEntity
  8
PIPE-雨水
  6
DASH
 48
0.0125
100
AcDbLine
 10
685345.0278944707
 20
2545304.050663195
 30
0.0
 11
685345.675760227
 21
2545304.73755127
 31
0.0
  0
CIRCLE
  5
BC8
330
2
100
AcDbEntity
  8
VPIPE-雨水
  6
Continuous
100
AcDbCircle
 10
685356.4274564337
 20
2545292.818020151
 30
0.0
 40
0.3499999999767169
  0
LINE
  5
BC9
330
2
100
AcDbEntity
  8
PIPE-雨水
  6
DASH
 48
0.0125
100
AcDbLine
 10
685356.6676057586
 20
2545293.072634176
 30
0.0
 11
685357.3154715149
 21
2545293.759522251
 31
0.0
  0
CIRCLE
  5
BCA
330
2
100
AcDbEntity
  8
VPIPE-雨水
  6
Continuous
100
AcDbCircle
 10
685368.0671677216
 20
2545281.839991132
 30
0.0
 40
0.3499999999767169
  0
LINE
  5
BCB
330
2
100
AcDbEntity
  8
PIPE-雨水
  6
DASH
 48
0.0125
100
AcDbLine
 10
685368.3073170465
 20
2545282.094605157
 30
0.0
 11
685368.9551828027
 21
2545282.781493233
 31
0.0
  0
CIRCLE
  5
BCC
330
2
100
AcDbEntity
  8
VPIPE-雨水
  6
Continuous
100
AcDbCircle
 10
685377.0539836159
 20
2545273.414242669
 30
0.0
 40
0.3499999999767169
  0
LINE
  5
BCD
330
2
100
AcDbEntity
  8
PIPE-雨水
  6
DASH
 48
0.0125
100
AcDbLine
 10
685377.3085976408
 20
2545273.174093344
 30
0.0
 11
685377.9954857163
 21
2545272.526227588
 31
0.0
  0
CIRCLE
  5
BCE
330
2
100
AcDbEntity
  8
VPIPE-雨水
  6
Continuous
100
AcDbCircle
 10
685325.5618009623
 20
2545340.251756722
 30
0.0
 40
0.3499999999767169
  0
LINE
  5
BCF
330
2
100
AcDbEntity
  8
PIPE-雨水
  6
DASH
 48
0.0125
100
AcDbLine
 10
685325.3216565775
 20
2545339.997138037
 30
0.0
 11
685324.673804149
 21
2545339.310237392
 31
0.0
  0
CIRCLE
  5
BD0
330
2
100
AcDbEntity
  8
VPIPE-雨水
  6
Continuous
100
AcDbCircle
 10
685337.2015122502
 20
2545329.273727703
 30
0.0
 40
0.3499999999767169
  0
LINE
  5
BD1
330
2
100
AcDbEntity
  8
PIPE-雨水
  6
DASH
 48
0.0125
100
AcDbLine
 10
685336.9613678655
 20
2545329.019109018
 30
0.0
 11
685336.3135154371
 21
2545328.332208373
 31
0.0
  0
CIRCLE
  5
BD2
330
2
100
AcDbEntity
  8
VPIPE-雨水
  6
Continuous
100
AcDbCircle
 10
685348.8412235382
 20
2545318.295698684
 30
0.0
 40
0.3499999999767169
  0
LINE
  5
BD3
330
2
100
AcDbEntity
  8
PIPE-雨水
  6
DASH
 48
0.0125
100
AcDbLine
 10
685348.6010791534
 20
2545318.04108
 30
0.0
 11
685347.9532267249
 21
2545317.354179354
 31
0.0
  0
CIRCLE
  5
BD4
330
2
100
AcDbEntity
  8
VPIPE-雨水
  6
Continuous
100
AcDbCircle
 10
685360.4809348261
 20
2545307.317669666
 30
0.0
 40
0.3499999999767169
  0
LINE
  5
BD5
330
2
100
AcDbEntity
  8
PIPE-雨水
  6
DASH
 48
0.0125
100
AcDbLine
 10
685360.2407904412
 20
2545307.063050981
 30
0.0
 11
685359.5929380128
 21
2545306.376150335
 31
0.0
  0
CIRCLE
  5
BD6
330
2
100
AcDbEntity
  8
VPIPE-雨水
  6
Continuous
100
AcDbCircle
 10
685372.1206461141
 20
2545296.339640647
 30
0.0
 40
0.3499999999767169
  0
LINE
  5
BD7
330
2
100
AcDbEntity
  8
PIPE-雨水
  6
DASH
 48
0.0125
100
AcDbLine
 10
685371.8805017293
 20
2545296.085021962
 30
0.0
 11
685371.2326493007
 21
2545295.398121317
 31
0.0
  0
CIRCLE
  5
BD8
330
2
100
AcDbEntity
  8
VPIPE-雨水
  6
Continuous
100
AcDbCircle
 10
685383.760357402
 20
2545285.361611628
 30
0.0
 40
0.3499999999767169
  0
LINE
  5
BD9
330
2
100
AcDbEntity
  8
PIPE-雨水
  6
DASH
 48
0.0125
100
AcDbLine
 10
685383.5202130172
 20
2545285.106992944
 30
0.0
 11
685382.8723605886
 21
2545284.420092298
 31
0.0
  0
CIRCLE
  5
BDA
330
2
100
AcDbEntity
  8
VPIPE-雨水
  6
Continuous
100
AcDbCircle
 10
685395.4000686899
 20
2545274.383582609
 30
0.0
 40
0.3499999999767169
  0
LINE
  5
BDB
330
2
100
AcDbEntity
  8
PIPE-雨水
  6
DASH
 48
0.0125
100
AcDbLine
 10
685395.1599243051
 20
2545274.128963924
 30
0.0
 11
685394.5120718766
 21
2545273.442063279
 31
0.0
  0
CIRCLE
  5
BDC
330
2
100
AcDbEntity
  8
VPIPE-雨水
  6
Continuous
100
AcDbCircle
 10
685403.0109076529
 20
2545267.096711813
 30
0.0
 40
0.3499999999767169
  0
LINE
  5
BDD
330
2
100
AcDbEntity
  8
PIPE-雨水
  6
DASH
 48
0.0125
100
AcDbLine
 10
685402.7707632681
 20
2545266.842093128
 30
0.0
 11
685402.1229108396
 21
2545266.155192483
 31
0.0
  0
CIRCLE
  5
BDE
330
2
100
AcDbEntity
  8
VPIPE-雨水
  6
Continuous
100
AcDbCircle
 10
685352.0943716102
 20
2545368.382963935
 30
0.0
 40
0.3499999999767169
  0
LINE
  5
BDF
330
2
100
AcDbEntity
  8
PIPE-雨水
  6
DASH
 48
0.0125
100
AcDbLine
 10
685352.3345211414
 20
2545368.637577765
 30
0.0
 11
685352.9823874541
 21
2545369.324465316
 31
0.0
  0
CIRCLE
  5
BE0
330
2
100
AcDbEntity
  8
VPIPE-雨水
  6
Continuous
100
AcDbCircle
 10
685363.7338610001
 20
2545357.404699649
 30
0.0
 40
0.3499999999767169
  0
LINE
  5
BE1
330
2
100
AcDbEntity
  8
PIPE-雨水
  6
DASH
 48
0.0125
100
AcDbLine
 10
685363.9740105314
 20
2545357.659313479
 30
0.0
 11
685364.6218768435
 21
2545358.34620103
 31
0.0
  0
CIRCLE
  5
BE2
330
2
100
AcDbEntity
  8
VPIPE-雨水
  6
Continuous
100
AcDbCircle
 10
685375.37335039
 20
2545346.426435362
 30
0.0
 40
0.3499999999767169
  0
LINE
  5
BE3
330
2
100
AcDbEntity
  8
PIPE-雨水
  6
DASH
 48
0.0125
100
AcDbLine
 10
685375.6134999213
 20
2545346.681049192
 30
0.0
 11
685376.2613662334
 21
2545347.367936743
 31
0.0
  0
CIRCLE
  5
BE4
330
2
100
AcDbEntity
  8
VPIPE-雨水
  6
Continuous
100
AcDbCircle
 10
685387.01283978
 20
2545335.448171075
 30
0.0
 40
0.3499999999767169
  0
LINE
  5
BE5
330
2
100
AcDbEntity
  8
PIPE-雨水
  6
DASH
 48
0.0125
100
AcDbLine
 10
685387.2529893113
 20
2545335.702784906
 30
0.0
 11
685387.9008556233
 21
2545336.389672457
 31
0.0
  0
CIRCLE
  5
BE6
330
2
100
AcDbEntity
  8
VPIPE-雨水
  6
Continuous
100
AcDbCircle
 10
685398.6523291699
 20
2545324.469906789
 30
0.0
 40
0.3499999999767169
  0
LINE
  5
BE7
330
2
100
AcDbEntity
  8
PIPE-雨水
  6
DASH
 48
0.0125
100
AcDbLine
 10
685398.8924787012
 20
2545324.72452062
 30
0.0
 11
685399.5403450134
 21
2545325.41140817
 31
0.0
  0
CIRCLE
  5
BE8
330
2
100
AcDbEntity
  8
VPIPE-雨水
  6
Continuous
100
AcDbCircle
 10
685410.2918185599
 20
2545313.491642502
 30
0.0
 40
0.3499999999767169
  0
LINE
  5
BE9
330
2
100
AcDbEntity
  8
PIPE-雨水
  6
DASH
 48
0.0125
100
AcDbLine
 10
685410.5319680911
 20
2545313.746256333
 30
0.0
 11
685411.1798344033
 21
2545314.433143884
 31
0.0
  0
CIRCLE
  5
BEA
330
2
100
AcDbEntity
  8
VPIPE-雨水
  6
Continuous
100
AcDbCircle
 10
685421.1229079239
 20
2545303.275838591
 30
0.0
 40
0.3499999999767169
  0
LINE
  5
BEB
330
2
100
AcDbEntity
  8
PIPE-雨水
  6
DASH
 48
0.0125
100
AcDbLine
 10
685421.3630574552
 20
2545303.530452422
 30
0.0
 11
685422.0109237674
 21
2545304.217339972
 31
0.0
  0
CIRCLE
  5
BEC
330
2
100
AcDbEntity
  8
VPIPE-雨水
  6
Continuous
100
AcDbCircle
 10
685429.5275871554
 20
2545295.371605896
 30
0.0
 40
0.3499999999767169
  0
LINE
  5
BED
330
2
100
AcDbEntity
  8
PIPE-雨水
  6
DASH
 48
0.0125
100
AcDbLine
 10
685429.7677366869
 20
2545295.626219726
 30
0.0
 11
685430.4156029989
 21
2545296.313107276
 31
0.0
  0
CIRCLE
  5
BEE
330
2
100
AcDbEntity
  8
VPIPE-雨水
  6
Continuous
100
AcDbCircle
 10
685365.3781850003
 20
2545244.24596981
 30
0.0
 40
0.3499999999767169
  0
LINE
  5
BEF
330
2
100
AcDbEntity
  8
PIPE-雨水
  6
DASH
 48
0.0125
100
AcDbLine
 10
685365.1380356756
 20
2545243.991355785
 30
0.0
 11
685364.4901699194
 21
2545243.304467709
 31
0.0
  0
CIRCLE
  5
BF0
330
2
100
AcDbEntity
  8
VPIPE-雨水
  6
Continuous
100
AcDbCircle
 10
685374.7389915589
 20
2545254.162937361
 30
0.0
 40
0.3499999999767169
  0
LINE
  5
BF1
330
2
100
AcDbEntity
  8
PIPE-雨水
  6
DASH
 48
0.0125
100
AcDbLine
 10
685374.4843775341
 20
2545254.403086686
 30
0.0
 11
685373.7974894587
 21
2545255.050952443
 31
0.0
  0
CIRCLE
  5
BF2
330
2
100
AcDbEntity
  8
VPIPE-雨水
  6
Continuous
100
AcDbCircle
 10
685385.4469148744
 20
2545265.481760902
 30
0.0
 40
0.3499999999767169
  0
LINE
  5
BF3
330
2
100
AcDbEntity
  8
PIPE-雨水
  6
DASH
 48
0.0125
100
AcDbLine
 10
685385.1923008495
 20
2545265.721910227
 30
0.0
 11
685384.5054127742
 21
2545266.369775983
 31
0.0
  0
CIRCLE
  5
BF4
330
2
100
AcDbEntity
  8
VPIPE-雨水
  6
Continuous
100
AcDbCircle
 10
685381.8434871095
 20
2545244.84199868
 30
0.0
 40
0.3499999999767169
  0
LINE
  5
BF5
330
2
100
AcDbEntity
  8
PIPE-雨水
  6
DASH
 48
0.0125
100
AcDbLine
 10
685382.0948706013
 20
2545244.59846975
 30
0.0
 11
685383.5574426444
 21
2545243.181596257
 31
0.0
  0
CIRCLE
  5
BF6
330
2
100
AcDbEntity
  8
VPIPE-雨水
  6
Continuous
100
AcDbCircle
 10
685393.8109640324
 20
2545257.567312472
 30
0.0
 40
0.3499999999767169
  0
LINE
  5
BF7
330
2
100
AcDbEntity
  8
PIPE-雨水
  6
DASH
 48
0.0125
100
AcDbLine
 10
685394.0655867328
 20
2545257.327172345
 30
0.0
 11
685394.7524982131
 21
2545256.679331405
 31
0.0
  0
LINE
  5
BF8
330
2
100
AcDbEntity
  8
PIPE-雨水
  6
DASH
 48
0.0125
100
AcDbLine
 10
686064.1500846035
 20
2545387.151449888
 30
0.0
 11
686067.8130792962
 21
2545383.633426415
 31
0.0
  0
LINE
  5
BF9
330
2
100
AcDbEntity
  8
PIPE-雨水
  6
DASH
 48
0.0125
100
AcDbLine
 10
686060.6705439299
 20
2545235.300362158
 30
0.0
 11
686064.7163781968
 21
2545231.783913214
 31
0.0
  0
LINE
  5
BFA
330
2
100
AcDbEntity
  8
PIPE-雨水
  6
DASH
 48
0.0125
100
AcDbLine
 10
686077.8238980746
 20
2545253.487237689
 30
0.0
 11
686081.4337280515
 21
2545246.676264236
 31
0.0
  0
LINE
  5
BFB
330
2
100
AcDbEntity
  8
PIPE-雨水
  6
DASH
 48
0.0125
100
AcDbLine
 10
686108.3849461495
 20
2545251.550873252
 30
0.0
 11
686106.800345954
 21
2545250.80605109
 31
0.0
  0
LINE
  5
BFC
330
2
100
AcDbEntity
  8
PIPE-雨水
  6
DASH
 48
0.0125
100
AcDbLine
 10
686125.3617022909
 20
2545259.984324311
 30
0.0
 11
686124.9975645472
 21
2545258.480585364
 31
0.0
  0
LINE
  5
BFD
330
2
100
AcDbEntity
  8
PIPE-雨水
  6
DASH
 48
0.0125
100
AcDbLine
 10
686140.5863796822
 20
2545268.626207942
 30
0.0
 11
686141.6101829457
 21
2545265.410297476
 31
0.0
  0
LINE
  5
BFE
330
2
100
AcDbEntity
  8
PIPE-雨水
  6
DASH
 48
0.0125
100
AcDbLine
 10
686043.2111434204
 20
2545251.767582137
 30
0.0
 11
686042.0135018518
 21
2545250.497754734
 31
0.0
  0
LINE
  5
BFF
330
2
100
AcDbEntity
  8
PIPE-雨水
  6
DASH
 48
0.0125
100
AcDbLine
 10
686019.5771999001
 20
2545274.058432442
 30
0.0
 11
686018.3424095153
 21
2545272.823642056
 31
0.0
  0
LINE
  5
C00
330
2
100
AcDbEntity
  8
PIPE-雨水
  6
DASH
 48
0.0125
100
AcDbLine
 10
686002.1177993907
 20
2545290.525652421
 30
0.0
 11
686000.9201578221
 21
2545289.255825017
 31
0.0
  0
LINE
  5
C01
330
2
100
AcDbEntity
  8
PIPE-雨水
  6
DASH
 48
0.0125
100
AcDbLine
 10
685982.2932453027
 20
2545309.241745161
 30
0.0
 11
685984.7240985245
 21
2545306.930899585
 31
0.0
  0
LINE
  5
C02
330
2
100
AcDbEntity
  8
PIPE-雨水
  6
DASH
 48
0.0125
100
AcDbLine
 10
686004.1956162472
 20
2545329.812732986
 30
0.0
 11
686005.3079029357
 21
2545328.75535825
 31
0.0
  0
LINE
  5
C03
330
2
100
AcDbEntity
  8
PIPE-雨水
  6
DASH
 48
0.0125
100
AcDbLine
 10
686025.6219287798
 20
2545352.351764331
 30
0.0
 11
686026.5778581385
 21
2545351.307309562
 31
0.0
  0
LINE
  5
C04
330
2
100
AcDbEntity
  8
PIPE-雨水
  6
DASH
 48
0.0125
100
AcDbLine
 10
686042.9518053935
 20
2545368.23537225
 30
0.0
 11
686046.226849336
 21
2545365.088352517
 31
0.0
  0
LINE
  5
C05
330
2
100
AcDbEntity
  8
TWT_LEAD
100
AcDbLine
 10
685368.0671677216
 20
2545281.839991132
 30
0.0
 11
685365.3068039353
 21
2545279.079627346
 31
0.0
  0
LINE
  5
C06
330
2
100
AcDbEntity
  8
TWT_LEAD
100
AcDbLine
 10
685365.3068039353
 20
2545279.079627346
 30
0.0
 11
685359.8679744425
 21
2545279.079627346
 31
0.0
  0
TEXT
  5
C07
330
2
100
AcDbEntity
  8
TWT_LEAD
 62
     7
100
AcDbText
 10
685360.2341976994
 20
2545279.429627346
 30
0.0
 40
1.687943262411347
  1
天面雨水管
 41
0.8
  7
_TCH_DIM
100
AcDbText
  0
TEXT
  5
C08
330
2
100
AcDbEntity
  8
TWT_LEAD
 62
     7
100
AcDbText
 10
685361.7310062102
 20
2545276.979627346
 30
0.0
 40
1.687943262411347
  1
余同
 41
0.8
  7
_TCH_DIM
100
AcDbText
  0
VIEWPORT
  5
479
102
{ACAD_XDICTIONARY
360
47A
102
}
330
475
100
AcDbEntity
 67
     1
  8
0
 48
2.5
100
AcDbViewport
 10
496.2503367110065
 20
167.2195375635697
 30
0.0
 40
2085.23781485573
 41
869.3046999529656
 68
     1
 69
     1
 12
496.2503367110065
 22
167.2195375635697
 13
0.0
 23
0.0
 14
10.0
 24
10.0
 15
10.0
 25
10.0
 16
0.0
 26
0.0
 36
1.0
 17
0.0
 27
0.0
 37
0.0
 42
50.0
 43
0.0
 44
0.0
 45
869.3046999529656
 50
0.0
 51
0.0
 72
  1000
 90
   819232
  1

281
     0
 71
     1
 74
     0
110
0.0
120
0.0
130
0.0
111
1.0
121
0.0
131
0.0
112
0.0
122
1.0
132
0.0
 79
     0
146
0.0
170
     0
 61
     5
348
480
292
     1
282
     1
141
0.0
142
0.0
 63
   250
421
  3355443
  0
VIEWPORT
  5
484
102
{ACAD_XDICTIONARY
360
485
102
}
330
475
100
AcDbEntity
 67
     1
  8
SK
 48
2.5
100
AcDbViewport
 10
-5.155229609130444
 20
198.4721061172946
 30
0.0
 40
283.1501718522414
 41
239.2962795912081
 68
     2
 69
     2
 12
685365.8633036625
 22
2545303.973689311
 13
0.0
 23
0.0
 14
10.0
 24
10.0
 15
10.0
 25
10.0
 16
0.0
 26
0.0
 36
1.0
 17
0.0
 27
0.0
 37
0.0
 42
50.0
 43
0.0
 44
0.0
 45
179.5170889656474
 50
0.0
 51
0.0
 72
  1000
 90
   819296
  1

281
     0
 71
     1
 74
     0
110
0.0
120
0.0
130
0.0
111
1.0
121
0.0
131
0.0
112
0.0
122
1.0
132
0.0
 79
     0
146
0.0
170
     0
 61
     5
348
480
292
     1
282
     1
141
0.0
142
0.0
 63
   250
421
  3355443
  0
LWPOLYLINE
  5
488
330
475
100
AcDbEntity
 67
     1
  8
TWT_TITLE
100
AcDbPolyline
 90
        4
 70
     1
 43
0.0
 10
-171.7303155352511
 20
-91.87975408710128
 10
422.2696844647487
 20
-91.87975408710128
 10
422.2696844647487
 20
328.1202459128987
 10
-171.7303155352511
 20
328.1202459128987
  0
LWPOLYLINE
  5
48A
330
475
100
AcDbEntity
 67
     1
  8
TWT_TITLE
100
AcDbPolyline
 90
        4
 70
     1
 43
1.0
 10
-146.7303155352511
 20
-81.87975408710128
 10
412.2696844647488
 20
-81.87975408710128
 10
412.2696844647488
 20
318.1202459128987
 10
-146.7303155352511
 20
318.1202459128987
  0
LINE
  5
49B
330
475
100
AcDbEntity
 67
     1
  8
4
100
AcDbLine
 10
161.0823356377857
 20
-53.17402259749292
 30
0.0
 11
161.0823356377857
 21
-70.17402259749292
 31
0.0
  0
LINE
  5
49C
330
475
100
AcDbEntity
 67
     1
  8
4
100
AcDbLine
 10
144.5823356377857
 20
-61.67402259749292
 30
0.0
 11
186.0823356377857
 21
-61.67402259749292
 31
0.0
  0
LINE
  5
4A0
330
475
100
AcDbEntity
 67
     1
  8
4
100
AcDbLine
 10
186.0823356377857
 20
-53.17402259749292
 30
0.0
 11
186.0823356377857
 21
-70.17402259749292
 31
0.0
  0
CIRCLE
  5
4AD
330
475
100
AcDbEntity
 67
     1
  8
4
100
AcDbCircle
 10
-109.4443486879795
 20
-66.02637073920277
 30
0.0
 40
3.751999836719733
  0
TEXT
  5
4B3
330
475
100
AcDbEntity
 67
     1
  8
PUB_TITLE
 62
     4
100
AcDbText
 10
342.6031454142184
 20
55.72661690148885
 30
0.0
 40
3.499999999999974
  1
排水总平面图
 41
0.7400000000000001
  7
-宋体
100
AcDbText
  0
TEXT
  5
4B5
330
475
100
AcDbEntity
 67
     1
  8
PUB_TITLE
 62
     4
100
AcDbText
 10
346.3829297389726
 20
37.8246248252654
 30
0.0
 40
3.0
  1
总
 41
0.7400000000000001
  7
-宋体
 72
     1
 11
347.9704157724922
 21
37.8246248252654
 31
0.0
100
AcDbText
  0
LWPOLYLINE
  5
4B6
330
475
100
AcDbEntity
 67
     1
  8
4
100
AcDbPolyline
 90
        4
 70
     0
 43
0.0
 10
186.0823356377857
 20
-70.17402259749292
 10
144.5823356377857
 20
-70.17402259749292
 10
144.5823356377857
 20
-53.17402259749292
 10
186.0823356377857
 20
-53.17402259749292
  0
TEXT
  5
4B7
330
475
100
AcDbEntity
 67
     1
  8
框
100
AcDbText
 10
-162.1149874684515
 20
234.7175455583706
 30
0.0
 40
4.499999999999967
  1
日 期
 50
90.0
 41
0.8
  7
_TCH_DIM
100
AcDbText
  0
LINE
  5
4B9
330
475
100
AcDbEntity
 67
     1
  8
框
100
AcDbLine
 10
-151.7303157959992
 20
178.1202464343449
 30
0.0
 11
-151.730315796018
 21
318.1202459128968
 31
0.0
  0
LINE
  5
4BA
330
475
100
AcDbEntity
 67
     1
  8
框
100
AcDbLine
 10
-156.7303160567696
 20
178.1202464343406
 30
0.0
 11
-156.7303160567883
 21
318.1202459128921
 31
0.0
  0
LINE
  5
4BB
330
475
100
AcDbEntity
 67
     1
  8
框
100
AcDbLine
 10
-161.7303163175398
 20
178.1202464343406
 30
0.0
 11
-161.7303163175584
 21
318.1202459128921
 31
0.0
  0
LINE
  5
4BC
330
475
100
AcDbEntity
 67
     1
  8
框
100
AcDbLine
 10
-166.7303165783101
 20
178.1202464343406
 30
0.0
 11
-166.7303165783288
 21
318.1202459128921
 31
0.0
  0
LINE
  5
4BD
330
475
100
AcDbEntity
 67
     1
  8
框
100
AcDbLine
 10
-146.7303155352289
 20
178.1202464343449
 30
0.0
 11
-146.7303155352476
 21
318.1202459128968
 31
0.0
  0
LINE
  5
4BE
330
475
100
AcDbEntity
 67
     1
  8
框
100
AcDbLine
 10
-146.7303155352476
 20
233.1202462294536
 30
0.0
 11
-166.7303165783288
 21
233.1202462294489
 31
0.0
  0
TEXT
  5
4BF
330
475
100
AcDbEntity
 67
     1
  8
框
100
AcDbText
 10
-147.0351046048405
 20
179.9586721736922
 30
0.0
 40
4.499999999999967
  1
给排水
 50
90.0
 41
0.8
  7
_TCH_DIM
100
AcDbText
  0
LINE
  5
4C0
330
475
100
AcDbEntity
 67
     1
  8
框
100
AcDbLine
 10
-146.7303155352289
 20
213.1202463039599
 30
0.0
 11
-166.7303165783101
 21
213.1202463039549
 31
0.0
  0
LINE
  5
4C1
330
475
100
AcDbEntity
 67
     1
  8
框
100
AcDbLine
 10
-146.7303155352289
 20
193.5604522677681
 30
0.0
 11
-166.7303165783101
 21
193.5604522677631
 31
0.0
  0
LINE
  5
4C2
330
475
100
AcDbEntity
 67
     1
  8
框
100
AcDbLine
 10
-146.7303155352289
 20
178.1202464343449
 30
0.0
 11
-166.7303165783101
 21
178.1202464343406
 31
0.0
  0
TEXT
  5
4C3
330
475
100
AcDbEntity
 67
     1
  8
框
100
AcDbText
 10
-152.0300996643979
 20
179.6325457456459
 30
0.0
 40
4.499999999999967
  1
结 构
 50
90.0
 41
0.8
  7
_TCH_DIM
100
AcDbText
  0
TEXT
  5
4C4
330
475
100
AcDbEntity
 67
     1
  8
框
100
AcDbText
 10
-161.92662405926
 20
179.6457381687481
 30
0.0
 40
4.499999999999967
  1
专 业
 50
90.0
 41
0.8
  7
_TCH_DIM
100
AcDbText
  0
TEXT
  5
4C5
330
475
100
AcDbEntity
 67
     1
  8
框
100
AcDbText
 10
-157.0586907257812
 20
179.5856798299386
 30
0.0
 40
4.499999999999967
  1
建 筑
 50
90.0
 41
0.8
  7
_TCH_DIM
100
AcDbText
  0
TEXT
  5
4C6
330
475
100
AcDbEntity
 67
     1
  8
框
100
AcDbText
 10
-162.025923245691
 20
173.6338248854349
 30
0.0
 40
4.499999999999967
  1
会
 50
90.0
 41
0.8
  7
_TCH_DIM
100
AcDbText
  0
TEXT
  5
4C7
330
475
100
AcDbEntity
 67
     1
  8
框
100
AcDbText
 10
-154.9883826857548
 20
173.3943393777526
 30
0.0
 40
4.499999999999967
  1
签
 50
90.0
 41
0.8
  7
_TCH_DIM
100
AcDbText
  0
TEXT
  5
4C8
330
475
100
AcDbEntity
 67
     1
  8
框
100
AcDbText
 10
-162.0686964298711
 20
196.0473821875017
 30
0.0
 40
4.499999999999967
  1
实  名
 50
90.0
 41
0.8
  7
_TCH_DIM
100
AcDbText
  0
TEXT
  5
4C9
330
475
100
AcDbEntity
 67
     1
  8
框
100
AcDbText
 10
-162.0686964298711
 20
216.0468591734144
 30
0.0
 40
4.499999999999967
  1
签  名
 50
90.0
 41
0.8
  7
_TCH_DIM
100
AcDbText
  0
LINE
  5
4CA
330
475
100
AcDbEntity
 67
     1
  8
框
100
AcDbLine
 10
-166.7303165783288
 20
318.1202459128921
 30
0.0
 11
-146.7303155352476
 21
318.1202459128968
 31
0.0
  0
LINE
  5
4CB
330
475
100
AcDbEntity
 67
     1
  8
框
100
AcDbLine
 10
-146.7303155352476
 20
303.1202459687762
 30
0.0
 11
-166.7303165783288
 21
303.1202459687715
 31
0.0
  0
TEXT
  5
4CC
330
475
100
AcDbEntity
 67
     1
  8
框
100
AcDbText
 10
-147.1971390712189
 20
248.3743400633548
 30
0.0
 40
4.499999999999967
  1
工艺机械
 50
90.0
 41
0.8
  7
_TCH_DIM
100
AcDbText
  0
LINE
  5
4CD
330
475
100
AcDbEntity
 67
     1
  8
框
100
AcDbLine
 10
-146.7303155352476
 20
283.1207689828589
 30
0.0
 11
-166.7303165783288
 21
283.1207689828543
 31
0.0
  0
LINE
  5
4CE
330
475
100
AcDbEntity
 67
     1
  8
框
100
AcDbLine
 10
-146.7303155352476
 20
263.5604520070901
 30
0.0
 11
-166.7303165783288
 21
263.5604520070855
 31
0.0
  0
LINE
  5
4CF
330
475
100
AcDbEntity
 67
     1
  8
框
100
AcDbLine
 10
-146.7303155352476
 20
248.1202461736676
 30
0.0
 11
-166.7303165783288
 21
248.1202461736629
 31
0.0
  0
TEXT
  5
4D0
330
475
100
AcDbEntity
 67
     1
  8
框
100
AcDbText
 10
-162.0686964298898
 20
286.047381852225
 30
0.0
 40
4.499999999999967
  1
签  名
 50
90.0
 41
0.8
  7
_TCH_DIM
100
AcDbText
  0
TEXT
  5
4D1
330
475
100
AcDbEntity
 67
     1
  8
框
100
AcDbText
 10
-152.13074482511
 20
249.2415663212096
 30
0.0
 40
4.499999999999967
  1
空 调
 50
90.0
 41
0.8
  7
_TCH_DIM
100
AcDbText
  0
TEXT
  5
4D2
330
475
100
AcDbEntity
 67
     1
  8
框
100
AcDbText
 10
-162.0686964298898
 20
266.0479048663074
 30
0.0
 40
4.499999999999967
  1
实  名
 50
90.0
 41
0.8
  7
_TCH_DIM
100
AcDbText
  0
TEXT
  5
4D3
330
475
100
AcDbEntity
 67
     1
  8
框
100
AcDbText
 10
-162.0061644293482
 20
249.6430693788897
 30
0.0
 40
4.499999999999967
  1
专 业
 50
90.0
 41
0.8
  7
_TCH_DIM
100
AcDbText
  0
TEXT
  5
4D4
330
475
100
AcDbEntity
 67
     1
  8
框
100
AcDbText
 10
-157.1626674324201
 20
249.0630623183842
 30
0.0
 40
4.499999999999967
  1
电 气
 50
90.0
 41
0.8
  7
_TCH_DIM
100
AcDbText
  0
TEXT
  5
4D5
330
475
100
AcDbEntity
 67
     1
  8
框
100
AcDbText
 10
-162.1149874684515
 20
304.7175452975998
 30
0.0
 40
4.499999999999967
  1
日 期
 50
90.0
 41
0.8
  7
_TCH_DIM
100
AcDbText
  0
LINE
  5
4D6
330
475
100
AcDbEntity
 67
     1
  8
框
100
AcDbLine
 10
312.2700461547972
 20
97.97520561878215
 30
0.0
 11
412.270557079382
 21
97.97520561878215
 31
0.0
  0
TEXT
  5
4D7
330
475
100
AcDbEntity
 67
     1
  8
TWT_TEXT
100
AcDbText
 10
323.6013182243883
 20
-71.33250840093648
 30
0.0
 40
2.999999999999978
  1
市政工程乙级设计证书号：
 50
359.9997199128436
  7
_TCH_DIM
100
AcDbText
  0
TEXT
  5
4D8
330
475
100
AcDbEntity
 67
     1
  8
TWT_TEXT
100
AcDbText
 10
349.5684787804798
 20
-71.54947968054853
 30
0.0
 40
2.999999999999978
  1
A244002168
 50
359.9997199128436
 41
0.6700000000000001
  7
天正
100
AcDbText
  0
INSERT
  5
4D9
330
475
100
AcDbEntity
 67
     1
  8
4
100
AcDbBlockReference
  2
A$C4C3A3BA1
 10
365.0124451547977
 20
-35.64698258363026
 30
0.0
 41
0.01
 42
0.01
 43
0.01
  0
LINE
  5
64C
330
475
100
AcDbEntity
 67
     1
  8
框
100
AcDbLine
 10
312.2696844648808
 20
318.1202459128999
 30
0.0
 11
312.2696844648808
 21
-81.87975408710123
 31
0.0
  0
LINE
  5
64D
330
475
100
AcDbEntity
 67
     1
  8
框
100
AcDbLine
 10
312.2696844649466
 20
143.0048729516629
 30
0.0
 11
412.2696844651155
 21
143.0048729516629
 31
0.0
  0
LINE
  5
64E
330
475
100
AcDbEntity
 67
     1
  8
框
100
AcDbLine
 10
312.2700461547972
 20
79.96333868563795
 30
0.0
 11
412.270557079382
 21
79.96333868563795
 31
0.0
  0
TEXT
  5
64F
330
475
100
AcDbEntity
 67
     1
  8
TWT_TEXT
100
AcDbText
 10
323.6013009751923
 20
-80.15615317205542
 30
0.0
 40
2.999999999999978
  1
电话
 50
359.9997199128436
  7
_TCH_DIM
100
AcDbText
  0
TEXT
  5
650
330
475
100
AcDbEntity
 67
     1
  8
TWT_TEXT
100
AcDbText
 10
323.6013182243883
 20
-67.0049932213704
 30
0.0
 40
2.999999999999978
  1
建筑工程甲级设计证书号：
 50
359.9997199128436
  7
_TCH_DIM
100
AcDbText
  0
TEXT
  5
651
330
475
100
AcDbEntity
 67
     1
  8
TWT_TEXT
100
AcDbText
 10
323.7725803315584
 20
-61.98902727987273
 30
0.0
 40
4.799999999999966
  1
广州亚泰建筑设计院有限公司
 41
0.9
  7
TBC
100
AcDbText
  0
TEXT
  5
653
330
475
100
AcDbEntity
 67
     1
  8
TWT_TEXT
100
AcDbText
 10
323.6013182243883
 20
-75.81980287009146
 30
0.0
 40
2.999999999999978
  1
城乡规划编制乙级证书编号：粤自资规乙字
 50
359.9997199128436
  7
_TCH_DIM
100
AcDbText
  0
INSERT
  5
654
330
475
100
AcDbEntity
 67
     1
  8
4
100
AcDbBlockReference
  2
A$C54597E38
 10
314.2601477119877
 20
-63.0750117288606
 30
0.0
 41
0.0099999999999999
 42
0.0099999999999999
 43
0.0099999999999999
  0
TEXT
  5
65E
330
475
100
AcDbEntity
 67
     1
  8
框
 62
     4
100
AcDbText
 10
314.126858232434
 20
64.26142132751633
 30
0.0
 40
3.499999999999976
  1
兴建单位
 41
0.7400000000000001
  7
-宋体
100
AcDbText
  0
TEXT
  5
65F
330
475
100
AcDbEntity
 67
     1
  8
框
 62
     4
100
AcDbText
 10
314.126858232434
 20
82.27328826066054
 30
0.0
 40
3.499999999999976
  1
项目名称
 41
0.7400000000000001
  7
-宋体
100
AcDbText
  0
TEXT
  5
660
330
475
100
AcDbEntity
 67
     1
  8
框
 62
     4
100
AcDbText
 10
314.126858232434
 20
100.2850117392572
 30
0.0
 40
3.499999999999976
  1
工程设计出图专用章
 41
0.7400000000000001
  7
-宋体
100
AcDbText
  0
TEXT
  5
661
330
475
100
AcDbEntity
 67
     1
  8
框
 62
     4
100
AcDbText
 10
314.1256274384531
 20
145.3146790721365
 30
0.0
 40
3.499999999999976
  1
注册章
 41
0.7400000000000001
  7
-宋体
100
AcDbText
  0
INSERT
  5
662
330
475
100
AcDbEntity
 67
     1
  8
Y
100
AcDbBlockReference
  2
A$C16E21CA3
 10
366.5073635733407
 20
-27.48023366636161
 30
0.0
 41
0.0680399999999995
 42
0.0680399999999995
 43
0.0680399999999995
  0
INSERT
  5
6D2
330
475
100
AcDbEntity
 67
     1
  8
Y
100
AcDbBlockReference
  2
A$C77A84E73
 10
365.9598266869068
 20
-18.59479577766738
 30
0.0
 41
0.0409499999999997
 42
0.0409499999999997
 43
0.0409499999999997
  0
TEXT
  5
7DC
330
475
100
AcDbEntity
 67
     1
  8
TWT_TEXT
100
AcDbText
 10
349.4756971121465
 20
-67.22196450098244
 30
0.0
 40
2.999999999999978
  1
A144002161
 50
359.9997199128436
 41
0.6700000000000001
  7
天正
100
AcDbText
  0
TEXT
  5
7DD
330
475
100
AcDbEntity
 67
     1
  8
TWT_TEXT
100
AcDbText
 10
329.7117276625147
 20
-80.36400714837355
 30
0.0
 40
2.899999999999979
  1
Tel：020-84214629
 50
359.9997199128436
 41
0.6700000000000001
  7
天正
100
AcDbText
  0
LINE
  5
7DE
330
475
100
AcDbEntity
 67
     1
  8
框
100
AcDbLine
 10
312.2686235171748
 20
61.95147175249402
 30
0.0
 11
412.2691344417596
 21
61.95147175249402
 31
0.0
  0
LINE
  5
7DF
330
475
100
AcDbEntity
 67
     1
  8
框
100
AcDbLine
 10
312.2759678930641
 20
52.94553828590287
 30
0.0
 11
412.2764788176489
 21
52.94553828590287
 31
0.0
  0
TEXT
  5
7E0
330
475
100
AcDbEntity
 67
     1
  8
框
 62
     4
100
AcDbText
 10
314.126858232434
 20
55.72661690149016
 30
0.0
 40
3.499999999999976
  1
图      名
 41
0.7400000000000001
  7
-宋体
100
AcDbText
  0
LINE
  5
7E1
330
475
100
AcDbEntity
 67
     1
  8
4
100
AcDbLine
 10
412.2696844648142
 20
182.2772013948697
 30
0.0
 11
412.2696844648142
 21
-81.87975408710123
 31
0.0
  0
LINE
  5
7E2
330
475
100
AcDbEntity
 67
     1
  8
4
100
AcDbLine
 10
412.2696844647487
 20
318.1202459128999
 30
0.0
 11
412.2696844647487
 21
-81.87975408710123
 31
0.0
  0
TEXT
  5
7E3
330
475
100
AcDbEntity
 67
     1
  8
框
 62
     4
100
AcDbText
 10
342.39676839222
 20
82.27314480784938
 30
0.0
 40
3.499999999999976
  1
佛山市天地元一净化设备有限公司给排水总平面
 41
0.65
  7
-宋体
100
AcDbText
  0
TEXT
  5
7E4
330
475
100
AcDbEntity
 67
     1
  8
框
 62
     4
100
AcDbText
 10
342.3958566793801
 20
64.26127787470574
 30
0.0
 40
3.499999999999976
  1
佛山市天地元一净化设备有限公司
 41
0.7400000000000001
  7
-宋体
100
AcDbText
  0
INSERT
  5
7E5
330
475
100
AcDbEntity
 67
     1
  8
Y
100
AcDbBlockReference
  2
A$C04374023
 10
365.58900220923
 20
9.31543098261261
 30
0.0
 41
0.0099999999999999
 42
0.0099999999999999
 43
0.0099999999999999
  0
TEXT
  5
906
330
475
100
AcDbEntity
 67
     1
  8
TWT_TEXT
100
AcDbText
 10
365.5230384014443
 20
-76.01344427742816
 30
0.0
 40
2.999999999999978
  1
23440110
 50
359.9997199128436
 41
0.6700000000000001
  7
天正
100
AcDbText
  0
LINE
  5
907
330
475
100
AcDbEntity
 67
     1
  8
框
100
AcDbLine
 10
312.2699553514388
 20
188.0345402845427
 30
0.0
 11
412.2699553516078
 21
188.0345402845427
 31
0.0
  0
LINE
  5
908
330
475
100
AcDbEntity
 67
     1
  8
框
100
AcDbLine
 10
312.2696844648808
 20
43.93960481931199
 30
0.0
 11
412.2701953894653
 21
43.93960481931199
 31
0.0
  0
LINE
  5
909
330
475
100
AcDbEntity
 67
     1
  8
框
100
AcDbLine
 10
312.2696844648808
 20
34.93367135275865
 30
0.0
 11
412.2701953894653
 21
34.93367135275865
 31
0.0
  0
LINE
  5
90A
330
475
100
AcDbEntity
 67
     1
  8
框
100
AcDbLine
 10
312.2759678930641
 20
25.92773788616749
 30
0.0
 11
412.2764788176489
 21
25.92773788616749
 31
0.0
  0
LINE
  5
90B
330
475
100
AcDbEntity
 67
     1
  8
框
100
AcDbLine
 10
312.2759678930641
 20
16.9218044195769
 30
0.0
 11
412.2764788176489
 21
16.9218044195769
 31
0.0
  0
LINE
  5
90C
330
475
100
AcDbEntity
 67
     1
  8
框
100
AcDbLine
 10
312.2759678930641
 20
7.915870953022988
 30
0.0
 11
412.2764788176489
 21
7.915870953022988
 31
0.0
  0
LINE
  5
90D
330
475
100
AcDbEntity
 67
     1
  8
框
100
AcDbLine
 10
312.2759678930641
 20
-1.090062513567886
 30
0.0
 11
412.2764788176489
 21
-1.090062513567886
 31
0.0
  0
LINE
  5
90E
330
475
100
AcDbEntity
 67
     1
  8
框
100
AcDbLine
 10
312.2759678930641
 20
-10.09599598012121
 30
0.0
 11
412.2764788176489
 21
-10.09599598012121
 31
0.0
  0
LINE
  5
90F
330
475
100
AcDbEntity
 67
     1
  8
框
100
AcDbLine
 10
312.2696844648808
 20
-19.10192944671239
 30
0.0
 11
412.2701953894653
 21
-19.10192944671239
 31
0.0
  0
LINE
  5
910
330
475
100
AcDbEntity
 67
     1
  8
框
100
AcDbLine
 10
312.2759678930641
 20
-28.10786291330297
 30
0.0
 11
412.2764788176489
 21
-28.10786291330297
 31
0.0
  0
LINE
  5
911
330
475
100
AcDbEntity
 67
     1
  8
框
100
AcDbLine
 10
312.2759678930641
 20
-37.11379637985689
 30
0.0
 11
412.2764788176489
 21
-37.11379637985689
 31
0.0
  0
LINE
  5
912
330
475
100
AcDbEntity
 67
     1
  8
框
100
AcDbLine
 10
312.2759678930641
 20
-46.11972984644776
 30
0.0
 11
412.2764788176489
 21
-46.11972984644776
 31
0.0
  0
TEXT
  5
913
330
475
100
AcDbEntity
 67
     1
  8
框
 62
     4
100
AcDbText
 10
314.126858232434
 20
46.72068343489899
 30
0.0
 40
3.499999999999976
  1
图      别
 41
0.7400000000000001
  7
-宋体
100
AcDbText
  0
TEXT
  5
914
330
475
100
AcDbEntity
 67
     1
  8
框
 62
     4
100
AcDbText
 10
314.126858232434
 20
37.71474996830841
 30
0.0
 40
3.499999999999976
  1
图      号
 41
0.7400000000000001
  7
-宋体
100
AcDbText
  0
TEXT
  5
915
330
475
100
AcDbEntity
 67
     1
  8
框
 62
     4
100
AcDbText
 10
314.1205748042504
 20
28.7088165017545
 30
0.0
 40
3.499999999999976
  1
版  本  号
 41
0.7400000000000001
  7
-宋体
100
AcDbText
  0
TEXT
  5
916
330
475
100
AcDbEntity
 67
     1
  8
框
 62
     4
100
AcDbText
 10
314.126858232434
 20
19.70288303516362
 30
0.0
 40
3.499999999999976
  1
日      期
 41
0.7400000000000001
  7
-宋体
100
AcDbText
  0
TEXT
  5
917
330
475
100
AcDbEntity
 67
     1
  8
框
 62
     4
100
AcDbText
 10
314.126858232434
 20
10.69694956857303
 30
0.0
 40
3.499999999999976
  1
制      图
 41
0.7400000000000001
  7
-宋体
100
AcDbText
  0
TEXT
  5
918
330
475
100
AcDbEntity
 67
     1
  8
框
 62
     4
100
AcDbText
 10
314.126858232434
 20
1.691016101981873
 30
0.0
 40
3.499999999999976
  1
设      计
 41
0.7400000000000001
  7
-宋体
100
AcDbText
  0
TEXT
  5
919
330
475
100
AcDbEntity
 67
     1
  8
框
 62
     4
100
AcDbText
 10
314.126858232434
 20
-7.314917364608717
 30
0.0
 40
3.499999999999976
  1
专业负责人
 41
0.7400000000000001
  7
-宋体
100
AcDbText
  0
TEXT
  5
91A
330
475
100
AcDbEntity
 67
     1
  8
框
 62
     4
100
AcDbText
 10
314.126858232434
 20
-16.32085083116233
 30
0.0
 40
3.499999999999976
  1
项目负责人
 41
0.7400000000000001
  7
-宋体
100
AcDbText
  0
TEXT
  5
91B
330
475
100
AcDbEntity
 67
     1
  8
框
 62
     4
100
AcDbText
 10
314.126858232434
 20
-25.32678429775351
 30
0.0
 40
3.499999999999976
  1
专业校对人
 41
0.7400000000000001
  7
-宋体
100
AcDbText
  0
TEXT
  5
91C
330
475
100
AcDbEntity
 67
     1
  8
框
 62
     4
100
AcDbText
 10
314.126858232434
 20
-34.33271776434409
 30
0.0
 40
3.499999999999976
  1
审  核  人
 41
0.7400000000000001
  7
-宋体
100
AcDbText
  0
TEXT
  5
91D
330
475
100
AcDbEntity
 67
     1
  8
框
 62
     4
100
AcDbText
 10
314.126858232434
 20
-43.33865123093525
 30
0.0
 40
3.499999999999976
  1
审  定  人
 41
0.7400000000000001
  7
-宋体
100
AcDbText
  0
TEXT
  5
91E
330
475
100
AcDbEntity
 67
     1
  8
框
 62
     4
100
AcDbText
 10
314.126858232434
 20
-52.34458469752584
 30
0.0
 40
3.499999999999976
  1
设  计  号
 41
0.7400000000000001
  7
-宋体
100
AcDbText
  0
TEXT
  5
91F
330
475
100
AcDbEntity
 67
     1
  8
框
 62
     4
100
AcDbText
 10
342.39676839222
 20
46.72068343489899
 30
0.0
 40
3.499999999999976
  1
水  施
 41
0.7400000000000001
  7
-宋体
100
AcDbText
  0
TEXT
  5
920
330
475
100
AcDbEntity
 67
     1
  8
框
 62
     4
100
AcDbText
 10
342.39676839222
 20
37.71474996830841
 30
0.0
 40
3.499999999999976
  1
SS  -  
 41
0.7400000000000001
  7
-宋体
100
AcDbText
  0
TEXT
  5
921
330
475
100
AcDbEntity
 67
     1
  8
框
 62
     4
100
AcDbText
 10
342.39676839222
 20
19.70288303516362
 30
0.0
 40
3.499999999999976
  1
2025.09
 41
0.7400000000000001
  7
-宋体
100
AcDbText
  0
TEXT
  5
922
330
475
100
AcDbEntity
 67
     1
  8
框
 62
     4
100
AcDbText
 10
342.3069749594631
 20
10.69694956857303
 30
0.0
 40
3.499999999999976
  1
叶润华
 41
0.7400000000000001
  7
-宋体
 72
     1
 11
347.8631760767814
 21
10.69694956857303
 31
0.0
100
AcDbText
  0
TEXT
  5
923
330
475
100
AcDbEntity
 67
     1
  8
框
 62
     4
100
AcDbText
 10
342.3069749594631
 20
1.691016101981873
 30
0.0
 40
3.499999999999976
  1
叶润华
 41
0.7400000000000001
  7
-宋体
 72
     1
 11
347.8631760767814
 21
1.691016101981873
 31
0.0
100
AcDbText
  0
TEXT
  5
924
330
475
100
AcDbEntity
 67
     1
  8
框
 62
     4
100
AcDbText
 10
342.3069749594631
 20
-16.32085083116233
 30
0.0
 40
3.499999999999976
  1
何志朋
 41
0.7400000000000001
  7
-宋体
 72
     1
 11
347.8631760767814
 21
-16.32085083116233
 31
0.0
100
AcDbText
  0
TEXT
  5
925
330
475
100
AcDbEntity
 67
     1
  8
框
 62
     4
100
AcDbText
 10
343.2330084790161
 20
-25.32678429775351
 30
0.0
 40
3.499999999999976
  1
范 武
 41
0.7400000000000001
  7
-宋体
 72
     1
 11
347.8631760767814
 21
-25.32678429775351
 31
0.0
100
AcDbText
  0
TEXT
  5
926
330
475
100
AcDbEntity
 67
     1
  8
框
 62
     4
100
AcDbText
 10
342.3069749594631
 20
-34.33271776434409
 30
0.0
 40
3.499999999999976
  1
陈伟业
 41
0.7400000000000001
  7
-宋体
 72
     1
 11
347.8631760767814
 21
-34.33271776434409
 31
0.0
100
AcDbText
  0
TEXT
  5
927
330
475
100
AcDbEntity
 67
     1
  8
框
 62
     4
100
AcDbText
 10
342.3069749594631
 20
-43.33865123093525
 30
0.0
 40
3.499999999999976
  1
何志朋
 41
0.7400000000000001
  7
-宋体
 72
     1
 11
347.8631760767814
 21
-43.33865123093525
 31
0.0
100
AcDbText
  0
TEXT
  5
928
330
475
100
AcDbEntity
 67
     1
  8
框
 62
     4
100
AcDbText
 10
342.3130920713063
 20
-52.34459603719484
 30
0.0
 40
3.499999999999976
  1
AT-FS25023A
 41
0.7400000000000001
  7
-宋体
100
AcDbText
  0
INSERT
  5
929
330
475
100
AcDbEntity
 67
     1
  8
Y
100
AcDbBlockReference
  2
A$C04374023
 10
365.58900220923
 20
0.3094975160211533
 30
0.0
 41
0.0099999999999999
 42
0.0099999999999999
 43
0.0099999999999999
  0
LINE
  5
92A
330
475
100
AcDbEntity
 67
     1
  8
框
100
AcDbLine
 10
312.2759678930641
 20
-55.12566331303805
 30
0.0
 11
412.2764788176489
 21
-55.12566331303805
 31
0.0
  0
INSERT
  5
92B
330
475
100
AcDbEntity
 67
     1
  8
Y
100
AcDbBlockReference
  2
A$C77A84E73
 10
365.9598266869068
 20
-45.61259617743885
 30
0.0
 41
0.0409499999999997
 42
0.0409499999999997
 43
0.0409499999999997
  0
TEXT
  5
92C
330
475
100
AcDbEntity
 67
     1
  8
框
 62
     4
100
AcDbText
 10
342.3904849640365
 20
28.70881650175391
 30
0.0
 40
3.499999999999976
  1
第一版
 41
0.7400000000000001
  7
-宋体
100
AcDbText
  0
TEXT
  5
92D
330
475
100
AcDbEntity
 67
     1
  8
TWT_TEXT
100
AcDbText
 10
343.1239932681006
 20
-86.98530040303582
 30
0.0
 40
2.497282147103701
  1
图纸版权属设计单位所有，未经许可，外人及外单位不得翻印复制作为其他工程之用
 50
359.9997199154491
  7
_TCH_DIM
100
AcDbText
  0
INSERT
  5
92E
330
475
100
AcDbEntity
 67
     1
  8
PUB_TEXT
100
AcDbBlockReference
  2
A$C24B21F5D
 10
-124.404965857991
 20
260.117416041995
 30
2.735391995810248
 41
1.413664663850795
 42
1.413664663850795
 43
1.413664663850795
  0
TEXT
  5
977
330
475
100
AcDbEntity
 67
     1
  8
PUB_TITLE
 62
     4
100
AcDbText
 10
351.9710544258968
 20
37.73210983916448
 30
0.0
 40
3.499999999999974
  1
1
 41
0.7400000000000001
  7
-宋体
 72
     1
 11
352.8970879454499
 21
37.73210983916448
 31
0.0
100
AcDbText
  0
TEXT
  5
C09
330
475
100
AcDbEntity
 67
     1
  8
TWT_TEXT
100
AcDbText
 10
185.9591008733886
 20
304.3175652791666
 30
0.0
 40
10.0
  1
排水管道设计说明
 41
0.7
  7
天正
100
AcDbText
  0
TEXT
  5
C0A
330
475
100
AcDbEntity
 67
     1
  8
TWT_TEXT
100
AcDbText
 10
144.5053525292295
 20
294.8175652791666
 30
0.0
 40
5.0
  1
一、设计依据
 41
0.7
  7
天正
100
AcDbText
  0
TEXT
  5
C0B
330
475
100
AcDbEntity
 67
     1
  8
TWT_TEXT
100
AcDbText
 10
144.5053525292295
 20
287.8569353579067
 30
0.0
 40
5.0
  1
1.《室外排水设计标准》GB50014-2021。
 41
0.7
  7
天正
100
AcDbText
  0
TEXT
  5
C0C
330
475
100
AcDbEntity
 67
     1
  8
TWT_TEXT
100
AcDbText
 10
144.5053525292295
 20
280.8175652791666
 30
0.0
 40
5.0
  1
2.《给水排水管道工程施工及验收规范》GB50268-2008。
 41
0.7
  7
天正
100
AcDbText
  0
TEXT
  5
C0D
330
475
100
AcDbEntity
 67
     1
  8
TWT_TEXT
100
AcDbText
 10
144.5053525292295
 20
273.8175652791666
 30
0.0
 40
5.0
  1
3.《建筑与市政工程抗震通用规范》GB 55002-2021
 41
0.7
  7
天正
100
AcDbText
  0
TEXT
  5
C0E
330
475
100
AcDbEntity
 67
     1
  8
TWT_TEXT
100
AcDbText
 10
144.5053525292295
 20
266.8569353579067
 30
0.0
 40
5.0
  1
4.《建筑给水排水设计标准》GB50015-2019。
 41
0.7
  7
天正
100
AcDbText
  0
TEXT
  5
C0F
330
475
100
AcDbEntity
 67
     1
  8
TWT_TEXT
100
AcDbText
 10
144.5053525292295
 20
259.8175652791666
 30
0.0
 40
5.0
  1
5.相关设计文件资料。
 41
0.7
  7
天正
100
AcDbText
  0
TEXT
  5
C10
330
475
100
AcDbEntity
 67
     1
  8
TWT_TEXT
100
AcDbText
 10
144.5053525292295
 20
249.3175652791666
 30
0.0
 40
5.0
  1
二、工程概况
 41
0.7
  7
天正
100
AcDbText
  0
TEXT
  5
C11
330
475
100
AcDbEntity
 67
     1
  8
TWT_TEXT
100
AcDbText
 10
144.5053525292295
 20
242.3175652791666
 30
0.0
 40
5.0
  1
本工程为佛山市天地元一净化设备有限公司厂区排水总平面。
 41
0.7
  7
天正
100
AcDbText
  0
TEXT
  5
C12
330
475
100
AcDbEntity
 67
     1
  8
TWT_TEXT
100
AcDbText
 10
144.5053525292295
 20
231.8175652791666
 30
0.0
 40
5.0
  1
三、本图中管线长度单位以米计算。
 41
0.7
  7
天正
100
AcDbText
  0
TEXT
  5
C13
330
475
100
AcDbEntity
 67
     1
  8
TWT_TEXT
100
AcDbText
 10
144.5053525292295
 20
221.3175652791666
 30
0.0
 40
5.0
  1
四、管材及接口:
 41
0.7
  7
天正
100
AcDbText
  0
TEXT
  5
C14
330
475
100
AcDbEntity
 67
     1
  8
TWT_TEXT
100
AcDbText
 10
144.5053525292295
 20
215.1431541964744
 30
0.0
 40
5.0
  1
雨、污水管采用HDPE双壁波纹管，环刚度为8KN/m
 41
0.7
  7
天正
100
AcDbText
  0
TEXT
  5
C15
330
475
100
AcDbEntity
 67
     1
  8
TWT_TEXT
100
AcDbText
 10
237.0053525292295
 20
217.6431541964744
 30
0.0
 40
2.0
  1
2
 41
0.525
  7
天正
100
AcDbText
  0
TEXT
  5
C16
330
475
100
AcDbEntity
 67
     1
  8
TWT_TEXT
100
AcDbText
 10
237.7053525292295
 20
215.1431541964744
 30
0.0
 40
5.0
  1
，承插橡胶圈连接；连接方式为管顶平接。
 41
0.7
  7
天正
100
AcDbText
  0
TEXT
  5
C17
330
475
100
AcDbEntity
 67
     1
  8
TWT_TEXT
100
AcDbText
 10
144.5053525292295
 20
203.8175652791666
 30
0.0
 40
5.0
  1
五、管道基础:
 41
0.7
  7
天正
100
AcDbText
  0
TEXT
  5
C18
330
475
100
AcDbEntity
 67
     1
  8
TWT_TEXT
100
AcDbText
 10
144.5053525292295
 20
197.5262266964895
 30
0.0
 40
5.0
  1
双壁波纹管道基础为120°砂垫层，双壁波纹管道基础及回填详见相关专业设计。
 41
0.7
  7
天正
100
AcDbText
  0
TEXT
  5
C19
330
475
100
AcDbEntity
 67
     1
  8
TWT_TEXT
100
AcDbText
 10
144.5053525292295
 20
190.5655967752296
 30
0.0
 40
5.0
  1
如管道生产厂家对管道基础及基坑回填有要求，应按厂家要求进行施工。
 41
0.7
  7
天正
100
AcDbText
  0
TEXT
  5
C1A
330
475
100
AcDbEntity
 67
     1
  8
TWT_TEXT
100
AcDbText
 10
144.5823356377857
 20
-50.84069514958741
 30
0.0
 40
5.0
  1
十三、坡度参照表:
 41
0.7
  7
天正
100
AcDbText
  0
TEXT
  5
C1B
330
475
100
AcDbEntity
 67
     1
  8
TWT_TEXT
100
AcDbText
 10
147.6995735337625
 20
-60.05178213274098
 30
0.0
 40
5.0
  1
管  径
 41
0.7
  7
天正
100
AcDbText
  0
TEXT
  5
C1C
330
475
100
AcDbEntity
 67
     1
  8
TWT_TEXT
100
AcDbText
 10
147.6995735337625
 20
-68.55178213274098
 30
0.0
 40
5.0
  1
坡  度
 41
0.7
  7
天正
100
AcDbText
  0
TEXT
  5
C1D
330
475
100
AcDbEntity
 67
     1
  8
TWT_TEXT
100
AcDbText
 10
163.8652309469028
 20
-60.05178213274098
 30
0.0
 40
5.0
  1
D300～600
 41
0.7
  7
天正
100
AcDbText
  0
TEXT
  5
C1E
330
475
100
AcDbEntity
 67
     1
  8
TWT_TEXT
100
AcDbText
 10
171.4753591181063
 20
-68.51241205400082
 30
0.0
 40
5.0
  1
3‰
 41
0.7
  7
天正
100
AcDbText
  0
TEXT
  5
C1F
330
475
100
AcDbEntity
 67
     1
  8
TWT_TEXT
100
AcDbText
 10
-135.1628928080026
 20
-27.45300593935463
 30
0.0
 40
5.0
  1
图例：
 41
0.7
  7
天正
100
AcDbText
  0
INSERT
  5
C20
330
475
100
AcDbEntity
 67
     1
  8
WELL_雨水
100
AcDbBlockReference
  2
$TwtSys$00000187
 10
-125.4299492186692
 20
-35.4284736886566
 30
0.0
 41
5.0
 42
5.0
 43
5.0
  0
TEXT
  5
C21
330
475
100
AcDbEntity
 67
     1
  8
TWT_TEXT
100
AcDbText
 10
-105.2996973987974
 20
-38.13813410760304
 30
0.0
 40
4.822695035460993
  1
检查井
 41
0.8
  7
_TCH_DIM
100
AcDbText
  0
TEXT
  5
C22
330
475
100
AcDbEntity
 67
     1
  8
TWT_TEXT
100
AcDbText
 10
-105.2996973987974
 20
-46.91837801620659
 30
0.0
 40
4.822695035460993
  1
排水管道
 41
0.8
  7
_TCH_DIM
100
AcDbText
  0
LINE
  5
C23
330
475
100
AcDbEntity
 67
     1
  8
PIPE-雨水
  6
DASH
 48
0.02
100
AcDbLine
 10
-118.8795001615408
 20
-44.6230049114838
 30
0.0
 11
-130.5176498056544
 21
-44.6230049114838
 31
0.0
  0
TEXT
  5
C24
330
475
100
AcDbEntity
 67
     1
  8
TWT_TEXT
100
AcDbText
 10
-28.39222285756477
 20
-38.13813410760304
 30
0.0
 40
4.822695035460993
  1
排水走向
 41
0.8
  7
_TCH_DIM
100
AcDbText
  0
TEXT
  5
C25
330
475
100
AcDbEntity
 67
     1
  8
TWT_TEXT
100
AcDbText
 10
-28.39222285756477
 20
-46.91837801620659
 30
0.0
 40
4.822695035460993
  1
管径-管长
 41
0.8
  7
_TCH_DIM
100
AcDbText
  0
TEXT
  5
C26
330
475
100
AcDbEntity
 67
     1
  8
TWT_SYMB
 62
     7
100
AcDbText
 10
-61.37815089075229
 20
-45.74217377717777
 30
0.0
 40
3.021097046413502
  1
D400,L=30
 41
0.8
  7
-宋体
100
AcDbText
  0
LWPOLYLINE
  5
C27
330
475
100
AcDbEntity
 67
     1
  8
TWT_SYMB
100
AcDbPolyline
 90
        3
 70
     0
 10
-61.37815089075229
 20
-35.74105045373836
 40
0.0
 41
0.0
 10
-47.05517164547837
 20
-35.74105045373836
 40
0.8000000000000001
 41
0.0
 10
-44.05517164547837
 20
-35.74105045373836
 40
0.0
 41
0.0
  0
INSERT
  5
C28
330
475
100
AcDbEntity
 67
     1
  8
WELL_雨水
100
AcDbBlockReference
  2
$TwtSys$00000187
 10
-125.4299492186692
 20
-53.79277004523283
 30
0.0
 41
5.0
 42
5.0
 43
5.0
  0
LINE
  5
C29
330
475
100
AcDbEntity
 67
     1
  8
TWT_LEAD
100
AcDbLine
 10
-125.4299492186692
 20
-53.79277004523283
 30
0.0
 11
-113.1963485246992
 21
-66.02637073920277
 31
0.0
  0
LINE
  5
C2A
330
475
100
AcDbEntity
 67
     1
  8
TWT_LEAD
100
AcDbLine
 10
-113.1963485246992
 20
-66.02637073920277
 30
0.0
 11
-88.2917225252695
 21
-66.02637073920277
 31
0.0
  0
TEXT
  5
C2B
330
475
100
AcDbEntity
 67
     1
  8
TWT_LEAD
 62
     7
100
AcDbText
 10
-96.69916933378015
 20
-65.15137073920278
 30
0.0
 40
3.375886524822695
  1
井面标高
 41
0.8
  7
_TCH_DIM
100
AcDbText
  0
TEXT
  5
C2C
330
475
100
AcDbEntity
 67
     1
  8
TWT_LEAD
 62
     7
100
AcDbText
 10
-98.54597784441844
 20
-70.40137073920277
 30
0.0
 40
3.375886524822695
  1
管内底标高
 41
0.8
  7
_TCH_DIM
100
AcDbText
  0
TEXT
  5
C2D
330
475
100
AcDbEntity
 67
     1
  8
TWT_TEXT
100
AcDbText
 10
-110.2977435108996
 20
-65.65692810883684
 30
0.0
 40
2.870042194092826
  1
W
 41
0.8
  7
-宋体
100
AcDbText
  0
LINE
  5
C2E
330
475
100
AcDbEntity
 67
     1
  8
TWT_LEAD
100
AcDbLine
 10
-109.092257176364
 20
-68.40012243699402
 30
0.0
 11
-100.5771348368989
 21
-76.91524477645907
 31
0.0
  0
LINE
  5
C2F
330
475
100
AcDbEntity
 67
     1
  8
TWT_LEAD
100
AcDbLine
 10
-100.5771348368989
 20
-76.91524477645907
 30
0.0
 11
-84.08359035397461
 21
-76.91524477645907
 31
0.0
  0
TEXT
  5
C30
330
475
100
AcDbEntity
 67
     1
  8
TWT_LEAD
 62
     7
100
AcDbText
 10
-97.08142642522401
 20
-76.04024477645907
 30
0.0
 40
3.375886524822695
  1
检查井编号
 41
0.8
  7
_TCH_DIM
100
AcDbText
  0
LINE
  5
C31
330
475
100
AcDbEntity
 67
     1
  8
TWT_LEAD
100
AcDbLine
 10
-109.092257176364
 20
-63.65261904141153
 30
0.0
 11
-100.5771348368989
 21
-55.13749670194648
 31
0.0
  0
LINE
  5
C32
330
475
100
AcDbEntity
 67
     1
  8
TWT_LEAD
100
AcDbLine
 10
-100.5771348368989
 20
-55.13749670194648
 30
0.0
 11
-74.54709073295908
 21
-55.13749670194648
 31
0.0
  0
TEXT
  5
C33
330
475
100
AcDbEntity
 67
     1
  8
TWT_LEAD
 62
     7
100
AcDbText
 10
-90.39190001897157
 20
-54.26249670194647
 30
0.0
 40
3.375886524822695
  1
检查井
 41
0.8
  7
_TCH_DIM
100
AcDbText
  0
TEXT
  5
C34
330
475
100
AcDbEntity
 67
     1
  8
TWT_LEAD
 62
     7
100
AcDbText
 10
-98.80245455071893
 20
-59.51249670194648
 30
0.0
 40
3.375886524822695
  1
污水（W） 雨水（Y）
 41
0.8
  7
_TCH_DIM
100
AcDbText
  0
TEXT
  5
C35
330
475
100
AcDbEntity
 67
     1
  8
DIM_SYMB
 62
     7
100
AcDbText
 10
-18.74363098748727
 20
65.40014270836218
 30
0.0
 40
5.286919831223628
  1
排水总平面图
 41
0.8
  7
-宋体
100
AcDbText
  0
LWPOLYLINE
  5
C36
330
475
100
AcDbEntity
 67
     1
  8
DIM_SYMB
100
AcDbPolyline
 90
        2
 70
     0
 43
0.7
 10
-18.74363098748727
 20
64.00014270836217
 10
18.19392175512876
 20
64.00014270836217
  0
LWPOLYLINE
  5
C37
330
475
100
AcDbEntity
 67
     1
  8
DIM_SYMB
100
AcDbPolyline
 90
        2
 70
     0
 43
0.0
 10
-18.74363098748727
 20
62.60014270836219
 10
18.19392175512876
 20
62.60014270836219
  0
TEXT
  5
C38
330
475
100
AcDbEntity
 67
     1
  8
PUB_TEXT
100
AcDbText
 10
-123.3579906899314
 20
256.8224902378912
 30
0.0
 40
5.286919831223628
  1
1:750
 41
0.8
  7
-宋
100
AcDbText
  0
TEXT
  5
C39
330
475
100
AcDbEntity
 67
     1
  8
TWT_TEXT
100
AcDbText
 10
144.5053525292295
 20
181.1110239809064
 30
0.0
 40
5.0
  1
六、检查井及井盖:
 41
0.7
  7
天正
100
AcDbText
  0
TEXT
  5
C3A
330
475
100
AcDbEntity
 67
     1
  8
TWT_TEXT
100
AcDbText
 10
144.5053525292295
 20
175.0634049332874
 30
0.0
 40
5.0
  1
1.检查井采用混凝土砌井,室外检查井井盖应有防盗、防坠落措施，检查井、阀门井井盖上应具有
 41
0.7
  7
天正
100
AcDbText
  0
TEXT
  5
C3B
330
475
100
AcDbEntity
 67
     1
  8
TWT_TEXT
100
AcDbText
 10
144.5053525292295
 20
160.6888360168956
 30
0.0
 40
5.0
  1
2.检查井：检查井尺寸具体可视管径、埋深、地面荷载、地质情况等因素按国标20S515选用。
 41
0.7
  7
天正
100
AcDbText
  0
TEXT
  5
C3C
330
475
100
AcDbEntity
 67
     1
  8
TWT_TEXT
100
AcDbText
 10
144.5053525292295
 20
153.8590554769694
 30
0.0
 40
5.0
  1
机动车道采用球墨铸铁防盗防响重型弹簧井盖；位于非铺砌路面上的检查井采用重型井盖及井座。
 41
0.7
  7
天正
100
AcDbText
  0
TEXT
  5
C3D
330
475
100
AcDbEntity
 67
     1
  8
TWT_TEXT
100
AcDbText
 10
144.5053525292295
 20
141.8920980618055
 30
0.0
 40
5.0
  1
七、化粪池应设通气管，详按单体水施图中的内容施工。
 41
0.7
  7
天正
100
AcDbText
  0
TEXT
  5
C3E
330
475
100
AcDbEntity
 67
     1
  8
TWT_TEXT
100
AcDbText
 10
144.5053525292295
 20
130.4177858135377
 30
0.0
 40
5.0
  1
八、管道埋设深度应满足下列要求：当管道埋设于人行道等非机动车道时，管顶覆土厚度不宜
 41
0.7
  7
天正
100
AcDbText
  0
TEXT
  5
C3F
330
475
100
AcDbEntity
 67
     1
  8
TWT_TEXT
100
AcDbText
 10
144.5053525292295
 20
123.4571558922778
 30
0.0
 40
5.0
  1
小于0.5m；当管道埋设于机动车道时管顶覆土厚度不宜小于0.8m。
 41
0.7
  7
天正
100
AcDbText
  0
TEXT
  5
C40
330
475
100
AcDbEntity
 67
     1
  8
TWT_TEXT
100
AcDbText
 10
144.5053525292295
 20
112.2091243962148
 30
0.0
 40
5.0
  1
九、沟槽处理:
 41
0.7
  7
天正
100
AcDbText
  0
TEXT
  5
C41
330
475
100
AcDbEntity
 67
     1
  8
TWT_TEXT
100
AcDbText
 10
144.5053525292295
 20
105.9177858135377
 30
0.0
 40
5.0
  1
沟槽槽底净宽度参见大样图。开挖沟槽应严格控制基底高度，不得扰动基面.基底设计标高以上0.2-0.3m
 41
0.7
  7
天正
100
AcDbText
  0
TEXT
  5
C42
330
475
100
AcDbEntity
 67
     1
  8
TWT_TEXT
100
AcDbText
 10
144.5053525292295
 20
98.91778581353769
 30
0.0
 40
5.0
  1
的原状土应予保留，禁止扰动。铺管前用人工清理至设计标高，不得挖至设计标高以下。如果局部超挖的
 41
0.7
  7
天正
100
AcDbText
  0
TEXT
  5
C43
330
475
100
AcDbEntity
 67
     1
  8
TWT_TEXT
100
AcDbText
 10
144.5053525292295
 20
91.91778581353769
 30
0.0
 40
5.0
  1
或发生扰动，不得回填泥土，可换填10-15mm的中、粗砂并整平夯实。槽底埋有不易清除的块石、碎石、
 41
0.7
  7
天正
100
AcDbText
  0
TEXT
  5
C44
330
475
100
AcDbEntity
 67
     1
  8
TWT_TEXT
100
AcDbText
 10
144.5053525292295
 20
84.91778581353768
 30
0.0
 40
5.0
  1
砖块等物质时，应铲除至设计标高以下0.2m，铺垫砂石料后再铺上沙土整平夯实。
 41
0.7
  7
天正
100
AcDbText
  0
TEXT
  5
C45
330
475
100
AcDbEntity
 67
     1
  8
TWT_TEXT
100
AcDbText
 10
144.5053525292295
 20
74.45715589227785
 30
0.0
 40
5.0
  1
十、成品管道和检查井的基础应落在有一定承载力的原状土层上，承载力fk>100KPa的按普通做法；
 41
0.7
  7
天正
100
AcDbText
  0
TEXT
  5
C46
330
475
100
AcDbEntity
 67
     1
  8
TWT_TEXT
100
AcDbText
 10
144.5053525292295
 20
67.41778581353769
 30
0.0
 40
5.0
  1
如遇淤泥质土或土质特别差的，承载力fk<50KPa，必须挖去全部淤泥后用砂垫层回填（淤泥厚度小），
 41
0.7
  7
天正
100
AcDbText
  0
TEXT
  5
C47
330
475
100
AcDbEntity
 67
     1
  8
TWT_TEXT
100
AcDbText
 10
144.5053525292295
 20
60.45715589227786
 30
0.0
 40
5.0
  1
若淤泥厚度较大挖去有困难，可采用打桩或搅拌桩处理；当承载力100KPa>fk≥50KPa，
 41
0.7
  7
天正
100
AcDbText
  0
TEXT
  5
C48
330
475
100
AcDbEntity
 67
     1
  8
TWT_TEXT
100
AcDbText
 10
144.5053525292295
 20
52.70912439621486
 30
0.0
 40
5.0
  1
可采用500mm厚砂垫层上做150~200mm碎石砂垫层来处理。
 41
0.7
  7
天正
100
AcDbText
  0
TEXT
  5
C49
330
475
100
AcDbEntity
 67
     1
  8
TWT_TEXT
100
AcDbText
 10
144.5053525292295
 20
42.20912439621486
 30
0.0
 40
5.0
  1
十一、管道回填要求:
 41
0.7
  7
天正
100
AcDbText
  0
TEXT
  5
C4A
330
475
100
AcDbEntity
 67
     1
  8
TWT_TEXT
100
AcDbText
 10
144.5053525292295
 20
35.9177858135377
 30
0.0
 40
5.0
  1
管道安装验收合格后应立即回填，至少应先回填到管顶以上一倍管径高度。沟槽回填从管底基础部位开始
 41
0.7
  7
天正
100
AcDbText
  0
TEXT
  5
C4B
330
475
100
AcDbEntity
 67
     1
  8
TWT_TEXT
100
AcDbText
 10
144.5053525292295
 20
28.9177858135377
 30
0.0
 40
5.0
  1
到管顶上0.7m范围，必须采用人工回填，严禁用机械碾压。回填时沟槽内应无积水，不得带水回填，不
 41
0.7
  7
天正
100
AcDbText
  0
TEXT
  5
C4C
330
475
100
AcDbEntity
 67
     1
  8
TWT_TEXT
100
AcDbText
 10
144.5053525292295
 20
21.20912439621486
 30
0.0
 40
5.0
  1
得回填淤泥、有机物等杂物。回填土中不得含有石块、砖块及其他杂硬物体。沟槽回填应从管道、检查井
 41
0.7
  7
天正
100
AcDbText
  0
TEXT
  5
C4D
330
475
100
AcDbEntity
 67
     1
  8
TWT_TEXT
100
AcDbText
 10
144.5053525292295
 20
14.91778581353769
 30
0.0
 40
5.0
  1
等构筑物两侧同时对称回填，确保管道及构筑物不发生位移，必要时可采用限位措施。从管底到管顶以上
 41
0.7
  7
天正
100
AcDbText
  0
TEXT
  5
C4E
330
475
100
AcDbEntity
 67
     1
  8
TWT_TEXT
100
AcDbText
 10
144.5053525292295
 20
7.917785813537695
 30
0.0
 40
5.0
  1
0.4m范围内的沟槽回填材料应严格控制，可采用碎石屑、砂砾、中砂、粗砂、或开挖出的良质土。回填
 41
0.7
  7
天正
100
AcDbText
  0
TEXT
  5
C4F
330
475
100
AcDbEntity
 67
     1
  8
TWT_TEXT
100
AcDbText
 10
144.5053525292295
 20
0.9177858135376961
 30
0.0
 40
5.0
  1
土的密实度管底到管顶范围内应不小于95%，对于管顶以上0.4m范围内应不小于85%，其它部位应
 41
0.7
  7
天正
100
AcDbText
  0
TEXT
  5
C50
330
475
100
AcDbEntity
 67
     1
  8
TWT_TEXT
100
AcDbText
 10
144.5053525292295
 20
-6.790875603785138
 30
0.0
 40
5.0
  1
不小于90%。
 41
0.7
  7
天正
100
AcDbText
  0
TEXT
  5
C51
330
475
100
AcDbEntity
 67
     1
  8
TWT_TEXT
100
AcDbText
 10
144.5053525292295
 20
168.0314368789762
 30
0.0
 40
5.0
  1
属性标识。在车行道的检查井、阀门井，应采用具有足够承载力和稳定性良好的井盖与井座。
 41
0.7
  7
天正
100
AcDbText
  0
TEXT
  5
C52
330
475
100
AcDbEntity
 67
     1
  8
TWT_TEXT
100
AcDbText
 10
144.5053525292295
 20
-17.29087560378514
 30
0.0
 40
5.0
  1
十二、其他
 41
0.7
  7
天正
100
AcDbText
  0
TEXT
  5
C53
330
475
100
AcDbEntity
 67
     1
  8
TWT_TEXT
100
AcDbText
 10
144.5053525292295
 20
-24.29087560378514
 30
0.0
 40
5.0
  1
1.污水管道及湿陷土、膨胀土、流砂地区等的雨水管道必须经严密性试验合格后方可投入运行。
 41
0.7
  7
天正
100
AcDbText
  0
TEXT
  5
C54
330
475
100
AcDbEntity
 67
     1
  8
TWT_TEXT
100
AcDbText
 10
144.5053525292295
 20
-31.71579747895918
 30
0.0
 40
5.0
  1
2.绿化带附近的屋面雨水采用断接进入建筑物周围的绿地下凹处。
 41
0.7
  7
天正
100
AcDbText
  0
TEXT
  5
C55
330
475
100
AcDbEntity
 67
     1
  8
TWT_TEXT
100
AcDbText
 10
144.5053525292295
 20
-38.35529227676234
 30
0.0
 40
5.0
  1
3.绿化带下凹处的末端设溢流雨水口，景观设计时落实以上措施。
 41
0.7
  7
天正
100
AcDbText
  0
ENDSEC
  0
SECTION
  2
OBJECTS
  0
DICTIONARY
  5
B
330
0
100
AcDbDictionary
281
     1
  3
ACAD_CIP_PREVIOUS_PRODUCT_INFO
350
CC1
  3
ACAD_COLOR
350
99F
  3
ACAD_DETAILVIEWSTYLE
350
CAF
  3
ACAD_GROUP
350
99A
  3
ACAD_LAST_SAVED_VERSION_INFO
350
CC3
  3
ACAD_LAYOUT
350
471
  3
ACAD_MATERIAL
350
D
  3
ACAD_MLEADERSTYLE
350
9A1
  3
ACAD_MLINESTYLE
350
99B
  3
ACAD_PLOTSETTINGS
350
99C
  3
ACAD_PLOTSTYLENAME
350
A
  3
ACAD_SCALELIST
350
47D
  3
ACAD_SECTIONVIEWSTYLE
350
CAD
  3
ACAD_TABLESTYLE
350
9A0
  3
ACAD_VISUALSTYLE
350
481
  3
ACDB_RECOMPOSE_DATA
350
CCA
  3
AcDbVariableDictionary
350
C90
  0
DICTIONARY
  5
98B
330
988
100
AcDbDictionary
280
     1
281
     1
  0
DICTIONARY
  5
97F
330
97E
100
AcDbDictionary
280
     1
281
     1
  3
ACAD_LAYERSTATES
360
980
  0
DICTIONARY
  5
7
330
6
100
AcDbDictionary
280
     1
281
     1
  3
ADSK_XREC_LAYER_RECONCILED
360
8
  0
DICTIONARY
  5
2BA
330
2B9
100
AcDbDictionary
280
     1
281
     1
  3
ADSK_XREC_LAYER_RECONCILED
360
2BB
  0
DICTIONARY
  5
8B
330
8A
100
AcDbDictionary
280
     1
281
     1
  0
DICTIONARY
  5
22
330
21
100
AcDbDictionary
280
     1
281
     1
  0
DICTIONARY
  5
66
330
65
100
AcDbDictionary
280
     1
281
     1
  0
DICTIONARY
  5
39
330
38
100
AcDbDictionary
280
     1
281
     1
  0
DICTIONARY
  5
1C
330
1B
100
AcDbDictionary
280
     1
281
     1
  0
DICTIONARY
  5
26
330
25
100
AcDbDictionary
280
     1
281
     1
  0
DICTIONARY
  5
105
330
104
100
AcDbDictionary
280
     1
281
     1
  0
DICTIONARY
  5
2C1
330
2C0
100
AcDbDictionary
280
     1
281
     1
  0
DICTIONARY
  5
15E
330
15D
100
AcDbDictionary
280
     1
281
     1
  0
DICTIONARY
  5
18B
330
18A
100
AcDbDictionary
280
     1
281
     1
  0
DICTIONARY
  5
33D
330
33C
100
AcDbDictionary
280
     1
281
     1
  0
DICTIONARY
  5
344
330
343
100
AcDbDictionary
280
     1
281
     1
  0
DICTIONARY
  5
3
330
2
100
AcDbDictionary
280
     1
281
     1
  3
ACAD_SORTENTS
360
9D9
  0
DICTIONARY
  5
476
330
475
100
AcDbDictionary
280
     1
281
     1
  3
ACAD_SORTENTS
360
9D8
  0
DICTIONARY
  5
50
330
4F
100
AcDbDictionary
280
     1
281
     1
  3
ACAD_ENHANCEDBLOCK
360
51
  3
ACAD_SORTENTS
360
9C9
  3
AcDbDynamicBlockRoundTripPurgePreventer
360
54
  0
DICTIONARY
  5
69
330
68
100
AcDbDictionary
280
     1
281
     1
  3
ACAD_SORTENTS
360
9CA
  0
DICTIONARY
  5
107
330
106
100
AcDbDictionary
280
     1
281
     1
  3
ACAD_SORTENTS
360
9CB
  0
DICTIONARY
  5
FD
330
FC
100
AcDbDictionary
280
     1
281
     1
  3
ACAD_SORTENTS
360
9CC
  0
DICTIONARY
  5
2CC
330
2CB
100
AcDbDictionary
280
     1
281
     1
  3
ACAD_SORTENTS
360
9CD
  0
DICTIONARY
  5
160
330
15F
100
AcDbDictionary
280
     1
281
     1
  3
ACAD_SORTENTS
360
9BD
  0
DICTIONARY
  5
18D
330
18C
100
AcDbDictionary
280
     1
281
     1
  3
ACAD_SORTENTS
360
9BE
  0
DICTIONARY
  5
1BD
330
1BC
100
AcDbDictionary
280
     1
281
     1
  3
ACAD_SORTENTS
360
9BF
  0
DICTIONARY
  5
1B7
330
1B6
100
AcDbDictionary
280
     1
281
     1
  3
ACAD_SORTENTS
360
9C0
  0
DICTIONARY
  5
7E7
330
7E6
100
AcDbDictionary
280
     1
281
     1
  3
ACAD_SORTENTS
360
9C1
  0
DICTIONARY
  5
664
330
663
100
AcDbDictionary
280
     1
281
     1
  3
ACAD_SORTENTS
360
9C2
  0
DICTIONARY
  5
6D4
330
6D3
100
AcDbDictionary
280
     1
281
     1
  3
ACAD_SORTENTS
360
9C3
  0
DICTIONARY
  5
656
330
655
100
AcDbDictionary
280
     1
281
     1
  3
ACAD_SORTENTS
360
9C6
  0
DICTIONARY
  5
4DB
330
4DA
100
AcDbDictionary
280
     1
281
     1
  3
ACAD_SORTENTS
360
9C7
  0
DICTIONARY
  5
930
330
92F
100
AcDbDictionary
280
     1
281
     1
  0
DICTIONARY
  5
33F
330
33E
100
AcDbDictionary
280
     1
281
     1
  3
ACAD_SORTENTS
360
9C4
  0
DICTIONARY
  5
28E
330
28D
100
AcDbDictionary
280
     1
281
     1
  3
ACAD_SORTENTS
360
9C5
  0
DICTIONARY
  5
4C
330
4B
100
AcDbDictionary
280
     1
281
     1
  3
AcDbBlockRepresentation
360
4D
  0
DICTIONARY
  5
47A
330
479
100
AcDbDictionary
280
     1
281
     1
  3
ASDK_XREC_ANNOTATION_SCALE_INFO
360
47B
  0
DICTIONARY
  5
485
330
484
100
AcDbDictionary
280
     1
281
     1
  3
ASDK_XREC_ANNOTATION_SCALE_INFO
360
486
  0
XRECORD
  5
CC1
102
{ACAD_REACTORS
330
B
102
}
330
B
100
AcDbXrecord
280
     1
300
ACD
300
2024
300

  0
DICTIONARY
  5
99F
102
{ACAD_REACTORS
330
B
102
}
330
B
100
AcDbDictionary
281
     1
  0
DICTIONARY
  5
CAF
102
{ACAD_REACTORS
330
B
102
}
330
B
100
AcDbDictionary
281
     1
  3
Metric50
350
CB0
  0
DICTIONARY
  5
99A
102
{ACAD_REACTORS
330
B
102
}
330
B
100
AcDbDictionary
281
     1
  3
TCH_组1
350
9FC
  3
TCH_组2
350
9FD
  3
TCH_组3
350
9FE
  3
TCH_组4
350
9FF
  0
XRECORD
  5
CC3
102
{ACAD_REACTORS
330
B
102
}
330
B
100
AcDbXrecord
280
     1
300
{B85DAEB2-6203-DA47-B251-0B1A0738C590}
301
{9789D301-34F4-9046-8520-22ABC0FD1894}
302
{B85DAEB2-6203-DA47-B251-0B1A0738C590}
303
C:\Users\azyp\Desktop\cad\给排水\(排水审图)佛山市天地元一净化设备有限公司_t3.dxf
  0
DICTIONARY
  5
471
102
{ACAD_REACTORS
330
B
102
}
330
B
100
AcDbDictionary
281
     1
  3
Model
350
470
  3
布局1
350
97B
  0
DICTIONARY
  5
D
102
{ACAD_REACTORS
330
B
102
}
330
B
100
AcDbDictionary
281
     1
  3
ByBlock
350
99E
  3
ByLayer
350
99D
  3
Global
350
C
  0
DICTIONARY
  5
9A1
102
{ACAD_REACTORS
330
B
102
}
330
B
100
AcDbDictionary
281
     1
  3
Standard
350
CAC
  0
DICTIONARY
  5
99B
102
{ACAD_REACTORS
330
B
102
}
330
B
100
AcDbDictionary
281
     1
  3
Standard
350
9A3
  0
DICTIONARY
  5
99C
102
{ACAD_REACTORS
330
B
102
}
330
B
100
AcDbDictionary
281
     1
  0
ACDBDICTIONARYWDFLT
  5
A
102
{ACAD_REACTORS
330
B
102
}
330
B
100
AcDbDictionary
281
     1
  3
A-ROAD
350
23
  3
G-AROW
350
67
  3
Normal
350
9
100
AcDbDictionaryWithDefault
340
9
  0
DICTIONARY
  5
47D
102
{ACAD_REACTORS
330
B
102
}
330
B
100
AcDbDictionary
281
     1
  3
A0
350
47C
  3
A1
350
9AC
  3
A2
350
9AD
  3
A3
350
9AE
  3
A4
350
9AF
  3
A5
350
9B0
  3
A6
350
9B1
  3
A7
350
9B2
  3
A8
350
9B3
  3
A9
350
9B4
  3
B0
350
9B5
  3
B1
350
9B6
  3
B2
350
9B7
  3
B3
350
9B8
  3
B4
350
9B9
  3
B5
350
9BA
  3
B6
350
9BB
  0
DICTIONARY
  5
CAD
102
{ACAD_REACTORS
330
B
102
}
330
B
100
AcDbDictionary
281
     1
  3
Metric50
350
CAE
  0
DICTIONARY
  5
9A0
102
{ACAD_REACTORS
330
B
102
}
330
B
100
AcDbDictionary
281
     1
  3
Standard
350
9A4
  0
DICTIONARY
  5
481
102
{ACAD_REACTORS
330
B
102
}
330
B
100
AcDbDictionary
281
     1
  3
2dWireframe
350
480
  3
Basic
350
C9B
  3
Brighten
350
C9F
  3
ColorChange
350
CA3
  3
Conceptual
350
C9D
  3
Dim
350
C9E
  3
EdgeColorOff
350
CAB
  3
Facepattern
350
CA2
  3
Flat
350
C97
  3
FlatWithEdges
350
C98
  3
Gouraud
350
C99
  3
GouraudWithEdges
350
C9A
  3
Hidden
350
C9C
  3
JitterOff
350
CA9
  3
Linepattern
350
CA1
  3
OverhangOff
350
CAA
  3
Realistic
350
9A6
  3
Shaded
350
CA8
  3
Shaded with edges
350
CA7
  3
Shades of Gray
350
CA4
  3
Sketchy
350
CA5
  3
Thicken
350
CA0
  3
Wireframe
350
9A9
  3
X-Ray
350
CA6
  0
XRECORD
  5
CCA
102
{ACAD_REACTORS
330
B
102
}
330
B
100
AcDbXrecord
280
     1
 90
        1
330
9A4
  0
DICTIONARY
  5
C90
102
{ACAD_REACTORS
330
B
102
}
330
B
100
AcDbDictionary
281
     1
  3
CANNOSCALE
350
C94
  3
CMLEADERSTYLE
350
C92
  3
CTABLESTYLE
350
C91
  3
CVIEWDETAILSTYLE
350
CC4
  3
CVIEWSECTIONSTYLE
350
CC5
  3
LAYEREVAL
350
CC7
  3
LAYERNOTIFY
350
CC8
  3
LIGHTINGUNITS
350
CC6
  3
MSLTSCALE
350
C93
  0
DICTIONARY
  5
980
102
{ACAD_REACTORS
330
97F
102
}
330
97F
100
AcDbDictionary
281
     1
  0
XRECORD
  5
8
102
{ACAD_REACTORS
330
7
102
}
330
7
100
AcDbXrecord
280
     1
290
     1
  0
XRECORD
  5
2BB
102
{ACAD_REACTORS
330
2BA
102
}
330
2BA
100
AcDbXrecord
280
     1
290
     1
  0
SORTENTSTABLE
  5
9D9
102
{ACAD_REACTORS
330
3
102
}
330
3
100
AcDbSortentsTable
330
2
  0
SORTENTSTABLE
  5
9D8
102
{ACAD_REACTORS
330
476
102
}
330
476
100
AcDbSortentsTable
330
475
  0
ACAD_EVALUATION_GRAPH
  5
51
102
{ACAD_REACTORS
330
50
102
}
330
50
100
AcDbEvalGraph
 96
        1
 97
        1
 91
        0
 93
       32
 95
        1
360
52
 92
       -1
 92
       -1
 92
       -1
 92
       -1
  0
SORTENTSTABLE
  5
9C9
102
{ACAD_REACTORS
330
50
102
}
330
50
100
AcDbSortentsTable
330
4F
331
56
  5
58
331
58
  5
59
331
59
  5
5A
331
5A
  5
5E
331
5B
  5
56
331
5E
  5
5B
  0
ACDB_DYNAMICBLOCKPURGEPREVENTER_VERSION
  5
54
102
{ACAD_REACTORS
330
50
102
}
330
50
100
AcDbDynamicBlockPurgePreventer
 70
     1
  0
SORTENTSTABLE
  5
9CA
102
{ACAD_REACTORS
330
69
102
}
330
69
100
AcDbSortentsTable
330
68
331
6C
  5
6D
331
6D
  5
6E
331
6E
  5
6F
331
6F
  5
71
331
70
  5
6C
331
71
  5
70
  0
SORTENTSTABLE
  5
9CB
102
{ACAD_REACTORS
330
107
102
}
330
107
100
AcDbSortentsTable
330
106
  0
SORTENTSTABLE
  5
9CC
102
{ACAD_REACTORS
330
FD
102
}
330
FD
100
AcDbSortentsTable
330
FC
  0
SORTENTSTABLE
  5
9CD
102
{ACAD_REACTORS
330
2CC
102
}
330
2CC
100
AcDbSortentsTable
330
2CB
  0
SORTENTSTABLE
  5
9BD
102
{ACAD_REACTORS
330
160
102
}
330
160
100
AcDbSortentsTable
330
15F
331
163
  5
168
331
165
  5
163
331
166
  5
165
331
167
  5
166
331
168
  5
167
  0
SORTENTSTABLE
  5
9BE
102
{ACAD_REACTORS
330
18D
102
}
330
18D
100
AcDbSortentsTable
330
18C
331
190
  5
192
331
192
  5
190
  0
SORTENTSTABLE
  5
9BF
102
{ACAD_REACTORS
330
1BD
102
}
330
1BD
100
AcDbSortentsTable
330
1BC
  0
SORTENTSTABLE
  5
9C0
102
{ACAD_REACTORS
330
1B7
102
}
330
1B7
100
AcDbSortentsTable
330
1B6
  0
SORTENTSTABLE
  5
9C1
102
{ACAD_REACTORS
330
7E7
102
}
330
7E7
100
AcDbSortentsTable
330
7E6
  0
SORTENTSTABLE
  5
9C2
102
{ACAD_REACTORS
330
664
102
}
330
664
100
AcDbSortentsTable
330
663
  0
SORTENTSTABLE
  5
9C3
102
{ACAD_REACTORS
330
6D4
102
}
330
6D4
100
AcDbSortentsTable
330
6D3
  0
SORTENTSTABLE
  5
9C6
102
{ACAD_REACTORS
330
656
102
}
330
656
100
AcDbSortentsTable
330
655
  0
SORTENTSTABLE
  5
9C7
102
{ACAD_REACTORS
330
4DB
102
}
330
4DB
100
AcDbSortentsTable
330
4DA
  0
SORTENTSTABLE
  5
9C4
102
{ACAD_REACTORS
330
33F
102
}
330
33F
100
AcDbSortentsTable
330
33E
  0
SORTENTSTABLE
  5
9C5
102
{ACAD_REACTORS
330
28E
102
}
330
28E
100
AcDbSortentsTable
330
28D
  0
DICTIONARY
  5
4D
102
{ACAD_REACTORS
330
4C
102
}
330
4C
100
AcDbDictionary
280
     1
281
     1
  3
AcDbRepData
360
4E
  3
AppDataCache
360
62
  0
XRECORD
  5
47B
102
{ACAD_REACTORS
330
47A
102
}
330
47A
100
AcDbXrecord
280
     1
 90
        1
340
47C
  0
XRECORD
  5
486
102
{ACAD_REACTORS
330
485
102
}
330
485
100
AcDbXrecord
280
     1
 90
        1
340
47C
  0
ACDBDETAILVIEWSTYLE
  5
CB0
102
{ACAD_XDICTIONARY
360
CCD
102
}
102
{ACAD_REACTORS
330
CAF
102
}
330
CAF
100
AcDbModelDocViewStyle
 70
     0
  3
Metric50
290
     0
100
AcDbDetailViewStyle
 70
     0
 71
     0
 90
        3
 71
     1
340
2BC
 62
   256
 40
5.0
340
0
 62
   256
 40
5.0
300

 40
0.0
280
     1
 71
     2
340
E
 90
       25
 62
   256
 71
     3
340
2BC
 62
   256
 40
5.0
 90
        0
 40
15.0
 90
        1
300
%<\AcVar ViewDetailId>% (%<\AcVar ViewScale \f "%sn">%)
 71
     4
340
E
 90
       25
 62
   256
340
E
 90
       25
 62
   256
280
     0
  0
GROUP
  5
9FC
102
{ACAD_REACTORS
330
99A
102
}
330
99A
100
AcDbGroup
300

 70
     0
 71
     1
  0
GROUP
  5
9FD
102
{ACAD_REACTORS
330
99A
102
}
330
99A
100
AcDbGroup
300

 70
     0
 71
     1
  0
GROUP
  5
9FE
102
{ACAD_REACTORS
330
99A
102
}
330
99A
100
AcDbGroup
300

 70
     0
 71
     1
  0
GROUP
  5
9FF
102
{ACAD_REACTORS
330
99A
102
}
330
99A
100
AcDbGroup
300

 70
     0
 71
     1
  0
LAYOUT
  5
470
102
{ACAD_XDICTIONARY
360
472
102
}
102
{ACAD_REACTORS
330
471
102
}
330
471
100
AcDbPlotSettings
  1

  2
DWG to PDF.pc5
  4
ISO_expand_A4_(297.00_x_210.00_MM)
  6

 40
5.0
 41
10.0
 42
5.0
 43
10.0
 44
297.0
 45
210.0
 46
4.234944628202356
 47
0.0
 48
685099.1838020821
 49
2545131.239608313
140
685588.928673215
141
2545465.320276528
142
1.0
143
1.758319306395653
 70
 11924
 72
     1
 73
     0
 74
     4
  7

 75
     0
147
0.568724916096088
 76
     0
 77
     2
 78
   300
148
-685099.1838020821
149
-2545131.239608313
100
AcDbLayout
  1
Model
 70
     1
 71
     0
 10
0.0
 20
0.0
 11
420.0
 21
297.0
 12
0.0
 22
0.0
 32
0.0
 14
1.000000000000000E+20
 24
1.000000000000000E+20
 34
1.000000000000000E+20
 15
-1.000000000000000E+20
 25
-1.000000000000000E+20
 35
-1.000000000000000E+20
146
0.0
 13
0.0
 23
0.0
 33
0.0
 16
1.0
 26
0.0
 36
0.0
 17
0.0
 27
1.0
 37
0.0
 76
     0
330
2
331
989
1001
ACAD_PSEXT
1000
DWG to PDF.pc5
1000
DWG to PDF
1000
文件
1000

1070
     0
  0
LAYOUT
  5
97B
102
{ACAD_XDICTIONARY
360
97C
102
}
102
{ACAD_REACTORS
330
471
102
}
330
471
100
AcDbPlotSettings
  1

  2
none_device
  4
ISO_A4_(210.00_x_297.00_MM)
  6

 40
7.5
 41
20.0
 42
7.5
 43
20.0
 44
210.0
 45
297.0
 46
0.0
 47
0.0
 48
0.0
 49
0.0
140
0.0
141
0.0
142
1.0
143
1.0
 70
   688
 72
     1
 73
     1
 74
     5
  7

 75
    16
147
1.0
 76
     0
 77
     2
 78
   300
148
0.0
149
0.0
100
AcDbLayout
  1
布局1
 70
     0
 71
     1
 10
0.0
 20
0.0
 11
12.0
 21
9.0
 12
0.0
 22
0.0
 32
0.0
 14
-171.7303155352511
 24
-91.87975408710128
 34
0.0
 15
422.2696844647487
 25
328.1202459128987
 35
2.735391995810758
146
0.0
 13
0.0
 23
0.0
 33
0.0
 16
1.0
 26
0.0
 36
0.0
 17
0.0
 27
1.0
 37
0.0
 76
     0
330
475
331
479
1001
ACAD_PSEXT
1000
无
1000
无
1000
不可用
1000
在选择新的绘图仪配置名称之前，不能打印该布局。
1070
     0
  0
MATERIAL
  5
99E
102
{ACAD_REACTORS
330
D
102
}
330
D
100
AcDbMaterial
  1
ByBlock
 72
     0
 43
0.0008202099737533
 43
0.0
 43
0.0
 43
0.0
 43
0.0
 43
0.0008202099737533
 43
0.0
 43
0.0
 43
0.0
 43
0.0
 43
1.0
 43
0.0
 43
0.0
 43
0.0
 43
0.0
 43
1.0
 77
     0
 47
0.0008202099737533
 47
0.0
 47
0.0
 47
0.0
 47
0.0
 47
0.0008202099737533
 47
0.0
 47
0.0
 47
0.0
 47
0.0
 47
1.0
 47
0.0
 47
0.0
 47
0.0
 47
0.0
 47
1.0
171
     0
 49
0.0008202099737533
 49
0.0
 49
0.0
 49
0.0
 49
0.0
 49
0.0008202099737533
 49
0.0
 49
0.0
 49
0.0
 49
0.0
 49
1.0
 49
0.0
 49
0.0
 49
0.0
 49
0.0
 49
1.0
175
     0
142
0.0008202099737533
142
0.0
142
0.0
142
0.0
142
0.0
142
0.0008202099737533
142
0.0
142
0.0
142
0.0
142
0.0
142
1.0
142
0.0
142
0.0
142
0.0
142
0.0
142
1.0
179
     0
144
0.0008202099737533
144
0.0
144
0.0
144
0.0
144
0.0
144
0.0008202099737533
144
0.0
144
0.0
144
0.0
144
0.0
144
1.0
144
0.0
144
0.0
144
0.0
144
0.0
144
1.0
147
0.0008202099737533
147
0.0
147
0.0
147
0.0
147
0.0
147
0.0008202099737533
147
0.0
147
0.0
147
0.0
147
0.0
147
1.0
147
0.0
147
0.0
147
0.0
147
0.0
147
1.0
  0
MATERIAL
  5
99D
102
{ACAD_REACTORS
330
D
102
}
330
D
100
AcDbMaterial
  1
ByLayer
 72
     0
 43
0.0008202099737533
 43
0.0
 43
0.0
 43
0.0
 43
0.0
 43
0.0008202099737533
 43
0.0
 43
0.0
 43
0.0
 43
0.0
 43
1.0
 43
0.0
 43
0.0
 43
0.0
 43
0.0
 43
1.0
 77
     0
 47
0.0008202099737533
 47
0.0
 47
0.0
 47
0.0
 47
0.0
 47
0.0008202099737533
 47
0.0
 47
0.0
 47
0.0
 47
0.0
 47
1.0
 47
0.0
 47
0.0
 47
0.0
 47
0.0
 47
1.0
171
     0
 49
0.0008202099737533
 49
0.0
 49
0.0
 49
0.0
 49
0.0
 49
0.0008202099737533
 49
0.0
 49
0.0
 49
0.0
 49
0.0
 49
1.0
 49
0.0
 49
0.0
 49
0.0
 49
0.0
 49
1.0
175
     0
142
0.0008202099737533
142
0.0
142
0.0
142
0.0
142
0.0
142
0.0008202099737533
142
0.0
142
0.0
142
0.0
142
0.0
142
1.0
142
0.0
142
0.0
142
0.0
142
0.0
142
1.0
179
     0
144
0.0008202099737533
144
0.0
144
0.0
144
0.0
144
0.0
144
0.0008202099737533
144
0.0
144
0.0
144
0.0
144
0.0
144
1.0
144
0.0
144
0.0
144
0.0
144
0.0
144
1.0
147
0.0008202099737533
147
0.0
147
0.0
147
0.0
147
0.0
147
0.0008202099737533
147
0.0
147
0.0
147
0.0
147
0.0
147
1.0
147
0.0
147
0.0
147
0.0
147
0.0
147
1.0
  0
MATERIAL
  5
C
102
{ACAD_REACTORS
330
D
102
}
330
D
100
AcDbMaterial
  1
Global
 72
     0
 43
0.0008202099737533
 43
0.0
 43
0.0
 43
0.0
 43
0.0
 43
0.0008202099737533
 43
0.0
 43
0.0
 43
0.0
 43
0.0
 43
1.0
 43
0.0
 43
0.0
 43
0.0
 43
0.0
 43
1.0
 77
     0
 47
0.0008202099737533
 47
0.0
 47
0.0
 47
0.0
 47
0.0
 47
0.0008202099737533
 47
0.0
 47
0.0
 47
0.0
 47
0.0
 47
1.0
 47
0.0
 47
0.0
 47
0.0
 47
0.0
 47
1.0
171
     0
 49
0.0008202099737533
 49
0.0
 49
0.0
 49
0.0
 49
0.0
 49
0.0008202099737533
 49
0.0
 49
0.0
 49
0.0
 49
0.0
 49
1.0
 49
0.0
 49
0.0
 49
0.0
 49
0.0
 49
1.0
175
     0
142
0.0008202099737533
142
0.0
142
0.0
142
0.0
142
0.0
142
0.0008202099737533
142
0.0
142
0.0
142
0.0
142
0.0
142
1.0
142
0.0
142
0.0
142
0.0
142
0.0
142
1.0
179
     0
144
0.0008202099737533
144
0.0
144
0.0
144
0.0
144
0.0
144
0.0008202099737533
144
0.0
144
0.0
144
0.0
144
0.0
144
1.0
144
0.0
144
0.0
144
0.0
144
0.0
144
1.0
147
0.0008202099737533
147
0.0
147
0.0
147
0.0
147
0.0
147
0.0008202099737533
147
0.0
147
0.0
147
0.0
147
0.0
147
1.0
147
0.0
147
0.0
147
0.0
147
0.0
147
1.0
  0
MLEADERSTYLE
  5
CAC
102
{ACAD_REACTORS
330
9A1
102
}
330
9A1
100
AcDbMLeaderStyle
179
     2
170
     2
171
     1
172
     0
 90
        2
 40
0.0
 41
0.0
173
     1
 91
-1056964608
340
984
 92
       -2
290
     1
 42
2.0
291
     1
 43
0.36
  3
Standard
 44
4.0
300

342
2BC
174
     1
178
     6
175
     1
176
     0
 93
-1056964608
 45
4.0
292
     0
297
     0
 46
4.0
 94
-1056964608
 47
1.0
 49
1.0
140
1.0
293
     1
141
0.0
294
     1
177
     0
142
1.0
295
     0
296
     0
143
0.125
271
     0
272
     9
273
     9
298
     1
  0
MLINESTYLE
  5
9A3
102
{ACAD_REACTORS
330
99B
102
}
330
99B
100
AcDbMlineStyle
  2
STANDARD
 70
     0
  3

 62
   256
 51
90.0
 52
90.0
 71
     2
 49
0.5
 62
   256
  6
BYLAYER
 49
-0.5
 62
   256
  6
BYLAYER
  0
ACDBPLACEHOLDER
  5
23
102
{ACAD_REACTORS
330
A
102
}
330
A
  0
ACDBPLACEHOLDER
  5
67
102
{ACAD_REACTORS
330
A
102
}
330
A
  0
ACDBPLACEHOLDER
  5
9
102
{ACAD_REACTORS
330
A
102
}
330
A
  0
SCALE
  5
47C
102
{ACAD_REACTORS
330
47D
102
}
330
47D
100
AcDbScale
 70
     0
300
1:1
140
1.0
141
1.0
290
     1
  0
SCALE
  5
9AC
102
{ACAD_REACTORS
330
47D
102
}
330
47D
100
AcDbScale
 70
     0
300
1:2
140
1.0
141
2.0
290
     0
  0
SCALE
  5
9AD
102
{ACAD_REACTORS
330
47D
102
}
330
47D
100
AcDbScale
 70
     0
300
1:4
140
1.0
141
4.0
290
     0
  0
SCALE
  5
9AE
102
{ACAD_REACTORS
330
47D
102
}
330
47D
100
AcDbScale
 70
     0
300
1:5
140
1.0
141
5.0
290
     0
  0
SCALE
  5
9AF
102
{ACAD_REACTORS
330
47D
102
}
330
47D
100
AcDbScale
 70
     0
300
1:8
140
1.0
141
8.0
290
     0
  0
SCALE
  5
9B0
102
{ACAD_REACTORS
330
47D
102
}
330
47D
100
AcDbScale
 70
     0
300
1:10
140
1.0
141
10.0
290
     0
  0
SCALE
  5
9B1
102
{ACAD_REACTORS
330
47D
102
}
330
47D
100
AcDbScale
 70
     0
300
1:16
140
1.0
141
16.0
290
     0
  0
SCALE
  5
9B2
102
{ACAD_REACTORS
330
47D
102
}
330
47D
100
AcDbScale
 70
     0
300
1:20
140
1.0
141
20.0
290
     0
  0
SCALE
  5
9B3
102
{ACAD_REACTORS
330
47D
102
}
330
47D
100
AcDbScale
 70
     0
300
1:30
140
1.0
141
30.0
290
     0
  0
SCALE
  5
9B4
102
{ACAD_REACTORS
330
47D
102
}
330
47D
100
AcDbScale
 70
     0
300
1:40
140
1.0
141
40.0
290
     0
  0
SCALE
  5
9B5
102
{ACAD_REACTORS
330
47D
102
}
330
47D
100
AcDbScale
 70
     0
300
1:50
140
1.0
141
50.0
290
     0
  0
SCALE
  5
9B6
102
{ACAD_REACTORS
330
47D
102
}
330
47D
100
AcDbScale
 70
     0
300
1:100
140
1.0
141
100.0
290
     0
  0
SCALE
  5
9B7
102
{ACAD_REACTORS
330
47D
102
}
330
47D
100
AcDbScale
 70
     0
300
2:1
140
2.0
141
1.0
290
     0
  0
SCALE
  5
9B8
102
{ACAD_REACTORS
330
47D
102
}
330
47D
100
AcDbScale
 70
     0
300
4:1
140
4.0
141
1.0
290
     0
  0
SCALE
  5
9B9
102
{ACAD_REACTORS
330
47D
102
}
330
47D
100
AcDbScale
 70
     0
300
8:1
140
8.0
141
1.0
290
     0
  0
SCALE
  5
9BA
102
{ACAD_REACTORS
330
47D
102
}
330
47D
100
AcDbScale
 70
     0
300
10:1
140
10.0
141
1.0
290
     0
  0
SCALE
  5
9BB
102
{ACAD_REACTORS
330
47D
102
}
330
47D
100
AcDbScale
 70
     0
300
100:1
140
100.0
141
1.0
290
     0
  0
ACDBSECTIONVIEWSTYLE
  5
CAE
102
{ACAD_XDICTIONARY
360
CCB
102
}
102
{ACAD_REACTORS
330
CAD
102
}
330
CAD
100
AcDbModelDocViewStyle
 70
     0
  3
Metric50
290
     0
100
AcDbSectionViewStyle
 70
     0
 71
     0
 90
      102
 71
     1
340
2BC
 62
   256
 40
5.0
340
0
340
0
 62
   256
 40
5.0
300
I, O, Q, S, X, Z
 40
10.0
 90
        0
 40
2.5
 90
        0
 71
     2
340
E
 90
       25
 62
   256
340
E
 90
       50
 62
   256
 40
5.0
 40
2.5
 40
5.0
 71
     3
340
2BC
 62
   256
 40
5.0
 90
        0
 40
15.0
 90
        1
300
%<\AcVar ViewSectionStartId>%-%<\AcVar ViewSectionEndId>% (%<\AcVar ViewScale \f "%sn">%)
 71
     4
 62
   256
 62
   257
300
ANSI31
 40
1.0
 90
        0
290
     0
290
     0
 90
        6
 40
0.0
 40
1.570796326794896
 40
0.2617993877991494
 40
1.308996938995747
 40
-0.2617993877991494
 40
1.832595714594046
  0
TABLESTYLE
  5
9A4
102
{ACAD_XDICTIONARY
360
9A5
102
}
102
{ACAD_REACTORS
330
9A0
102
}
330
9A0
100
AcDbTableStyle
280
     0
  3
Standard
 70
     0
 71
     0
 40
1.5
 41
1.5
280
     0
281
     0
  7
Standard
140
4.5
170
     2
 62
     0
 63
     7
283
     0
 90
      512
 91
        0
  1

274
    -2
284
     1
 64
     0
275
    -2
285
     1
 65
     0
276
    -2
286
     1
 66
     0
277
    -2
287
     1
 67
     0
278
    -2
288
     1
 68
     0
279
    -2
289
     1
 69
     0
  7
Standard
140
6.0
170
     5
 62
     0
 63
     7
283
     0
 90
      512
 91
        0
  1

274
    -2
284
     1
 64
     0
275
    -2
285
     1
 65
     0
276
    -2
286
     1
 66
     0
277
    -2
287
     1
 67
     0
278
    -2
288
     1
 68
     0
279
    -2
289
     1
 69
     0
  7
Standard
140
4.5
170
     5
 62
     0
 63
     7
283
     0
 90
      512
 91
        0
  1

274
    -2
284
     1
 64
     0
275
    -2
285
     1
 65
     0
276
    -2
286
     1
 66
     0
277
    -2
287
     1
 67
     0
278
    -2
288
     1
 68
     0
279
    -2
289
     1
 69
     0
1001
ACAD
1000
AcRTDxfName
1000
TABLESTYLE
  0
VISUALSTYLE
  5
480
102
{ACAD_REACTORS
330
481
102
}
330
481
100
AcDbVisualStyle
  2
2dWireframe
 70
     4
177
     3
291
     0
 70
    58
 90
        0
176
     1
 90
        2
176
     1
 90
        0
176
     1
 90
        0
176
     1
 40
0.6
176
     1
 40
30.0
176
     1
 62
     7
420
 16777215
176
     1
 90
        1
176
     1
 90
        4
176
     1
 62
     7
176
     1
 62
   257
176
     1
 90
        1
176
     1
 90
        1
176
     1
 40
1.0
176
     1
 90
        0
176
     1
 62
   257
176
     1
 40
1.0
176
     1
 90
        1
176
     1
 90
        6
176
     1
 90
        2
176
     1
 62
     7
176
     1
 90
        5
176
     1
 90
        0
176
     1
 90
        0
176
     1
290
     0
176
     1
 90
        1
176
     1
 40
0.0
176
     1
 90
        0
176
     1
290
     1
176
     1
290
     1
176
     1
290
     0
176
     1
290
     0
176
     1
290
     0
176
     1
290
     0
176
     1
290
     0
176
     1
290
     0
176
     1
290
     0
176
     1
 90
       50
176
     1
 40
0.0
176
     1
 40
1.0
176
     1
 90
        0
176
     1
 62
    18
420
        0
176
     1
 90
       50
176
     1
 90
        3
176
     1
 62
     5
420
      255
176
     1
290
     0
176
     1
 90
       50
176
     1
 90
       50
176
     1
 90
       50
176
     1
290
     0
176
     1
 90
       50
176
     1
 62
   256
176
     0
 40
1.0
176
     0
 90
        0
176
     1
  1
strokes_ogs.tif
176
     1
290
     0
176
     1
 40
1.0
176
     1
 40
1.0
176
     1
1001
ACAD
1000
AcDbSavedByObjectVersion
1070
     0
  0
VISUALSTYLE
  5
C9B
102
{ACAD_REACTORS
330
481
102
}
330
481
100
AcDbVisualStyle
  2
Basic
 70
     7
177
     3
291
     1
 70
    58
 90
        1
176
     1
 90
        0
176
     1
 90
        1
176
     1
 90
        0
176
     1
 40
0.6
176
     1
 40
30.0
176
     1
 62
     7
420
 16777215
176
     1
 90
        0
176
     1
 90
        4
176
     1
 62
     7
176
     1
 62
   257
176
     1
 90
        1
176
     1
 90
        1
176
     1
 40
1.0
176
     1
 90
        8
176
     1
 62
     7
176
     1
 40
1.0
176
     1
 90
        1
176
     1
 90
        6
176
     1
 90
        2
176
     1
 62
     7
176
     1
 90
        5
176
     1
 90
        0
176
     1
 90
        0
176
     1
290
     0
176
     1
 90
        1
176
     1
 40
0.0
176
     1
 90
        0
176
     1
290
     0
176
     1
290
     1
176
     1
290
     1
176
     1
290
     0
176
     1
290
     0
176
     1
290
     0
176
     1
290
     0
176
     1
290
     0
176
     1
290
     0
176
     1
 90
       50
176
     1
 40
0.0
176
     1
 40
1.0
176
     1
 90
        0
176
     1
 62
    18
420
        0
176
     1
 90
       50
176
     1
 90
        3
176
     1
 62
     5
420
      255
176
     1
290
     0
176
     1
 90
       50
176
     1
 90
       50
176
     1
 90
       50
176
     1
290
     0
176
     1
 90
       50
176
     1
 62
   256
176
     0
 40
1.0
176
     0
 90
        2
176
     1
  1
strokes_ogs.tif
176
     1
290
     0
176
     1
 40
1.0
176
     1
 40
1.0
176
     1
1001
ACAD
1000
AcDbSavedByObjectVersion
1070
     0
  0
VISUALSTYLE
  5
C9F
102
{ACAD_REACTORS
330
481
102
}
330
481
100
AcDbVisualStyle
  2
Brighten
 70
    12
177
     3
291
     1
 70
    58
 90
        2
176
     1
 90
        2
176
     1
 90
        0
176
     1
 90
        0
176
     1
 40
0.6
176
     1
 40
30.0
176
     1
 62
     7
420
 16777215
176
     1
 90
        1
176
     1
 90
        4
176
     1
 62
     7
176
     1
 62
   257
176
     1
 90
        1
176
     1
 90
        1
176
     1
 40
1.0
176
     1
 90
        8
176
     1
 62
     7
176
     1
 40
1.0
176
     1
 90
        1
176
     1
 90
        6
176
     1
 90
        2
176
     1
 62
     7
176
     1
 90
        5
176
     1
 90
        0
176
     1
 90
        0
176
     1
290
     0
176
     1
 90
        1
176
     1
 40
50.0
176
     1
 90
        0
176
     1
290
     0
176
     1
290
     1
176
     1
290
     1
176
     1
290
     0
176
     1
290
     0
176
     1
290
     0
176
     1
290
     0
176
     1
290
     0
176
     1
290
     0
176
     1
 90
       50
176
     1
 40
0.0
176
     1
 40
1.0
176
     1
 90
        0
176
     1
 62
    18
420
        0
176
     1
 90
       50
176
     1
 90
        3
176
     1
 62
     5
420
      255
176
     1
290
     0
176
     1
 90
       50
176
     1
 90
       50
176
     1
 90
       50
176
     1
290
     0
176
     1
 90
       50
176
     1
 62
   256
176
     0
 40
1.0
176
     0
 90
        2
176
     1
  1
strokes_ogs.tif
176
     1
290
     0
176
     1
 40
1.0
176
     1
 40
1.0
176
     1
1001
ACAD
1000
AcDbSavedByObjectVersion
1070
     0
  0
VISUALSTYLE
  5
CA3
102
{ACAD_REACTORS
330
481
102
}
330
481
100
AcDbVisualStyle
  2
ColorChange
 70
    16
177
     3
291
     1
 70
    58
 90
        2
176
     1
 90
        2
176
     1
 90
        3
176
     1
 90
        0
176
     1
 40
0.6
176
     1
 40
30.0
176
     1
 62
     8
420
  8421504
176
     1
 90
        1
176
     1
 90
        4
176
     1
 62
     7
176
     1
 62
   257
176
     1
 90
        1
176
     1
 90
        1
176
     1
 40
1.0
176
     1
 90
        8
176
     1
 62
     8
420
  8421504
176
     1
 40
1.0
176
     1
 90
        1
176
     1
 90
        6
176
     1
 90
        2
176
     1
 62
     7
176
     1
 90
        5
176
     1
 90
        0
176
     1
 90
        0
176
     1
290
     0
176
     1
 90
        1
176
     1
 40
0.0
176
     1
 90
        0
176
     1
290
     0
176
     1
290
     1
176
     1
290
     1
176
     1
290
     0
176
     1
290
     0
176
     1
290
     0
176
     1
290
     0
176
     1
290
     0
176
     1
290
     0
176
     1
 90
       50
176
     1
 40
0.0
176
     1
 40
1.0
176
     1
 90
        0
176
     1
 62
    18
420
        0
176
     1
 90
       50
176
     1
 90
        3
176
     1
 62
     5
420
      255
176
     1
290
     0
176
     1
 90
       50
176
     1
 90
       50
176
     1
 90
       50
176
     1
290
     0
176
     1
 90
       50
176
     1
 62
   256
176
     0
 40
1.0
176
     0
 90
        2
176
     1
  1
strokes_ogs.tif
176
     1
290
     0
176
     1
 40
1.0
176
     1
 40
1.0
176
     1
1001
ACAD
1000
AcDbSavedByObjectVersion
1070
     0
  0
VISUALSTYLE
  5
C9D
102
{ACAD_REACTORS
330
481
102
}
330
481
100
AcDbVisualStyle
  2
Conceptual
 70
     9
177
     3
291
     0
 70
    58
 90
        3
176
     1
 90
        2
176
     1
 90
        0
176
     1
 90
        0
176
     1
 40
0.6
176
     1
 40
30.0
176
     1
 62
     7
420
 16777215
176
     1
 90
        2
176
     1
 90
        2
176
     1
 62
     7
176
     1
 62
   257
176
     1
 90
        1
176
     1
 90
        1
176
     1
 40
179.0
176
     1
 90
        8
176
     1
 62
     7
176
     1
 40
1.0
176
     1
 90
        1
176
     1
 90
        6
176
     1
 90
        2
176
     1
 62
     7
176
     1
 90
        3
176
     1
 90
        0
176
     1
 90
        0
176
     1
290
     0
176
     1
 90
        1
176
     1
 40
0.0
176
     1
 90
        0
176
     1
290
     0
176
     1
290
     1
176
     1
290
     1
176
     1
290
     0
176
     1
290
     0
176
     1
290
     0
176
     1
290
     0
176
     1
290
     0
176
     1
290
     0
176
     1
 90
       50
176
     1
 40
0.0
176
     1
 40
1.0
176
     1
 90
        0
176
     1
 62
    18
420
        0
176
     1
 90
       50
176
     1
 90
        3
176
     1
 62
     5
420
      255
176
     1
290
     0
176
     1
 90
       50
176
     1
 90
       50
176
     1
 90
       50
176
     1
290
     0
176
     1
 90
       50
176
     1
 62
   256
176
     0
 40
1.0
176
     0
 90
        2
176
     1
  1
strokes_ogs.tif
176
     1
290
     0
176
     1
 40
1.0
176
     1
 40
1.0
176
     1
1001
ACAD
1000
AcDbSavedByObjectVersion
1070
     0
  0
VISUALSTYLE
  5
C9E
102
{ACAD_REACTORS
330
481
102
}
330
481
100
AcDbVisualStyle
  2
Dim
 70
    11
177
     3
291
     1
 70
    58
 90
        2
176
     1
 90
        2
176
     1
 90
        0
176
     1
 90
        0
176
     1
 40
0.6
176
     1
 40
30.0
176
     1
 62
     7
420
 16777215
176
     1
 90
        1
176
     1
 90
        4
176
     1
 62
     7
176
     1
 62
   257
176
     1
 90
        1
176
     1
 90
        1
176
     1
 40
1.0
176
     1
 90
        8
176
     1
 62
     7
176
     1
 40
1.0
176
     1
 90
        1
176
     1
 90
        6
176
     1
 90
        2
176
     1
 62
     7
176
     1
 90
        5
176
     1
 90
        0
176
     1
 90
        0
176
     1
290
     0
176
     1
 90
        1
176
     1
 40
-50.0
176
     1
 90
        0
176
     1
290
     0
176
     1
290
     1
176
     1
290
     1
176
     1
290
     0
176
     1
290
     0
176
     1
290
     0
176
     1
290
     0
176
     1
290
     0
176
     1
290
     0
176
     1
 90
       50
176
     1
 40
0.0
176
     1
 40
1.0
176
     1
 90
        0
176
     1
 62
    18
420
        0
176
     1
 90
       50
176
     1
 90
        3
176
     1
 62
     5
420
      255
176
     1
290
     0
176
     1
 90
       50
176
     1
 90
       50
176
     1
 90
       50
176
     1
290
     0
176
     1
 90
       50
176
     1
 62
   256
176
     0
 40
1.0
176
     0
 90
        2
176
     1
  1
strokes_ogs.tif
176
     1
290
     0
176
     1
 40
1.0
176
     1
 40
1.0
176
     1
1001
ACAD
1000
AcDbSavedByObjectVersion
1070
     0
  0
VISUALSTYLE
  5
CAB
102
{ACAD_REACTORS
330
481
102
}
330
481
100
AcDbVisualStyle
  2
EdgeColorOff
 70
    22
177
     3
291
     1
 70
    58
 90
        2
176
     0
 90
        2
176
     0
 90
        0
176
     0
 90
        0
176
     0
 40
0.6
176
     0
 40
30.0
176
     0
 62
     7
420
 16777215
176
     0
 90
        1
176
     0
 90
        4
176
     0
 62
     7
176
     0
 62
   257
176
     0
 90
        1
176
     0
 90
        1
176
     0
 40
1.0
176
     0
 90
        8
176
     2
 62
     7
176
     0
 40
1.0
176
     0
 90
        1
176
     0
 90
        6
176
     0
 90
        2
176
     0
 62
     7
176
     0
 90
        5
176
     0
 90
        0
176
     0
 90
        0
176
     0
290
     0
176
     0
 90
        1
176
     0
 40
0.0
176
     0
 90
        0
176
     0
290
     0
176
     0
290
     1
176
     0
290
     1
176
     0
290
     0
176
     0
290
     0
176
     0
290
     0
176
     0
290
     0
176
     0
290
     0
176
     0
290
     0
176
     0
 90
       50
176
     0
 40
0.0
176
     0
 40
1.0
176
     0
 90
        0
176
     0
 62
    18
420
        0
176
     0
 90
       50
176
     0
 90
        3
176
     0
 62
     5
420
      255
176
     0
290
     0
176
     0
 90
       50
176
     0
 90
       50
176
     0
 90
       50
176
     0
290
     0
176
     0
 90
       50
176
     0
 62
   256
176
     0
 40
1.0
176
     0
 90
        2
176
     0
  1
strokes_ogs.tif
176
     0
290
     0
176
     0
 40
1.0
176
     0
 40
1.0
176
     0
1001
ACAD
1000
AcDbSavedByObjectVersion
1070
     0
  0
VISUALSTYLE
  5
CA2
102
{ACAD_REACTORS
330
481
102
}
330
481
100
AcDbVisualStyle
  2
Facepattern
 70
    15
177
     3
291
     1
 70
    58
 90
        2
176
     1
 90
        2
176
     1
 90
        0
176
     1
 90
        0
176
     1
 40
0.6
176
     1
 40
30.0
176
     1
 62
     7
420
 16777215
176
     1
 90
        1
176
     1
 90
        4
176
     1
 62
     7
176
     1
 62
   257
176
     1
 90
        1
176
     1
 90
        1
176
     1
 40
1.0
176
     1
 90
        8
176
     1
 62
     7
176
     1
 40
1.0
176
     1
 90
        1
176
     1
 90
        6
176
     1
 90
        2
176
     1
 62
     7
176
     1
 90
        5
176
     1
 90
        0
176
     1
 90
        0
176
     1
290
     0
176
     1
 90
        1
176
     1
 40
0.0
176
     1
 90
        0
176
     1
290
     0
176
     1
290
     1
176
     1
290
     1
176
     1
290
     0
176
     1
290
     0
176
     1
290
     0
176
     1
290
     0
176
     1
290
     0
176
     1
290
     0
176
     1
 90
       50
176
     1
 40
0.0
176
     1
 40
1.0
176
     1
 90
        0
176
     1
 62
    18
420
        0
176
     1
 90
       50
176
     1
 90
        3
176
     1
 62
     5
420
      255
176
     1
290
     0
176
     1
 90
       50
176
     1
 90
       50
176
     1
 90
       50
176
     1
290
     0
176
     1
 90
       50
176
     1
 62
   256
176
     0
 40
1.0
176
     0
 90
        2
176
     1
  1
strokes_ogs.tif
176
     1
290
     0
176
     1
 40
1.0
176
     1
 40
1.0
176
     1
1001
ACAD
1000
AcDbSavedByObjectVersion
1070
     0
  0
VISUALSTYLE
  5
C97
102
{ACAD_REACTORS
330
481
102
}
330
481
100
AcDbVisualStyle
  2
Flat
 70
     0
177
     3
291
     1
 70
    58
 90
        2
176
     1
 90
        1
176
     1
 90
        1
176
     1
 90
        2
176
     1
 40
0.6
176
     1
 40
30.0
176
     1
 62
     7
420
 16777215
176
     1
 90
        0
176
     1
 90
        0
176
     1
 62
     7
176
     1
 62
   257
176
     1
 90
        1
176
     1
 90
        1
176
     1
 40
1.0
176
     1
 90
        8
176
     1
 62
     7
176
     1
 40
1.0
176
     1
 90
        1
176
     1
 90
        6
176
     1
 90
        2
176
     1
 62
     7
176
     1
 90
        5
176
     1
 90
        0
176
     1
 90
        0
176
     1
290
     0
176
     1
 90
       13
176
     1
 40
0.0
176
     1
 90
        0
176
     1
290
     0
176
     1
290
     1
176
     1
290
     1
176
     1
290
     0
176
     1
290
     0
176
     1
290
     0
176
     1
290
     0
176
     1
290
     0
176
     1
290
     0
176
     1
 90
       50
176
     1
 40
0.0
176
     1
 40
1.0
176
     1
 90
        0
176
     1
 62
    18
420
        0
176
     1
 90
       50
176
     1
 90
        3
176
     1
 62
     5
420
      255
176
     1
290
     0
176
     1
 90
       50
176
     1
 90
       50
176
     1
 90
       50
176
     1
290
     0
176
     1
 90
       50
176
     1
 62
   256
176
     0
 40
1.0
176
     0
 90
        2
176
     1
  1
strokes_ogs.tif
176
     1
290
     0
176
     1
 40
1.0
176
     1
 40
1.0
176
     1
1001
ACAD
1000
AcDbSavedByObjectVersion
1070
     0
  0
VISUALSTYLE
  5
C98
102
{ACAD_REACTORS
330
481
102
}
330
481
100
AcDbVisualStyle
  2
FlatWithEdges
 70
     1
177
     3
291
     1
 70
    58
 90
        2
176
     1
 90
        1
176
     1
 90
        1
176
     1
 90
        2
176
     1
 40
0.6
176
     1
 40
30.0
176
     1
 62
     7
420
 16777215
176
     1
 90
        1
176
     1
 90
        0
176
     1
 62
     7
176
     1
 62
   257
176
     1
 90
        1
176
     1
 90
        1
176
     1
 40
1.0
176
     1
 90
        0
176
     1
 62
   257
176
     1
 40
1.0
176
     1
 90
        1
176
     1
 90
        6
176
     1
 90
        2
176
     1
 62
     7
176
     1
 90
        5
176
     1
 90
        0
176
     1
 90
        0
176
     1
290
     0
176
     1
 90
       13
176
     1
 40
0.0
176
     1
 90
        0
176
     1
290
     0
176
     1
290
     1
176
     1
290
     1
176
     1
290
     0
176
     1
290
     0
176
     1
290
     0
176
     1
290
     0
176
     1
290
     0
176
     1
290
     0
176
     1
 90
       50
176
     1
 40
0.0
176
     1
 40
1.0
176
     1
 90
        0
176
     1
 62
    18
420
        0
176
     1
 90
       50
176
     1
 90
        3
176
     1
 62
     5
420
      255
176
     1
290
     0
176
     1
 90
       50
176
     1
 90
       50
176
     1
 90
       50
176
     1
290
     0
176
     1
 90
       50
176
     1
 62
   256
176
     0
 40
1.0
176
     0
 90
        2
176
     1
  1
strokes_ogs.tif
176
     1
290
     0
176
     1
 40
1.0
176
     1
 40
1.0
176
     1
1001
ACAD
1000
AcDbSavedByObjectVersion
1070
     0
  0
VISUALSTYLE
  5
C99
102
{ACAD_REACTORS
330
481
102
}
330
481
100
AcDbVisualStyle
  2
Gouraud
 70
     2
177
     3
291
     1
 70
    58
 90
        2
176
     1
 90
        2
176
     1
 90
        1
176
     1
 90
        2
176
     1
 40
0.6
176
     1
 40
30.0
176
     1
 62
     7
420
 16777215
176
     1
 90
        0
176
     1
 90
        0
176
     1
 62
     7
176
     1
 62
   257
176
     1
 90
        1
176
     1
 90
        1
176
     1
 40
1.0
176
     1
 90
        0
176
     1
 62
     7
176
     1
 40
1.0
176
     1
 90
        1
176
     1
 90
        6
176
     1
 90
        2
176
     1
 62
     7
176
     1
 90
        5
176
     1
 90
        0
176
     1
 90
        0
176
     1
290
     0
176
     1
 90
       13
176
     1
 40
0.0
176
     1
 90
        0
176
     1
290
     0
176
     1
290
     1
176
     1
290
     1
176
     1
290
     0
176
     1
290
     0
176
     1
290
     0
176
     1
290
     0
176
     1
290
     0
176
     1
290
     0
176
     1
 90
       50
176
     1
 40
0.0
176
     1
 40
1.0
176
     1
 90
        0
176
     1
 62
    18
420
        0
176
     1
 90
       50
176
     1
 90
        3
176
     1
 62
     5
420
      255
176
     1
290
     0
176
     1
 90
       50
176
     1
 90
       50
176
     1
 90
       50
176
     1
290
     0
176
     1
 90
       50
176
     1
 62
   256
176
     0
 40
1.0
176
     0
 90
        2
176
     1
  1
strokes_ogs.tif
176
     1
290
     0
176
     1
 40
1.0
176
     1
 40
1.0
176
     1
1001
ACAD
1000
AcDbSavedByObjectVersion
1070
     0
  0
VISUALSTYLE
  5
C9A
102
{ACAD_REACTORS
330
481
102
}
330
481
100
AcDbVisualStyle
  2
GouraudWithEdges
 70
     3
177
     3
291
     1
 70
    58
 90
        2
176
     1
 90
        2
176
     1
 90
        1
176
     1
 90
        2
176
     1
 40
0.6
176
     1
 40
30.0
176
     1
 62
     7
420
 16777215
176
     1
 90
        1
176
     1
 90
        0
176
     1
 62
     7
176
     1
 62
   257
176
     1
 90
        1
176
     1
 90
        1
176
     1
 40
1.0
176
     1
 90
        0
176
     1
 62
   257
176
     1
 40
1.0
176
     1
 90
        1
176
     1
 90
        6
176
     1
 90
        2
176
     1
 62
     7
176
     1
 90
        5
176
     1
 90
        0
176
     1
 90
        0
176
     1
290
     0
176
     1
 90
       13
176
     1
 40
0.0
176
     1
 90
        0
176
     1
290
     0
176
     1
290
     1
176
     1
290
     1
176
     1
290
     0
176
     1
290
     0
176
     1
290
     0
176
     1
290
     0
176
     1
290
     0
176
     1
290
     0
176
     1
 90
       50
176
     1
 40
0.0
176
     1
 40
1.0
176
     1
 90
        0
176
     1
 62
    18
420
        0
176
     1
 90
       50
176
     1
 90
        3
176
     1
 62
     5
420
      255
176
     1
290
     0
176
     1
 90
       50
176
     1
 90
       50
176
     1
 90
       50
176
     1
290
     0
176
     1
 90
       50
176
     1
 62
   256
176
     0
 40
1.0
176
     0
 90
        2
176
     1
  1
strokes_ogs.tif
176
     1
290
     0
176
     1
 40
1.0
176
     1
 40
1.0
176
     1
1001
ACAD
1000
AcDbSavedByObjectVersion
1070
     0
  0
VISUALSTYLE
  5
C9C
102
{ACAD_REACTORS
330
481
102
}
330
481
100
AcDbVisualStyle
  2
Hidden
 70
     6
177
     3
291
     0
 70
    58
 90
        1
176
     1
 90
        2
176
     1
 90
        2
176
     1
 90
        0
176
     1
 40
0.6
176
     1
 40
30.0
176
     1
 62
     7
420
 16777215
176
     1
 90
        2
176
     1
 90
        2
176
     1
 62
     7
176
     1
 62
   257
176
     1
 90
        2
176
     1
 90
        1
176
     1
 40
40.0
176
     1
 90
        0
176
     1
 62
   257
176
     1
 40
1.0
176
     1
 90
        1
176
     1
 90
        6
176
     1
 90
        2
176
     1
 62
     7
176
     1
 90
        3
176
     1
 90
        0
176
     1
 90
        0
176
     1
290
     0
176
     1
 90
        1
176
     1
 40
0.0
176
     1
 90
        0
176
     1
290
     0
176
     1
290
     1
176
     1
290
     1
176
     1
290
     0
176
     1
290
     0
176
     1
290
     0
176
     1
290
     0
176
     1
290
     0
176
     1
290
     0
176
     1
 90
       50
176
     1
 40
0.0
176
     1
 40
1.0
176
     1
 90
        0
176
     1
 62
    18
420
        0
176
     1
 90
       50
176
     1
 90
        3
176
     1
 62
     5
420
      255
176
     1
290
     0
176
     1
 90
       50
176
     1
 90
       50
176
     1
 90
       50
176
     1
290
     0
176
     1
 90
       50
176
     1
 62
   256
176
     0
 40
1.0
176
     0
 90
        2
176
     1
  1
strokes_ogs.tif
176
     1
290
     0
176
     1
 40
1.0
176
     1
 40
1.0
176
     1
1001
ACAD
1000
AcDbSavedByObjectVersion
1070
     0
  0
VISUALSTYLE
  5
CA9
102
{ACAD_REACTORS
330
481
102
}
330
481
100
AcDbVisualStyle
  2
JitterOff
 70
    20
177
     3
291
     1
 70
    58
 90
        2
176
     0
 90
        2
176
     0
 90
        0
176
     0
 90
        0
176
     0
 40
0.6
176
     0
 40
30.0
176
     0
 62
     7
420
 16777215
176
     0
 90
        1
176
     0
 90
        4
176
     0
 62
     7
176
     0
 62
   257
176
     0
 90
        1
176
     0
 90
        1
176
     0
 40
1.0
176
     0
 90
       10
176
     2
 62
     7
176
     0
 40
1.0
176
     0
 90
        1
176
     0
 90
        6
176
     0
 90
        2
176
     0
 62
     7
176
     0
 90
        5
176
     0
 90
        0
176
     0
 90
        0
176
     0
290
     0
176
     0
 90
        1
176
     0
 40
0.0
176
     0
 90
        0
176
     0
290
     0
176
     0
290
     1
176
     0
290
     1
176
     0
290
     0
176
     0
290
     0
176
     0
290
     0
176
     0
290
     0
176
     0
290
     0
176
     0
290
     0
176
     0
 90
       50
176
     0
 40
0.0
176
     0
 40
1.0
176
     0
 90
        0
176
     0
 62
    18
420
        0
176
     0
 90
       50
176
     0
 90
        3
176
     0
 62
     5
420
      255
176
     0
290
     0
176
     0
 90
       50
176
     0
 90
       50
176
     0
 90
       50
176
     0
290
     0
176
     0
 90
       50
176
     0
 62
   256
176
     0
 40
1.0
176
     0
 90
        2
176
     0
  1
strokes_ogs.tif
176
     0
290
     0
176
     0
 40
1.0
176
     0
 40
1.0
176
     0
1001
ACAD
1000
AcDbSavedByObjectVersion
1070
     0
  0
VISUALSTYLE
  5
CA1
102
{ACAD_REACTORS
330
481
102
}
330
481
100
AcDbVisualStyle
  2
Linepattern
 70
    14
177
     3
291
     1
 70
    58
 90
        2
176
     1
 90
        2
176
     1
 90
        0
176
     1
 90
        0
176
     1
 40
0.6
176
     1
 40
30.0
176
     1
 62
     7
420
 16777215
176
     1
 90
        1
176
     1
 90
        4
176
     1
 62
     7
176
     1
 62
   257
176
     1
 90
        7
176
     1
 90
        7
176
     1
 40
1.0
176
     1
 90
        8
176
     1
 62
     7
176
     1
 40
1.0
176
     1
 90
        1
176
     1
 90
        6
176
     1
 90
        2
176
     1
 62
     7
176
     1
 90
        5
176
     1
 90
        0
176
     1
 90
        0
176
     1
290
     0
176
     1
 90
        1
176
     1
 40
0.0
176
     1
 90
        0
176
     1
290
     0
176
     1
290
     1
176
     1
290
     1
176
     1
290
     0
176
     1
290
     0
176
     1
290
     0
176
     1
290
     0
176
     1
290
     0
176
     1
290
     0
176
     1
 90
       50
176
     1
 40
0.0
176
     1
 40
1.0
176
     1
 90
        0
176
     1
 62
    18
420
        0
176
     1
 90
       50
176
     1
 90
        3
176
     1
 62
     5
420
      255
176
     1
290
     0
176
     1
 90
       50
176
     1
 90
       50
176
     1
 90
       50
176
     1
290
     0
176
     1
 90
       50
176
     1
 62
   256
176
     0
 40
1.0
176
     0
 90
        2
176
     1
  1
strokes_ogs.tif
176
     1
290
     0
176
     1
 40
1.0
176
     1
 40
1.0
176
     1
1001
ACAD
1000
AcDbSavedByObjectVersion
1070
     0
  0
VISUALSTYLE
  5
CAA
102
{ACAD_REACTORS
330
481
102
}
330
481
100
AcDbVisualStyle
  2
OverhangOff
 70
    21
177
     3
291
     1
 70
    58
 90
        2
176
     0
 90
        2
176
     0
 90
        0
176
     0
 90
        0
176
     0
 40
0.6
176
     0
 40
30.0
176
     0
 62
     7
420
 16777215
176
     0
 90
        1
176
     0
 90
        4
176
     0
 62
     7
176
     0
 62
   257
176
     0
 90
        1
176
     0
 90
        1
176
     0
 40
1.0
176
     0
 90
        9
176
     2
 62
     7
176
     0
 40
1.0
176
     0
 90
        1
176
     0
 90
        6
176
     0
 90
        2
176
     0
 62
     7
176
     0
 90
        5
176
     0
 90
        0
176
     0
 90
        0
176
     0
290
     0
176
     0
 90
        1
176
     0
 40
0.0
176
     0
 90
        0
176
     0
290
     0
176
     0
290
     1
176
     0
290
     1
176
     0
290
     0
176
     0
290
     0
176
     0
290
     0
176
     0
290
     0
176
     0
290
     0
176
     0
290
     0
176
     0
 90
       50
176
     0
 40
0.0
176
     0
 40
1.0
176
     0
 90
        0
176
     0
 62
    18
420
        0
176
     0
 90
       50
176
     0
 90
        3
176
     0
 62
     5
420
      255
176
     0
290
     0
176
     0
 90
       50
176
     0
 90
       50
176
     0
 90
       50
176
     0
290
     0
176
     0
 90
       50
176
     0
 62
   256
176
     0
 40
1.0
176
     0
 90
        2
176
     0
  1
strokes_ogs.tif
176
     0
290
     0
176
     0
 40
1.0
176
     0
 40
1.0
176
     0
1001
ACAD
1000
AcDbSavedByObjectVersion
1070
     0
  0
VISUALSTYLE
  5
9A6
102
{ACAD_REACTORS
330
481
102
}
330
481
100
AcDbVisualStyle
  2
Realistic
 70
     8
177
     3
291
     0
 70
    58
 90
        2
176
     1
 90
        2
176
     1
 90
        0
176
     1
 90
        2
176
     1
 40
0.6
176
     1
 40
30.0
176
     1
 62
     7
420
 16777215
176
     1
 90
        0
176
     1
 90
        0
176
     1
 62
     7
176
     1
 62
   257
176
     1
 90
        1
176
     1
 90
        1
176
     1
 40
1.0
176
     1
 90
        8
176
     1
 62
   257
176
     1
 40
1.0
176
     1
 90
        1
176
     1
 90
        6
176
     1
 90
        2
176
     1
 62
     7
176
     1
 90
        3
176
     1
 90
        0
176
     1
 90
        0
176
     1
290
     0
176
     1
 90
       13
176
     1
 40
0.0
176
     1
 90
        0
176
     1
290
     0
176
     1
290
     1
176
     1
290
     1
176
     1
290
     0
176
     1
290
     0
176
     1
290
     0
176
     1
290
     0
176
     1
290
     0
176
     1
290
     0
176
     1
 90
       50
176
     1
 40
0.0
176
     1
 40
1.0
176
     1
 90
        0
176
     1
 62
    18
420
        0
176
     1
 90
       50
176
     1
 90
        3
176
     1
 62
     5
420
      255
176
     1
290
     0
176
     1
 90
       50
176
     1
 90
       50
176
     1
 90
       50
176
     1
290
     0
176
     1
 90
       50
176
     1
 62
   256
176
     0
 40
1.0
176
     0
 90
        0
176
     1
  1
strokes_ogs.tif
176
     1
290
     0
176
     1
 40
1.0
176
     1
 40
1.0
176
     1
1001
ACAD
1000
AcDbSavedByObjectVersion
1070
     0
  0
VISUALSTYLE
  5
CA8
102
{ACAD_REACTORS
330
481
102
}
330
481
100
AcDbVisualStyle
  2
Shaded
 70
    27
177
     3
291
     0
 70
    58
 90
        2
176
     1
 90
        2
176
     1
 90
        1
176
     1
 90
        2
176
     1
 40
0.6
176
     1
 40
30.0
176
     1
 62
     7
420
 16777215
176
     1
 90
        0
176
     1
 90
        4
176
     1
 62
     7
176
     1
 62
   257
176
     1
 90
        1
176
     1
 90
        1
176
     1
 40
1.0
176
     1
 90
        8
176
     1
 62
   257
176
     1
 40
1.0
176
     1
 90
        1
176
     1
 90
        6
176
     1
 90
        2
176
     1
 62
     8
420
  7895160
176
     1
 90
        3
176
     1
 90
        0
176
     1
 90
        0
176
     1
290
     0
176
     1
 90
        5
176
     1
 40
0.0
176
     1
 90
        0
176
     1
290
     0
176
     1
290
     1
176
     1
290
     1
176
     1
290
     0
176
     1
290
     0
176
     1
290
     0
176
     1
290
     0
176
     1
290
     0
176
     1
290
     0
176
     1
 90
       50
176
     1
 40
0.0
176
     1
 40
1.0
176
     1
 90
        0
176
     1
 62
    18
420
        0
176
     1
 90
       50
176
     1
 90
        3
176
     1
 62
     5
420
      255
176
     1
290
     0
176
     1
 90
       50
176
     1
 90
       50
176
     1
 90
       50
176
     1
290
     0
176
     1
 90
       50
176
     1
 62
   256
176
     0
 40
1.0
176
     0
 90
        2
176
     1
  1
strokes_ogs.tif
176
     1
290
     0
176
     1
 40
1.0
176
     1
 40
1.0
176
     1
1001
ACAD
1000
AcDbSavedByObjectVersion
1070
     0
  0
VISUALSTYLE
  5
CA7
102
{ACAD_REACTORS
330
481
102
}
330
481
100
AcDbVisualStyle
  2
Shaded with edges
 70
    26
177
     3
291
     0
 70
    58
 90
        2
176
     1
 90
        2
176
     1
 90
        1
176
     1
 90
        2
176
     1
 40
0.6
176
     1
 40
30.0
176
     1
 62
     7
420
 16777215
176
     1
 90
        1
176
     1
 90
        2
176
     1
 62
     7
176
     1
 62
   257
176
     1
 90
        2
176
     1
 90
        1
176
     1
 40
1.0
176
     1
 90
        8
176
     1
 62
   257
176
     1
 40
1.0
176
     1
 90
        1
176
     1
 90
        6
176
     1
 90
        2
176
     1
 62
     7
176
     1
 90
        3
176
     1
 90
        0
176
     1
 90
        0
176
     1
290
     0
176
     1
 90
        5
176
     1
 40
0.0
176
     1
 90
        0
176
     1
290
     0
176
     1
290
     1
176
     1
290
     1
176
     1
290
     0
176
     1
290
     0
176
     1
290
     0
176
     1
290
     0
176
     1
290
     0
176
     1
290
     0
176
     1
 90
       50
176
     1
 40
0.0
176
     1
 40
1.0
176
     1
 90
        0
176
     1
 62
    18
420
        0
176
     1
 90
       50
176
     1
 90
        3
176
     1
 62
     5
420
      255
176
     1
290
     0
176
     1
 90
       50
176
     1
 90
       50
176
     1
 90
       50
176
     1
290
     0
176
     1
 90
       50
176
     1
 62
   256
176
     0
 40
1.0
176
     0
 90
        2
176
     1
  1
strokes_ogs.tif
176
     1
290
     0
176
     1
 40
1.0
176
     1
 40
1.0
176
     1
1001
ACAD
1000
AcDbSavedByObjectVersion
1070
     0
  0
VISUALSTYLE
  5
CA4
102
{ACAD_REACTORS
330
481
102
}
330
481
100
AcDbVisualStyle
  2
Shades of Gray
 70
    23
177
     3
291
     0
 70
    58
 90
        2
176
     1
 90
        2
176
     1
 90
        3
176
     1
 90
        0
176
     1
 40
0.6
176
     1
 40
30.0
176
     1
 62
     7
420
 16777215
176
     1
 90
        2
176
     1
 90
        2
176
     1
 62
     7
176
     1
 62
     7
176
     1
 90
        1
176
     1
 90
        1
176
     1
 40
40.0
176
     1
 90
        8
176
     1
 62
     7
176
     1
 40
1.0
176
     1
 90
        1
176
     1
 90
        6
176
     1
 90
        2
176
     1
 62
     7
176
     1
 90
        3
176
     1
 90
        0
176
     1
 90
        0
176
     1
290
     0
176
     1
 90
        1
176
     1
 40
0.0
176
     1
 90
        0
176
     1
290
     0
176
     1
290
     1
176
     1
290
     1
176
     1
290
     0
176
     1
290
     0
176
     1
290
     0
176
     1
290
     0
176
     1
290
     0
176
     1
290
     0
176
     1
 90
       50
176
     1
 40
0.0
176
     1
 40
1.0
176
     1
 90
        0
176
     1
 62
    18
420
        0
176
     1
 90
       50
176
     1
 90
        3
176
     1
 62
     5
420
      255
176
     1
290
     0
176
     1
 90
       50
176
     1
 90
       50
176
     1
 90
       50
176
     1
290
     0
176
     1
 90
       50
176
     1
 62
   256
176
     0
 40
1.0
176
     0
 90
        2
176
     1
  1
strokes_ogs.tif
176
     1
290
     0
176
     1
 40
1.0
176
     1
 40
1.0
176
     1
1001
ACAD
1000
AcDbSavedByObjectVersion
1070
     0
  0
VISUALSTYLE
  5
CA5
102
{ACAD_REACTORS
330
481
102
}
330
481
100
AcDbVisualStyle
  2
Sketchy
 70
    24
177
     3
291
     0
 70
    58
 90
        1
176
     1
 90
        2
176
     1
 90
        2
176
     1
 90
        0
176
     1
 40
0.6
176
     1
 40
30.0
176
     1
 62
     7
420
 16777215
176
     1
 90
        2
176
     1
 90
        2
176
     1
 62
     7
176
     1
 62
     7
176
     1
 90
        1
176
     1
 90
        1
176
     1
 40
40.0
176
     1
 90
       11
176
     1
 62
     7
176
     1
 40
1.0
176
     1
 90
        1
176
     1
 90
        6
176
     1
 90
        2
176
     1
 62
     7
176
     1
 90
        6
176
     1
 90
        0
176
     1
 90
        0
176
     1
290
     0
176
     1
 90
        1
176
     1
 40
0.0
176
     1
 90
        0
176
     1
290
     0
176
     1
290
     1
176
     1
290
     1
176
     1
290
     0
176
     1
290
     0
176
     1
290
     0
176
     1
290
     0
176
     1
290
     0
176
     1
290
     0
176
     1
 90
       50
176
     1
 40
0.0
176
     1
 40
1.0
176
     1
 90
        0
176
     1
 62
    18
420
        0
176
     1
 90
       50
176
     1
 90
        3
176
     1
 62
     5
420
      255
176
     1
290
     0
176
     1
 90
       50
176
     1
 90
       50
176
     1
 90
       50
176
     1
290
     0
176
     1
 90
       50
176
     1
 62
   256
176
     0
 40
1.0
176
     0
 90
        2
176
     1
  1
strokes_ogs.tif
176
     1
290
     0
176
     1
 40
1.0
176
     1
 40
1.0
176
     1
1001
ACAD
1000
AcDbSavedByObjectVersion
1070
     0
  0
VISUALSTYLE
  5
CA0
102
{ACAD_REACTORS
330
481
102
}
330
481
100
AcDbVisualStyle
  2
Thicken
 70
    13
177
     3
291
     1
 70
    58
 90
        2
176
     1
 90
        2
176
     1
 90
        0
176
     1
 90
        0
176
     1
 40
0.6
176
     1
 40
30.0
176
     1
 62
     7
420
 16777215
176
     1
 90
        1
176
     1
 90
        4
176
     1
 62
     7
176
     1
 62
   257
176
     1
 90
        1
176
     1
 90
        1
176
     1
 40
1.0
176
     1
 90
       12
176
     1
 62
     7
176
     1
 40
1.0
176
     1
 90
        1
176
     1
 90
        6
176
     1
 90
        2
176
     1
 62
     7
176
     1
 90
        5
176
     1
 90
        0
176
     1
 90
        0
176
     1
290
     0
176
     1
 90
        1
176
     1
 40
0.0
176
     1
 90
        0
176
     1
290
     0
176
     1
290
     1
176
     1
290
     1
176
     1
290
     0
176
     1
290
     0
176
     1
290
     0
176
     1
290
     0
176
     1
290
     0
176
     1
290
     0
176
     1
 90
       50
176
     1
 40
0.0
176
     1
 40
1.0
176
     1
 90
        0
176
     1
 62
    18
420
        0
176
     1
 90
       50
176
     1
 90
        3
176
     1
 62
     5
420
      255
176
     1
290
     0
176
     1
 90
       50
176
     1
 90
       50
176
     1
 90
       50
176
     1
290
     0
176
     1
 90
       50
176
     1
 62
   256
176
     0
 40
1.0
176
     0
 90
        2
176
     1
  1
strokes_ogs.tif
176
     1
290
     0
176
     1
 40
1.0
176
     1
 40
1.0
176
     1
1001
ACAD
1000
AcDbSavedByObjectVersion
1070
     0
  0
VISUALSTYLE
  5
9A9
102
{ACAD_REACTORS
330
481
102
}
330
481
100
AcDbVisualStyle
  2
Wireframe
 70
     5
177
     3
291
     0
 70
    58
 90
        0
176
     1
 90
        2
176
     1
 90
        0
176
     1
 90
        0
176
     1
 40
0.6
176
     1
 40
30.0
176
     1
 62
     7
420
 16777215
176
     1
 90
        1
176
     1
 90
        4
176
     1
 62
     7
176
     1
 62
   257
176
     1
 90
        1
176
     1
 90
        1
176
     1
 40
1.0
176
     1
 90
        0
176
     1
 62
   257
176
     1
 40
1.0
176
     1
 90
        1
176
     1
 90
        6
176
     1
 90
        2
176
     1
 62
     7
176
     1
 90
        3
176
     1
 90
        0
176
     1
 90
        0
176
     1
290
     0
176
     1
 90
        1
176
     1
 40
0.0
176
     1
 90
        0
176
     1
290
     0
176
     1
290
     1
176
     1
290
     1
176
     1
290
     0
176
     1
290
     0
176
     1
290
     0
176
     1
290
     0
176
     1
290
     0
176
     1
290
     0
176
     1
 90
       50
176
     1
 40
0.0
176
     1
 40
1.0
176
     1
 90
        0
176
     1
 62
    18
420
        0
176
     1
 90
       50
176
     1
 90
        3
176
     1
 62
     5
420
      255
176
     1
290
     0
176
     1
 90
       50
176
     1
 90
       50
176
     1
 90
       50
176
     1
290
     0
176
     1
 90
       50
176
     1
 62
   256
176
     0
 40
1.0
176
     0
 90
        0
176
     1
  1
strokes_ogs.tif
176
     1
290
     0
176
     1
 40
1.0
176
     1
 40
1.0
176
     1
1001
ACAD
1000
AcDbSavedByObjectVersion
1070
     0
  0
VISUALSTYLE
  5
CA6
102
{ACAD_REACTORS
330
481
102
}
330
481
100
AcDbVisualStyle
  2
X-Ray
 70
    25
177
     3
291
     0
 70
    58
 90
        2
176
     1
 90
        2
176
     1
 90
        1
176
     1
 90
        1
176
     1
 40
0.5
176
     1
 40
30.0
176
     1
 62
     7
420
 16777215
176
     1
 90
        1
176
     1
 90
        0
176
     1
 62
     7
176
     1
 62
   257
176
     1
 90
        1
176
     1
 90
        1
176
     1
 40
1.0
176
     1
 90
        8
176
     1
 62
     7
176
     1
 40
1.0
176
     1
 90
        1
176
     1
 90
        6
176
     1
 90
        2
176
     1
 62
     7
176
     1
 90
        3
176
     1
 90
        0
176
     1
 90
        0
176
     1
290
     0
176
     1
 90
       13
176
     1
 40
0.0
176
     1
 90
        0
176
     1
290
     0
176
     1
290
     1
176
     1
290
     1
176
     1
290
     0
176
     1
290
     0
176
     1
290
     0
176
     1
290
     0
176
     1
290
     0
176
     1
290
     0
176
     1
 90
       50
176
     1
 40
0.0
176
     1
 40
1.0
176
     1
 90
        0
176
     1
 62
    18
420
        0
176
     1
 90
       50
176
     1
 90
        3
176
     1
 62
     5
420
      255
176
     1
290
     0
176
     1
 90
       50
176
     1
 90
       50
176
     1
 90
       50
176
     1
290
     0
176
     1
 90
       50
176
     1
 62
   256
176
     0
 40
1.0
176
     0
 90
        2
176
     1
  1
strokes_ogs.tif
176
     1
290
     0
176
     1
 40
1.0
176
     1
 40
1.0
176
     1
1001
ACAD
1000
AcDbSavedByObjectVersion
1070
     0
  0
DICTIONARYVAR
  5
C94
102
{ACAD_REACTORS
330
C90
102
}
330
C90
100
DictionaryVariables
280
     0
  1
1:1
  0
DICTIONARYVAR
  5
C92
102
{ACAD_REACTORS
330
C90
102
}
330
C90
100
DictionaryVariables
280
     0
  1
STANDARD
  0
DICTIONARYVAR
  5
C91
102
{ACAD_REACTORS
330
C90
102
}
330
C90
100
DictionaryVariables
280
     0
  1
STANDARD
  0
DICTIONARYVAR
  5
CC4
102
{ACAD_REACTORS
330
C90
102
}
330
C90
100
DictionaryVariables
280
     0
  1
Metric50
  0
DICTIONARYVAR
  5
CC5
102
{ACAD_REACTORS
330
C90
102
}
330
C90
100
DictionaryVariables
280
     0
  1
Metric50
  0
DICTIONARYVAR
  5
CC7
102
{ACAD_REACTORS
330
C90
102
}
330
C90
100
DictionaryVariables
280
     0
  1
1
  0
DICTIONARYVAR
  5
CC8
102
{ACAD_REACTORS
330
C90
102
}
330
C90
100
DictionaryVariables
280
     0
  1
15
  0
DICTIONARYVAR
  5
CC6
102
{ACAD_REACTORS
330
C90
102
}
330
C90
100
DictionaryVariables
280
     0
  1
0
  0
DICTIONARYVAR
  5
C93
102
{ACAD_REACTORS
330
C90
102
}
330
C90
100
DictionaryVariables
280
     0
  1
1
  0
BLOCKBASEPOINTPARAMETER
  5
52
330
51
100
AcDbEvalExpr
 90
        1
 98
       33
 99
      248
100
AcDbBlockElement
300
基点
 98
       33
 99
      248
1071
        0
100
AcDbBlockParameter
280
     1
281
     0
100
AcDbBlock1PtParameter
1010
1.83013875875622
1020
-0.0000015548430383
1030
0.0
 93
        0
170
     0
171
     0
100
AcDbBlockBasepointParameter
1011
0.0
1021
0.0
1031
0.0
1012
0.0
1022
0.0
1032
0.0
  0
ACDB_BLOCKREPRESENTATION_DATA
  5
4E
102
{ACAD_REACTORS
330
4D
102
}
330
4D
100
AcDbBlockRepresentationData
 70
     1
340
4F
  0
DICTIONARY
  5
62
102
{ACAD_REACTORS
330
4D
102
}
330
4D
100
AcDbDictionary
280
     1
281
     1
  3
ACAD_ENHANCEDBLOCKDATA
360
63
  0
DICTIONARY
  5
CCD
330
CB0
100
AcDbDictionary
280
     1
281
     1
  3
ACAD_XREC_ROUNDTRIP
360
CCE
  0
DICTIONARY
  5
472
330
470
100
AcDbDictionary
280
     1
281
     1
  0
DICTIONARY
  5
97C
330
97B
100
AcDbDictionary
280
     1
281
     1
  0
DICTIONARY
  5
CCB
330
CAE
100
AcDbDictionary
280
     1
281
     1
  3
ACAD_XREC_ROUNDTRIP
360
CCC
  0
DICTIONARY
  5
9A5
330
9A4
100
AcDbDictionary
280
     1
281
     1
  3
ACAD_ROUNDTRIP_2008_TABLESTYLE_CELLSTYLEMAP
360
CC9
  0
DICTIONARY
  5
63
102
{ACAD_REACTORS
330
62
102
}
330
62
100
AcDbDictionary
280
     1
281
     1
  3
1
360
64
  0
XRECORD
  5
CCE
102
{ACAD_REACTORS
330
CCD
102
}
330
CCD
100
AcDbXrecord
280
     1
102
DISPLAYNAME
  1
Metric50
102
FLAGS
 90
        0
  0
XRECORD
  5
CCC
102
{ACAD_REACTORS
330
CCB
102
}
330
CCB
100
AcDbXrecord
280
     1
102
DISPLAYNAME
  1
Metric50
102
FLAGS
 90
        0
  0
CELLSTYLEMAP
  5
CC9
102
{ACAD_REACTORS
330
9A5
102
}
330
9A5
100
AcDbCellStyleMap
 90
        3
300
CELLSTYLE
  1
TABLEFORMAT_BEGIN
 90
        5
170
     1
 91
        0
 92
    32768
 62
   257
 93
        1
300
CONTENTFORMAT
  1
CONTENTFORMAT_BEGIN
 90
        0
 91
        0
 92
      512
 93
        0
300

 40
0.0
140
1.0
 94
        5
 62
     0
340
2BC
144
6.0
309
CONTENTFORMAT_END
171
     1
301
MARGIN
  1
CELLMARGIN_BEGIN
 40
1.5
 40
1.5
 40
0.06
 40
0.06
 40
0.18
 40
0.18
309
CELLMARGIN_END
 94
        6
 95
        1
302
GRIDFORMAT
  1
GRIDFORMAT_BEGIN
 90
        0
 91
        1
 62
     0
 92
       -2
340
0
 93
        0
 40
0.045
309
GRIDFORMAT_END
 95
        2
302
GRIDFORMAT
  1
GRIDFORMAT_BEGIN
 90
        0
 91
        1
 62
     0
 92
       -2
340
0
 93
        0
 40
0.045
309
GRIDFORMAT_END
 95
        4
302
GRIDFORMAT
  1
GRIDFORMAT_BEGIN
 90
        0
 91
        1
 62
     0
 92
       -2
340
0
 93
        0
 40
0.045
309
GRIDFORMAT_END
 95
        8
302
GRIDFORMAT
  1
GRIDFORMAT_BEGIN
 90
        0
 91
        1
 62
     0
 92
       -2
340
0
 93
        0
 40
0.045
309
GRIDFORMAT_END
 95
       16
302
GRIDFORMAT
  1
GRIDFORMAT_BEGIN
 90
        0
 91
        1
 62
     0
 92
       -2
340
0
 93
        0
 40
0.045
309
GRIDFORMAT_END
 95
       32
302
GRIDFORMAT
  1
GRIDFORMAT_BEGIN
 90
        0
 91
        1
 62
     0
 92
       -2
340
0
 93
        0
 40
0.045
309
GRIDFORMAT_END
309
TABLEFORMAT_END
  1
CELLSTYLE_BEGIN
 90
        1
 91
        1
300
_TITLE
309
CELLSTYLE_END
300
CELLSTYLE
  1
TABLEFORMAT_BEGIN
 90
        5
170
     1
 91
        0
 92
        0
 62
   257
 93
        1
300
CONTENTFORMAT
  1
CONTENTFORMAT_BEGIN
 90
        0
 91
        0
 92
      512
 93
        0
300

 40
0.0
140
1.0
 94
        5
 62
     0
340
2BC
144
4.5
309
CONTENTFORMAT_END
171
     1
301
MARGIN
  1
CELLMARGIN_BEGIN
 40
1.5
 40
1.5
 40
0.06
 40
0.06
 40
0.18
 40
0.18
309
CELLMARGIN_END
 94
        6
 95
        1
302
GRIDFORMAT
  1
GRIDFORMAT_BEGIN
 90
        0
 91
        1
 62
     0
 92
       -2
340
0
 93
        0
 40
0.045
309
GRIDFORMAT_END
 95
        2
302
GRIDFORMAT
  1
GRIDFORMAT_BEGIN
 90
        0
 91
        1
 62
     0
 92
       -2
340
0
 93
        0
 40
0.045
309
GRIDFORMAT_END
 95
        4
302
GRIDFORMAT
  1
GRIDFORMAT_BEGIN
 90
        0
 91
        1
 62
     0
 92
       -2
340
0
 93
        0
 40
0.045
309
GRIDFORMAT_END
 95
        8
302
GRIDFORMAT
  1
GRIDFORMAT_BEGIN
 90
        0
 91
        1
 62
     0
 92
       -2
340
0
 93
        0
 40
0.045
309
GRIDFORMAT_END
 95
       16
302
GRIDFORMAT
  1
GRIDFORMAT_BEGIN
 90
        0
 91
        1
 62
     0
 92
       -2
340
0
 93
        0
 40
0.045
309
GRIDFORMAT_END
 95
       32
302
GRIDFORMAT
  1
GRIDFORMAT_BEGIN
 90
        0
 91
        1
 62
     0
 92
       -2
340
0
 93
        0
 40
0.045
309
GRIDFORMAT_END
309
TABLEFORMAT_END
  1
CELLSTYLE_BEGIN
 90
        2
 91
        1
300
_HEADER
309
CELLSTYLE_END
300
CELLSTYLE
  1
TABLEFORMAT_BEGIN
 90
        5
170
     1
 91
        0
 92
        0
 62
   257
 93
        1
300
CONTENTFORMAT
  1
CONTENTFORMAT_BEGIN
 90
        0
 91
        0
 92
      512
 93
        0
300

 40
0.0
140
1.0
 94
        2
 62
     0
340
2BC
144
4.5
309
CONTENTFORMAT_END
171
     1
301
MARGIN
  1
CELLMARGIN_BEGIN
 40
1.5
 40
1.5
 40
0.06
 40
0.06
 40
0.18
 40
0.18
309
CELLMARGIN_END
 94
        6
 95
        1
302
GRIDFORMAT
  1
GRIDFORMAT_BEGIN
 90
        0
 91
        1
 62
     0
 92
       -2
340
0
 93
        0
 40
0.045
309
GRIDFORMAT_END
 95
        2
302
GRIDFORMAT
  1
GRIDFORMAT_BEGIN
 90
        0
 91
        1
 62
     0
 92
       -2
340
0
 93
        0
 40
0.045
309
GRIDFORMAT_END
 95
        4
302
GRIDFORMAT
  1
GRIDFORMAT_BEGIN
 90
        0
 91
        1
 62
     0
 92
       -2
340
0
 93
        0
 40
0.045
309
GRIDFORMAT_END
 95
        8
302
GRIDFORMAT
  1
GRIDFORMAT_BEGIN
 90
        0
 91
        1
 62
     0
 92
       -2
340
0
 93
        0
 40
0.045
309
GRIDFORMAT_END
 95
       16
302
GRIDFORMAT
  1
GRIDFORMAT_BEGIN
 90
        0
 91
        1
 62
     0
 92
       -2
340
0
 93
        0
 40
0.045
309
GRIDFORMAT_END
 95
       32
302
GRIDFORMAT
  1
GRIDFORMAT_BEGIN
 90
        0
 91
        1
 62
     0
 92
       -2
340
0
 93
        0
 40
0.045
309
GRIDFORMAT_END
309
TABLEFORMAT_END
  1
CELLSTYLE_BEGIN
 90
        3
 91
        2
300
_DATA
309
CELLSTYLE_END
  0
XRECORD
  5
64
102
{ACAD_REACTORS
330
63
102
}
330
63
100
AcDbXrecord
280
     1
1071
 82437801
1071
112294725
 70
    25
 70
   104
 10
0.0
 20
0.0
 30
0.0
  0
ENDSEC
  0
SECTION
  2
ACDSDATA
 70
     2
 71
     8
  0
ACDSSCHEMA
 90
        0
  1
AcDb_Thumbnail_Schema
  2
AcDbDs::ID
280
    10
 91
        8
  2
Thumbnail_Data
280
    15
 91
        0
101
ACDSRECORD
 95
        0
 90
        1
  2
AcDbDs::TreatedAsObjectData
280
     1
291
     1
101
ACDSRECORD
 95
        0
 90
        2
  2
AcDbDs::Legacy
280
     1
291
     1
101
ACDSRECORD
  1
AcDbDs::ID
 90
        3
  2
AcDs:Indexable
280
     1
291
     1
101
ACDSRECORD
  1
AcDbDs::ID
 90
        4
  2
AcDbDs::HandleAttribute
280
     7
282
     1
  0
ACDSSCHEMA
 90
        1
  1
AcDbDs::TreatedAsObjectDataSchema
  2
AcDbDs::TreatedAsObjectData
280
     1
 91
        0
  0
ACDSSCHEMA
 90
        2
  1
AcDbDs::LegacySchema
  2
AcDbDs::Legacy
280
     1
 91
        0
  0
ACDSSCHEMA
 90
        3
  1
AcDbDs::IndexedPropertySchema
  2
AcDs:Indexable
280
     1
 91
        0
  0
ACDSSCHEMA
 90
        4
  1
AcDbDs::HandleAttributeSchema
  2
AcDbDs::HandleAttribute
280
     7
 91
        1
284
     1
  0
ACDSRECORD
 90
        0
  2
AcDbDs::ID
280
    10
320
470
  2
Thumbnail_Data
280
    15
 94
     3335
310
89504E470D0A1A0A0000000D49484452000001000000008E0803000000E961264800000300504C5445000000000000C8C8C80000000000000000000000000000000000000000000000000000330000660000990000CC0000FF0033000033330033660033990033CC0033FF0066000066330066660066990066CC0066FF0099
310
000099330099660099990099CC0099FF00CC0000CC3300CC6600CC9900CCCC00CCFF00FF0000FF3300FF6600FF9900FFCC00FFFF3300003300333300663300993300CC3300FF3333003333333333663333993333CC3333FF3366003366333366663366993366CC3366FF3399003399333399663399993399CC3399FF33CC00
310
33CC3333CC6633CC9933CCCC33CCFF33FF0033FF3333FF6633FF9933FFCC33FFFF6600006600336600666600996600CC6600FF6633006633336633666633996633CC6633FF6666006666336666666666996666CC6666FF6699006699336699666699996699CC6699FF66CC0066CC3366CC6666CC9966CCCC66CCFF66FF0066
310
FF3366FF6666FF9966FFCC66FFFF9900009900339900669900999900CC9900FF9933009933339933669933999933CC9933FF9966009966339966669966999966CC9966FF9999009999339999669999999999CC9999FF99CC0099CC3399CC6699CC9999CCCC99CCFF99FF0099FF3399FF6699FF9999FFCC99FFFFCC0000CC00
310
33CC0066CC0099CC00CCCC00FFCC3300CC3333CC3366CC3399CC33CCCC33FFCC6600CC6633CC6666CC6699CC66CCCC66FFCC9900CC9933CC9966CC9999CC99CCCC99FFCCCC00CCCC33CCCC66CCCC99CCCCCCCCCCFFCCFF00CCFF33CCFF66CCFF99CCFFCCCCFFFFFF0000FF0033FF0066FF0099FF00CCFF00FFFF3300FF3333
310
FF3366FF3399FF33CCFF33FFFF6600FF6633FF6666FF6699FF66CCFF66FFFF9900FF9933FF9966FF9999FF99CCFF99FFFFCC00FFCC33FFCC66FFCC99FFCCCCFFCCFFFFFF00FFFF33FFFF66FFFF99FFFFCCFFFFFF0000000D0D0D1A1A1A2828283535354343435050505D5D5D6B6B6B787878868686939393A1A1A1AEAEAEBB
310
BBBBC9C9C9D6D6D6E4E4E4F1F1F1FFFFFF00000000000000000000000000000000000000000000000000000000000008F1915C000009C24944415478DAED5B4B76A33A10D50E347C5BA8492D214BD556B41216C1A4E64FF59110181CC002BB63297D924E7C8CB957B7FEC2B997D618C7B442FA1FEE7D4B40592E04790F12E2
310
C10F25227E37BF19D3BF58BD34BF16BAAB57C24F63BA9B639F25B79DDEC00C00091B270840BD14C6F9BB6F6540F02384C39FA40C04A6825801A76E149580A798AF6540E48F70E67354040110D376A2C3B30C10E05241F731109DE00FA73E456E1BC9FCC02906983908721D746FF003B2FFE349FC065ACD80DC292B10EDC805
310
92238DB7FB01D9FFF3F8CD0F3003C40CA4DFC3B1F703FB426640286006F80FF731703CFEADF801C77E2005020E05E14C34944FCF0C54045CCF401C93025C78E9EA2829016F2512BAD39E10485D0AFB53B8C90A620BFC92CC0803401A174F51109286580310B128408DE33A06A2E8FF55FC92CC08EA00AA003CC340BA0A010C
310
6C0471E120AF62A011FEC90FD8A5C4159CB80861D24062802606E04A0634FE35C16FDBFE2A03E98D72052A6931CC1820FE85BF51ABF8970A80D08855D5BE0433AE0BE07452280E85A2E20566A0DC201506DA54001CFF473C1CB8B735205690B25AA2937E401960FE78DB97E110742543814635109740A355A4ADAC20EDBDA8
310
C1E1D9B498AFE05371088B70085768C08DB99E6F6306960B1B03C7A965782149127D1252AC614AB1A60410622302240D621A5A32C01B6FF9D0E1A490373D087B030C31319079492F6136024A5FD8C8082C123464405C9828F9543EA03E3F5DC5934797C3A1DA023AB8201C32030D3510B45196B64AA2E1F136995A8FF3E9BB
310
076209900483EBD2E2B1A9068285439058C6A5011EC74F4E0D8119D0ED279FBE858B5A24251A62634F687D523C8C5F921FA69219489E903CE377C15DC800B564402A03496D8FE603A8F9B0E71E112A03160B08C275E5B1B484D90A9A31201C709F8F7FECA740F013787917F0FD78489ED03B57FCDF458541F283C240A39C48
310
AD00216879BCD7151AFE5C4E0881DE43D4FCF85206A20D46C4CF344832B0E4C538EC36031DAF801702D593A2E485384BD62F62C00860F151130604451806D47679D8873FEDB8CB7D25B3A4F48F5B24743D03EC0D39E5AC32F057194836E57160267ED580E197A457B308344B4A49459CE5BE17F9014D0AA596A3269E5073DA
310
00D626C41DF89DEA1F728345C349DA8FC480BB83013762B3D20874DC15C2A0E5F1D3EB0AFEC1EB7829D714564DA4ECDF3DEB0B356420E16FC080B66CC0F2A1B4751EF5FEF117FC9C0199E73337287189809E836EC88036895FBCA21090937786143C5A19FBBC0090523F5B7ED67F086026B93D376BCDC06B1A80AA9181D6EA
310
F4D2DD20C027F8BD97E85FE95FA72580B935B49D07366C95DAA0085F94409DDB9094465406401BF8735FB1D2BF936318502E186F60C046A52F350A97419B241AEA5FF15901EC96FAD71410CA05F116069C0C4BF1B98DD3DEEEB4D58534D8CDE333FC4BFD5B0A3C7D52BC615CAA46F0A4383C468062487E805B3CD2330AEB09
310
D08AFEDDA30CE33D03E3541DFE521E1F20809D98B5CADD4352A80D445FFAA845FF23AEE1BF91815F1A04FB09481921F77478F0870FFD726B0064FC8501CBC9DC673270D007705DE7590001BDB407A6EB9602D81C4056BFF4EB47DC20E0B66313286A5DE09461555EBF574D32EFD73354CE82C1541E970688C3CC80B0234D4A
310
EE52E1DAF56E393E152706961B7D682E259D513F488F4F1C80B7F218D71A00862F25E4825F54B844FF88F9220D483E207D9DC5461FC6AFA9A1A644A4CD72299495834AFF98F55F2D5C95FE2D0CA8065E1A43E96C806B3C10BC561848C26F6764BD5BEA1FB54DADCDFACC40C4371CA11BCD0A4E370A6547BD575F513100F920
310
0DA27BD0FF5C00A28188F383C457D6838F49A169F534FE9403724B1B4B5A9C58F0D90FA60208E7FA479D568ED38F383B33B3C5005EC7C0D9E9312BDD718F63807C053B170D227CC63F757D8AFE9DCD6B3303718CCF92EC8B573E457CEA0CAD78F88186EA0C8A5A81967E79DF72EA9FCDDF8DA15240FCADCCB87A0903E39953
310
D4A8116E989DC191A80A1932E512D84E1C67FCA68018F7145A37107062766AE71D491AE2B3DCDF5C627A61D00E4186AFF8A715F77CCC5D563086636E46F52F73ED8791A646D530707A005895BF246253F07117FE3B35A009FCDEFA87FD1A783DEFB2B8C71C54030D940FD6A284FB6AF363DC4DF52D1A88797ABCB3FE4175F1
310
3CE67FB843ABF1BC4D7B65B1D12732D4FB1D407F9723B4C9E14A5AFC0CFFF444505D3ADA0DCB8187DCFE19A9F6FE8793CD5B1810BFCCBD3DDABDFF0A31CC09103E4C1D104CFFA40CECB5FBFBF19768187678C269FF01B2E72C04A81F014903C8E49F9885BD5EFF7D04380BD0BFCF38B9FF39F869836B022AFC726C00B4F501
310
6CF7A7F0DF48403E50F70B03FAB4030C13FEAA7D34E1C7D201CE6EFF7CBDE9EEB40276D6F85CFFC4D5CFE0CAFE4F0414FC39F873BB3019D669F4F7E22F71FA090355AAA0F861B64A8968D12F880B7865167F2F01AE4443B79E1255D4E4FD87C58BDC16B523D541AA7C78E934C2CD04D40CAC12609297E72871FEF7A9E253F8
310
B9314AFF1401B953211911ADDE8D1600B306164A03503C9E1FB3F4B3DBFFC708C80DEBE4EC1F52A229E405AADB6888D2556273F7A39BC377AF9D49BB1FBF26855CBB3C8C6DAA9427E0CFD44663E072EE44F08F679F24F918026C62F090144E395FCAFF7ED2C2A2FFA9CA9518D210FF5B08D094689914965FC0A5FDFF191303
310
057F6E7400C38FAD9E76791BFC9214D67750F69FEBBF849E5FFD518F5F37B8EDC9E826C710DF07BFCCCDAA1967718052FFF0FEE3A88F014F3D6E9BB0343A87FAE6A5470AF38DCCEC5F36FD07473B856FA53E6A920CEEF5A3C8F87EF8AA81C240853F68BA3396F10649A95B721EF707367FA280647A1C2AFD877CBC65C23F4C
310
C5430302B6E0BF4315511E3108D5E00CEA1E5F99EB3CDC1A35D7FE9B54513D61500A20B770FCABF77C4E089B28DF671451DA03A12E006DBEE5AAB0F7B8FF2708D8DA7C7C73381CABA35C21EB1FB7FB06A48F011EB5820F937ECDC07498CFF4EF6CC01FD76F8E0970C718C0CF859F19E0CACF8E3EF1DD5AD45F93BED4BE870A
310
E04F72FB4F0AB28035FE47D357D9E7AF1696EF3E6645CCA360D3FFAADF779981269BEF3E6AC5D2E364FFB7E6F85D867F64FF8FC2C7776BC092A0D1ADA8DF36FF08FA63F0DF6D1365F7B7FC7E1BC7B70DFFED66304AF48F1B81AF55BE8B1FEC10C7F1BFADB9361D21E168D4FBA0DA70F3A5FDE23F1AF5F0D3E2C1A602AE71FB
310
FF04FABFEAF69BC33F56EA7DC7E67F7E1570E5E67F89E5BBBFE9F6AFD3BEFB62ED7FCDE663B7FC2FDD7CFC76B7EFBE017E4F797AD4EB51AF47BD1EF5BAE57F8FE5BBEFB6FC46AC7C0DFCEF00FFD1A38D4F4B04BBE577CBFFE3F0BF65F3DD575BFEC1F4B86F7EDFFCBEF91D7E5F7DF5D5575F7DF5D5575F7DF5D5575F7DF5D5
310
575F7DF5D5575F7DF5B563FD0F5985B14EC21B329A0000000049454E44AE426082
  0
ACDSRECORD
 90
        0
  2
AcDbDs::ID
280
    10
320
97B
  2
Thumbnail_Data
280
    15
 94
      908
310
89504E470D0A1A0A0000000D4948445200000100000000C00803000000DC334D5400000300504C5445000000000000C8C8C80000000000000000000000000000000000000000000000000000330000660000990000CC0000FF0033000033330033660033990033CC0033FF0066000066330066660066990066CC0066FF0099
310
000099330099660099990099CC0099FF00CC0000CC3300CC6600CC9900CCCC00CCFF00FF0000FF3300FF6600FF9900FFCC00FFFF3300003300333300663300993300CC3300FF3333003333333333663333993333CC3333FF3366003366333366663366993366CC3366FF3399003399333399663399993399CC3399FF33CC00
310
33CC3333CC6633CC9933CCCC33CCFF33FF0033FF3333FF6633FF9933FFCC33FFFF6600006600336600666600996600CC6600FF6633006633336633666633996633CC6633FF6666006666336666666666996666CC6666FF6699006699336699666699996699CC6699FF66CC0066CC3366CC6666CC9966CCCC66CCFF66FF0066
310
FF3366FF6666FF9966FFCC66FFFF9900009900339900669900999900CC9900FF9933009933339933669933999933CC9933FF9966009966339966669966999966CC9966FF9999009999339999669999999999CC9999FF99CC0099CC3399CC6699CC9999CCCC99CCFF99FF0099FF3399FF6699FF9999FFCC99FFFFCC0000CC00
310
33CC0066CC0099CC00CCCC00FFCC3300CC3333CC3366CC3399CC33CCCC33FFCC6600CC6633CC6666CC6699CC66CCCC66FFCC9900CC9933CC9966CC9999CC99CCCC99FFCCCC00CCCC33CCCC66CCCC99CCCCCCCCCCFFCCFF00CCFF33CCFF66CCFF99CCFFCCCCFFFFFF0000FF0033FF0066FF0099FF00CCFF00FFFF3300FF3333
310
FF3366FF3399FF33CCFF33FFFF6600FF6633FF6666FF6699FF66CCFF66FFFF9900FF9933FF9966FF9999FF99CCFF99FFFFCC00FFCC33FFCC66FFCC99FFCCCCFFCCFFFFFF00FFFF33FFFF66FFFF99FFFFCCFFFFFF0000000D0D0D1A1A1A2828283535354343435050505D5D5D6B6B6B787878868686939393A1A1A1AEAEAEBB
310
BBBBC9C9C9D6D6D6E4E4E4F1F1F1FFFFFF00000000000000000000000000000000000000000000000000000000000008F1915C000000474944415478DAEDC13101000000C2A0F54F6D085FA0000000000000000000000000000000000000000000000000000000000000000000000000000000000000000000000080D700C0
310
C00001D10CFAE10000000049454E44AE426082
  0
ENDSEC
  0
EOF
