  0
SECTION
  2
HEADER
  9
$ACADVER
  1
AC1027
  9
$ACADMAINTVER
 70
   125
  9
$DWGCODEPAGE
  3
ANSI_936
  9
$LASTSAVEDBY
  1
13806880907
  9
$REQUIREDVERSIONS
160
                 0
  9
$INSBASE
 10
0.0
 20
0.0
 30
0.0
  9
$EXTMIN
 10
684548.0902050733
 20
2544651.794519094
 30
-9994.400009999999
  9
$EXTMAX
 10
687039.9213820681
 20
2545581.071046968
 30
5.142
  9
$LIMMIN
 10
0.0
 20
0.0
  9
$LIMMAX
 10
420.0
 20
297.0
  9
$ORTHOMODE
 70
     0
  9
$REGENMODE
 70
     1
  9
$FILLMODE
 70
     1
  9
$QTEXTMODE
 70
     0
  9
$MIRRTEXT
 70
     0
  9
$LTSCALE
 40
500.0
  9
$ATTMODE
 70
     1
  9
$TEXTSIZE
 40
2.5
  9
$TRACEWID
 40
1.0
  9
$TEXTSTYLE
  7
_TWT_WELL
  9
$CLAYER
  8
2
  9
$CELTYPE
  6
ByLayer
  9
$CECOLOR
 62
   256
  9
$CELTSCALE
 40
2.5
  9
$DISPSILH
 70
     0
  9
$DIMSCALE
 40
1.0
  9
$DIMASZ
 40
2.5
  9
$DIMEXO
 40
0.625
  9
$DIMDLI
 40
3.75
  9
$DIMRND
 40
0.0
  9
$DIMDLE
 40
0.0
  9
$DIMEXE
 40
1.25
  9
$DIMTP
 40
0.0
  9
$DIMTM
 40
0.0
  9
$DIMTXT
 40
2.5
  9
$DIMCEN
 40
2.5
  9
$DIMTSZ
 40
0.0
  9
$DIMTOL
 70
     0
  9
$DIMLIM
 70
     0
  9
$DIMTIH
 70
     0
  9
$DIMTOH
 70
     0
  9
$DIMSE1
 70
     0
  9
$DIMSE2
 70
     0
  9
$DIMTAD
 70
     1
  9
$DIMZIN
 70
     8
  9
$DIMBLK
  1

  9
$DIMASO
 70
     1
  9
$DIMSHO
 70
     1
  9
$DIMPOST
  1

  9
$DIMAPOST
  1

  9
$DIMALT
 70
     0
  9
$DIMALTD
 70
     3
  9
$DIMALTF
 40
0.03937007874016
  9
$DIMLFAC
 40
1.0
  9
$DIMTOFL
 70
     1
  9
$DIMTVP
 40
0.0
  9
$DIMTIX
 70
     0
  9
$DIMSOXD
 70
     0
  9
$DIMSAH
 70
     0
  9
$DIMBLK1
  1

  9
$DIMBLK2
  1

  9
$DIMSTYLE
  2
ISO-25
  9
$DIMCLRD
 70
     0
  9
$DIMCLRE
 70
     0
  9
$DIMCLRT
 70
     0
  9
$DIMTFAC
 40
1.0
  9
$DIMGAP
 40
0.625
  9
$DIMJUST
 70
     0
  9
$DIMSD1
 70
     0
  9
$DIMSD2
 70
     0
  9
$DIMTOLJ
 70
     0
  9
$DIMTZIN
 70
     8
  9
$DIMALTZ
 70
     0
  9
$DIMALTTZ
 70
     0
  9
$DIMUPT
 70
     0
  9
$DIMDEC
 70
     2
  9
$DIMTDEC
 70
     2
  9
$DIMALTU
 70
     2
  9
$DIMALTTD
 70
     3
  9
$DIMTXSTY
  7
Standard
  9
$DIMAUNIT
 70
     0
  9
$DIMADEC
 70
     0
  9
$DIMALTRND
 40
0.0
  9
$DIMAZIN
 70
     0
  9
$DIMDSEP
 70
    44
  9
$DIMATFIT
 70
     3
  9
$DIMFRAC
 70
     0
  9
$DIMLDRBLK
  1

  9
$DIMLUNIT
 70
     2
  9
$DIMLWD
 70
    -2
  9
$DIMLWE
 70
    -2
  9
$DIMTMOVE
 70
     0
  9
$DIMFXL
 40
1.0
  9
$DIMFXLON
 70
     0
  9
$DIMJOGANG
 40
0.7853981633974483
  9
$DIMTFILL
 70
     0
  9
$DIMTFILLCLR
 70
     0
  9
$DIMARCSYM
 70
     0
  9
$DIMLTYPE
  6

  9
$DIMLTEX1
  6

  9
$DIMLTEX2
  6

  9
$DIMTXTDIRECTION
 70
     0
  9
$LUNITS
 70
     2
  9
$LUPREC
 70
     4
  9
$SKETCHINC
 40
1.0
  9
$FILLETRAD
 40
0.0
  9
$AUNITS
 70
     0
  9
$AUPREC
 70
     0
  9
$MENU
  1
.
  9
$ELEVATION
 40
0.0
  9
$PELEVATION
 40
0.0
  9
$THICKNESS
 40
0.0
  9
$LIMCHECK
 70
     0
  9
$CHAMFERA
 40
0.0
  9
$CHAMFERB
 40
0.0
  9
$CHAMFERC
 40
0.0
  9
$CHAMFERD
 40
0.0
  9
$SKPOLY
 70
     0
  9
$TDCREATE
 40
2460812.434432870
  9
$TDUCREATE
 40
2460812.101111019
  9
$TDUPDATE
 40
2461052.964421297
  9
$TDUUPDATE
 40
2461052.631087963
  9
$TDINDWG
 40
10.6440818634
  9
$TDUSRTIMER
 40
10.6440817824
  9
$USRTIMER
 70
     1
  9
$ANGBASE
 50
0.0
  9
$ANGDIR
 70
     0
  9
$PDMODE
 70
     0
  9
$PDSIZE
 40
0.0
  9
$PLINEWID
 40
0.0
  9
$SPLFRAME
 70
     0
  9
$SPLINETYPE
 70
     6
  9
$SPLINESEGS
 70
     8
  9
$HANDSEED
  5
DBF
  9
$SURFTAB1
 70
     6
  9
$SURFTAB2
 70
     6
  9
$SURFTYPE
 70
     6
  9
$SURFU
 70
     6
  9
$SURFV
 70
     6
  9
$UCSBASE
  2

  9
$UCSNAME
  2

  9
$UCSORG
 10
0.0
 20
0.0
 30
0.0
  9
$UCSXDIR
 10
1.0
 20
0.0
 30
0.0
  9
$UCSYDIR
 10
0.0
 20
1.0
 30
0.0
  9
$UCSORTHOREF
  2

  9
$UCSORTHOVIEW
 70
     0
  9
$UCSORGTOP
 10
0.0
 20
0.0
 30
0.0
  9
$UCSORGBOTTOM
 10
0.0
 20
0.0
 30
0.0
  9
$UCSORGLEFT
 10
0.0
 20
0.0
 30
0.0
  9
$UCSORGRIGHT
 10
0.0
 20
0.0
 30
0.0
  9
$UCSORGFRONT
 10
0.0
 20
0.0
 30
0.0
  9
$UCSORGBACK
 10
0.0
 20
0.0
 30
0.0
  9
$PUCSBASE
  2

  9
$PUCSNAME
  2

  9
$PUCSORG
 10
0.0
 20
0.0
 30
0.0
  9
$PUCSXDIR
 10
1.0
 20
0.0
 30
0.0
  9
$PUCSYDIR
 10
0.0
 20
1.0
 30
0.0
  9
$PUCSORTHOREF
  2

  9
$PUCSORTHOVIEW
 70
     0
  9
$PUCSORGTOP
 10
0.0
 20
0.0
 30
0.0
  9
$PUCSORGBOTTOM
 10
0.0
 20
0.0
 30
0.0
  9
$PUCSORGLEFT
 10
0.0
 20
0.0
 30
0.0
  9
$PUCSORGRIGHT
 10
0.0
 20
0.0
 30
0.0
  9
$PUCSORGFRONT
 10
0.0
 20
0.0
 30
0.0
  9
$PUCSORGBACK
 10
0.0
 20
0.0
 30
0.0
  9
$USERI1
 70
     0
  9
$USERI2
 70
     0
  9
$USERI3
 70
     0
  9
$USERI4
 70
     0
  9
$USERI5
 70
     0
  9
$USERR1
 40
0.0
  9
$USERR2
 40
0.0
  9
$USERR3
 40
0.0
  9
$USERR4
 40
0.0
  9
$USERR5
 40
0.0
  9
$WORLDVIEW
 70
     1
  9
$SHADEDGE
 70
     3
  9
$SHADEDIF
 70
    70
  9
$TILEMODE
 70
     0
  9
$MAXACTVP
 70
    64
  9
$PINSBASE
 10
0.0
 20
0.0
 30
0.0
  9
$PLIMCHECK
 70
     0
  9
$PEXTMIN
 10
-809.0552502077636
 20
-91.87975408710128
 30
0.0
  9
$PEXTMAX
 10
422.2696844647487
 20
328.1202459128989
 30
2.735391995810758
  9
$PLIMMIN
 10
0.0
 20
0.0
  9
$PLIMMAX
 10
12.0
 20
9.0
  9
$UNITMODE
 70
     0
  9
$VISRETAIN
 70
     1
  9
$PLINEGEN
 70
     0
  9
$PSLTSCALE
 70
     0
  9
$TREEDEPTH
 70
  3020
  9
$CMLSTYLE
  2
Standard
  9
$CMLJUST
 70
     0
  9
$CMLSCALE
 40
20.0
  9
$PROXYGRAPHICS
 70
     1
  9
$MEASUREMENT
 70
     1
  9
$CELWEIGHT
370
    -1
  9
$ENDCAPS
280
     0
  9
$JOINSTYLE
280
     0
  9
$LWDISPLAY
290
     0
  9
$INSUNITS
 70
     4
  9
$HYPERLINKBASE
  1

  9
$STYLESHEET
  1

  9
$XEDIT
290
     1
  9
$CEPSNTYPE
380
     0
  9
$PSTYLEMODE
290
     1
  9
$FINGERPRINTGUID
  2
{90080A0B-9AC7-4009-A0FB-764DFDB7D30F}
  9
$VERSIONGUID
  2
{EB57E7A2-ACCE-9048-B9FF-07516D3F2A9E}
  9
$EXTNAMES
290
     1
  9
$PSVPSCALE
 40
0.0
  9
$OLESTARTUP
290
     0
  9
$SORTENTS
280
   127
  9
$INDEXCTL
280
     0
  9
$HIDETEXT
280
     1
  9
$XCLIPFRAME
280
     2
  9
$HALOGAP
280
     0
  9
$OBSCOLOR
 70
   257
  9
$OBSLTYPE
280
     0
  9
$INTERSECTIONDISPLAY
280
     0
  9
$INTERSECTIONCOLOR
 70
   257
  9
$DIMASSOC
280
     2
  9
$PROJECTNAME
  1

  9
$CAMERADISPLAY
290
     0
  9
$LENSLENGTH
 40
50.0
  9
$CAMERAHEIGHT
 40
0.0
  9
$STEPSPERSEC
 40
2.0
  9
$STEPSIZE
 40
6.0
  9
$3DDWFPREC
 40
2.0
  9
$PSOLWIDTH
 40
0.25
  9
$PSOLHEIGHT
 40
4.0
  9
$LOFTANG1
 40
1.570796326794896
  9
$LOFTANG2
 40
1.570796326794896
  9
$LOFTMAG1
 40
0.0
  9
$LOFTMAG2
 40
0.0
  9
$LOFTPARAM
 70
     7
  9
$LOFTNORMALS
280
     1
  9
$LATITUDE
 40
37.795
  9
$LONGITUDE
 40
-122.394
  9
$NORTHDIRECTION
 40
0.0
  9
$TIMEZONE
 70
 -8000
  9
$LIGHTGLYPHDISPLAY
280
     1
  9
$TILEMODELIGHTSYNCH
280
     1
  9
$CMATERIAL
347
ABB
  9
$SOLIDHIST
280
     0
  9
$SHOWHIST
280
     1
  9
$DWFFRAME
280
     2
  9
$DGNFRAME
280
     0
  9
$REALWORLDSCALE
290
     1
  9
$INTERFERECOLOR
 62
     1
  9
$INTERFEREOBJVS
345
AC3
  9
$INTERFEREVPVS
346
AC6
  9
$CSHADOW
280
     0
  9
$SHADOWPLANELOCATION
 40
0.0
  0
ENDSEC
  0
SECTION
  2
CLASSES
  0
CLASS
  1
ACDBDICTIONARYWDFLT
  2
AcDbDictionaryWithDefault
  3
ObjectDBX Classes
 90
        0
 91
        1
280
     0
281
     0
  0
CLASS
  1
DICTIONARYVAR
  2
AcDbDictionaryVar
  3
ObjectDBX Classes
 90
        0
 91
       11
280
     0
281
     0
  0
CLASS
  1
TABLESTYLE
  2
AcDbTableStyle
  3
ObjectDBX Classes
 90
     4095
 91
        1
280
     0
281
     0
  0
CLASS
  1
WIPEOUTVARIABLES
  2
AcDbWipeoutVariables
  3
"WipeOut|Product Desc:     WipeOut Dbx Application|Company:          Autodesk, Inc.|WEB Address:      www.autodesk.com"
 90
        0
 91
        0
280
     0
281
     0
  0
CLASS
  1
SCALE
  2
AcDbScale
  3
ObjectDBX Classes
 90
     1153
 91
       17
280
     0
281
     0
  0
CLASS
  1
MLEADERSTYLE
  2
AcDbMLeaderStyle
  3
ACDB_MLEADERSTYLE_CLASS
 90
     4095
 91
        1
280
     0
281
     0
  0
CLASS
  1
MATERIAL
  2
AcDbMaterial
  3
ObjectDBX Classes
 90
     1153
 91
        3
280
     0
281
     0
  0
CLASS
  1
VISUALSTYLE
  2
AcDbVisualStyle
  3
ObjectDBX Classes
 90
     4095
 91
       24
280
     0
281
     0
  0
CLASS
  1
ACDBSECTIONVIEWSTYLE
  2
AcDbSectionViewStyle
  3
ObjectDBX Classes
 90
     1025
 91
        1
280
     1
281
     0
  0
CLASS
  1
ACDBDETAILVIEWSTYLE
  2
AcDbDetailViewStyle
  3
ObjectDBX Classes
 90
     1025
 91
        1
280
     1
281
     0
  0
CLASS
  1
SORTENTSTABLE
  2
AcDbSortentsTable
  3
ObjectDBX Classes
 90
        0
 91
       18
280
     0
281
     0
  0
CLASS
  1
DIMASSOC
  2
AcDbDimAssoc
  3
"AcDbDimAssoc|Product Desc:     AcDim ARX App For Dimension|Company:          Autodesk, Inc.|WEB Address:      www.autodesk.com"
 90
        0
 91
        0
280
     0
281
     0
  0
CLASS
  1
CELLSTYLEMAP
  2
AcDbCellStyleMap
  3
ObjectDBX Classes
 90
     1152
 91
        2
280
     0
281
     0
  0
CLASS
  1
TCH_DBCONFIG
  2
TDbConfig
  3
"TCH_KERNAL|缺乏解释器天正图形看不见, 请下载天正插件|网址: www.tangent.com.cn"
 90
        1
 91
        0
280
     0
281
     0
  0
CLASS
  1
RASTERVARIABLES
  2
AcDbRasterVariables
  3
ISM
 90
        0
 91
        0
280
     0
281
     0
  0
CLASS
  1
TCH_TEXT
  2
TDbText
  3
"TCH_KERNAL|缺乏解释器天正图形看不见, 请下载天正插件|网址: www.tangent.com.cn"
 90
        1
 91
        0
280
     0
281
     1
  0
CLASS
  1
TCH_DIMENSION2
  2
TDbDimension2
  3
"TCH_KERNAL|缺乏解释器天正图形看不见, 请下载天正插件|网址: www.tangent.com.cn"
 90
        1
 91
        0
280
     0
281
     1
  0
CLASS
  1
TCH_MULTILEADER
  2
TDbSymbMultiLeader
  3
"TCH_KERNAL|缺乏解释器天正图形看不见, 请下载天正插件|网址: www.tangent.com.cn"
 90
        1
 91
        0
280
     0
281
     1
  0
CLASS
  1
TCH_ELEVATION
  2
TDbSymbElevation
  3
"TCH_KERNAL|缺乏解释器天正图形看不见, 请下载天正插件|网址: www.tangent.com.cn"
 90
        1
 91
        0
280
     0
281
     1
  0
CLASS
  1
WIPEOUT
  2
AcDbWipeout
  3
WipeOut|Product Desc: Object Enabler for WipeOut entity | Company: Autodesk, Inc. | WEB Address: www.autodesk.com
 90
     2175
 91
        0
280
     0
281
     1
  0
CLASS
  1
TCH_DRAWINGNAME
  2
TDbDrawingName
  3
"TCH_KERNAL|缺乏解释器天正图形看不见, 请下载天正插件|网址: www.tangent.com.cn"
 90
        1
 91
        0
280
     0
281
     1
  0
CLASS
  1
TCH_WALL
  2
TDbWall
  3
"TCH_KERNAL|缺乏解释器天正图形看不见, 请下载天正插件|网址: www.tangent.com.cn"
 90
        1
 91
        0
280
     0
281
     1
  0
CLASS
  1
TCH_OPENING
  2
TDbOpening
  3
"TCH_KERNAL|缺乏解释器天正图形看不见, 请下载天正插件|网址: www.tangent.com.cn"
 90
        1
 91
        0
280
     0
281
     1
  0
CLASS
  1
TCH_RECTSTAIR
  2
TDbRectStair
  3
"TCH_KERNAL|缺乏解释器天正图形看不见, 请下载天正插件|网址: www.tangent.com.cn"
 90
        1
 91
        0
280
     0
281
     1
  0
CLASS
  1
TCH_BLOCK_INSERT
  2
TDbBlockInsert
  3
"TCH_KERNAL|缺乏解释器天正图形看不见, 请下载天正插件|网址: www.tangent.com.cn"
 90
        1
 91
        0
280
     0
281
     1
  0
CLASS
  1
TCH_ARROW
  2
TDbSymbArrow
  3
"TCH_KERNAL|缺乏解释器天正图形看不见, 请下载天正插件|网址: www.tangent.com.cn"
 90
        1
 91
        0
280
     0
281
     1
  0
CLASS
  1
TCH_COORD
  2
TDbSymbCoord
  3
"TCH_KERNAL|缺乏解释器天正图形看不见, 请下载天正插件|网址: www.tangent.com.cn"
 90
        1
 91
        0
280
     0
281
     1
  0
CLASS
  1
ACAD_EVALUATION_GRAPH
  2
AcDbEvalGraph
  3
ObjectDBX Classes
 90
     1153
 91
        1
280
     0
281
     0
  0
CLASS
  1
BLOCKBASEPOINTPARAMETER
  2
AcDbBlockBasepointParameter
  3
ObjectDBX Classes
 90
     1153
 91
        1
280
     0
281
     0
  0
CLASS
  1
ACDB_DYNAMICBLOCKPURGEPREVENTER_VERSION
  2
AcDbDynamicBlockPurgePreventer
  3
ObjectDBX Classes
 90
     1153
 91
        1
280
     0
281
     0
  0
CLASS
  1
ACDB_BLOCKREPRESENTATION_DATA
  2
AcDbBlockRepresentationData
  3
ObjectDBX Classes
 90
     1153
 91
        1
280
     0
281
     0
  0
CLASS
  1
AEC_REFEDIT_STATUS_TRACKER
  2
AecDbRefEditStatusTracker
  3
AecArchBase60|Product Desc: Autodesk Architectural Desktop 2007 |Company: Autodesk,Inc. |WEB Address: www.autodesk.com
 90
      129
 91
        0
280
     0
281
     0
  0
CLASS
  1
NPOCOLLECTION
  2
AcDbImpNonPersistentObjectsCollection
  3
ObjectDBX Classes
 90
     1153
 91
        0
280
     0
281
     0
  0
CLASS
  1
TCH_NORTHTHUMB
  2
TDbSymbNorthThumb
  3
"TCH_KERNAL|缺乏解释器天正图形看不见, 请下载天正插件|网址: www.tangent.com.cn"
 90
        1
 91
        0
280
     0
281
     1
  0
CLASS
  1
ACAECUSTOBJ
  2
AcAeEditorObj
  3
AcAeEditorObj
 90
     1024
 91
        0
280
     1
281
     0
  0
CLASS
  1
TCH_RADIUSDIM
  2
TDbRadiusDim
  3
"TCH_KERNAL|缺乏解释器天正图形看不见, 请下载天正插件|网址: www.tangent.com.cn"
 90
        1
 91
        0
280
     0
281
     1
  0
CLASS
  1
TCH_SPACE
  2
TDbSpace
  3
"TCH_KERNAL|缺乏解释器天正图形看不见, 请下载天正插件|网址: www.tangent.com.cn"
 90
        1
 91
        0
280
     0
281
     1
  0
CLASS
  1
TCH_GROUPIDCONFIG
  2
TDbGroupIdConfig
  3
TCH_PIPEWIRE
 90
        1
 91
        0
280
     0
281
     0
  0
CLASS
  1
TCH_PIPE
  2
TDbPipe
  3
"TCH_PIPEWIRE|缺乏解释器天正图形看不见, 请下载天正插件|网址: www.tangent.com.cn"
 90
        1
 91
        0
280
     0
281
     1
  0
CLASS
  1
TCH_PIPEFITTING
  2
TDbPipeFitting
  3
"TCH_PIPEWIRE|缺乏解释器天正图形看不见, 请下载天正插件|网址: www.tangent.com.cn"
 90
        1
 91
        0
280
     0
281
     1
  0
CLASS
  1
TCH_WELL
  2
TDbWell
  3
"TCH_PIPEWIRE|缺乏解释器天正图形看不见, 请下载天正插件|网址: www.tangent.com.cn"
 90
        1
 91
        0
280
     0
281
     1
  0
CLASS
  1
EXACXREFPANELOBJECT
  2
ExAcXREFPanelObject
  3
EXAC_ESW
 90
     1025
 91
        0
280
     1
281
     0
  0
CLASS
  1
TCH_MTEXT
  2
TDbMText
  3
"TCH_KERNAL|缺乏解释器天正图形看不见, 请下载天正插件|网址: www.tangent.com.cn"
 90
        1
 91
        0
280
     0
281
     1
  0
CLASS
  1
TCH_EQUIPMENT
  2
TDbEquipment
  3
"TCH_PIPEWIRE|缺乏解释器天正图形看不见, 请下载天正插件|网址: www.tangent.com.cn"
 90
        1
 91
        0
280
     0
281
     1
  0
CLASS
  1
TCH_RUPTURE
  2
TDbSymbRupture
  3
"TCH_KERNAL|缺乏解释器天正图形看不见, 请下载天正插件|网址: www.tangent.com.cn"
 90
        1
 91
        0
280
     0
281
     1
  0
CLASS
  1
TCH_MODI
  2
TDbSymbModi
  3
"TCH_KERNAL|缺乏解释器天正图形看不见, 请下载天正插件|网址: www.tangent.com.cn"
 90
        1
 91
        0
280
     0
281
     1
  0
ENDSEC
  0
SECTION
  2
TABLES
  0
TABLE
  2
VPORT
  5
AAA
102
{ACAD_XDICTIONARY
360
AAD
102
}
330
0
100
AcDbSymbolTable
 70
     1
1001
ACAD
1000
DbSaveVer
1071
      298
  0
VPORT
  5
AAB
330
AAA
100
AcDbSymbolTableRecord
100
AcDbViewportTableRecord
  2
*Active
 70
     0
 10
0.0
 20
0.0
 11
1.0
 21
1.0
 12
685390.5860728204
 22
2545302.55812815
 13
0.0
 23
0.0
 14
10.0
 24
10.0
 15
10.0
 25
10.0
 16
0.0
 26
0.0
 36
1.0
 17
0.0
 27
0.0
 37
0.0
 40
142.4008963932283
 41
1.791666666666666
 42
50.0
 43
0.0
 44
0.0
 50
0.0
 51
0.0
 71
     0
 72
  1000
 73
     1
 74
     3
 75
     0
 76
     0
 77
     0
 78
     0
281
     0
 65
     1
110
0.0
120
0.0
130
0.0
111
1.0
121
0.0
131
0.0
112
0.0
122
1.0
132
0.0
 79
     0
146
0.0
348
51B
 60
     3
 61
     5
292
     1
282
     1
141
0.0
142
0.0
 63
   250
421
  3355443
1001
ACAD_NAV_VCDISPLAY
1070
     3
  0
ENDTAB
  0
TABLE
  2
LTYPE
  5
AA5
330
0
100
AcDbSymbolTable
 70
     7
  0
LTYPE
  5
AA6
330
AA5
100
AcDbSymbolTableRecord
100
AcDbLinetypeTableRecord
  2
ByBlock
 70
     0
  3

 72
    65
 73
     0
 40
0.0
  0
LTYPE
  5
AA7
330
AA5
100
AcDbSymbolTableRecord
100
AcDbLinetypeTableRecord
  2
ByLayer
 70
     0
  3

 72
    65
 73
     0
 40
0.0
  0
LTYPE
  5
E
330
AA5
100
AcDbSymbolTableRecord
100
AcDbLinetypeTableRecord
  2
Continuous
 70
     0
  3
Solid line
 72
    65
 73
     0
 40
0.0
  0
LTYPE
  5
2DD
330
AA5
100
AcDbSymbolTableRecord
100
AcDbLinetypeTableRecord
  2
DASHED
 70
     0
  3
Dashed __ __ __ __ __ __ __ __ __ __ __ __ __ _
 72
    65
 73
     2
 40
0.75
 49
0.5
 74
     0
 49
-0.25
 74
     0
  0
LTYPE
  5
28
330
AA5
100
AcDbSymbolTableRecord
100
AcDbLinetypeTableRecord
  2
DASH
 70
     0
  3
__ __ __ __ __ __ __ __ __ __ __ __ __ __ __ __
 72
    65
 73
     2
 40
0.35
 49
0.25
 74
     0
 49
-0.1
 74
     0
  0
LTYPE
  5
265
330
AA5
100
AcDbSymbolTableRecord
100
AcDbLinetypeTableRecord
  2
DOTE
 70
     0
  3
____ . ____ . ____ . ____ . ____ . ____ . ____ 
 72
    65
 73
     4
 40
2.419999999999999
 49
2.0
 74
     0
 49
-0.2
 74
     0
 49
0.02
 74
     0
 49
-0.2
 74
     0
  0
LTYPE
  5
1E
330
AA5
100
AcDbSymbolTableRecord
100
AcDbLinetypeTableRecord
  2
ACAD_ISO04W100
 70
     0
  3
ISO long-dash dot ____ . ____ . ____ . ____ . _
 72
    65
 73
     4
 40
30.0
 49
24.0
 74
     0
 49
-3.0
 74
     0
 49
0.0
 74
     0
 49
-3.0
 74
     0
  0
LTYPE
  5
247
330
AA5
100
AcDbSymbolTableRecord
100
AcDbLinetypeTableRecord
  2
CENTER
 70
     0
  3
Center ____ _ ____ _ ____ _ ____ _ ____ _ ____
 72
    65
 73
     4
 40
2.0
 49
1.25
 74
     0
 49
-0.25
 74
     0
 49
0.25
 74
     0
 49
-0.25
 74
     0
  0
LTYPE
  5
B16
330
AA5
100
AcDbSymbolTableRecord
100
AcDbLinetypeTableRecord
  2
DASHDOT
 70
     0
  3
Dash dot __ . __ . __ . __ . __ . __ . __ . __
 72
    65
 73
     4
 40
25.4
 49
12.7
 74
     0
 49
-6.349999999999997
 74
     0
 49
0.0
 74
     0
 49
-6.349999999999997
 74
     0
  0
ENDTAB
  0
TABLE
  2
LAYER
  5
AA0
102
{ACAD_XDICTIONARY
360
AA1
102
}
330
0
100
AcDbSymbolTable
 70
    44
  0
LAYER
  5
6
102
{ACAD_XDICTIONARY
360
7
102
}
330
AA0
100
AcDbSymbolTableRecord
100
AcDbLayerTableRecord
  2
0
 70
     0
 62
     7
  6
Continuous
370
    -3
390
9
347
C
348
0
  0
LAYER
  5
260
102
{ACAD_XDICTIONARY
360
261
102
}
330
AA0
100
AcDbSymbolTableRecord
100
AcDbLayerTableRecord
  2
JT-道路名称-BZ
 70
     0
 62
     7
  6
Continuous
370
     5
390
9
347
C
348
0
1001
AcAecLayerStandard
1000

1000

1001
AcCmTransparency
1071
 33554687
  0
LAYER
  5
95
330
AA0
100
AcDbSymbolTableRecord
100
AcDbLayerTableRecord
  2
PUB_DIM
 70
     0
 62
     3
  6
Continuous
370
    -3
390
9
347
C
348
0
  0
LAYER
  5
10
330
AA0
100
AcDbSymbolTableRecord
100
AcDbLayerTableRecord
  2
PUB_TEXT
 70
     0
 62
     7
  6
Continuous
370
    -3
390
9
347
C
348
0
  0
LAYER
  5
52A
330
AA0
100
AcDbSymbolTableRecord
100
AcDbLayerTableRecord
  2
PUB_TITLE
 70
     0
 62
     4
  6
Continuous
370
    -3
390
9
347
C
348
0
  0
LAYER
  5
7F
330
AA0
100
AcDbSymbolTableRecord
100
AcDbLayerTableRecord
  2
DIM_ELEV
 70
     0
 62
     3
  6
Continuous
370
    -3
390
9
347
C
348
0
  0
LAYER
  5
527
330
AA0
100
AcDbSymbolTableRecord
100
AcDbLayerTableRecord
  2
DIM_SYMB
 70
     0
 62
     3
  6
Continuous
370
    -3
390
9
347
C
348
0
  0
LAYER
  5
93
330
AA0
100
AcDbSymbolTableRecord
100
AcDbLayerTableRecord
  2
PLAN_机动车位
 70
     0
 62
     9
  6
Continuous
370
    -3
390
9
347
C
348
0
  0
LAYER
  5
8A
102
{ACAD_XDICTIONARY
360
8B
102
}
330
AA0
100
AcDbSymbolTableRecord
100
AcDbLayerTableRecord
  2
k-绿地填充
 70
     0
 62
   118
  6
Continuous
370
    -3
390
9
347
C
348
0
1001
AcAecLayerStandard
1000

1000

1001
AcCmTransparency
1071
        0
  0
LAYER
  5
21
102
{ACAD_XDICTIONARY
360
22
102
}
330
AA0
100
AcDbSymbolTableRecord
100
AcDbLayerTableRecord
  2
A-SITE-ROAD
 70
     0
 62
    33
  6
Continuous
370
    -3
390
23
347
C
348
0
1001
AcAecLayerStandard
1000

1000
道路
  0
LAYER
  5
65
102
{ACAD_XDICTIONARY
360
66
102
}
330
AA0
100
AcDbSymbolTableRecord
100
AcDbLayerTableRecord
  2
A-DIM-SYMB
 70
     0
 62
     3
  6
Continuous
370
    -3
390
67
347
C
348
0
1001
AcAecLayerStandard
1000

1000
其它符号
  0
LAYER
  5
38
102
{ACAD_XDICTIONARY
360
39
102
}
330
AA0
100
AcDbSymbolTableRecord
100
AcDbLayerTableRecord
  2
Z-文字
 70
     0
 62
     7
  6
Continuous
370
    -3
390
9
347
C
348
0
1001
AcAecLayerStandard
1000

1000

  0
LAYER
  5
1B
102
{ACAD_XDICTIONARY
360
1C
102
}
330
AA0
100
AcDbSymbolTableRecord
100
AcDbLayerTableRecord
  2
Z-道路中心线
 70
     0
 62
     1
  6
Continuous
370
    -3
390
9
347
C
348
0
1001
AcAecLayerStandard
1000

1000

  0
LAYER
  5
DD
330
AA0
100
AcDbSymbolTableRecord
100
AcDbLayerTableRecord
  2
PLAN_道路
 70
     0
 62
     4
  6
Continuous
370
    -3
390
9
347
C
348
0
1001
AcAecLayerStandard
1000

1000

  0
LAYER
  5
25
102
{ACAD_XDICTIONARY
360
26
102
}
330
AA0
100
AcDbSymbolTableRecord
100
AcDbLayerTableRecord
  2
a08
 70
     0
 62
   252
  6
Continuous
370
    -3
390
9
347
C
348
0
1001
_LayerManage
1070
     0
1070
     0
1070
     0
  0
LAYER
  5
104
102
{ACAD_XDICTIONARY
360
105
102
}
330
AA0
100
AcDbSymbolTableRecord
100
AcDbLayerTableRecord
  2
车位
 70
     0
 62
     8
  6
Continuous
370
    -3
390
9
347
C
348
0
1001
AcAecLayerStandard
1000

1000
存放各种材质的墙对象
1001
AcCmTransparency
1071
        0
1001
_LayerManage
1070
     0
1070
     0
1070
     0
  0
LAYER
  5
91
330
AA0
100
AcDbSymbolTableRecord
100
AcDbLayerTableRecord
  2
1绿地填充
 70
     0
 62
   116
  6
Continuous
370
    -3
390
9
347
C
348
0
1001
AcAecLayerStandard
1000

1000

1001
AcCmTransparency
1071
        0
1001
_LayerManage
1070
     0
1070
     0
1070
     0
  0
LAYER
  5
FB
330
AA0
100
AcDbSymbolTableRecord
100
AcDbLayerTableRecord
  2
cdz
 70
     0
 62
   241
  6
Continuous
370
    -3
390
9
347
C
348
0
1001
AcAecLayerStandard
1000

1000

1001
AcCmTransparency
1071
        0
1001
_LayerManage
1070
     0
1070
     0
1070
     0
  0
LAYER
  5
267
102
{ACAD_XDICTIONARY
360
268
102
}
330
AA0
100
AcDbSymbolTableRecord
100
AcDbLayerTableRecord
  2
建筑
 70
     0
 62
     4
  6
Continuous
370
    -3
390
9
347
C
348
0
1001
AcAecLayerStandard
1000

1000

1001
AcCmTransparency
1071
        0
  0
LAYER
  5
1A0
330
AA0
100
AcDbSymbolTableRecord
100
AcDbLayerTableRecord
  2
TWT_TEXT
 70
     0
 62
     7
  6
Continuous
370
    -3
390
9
347
C
348
0
  0
LAYER
  5
164
330
AA0
100
AcDbSymbolTableRecord
100
AcDbLayerTableRecord
  2
2
 70
     0
 62
     2
  6
Continuous
370
    -3
390
9
347
C
348
0
1001
AcAecLayerStandard
1000

1000

1001
AcCmTransparency
1071
        0
  0
LAYER
  5
191
330
AA0
100
AcDbSymbolTableRecord
100
AcDbLayerTableRecord
  2
4
 70
     0
 62
     4
  6
Continuous
370
    -3
390
9
347
C
348
0
1001
AcAecLayerStandard
1000

1000

1001
AcCmTransparency
1071
        0
  0
LAYER
  5
2B3
330
AA0
100
AcDbSymbolTableRecord
100
AcDbLayerTableRecord
  2
9
 70
     0
 62
     9
  6
Continuous
370
    -3
390
9
347
C
348
0
1001
AcAecLayerStandard
1000

1000

1001
AcCmTransparency
1071
        0
  0
LAYER
  5
15D
102
{ACAD_XDICTIONARY
360
15E
102
}
330
AA0
100
AcDbSymbolTableRecord
100
AcDbLayerTableRecord
  2
YSPOINT
 70
     0
 62
    40
420
 16762624
  6
Continuous
370
    -3
390
9
347
C
348
0
  0
LAYER
  5
18A
102
{ACAD_XDICTIONARY
360
18B
102
}
330
AA0
100
AcDbSymbolTableRecord
100
AcDbLayerTableRecord
  2
WSPOINT
 70
     0
 62
     4
420
    65535
  6
Continuous
370
    -3
390
9
347
C
348
0
  0
LAYER
  5
196
330
AA0
100
AcDbSymbolTableRecord
100
AcDbLayerTableRecord
  2
WELL_雨水
 70
     0
 62
     2
  6
Continuous
370
    -3
390
9
347
C
348
0
  0
LAYER
  5
19C
330
AA0
100
AcDbSymbolTableRecord
100
AcDbLayerTableRecord
  2
TEXT_雨水
 70
     0
 62
     7
  6
Continuous
370
    -3
390
9
347
C
348
0
  0
LAYER
  5
1AC
330
AA0
100
AcDbSymbolTableRecord
100
AcDbLayerTableRecord
  2
PIPE-雨水
 70
     0
 62
   222
  6
DASH
370
    -3
390
9
347
C
348
0
  0
LAYER
  5
1F4
330
AA0
100
AcDbSymbolTableRecord
100
AcDbLayerTableRecord
  2
TWT_SYMB
 70
     0
 62
     3
  6
Continuous
370
    -3
390
9
347
C
348
0
  0
LAYER
  5
1F8
330
AA0
100
AcDbSymbolTableRecord
100
AcDbLayerTableRecord
  2
TWT_LEAD
 70
     0
 62
     3
  6
Continuous
370
    -3
390
9
347
C
348
0
  0
LAYER
  5
2D6
330
AA0
100
AcDbSymbolTableRecord
100
AcDbLayerTableRecord
  2
TWT_ELEV
 70
     0
 62
     3
  6
Continuous
370
    -3
390
9
347
C
348
0
  0
LAYER
  5
524
330
AA0
100
AcDbSymbolTableRecord
100
AcDbLayerTableRecord
  2
TWT_TITLE
 70
     0
 62
     7
  6
Continuous
370
    -3
390
9
347
C
348
0
  0
LAYER
  5
522
330
AA0
100
AcDbSymbolTableRecord
100
AcDbLayerTableRecord
  2
SK
 70
     4
 62
     4
  6
Continuous
290
     0
370
    -3
390
9
347
C
348
0
1001
AcAecLayerStandard
1000

1000

1001
AcCmTransparency
1071
        0
  0
LAYER
  5
554
330
AA0
100
AcDbSymbolTableRecord
100
AcDbLayerTableRecord
  2
Y
 70
     0
 62
     7
  6
Continuous
370
    -3
390
9
347
C
348
0
1001
AcAecLayerStandard
1000

1000

1001
AcCmTransparency
1071
        0
  0
LAYER
  5
52D
330
AA0
100
AcDbSymbolTableRecord
100
AcDbLayerTableRecord
  2
框
 70
     0
 62
   130
  6
Continuous
370
    -3
390
9
347
C
348
0
1001
AcAecLayerStandard
1000

1000

1001
AcCmTransparency
1071
        0
  0
LAYER
  5
9CE
330
AA0
100
AcDbSymbolTableRecord
100
AcDbLayerTableRecord
  2
注释
 70
     0
 62
     7
  6
Continuous
370
    -3
390
9
347
C
348
0
  0
LAYER
  5
A97
330
AA0
100
AcDbSymbolTableRecord
100
AcDbLayerTableRecord
  2
Defpoints
 70
     0
 62
     7
  6
Continuous
290
     0
370
    -3
390
9
347
C
348
0
  0
LAYER
  5
A86
330
AA0
100
AcDbSymbolTableRecord
100
AcDbLayerTableRecord
  2
TWT_DIM
 70
     0
 62
     3
  6
Continuous
370
    -3
390
9
347
C
348
0
  0
LAYER
  5
2E9
102
{ACAD_XDICTIONARY
360
2EA
102
}
330
AA0
100
AcDbSymbolTableRecord
100
AcDbLayerTableRecord
  2
T1-图例$0$A-Stnd
 70
     0
 62
     7
  6
Continuous
370
    -3
390
9
347
C
348
0
1001
AcAecLayerStandard
1000

1000
建筑专业默认图层
1001
_LayerManage
1070
     0
1070
     0
1070
     0
  0
LAYER
  5
2F0
102
{ACAD_XDICTIONARY
360
2F1
102
}
330
AA0
100
AcDbSymbolTableRecord
100
AcDbLayerTableRecord
  2
T1-图例$0$A-Car-Stnd
 70
     0
 62
   155
  6
Continuous
370
    -3
390
9
347
C
348
0
1001
AcAecLayerStandard
1000

1000
小型车位
1001
_LayerManage
1070
     0
1070
     0
1070
     0
  0
LAYER
  5
9FE
330
AA0
100
AcDbSymbolTableRecord
100
AcDbLayerTableRecord
  2
WALL
 70
     0
 62
     7
  6
Continuous
370
    -3
390
9
347
C
348
0
  0
LAYER
  5
41C
330
AA0
100
AcDbSymbolTableRecord
100
AcDbLayerTableRecord
  2
VPIPE-雨水
 70
     0
 62
   222
  6
DASH
370
    -3
390
9
347
C
348
0
  0
LAYER
  5
AF1
330
AA0
100
AcDbSymbolTableRecord
100
AcDbLayerTableRecord
  2
AXIS_TEXT
 70
     0
 62
     7
  6
Continuous
370
    -3
390
9
347
C
348
0
  0
LAYER
  5
B1C
330
AA0
100
AcDbSymbolTableRecord
100
AcDbLayerTableRecord
  2
PUB_WALL
 70
     0
 62
     9
  6
Continuous
370
    -3
390
9
347
C
348
0
  0
ENDTAB
  0
TABLE
  2
STYLE
  5
AA3
330
0
100
AcDbSymbolTable
 70
    27
  0
STYLE
  5
263
330
AA3
100
AcDbSymbolTableRecord
100
AcDbTextStyleTableRecord
  2
Standard
 70
     0
 40
0.0
 41
1.0
 50
0.0
 71
     0
 42
2.5
  3
simsun_0.shx
  4

1001
ACAD
1000
SimSun
1071
    34306
  0
STYLE
  5
EB
330
AA3
100
AcDbSymbolTableRecord
100
AcDbTextStyleTableRecord
  2
_TCH_DIM
 70
     0
 40
0.0
 41
0.8
 50
0.0
 71
     0
 42
2.5
  3
SIMPLEX.shx
  4
GBCBIG.shx
1001
_TCH
1040
0.85
1040
0.6
1070
     7
  0
STYLE
  5
A0
330
AA3
100
AcDbSymbolTableRecord
100
AcDbTextStyleTableRecord
  2
天正
 70
     0
 40
0.0
 41
0.7
 50
0.0
 71
     0
 42
0.2
  3
simplex8.shx
  4
hztxt.shx
1001
_TCH
1040
0.8
1040
0.6
1070
     0
  0
STYLE
  5
11
330
AA3
100
AcDbSymbolTableRecord
100
AcDbTextStyleTableRecord
  2
黑体
 70
     0
 40
0.0
 41
1.0
 50
0.0
 71
     0
 42
244.928117068722
  3
simhei_0.shx
  4

1001
ACAD
1000
SimHei
1071
    34306
  0
STYLE
  5
2CD
330
AA3
100
AcDbSymbolTableRecord
100
AcDbTextStyleTableRecord
  2
-宋
 70
     0
 40
0.0
 41
0.8
 50
0.0
 71
     0
 42
2.5
  3
simsun_0.shx
  4

1001
ACAD
1000
SimSun
1071
    34306
  0
STYLE
  5
19B
330
AA3
100
AcDbSymbolTableRecord
100
AcDbTextStyleTableRecord
  2
_TWT_WELL
 70
     0
 40
3.5
 41
0.8
 50
0.0
 71
     0
 42
2.5
  3
SIMPLEX
  4
HZTXT
1001
_TCH
1040
1.0
1040
0.8
1070
     0
  0
STYLE
  5
528
330
AA3
100
AcDbSymbolTableRecord
100
AcDbTextStyleTableRecord
  2
-宋体
 70
     0
 40
0.0
 41
0.8
 50
0.0
 71
     0
 42
2.5
  3
simsun_0.shx
  4

1001
_TCH
1040
1.0
1040
0.8
1070
     0
1001
ACAD
1000
SimSun
1071
    34306
  0
STYLE
  5
6C8
330
AA3
100
AcDbSymbolTableRecord
100
AcDbTextStyleTableRecord
  2
TBC
 70
     0
 40
0.0
 41
0.9
 50
0.0
 71
     0
 42
0.7518319853986882
  3
simhei_0.shx
  4

1001
ACAD
1000
SimHei
1071
    34306
  0
STYLE
  5
9CF
330
AA3
100
AcDbSymbolTableRecord
100
AcDbTextStyleTableRecord
  2
1
 70
     0
 40
0.0
 41
1.0
 50
0.0
 71
     0
 42
1.202848448672035
  3
ROMANT.SHX
  4

  0
STYLE
  5
A8E
330
AA3
100
AcDbSymbolTableRecord
100
AcDbTextStyleTableRecord
  2
_TCH_DIM_T3
 70
     0
 40
0.0
 41
0.7058823529411766
 50
0.0
 71
     0
 42
2.5
  3
SIMPLEX
  4
GBCBIG
1001
_TCH
1040
0.85
1040
0.6
1070
     7
  0
STYLE
  5
AF2
330
AA3
100
AcDbSymbolTableRecord
100
AcDbTextStyleTableRecord
  2
COMPLEX
 70
     0
 40
0.0
 41
1.0
 50
0.0
 71
     0
 42
0.6
  3
COMPLEX
  4

1001
AcadAnnotative
1000
AnnotativeData
1002
{
1070
     1
1070
     1
1002
}
  0
STYLE
  5
AFC
330
AA3
100
AcDbSymbolTableRecord
100
AcDbTextStyleTableRecord
  2
_TWT_DIM_ELE
 70
     0
 40
3.5
 41
0.8
 50
0.0
 71
     0
 42
2.5
  3
SIMPLEX
  4
HZTXT
1001
_TCH
1040
1.0
1040
0.8
1070
     0
  0
STYLE
  5
B00
330
AA3
100
AcDbSymbolTableRecord
100
AcDbTextStyleTableRecord
  2
-Ш鏹
 70
     0
 40
3.5
 41
0.8
 50
0.0
 71
     0
 42
3.5
  3
simsun_0.shx
  4

1001
ACAD
1000
SimSun
1071
    34306
1001
AcadStringInfo
1000
MIFCodePage
1070
     2
  0
STYLE
  5
B02
330
AA3
100
AcDbSymbolTableRecord
100
AcDbTextStyleTableRecord
  2
宋体
 70
     0
 40
0.0
 41
1.0
 50
0.0
 71
     0
 42
0.2
  3
simsun_0.shx
  4

1001
ACAD
1000
SimSun
1071
    34306
  0
STYLE
  5
B03
330
AA3
100
AcDbSymbolTableRecord
100
AcDbTextStyleTableRecord
  2
迷你简细等线
 70
     0
 40
0.0
 41
0.8
 50
0.0
 71
     0
 42
3.0
  3
simsun_0.shx
  4

1001
ACAD
1000
SimSun
1071
    34306
  0
STYLE
  5
B04
330
AA3
100
AcDbSymbolTableRecord
100
AcDbTextStyleTableRecord
  2
Annotative
 70
     0
 40
0.0
 41
1.0
 50
0.0
 71
     0
 42
2.5
  3
simsun_0.shx
  4

1001
AcadAnnotative
1000
AnnotativeData
1002
{
1070
     1
1070
     1
1002
}
1001
ACAD
1000
SimSun
1071
    34306
  0
STYLE
  5
B05
330
AA3
100
AcDbSymbolTableRecord
100
AcDbTextStyleTableRecord
  2
坐标标注
 70
     0
 40
0.0
 41
0.75
 50
0.0
 71
     0
 42
3.502628568391302
  3
times_2.shx
  4

1001
ACAD
1000
Times New Roman
1071
       18
  0
STYLE
  5
B06
330
AA3
100
AcDbSymbolTableRecord
100
AcDbTextStyleTableRecord
  2
_TCH_SPACE
 70
     0
 40
5.0
 41
1.0
 50
0.0
 71
     0
 42
2.5
  3
SIMPLEX
  4
GBCBIG
1001
_TCH
1040
0.85
1040
0.6
1070
     7
  0
STYLE
  5
B07
330
AA3
100
AcDbSymbolTableRecord
100
AcDbTextStyleTableRecord
  2
图框
 70
     0
 40
0.0
 41
1.0
 50
0.0
 71
     0
 42
2.0
  3
simsun_0.shx
  4

1001
ACAD
1000
SimSun
1071
    34306
  0
STYLE
  5
B09
330
AA3
100
AcDbSymbolTableRecord
100
AcDbTextStyleTableRecord
  2
_TCH_WINDOW
 70
     0
 40
3.5
 41
1.0
 50
0.0
 71
     0
 42
350.0
  3
SIMPLEX
  4
GBCBIG
1001
_TCH
1040
0.85
1040
0.6
1070
     7
  0
STYLE
  5
B0A
330
AA3
100
AcDbSymbolTableRecord
100
AcDbTextStyleTableRecord
  2
_TCH_LABEL
 70
     0
 40
0.0
 41
1.0
 50
0.0
 71
     0
 42
2.5
  3
COMPLEX
  4
GBCBIG
1001
_TCH
1040
0.85
1040
0.6
1070
     7
  0
STYLE
  5
B0B
330
AA3
100
AcDbSymbolTableRecord
100
AcDbTextStyleTableRecord
  2
DIM_FONT
 70
     0
 40
0.0
 41
0.7
 50
0.0
 71
     0
 42
2.5
  3
SIMPLEX
  4
GBCBIG
1001
_TCH
1040
0.85
1040
0.6
1070
     7
  0
STYLE
  5
B0C
330
AA3
100
AcDbSymbolTableRecord
100
AcDbTextStyleTableRecord
  2
HZTXT
 70
     0
 40
0.0
 41
0.7
 50
0.0
 71
     0
 42
200.0
  3
romane.shx
  4
hztxt.shx
1001
_TCH
1040
0.85
1040
0.7
1070
     0
  0
STYLE
  5
B0D
330
AA3
100
AcDbSymbolTableRecord
100
AcDbTextStyleTableRecord
  2

 70
     1
 40
0.0
 41
1.0
 50
0.0
 71
     0
 42
2.5
  3
ltypeshp.shx
  4

  0
STYLE
  5
B0E
330
AA3
100
AcDbSymbolTableRecord
100
AcDbTextStyleTableRecord
  2
TG_LINETYPE
 70
     0
 40
3.0
 41
0.8
 50
0.0
 71
     0
 42
2.5
  3
SIMPLEX
  4
HZTXT
  0
STYLE
  5
B0F
330
AA3
100
AcDbSymbolTableRecord
100
AcDbTextStyleTableRecord
  2
HZ
 70
     0
 40
0.0
 41
0.8
 50
0.0
 71
     0
 42
2.5
  3
txt
  4
hztxt
  0
STYLE
  5
B10
330
AA3
100
AcDbSymbolTableRecord
100
AcDbTextStyleTableRecord
  2
_TWT_SERIAL
 70
     0
 40
3.5
 41
0.8
 50
0.0
 71
     0
 42
350.0
  3
COMPLEX
  4
HZTXT
1001
_TCH
1040
1.0
1040
0.8
1070
     0
  0
ENDTAB
  0
TABLE
  2
VIEW
  5
AA8
330
0
100
AcDbSymbolTable
 70
     0
  0
ENDTAB
  0
TABLE
  2
UCS
  5
AA9
330
0
100
AcDbSymbolTable
 70
     0
  0
ENDTAB
  0
TABLE
  2
APPID
  5
AAE
330
0
100
AcDbSymbolTable
 70
    80
  0
APPID
  5
12
330
AAE
100
AcDbSymbolTableRecord
100
AcDbRegAppTableRecord
  2
ACAD
 70
     0
  0
APPID
  5
50E
330
AAE
100
AcDbSymbolTableRecord
100
AcDbRegAppTableRecord
  2
ACAD_PSEXT
 70
     0
  0
APPID
  5
AAC
330
AAE
100
AcDbSymbolTableRecord
100
AcDbRegAppTableRecord
  2
ACAD_NAV_VCDISPLAY
 70
     0
  0
APPID
  5
AB6
330
AAE
100
AcDbSymbolTableRecord
100
AcDbRegAppTableRecord
  2
AcadAnnotative
 70
     0
  0
APPID
  5
AB2
330
AAE
100
AcDbSymbolTableRecord
100
AcDbRegAppTableRecord
  2
ACAD_DSTYLE_DIMJAG
 70
     0
  0
APPID
  5
AB5
330
AAE
100
AcDbSymbolTableRecord
100
AcDbRegAppTableRecord
  2
ACAD_DSTYLE_DIMBREAK
 70
     0
  0
APPID
  5
AB3
330
AAE
100
AcDbSymbolTableRecord
100
AcDbRegAppTableRecord
  2
ACAD_DSTYLE_DIMTALN
 70
     0
  0
APPID
  5
1D
330
AAE
100
AcDbSymbolTableRecord
100
AcDbRegAppTableRecord
  2
AcAecLayerStandard
 70
     0
  0
APPID
  5
8C
330
AAE
100
AcDbSymbolTableRecord
100
AcDbRegAppTableRecord
  2
AcCmTransparency
 70
     0
  0
APPID
  5
249
330
AAE
100
AcDbSymbolTableRecord
100
AcDbRegAppTableRecord
  2
FAPP_DLZX
 70
     0
  0
APPID
  5
24A
330
AAE
100
AcDbSymbolTableRecord
100
AcDbRegAppTableRecord
  2
FS_DLMC
 70
     0
  0
APPID
  5
24B
330
AAE
100
AcDbSymbolTableRecord
100
AcDbRegAppTableRecord
  2
FS_TYPE
 70
     0
  0
APPID
  5
24C
330
AAE
100
AcDbSymbolTableRecord
100
AcDbRegAppTableRecord
  2
FS_DLXS
 70
     0
  0
APPID
  5
24D
330
AAE
100
AcDbSymbolTableRecord
100
AcDbRegAppTableRecord
  2
FS_DLBK
 70
     0
  0
APPID
  5
24E
330
AAE
100
AcDbSymbolTableRecord
100
AcDbRegAppTableRecord
  2
FS_DLDM
 70
     0
  0
APPID
  5
24F
330
AAE
100
AcDbSymbolTableRecord
100
AcDbRegAppTableRecord
  2
FD_WIDTH
 70
     0
  0
APPID
  5
250
330
AAE
100
AcDbSymbolTableRecord
100
AcDbRegAppTableRecord
  2
FD_DLCD
 70
     0
  0
APPID
  5
251
330
AAE
100
AcDbSymbolTableRecord
100
AcDbRegAppTableRecord
  2
FN_SJCS
 70
     0
  0
APPID
  5
252
330
AAE
100
AcDbSymbolTableRecord
100
AcDbRegAppTableRecord
  2
FN_ZLCDS
 70
     0
  0
APPID
  5
253
330
AAE
100
AcDbSymbolTableRecord
100
AcDbRegAppTableRecord
  2
FN_FLCDS
 70
     0
  0
APPID
  5
239
330
AAE
100
AcDbSymbolTableRecord
100
AcDbRegAppTableRecord
  2
FS_KZMS
 70
     0
  0
APPID
  5
256
330
AAE
100
AcDbSymbolTableRecord
100
AcDbRegAppTableRecord
  2
FS_JSZT
 70
     0
  0
APPID
  5
23A
330
AAE
100
AcDbSymbolTableRecord
100
AcDbRegAppTableRecord
  2
FS_SJLY
 70
     0
  0
APPID
  5
23B
330
AAE
100
AcDbSymbolTableRecord
100
AcDbRegAppTableRecord
  2
FS_BZ
 70
     0
  0
APPID
  5
23C
330
AAE
100
AcDbSymbolTableRecord
100
AcDbRegAppTableRecord
  2
FS_JSSX
 70
     0
  0
APPID
  5
257
330
AAE
100
AcDbSymbolTableRecord
100
AcDbRegAppTableRecord
  2
FS_DLZX
 70
     0
  0
APPID
  5
258
330
AAE
100
AcDbSymbolTableRecord
100
AcDbRegAppTableRecord
  2
~$FS_CROSS
 70
     0
  0
APPID
  5
259
330
AAE
100
AcDbSymbolTableRecord
100
AcDbRegAppTableRecord
  2
~$FS_DLHX
 70
     0
  0
APPID
  5
25A
330
AAE
100
AcDbSymbolTableRecord
100
AcDbRegAppTableRecord
  2
~$FD_LRWD
 70
     0
  0
APPID
  5
25B
330
AAE
100
AcDbSymbolTableRecord
100
AcDbRegAppTableRecord
  2
~$FD_RRWD
 70
     0
  0
APPID
  5
25C
330
AAE
100
AcDbSymbolTableRecord
100
AcDbRegAppTableRecord
  2
~$FD_MODE
 70
     0
  0
APPID
  5
25D
330
AAE
100
AcDbSymbolTableRecord
100
AcDbRegAppTableRecord
  2
FS_ENTCODE
 70
     0
  0
APPID
  5
23D
330
AAE
100
AcDbSymbolTableRecord
100
AcDbRegAppTableRecord
  2
FAPP_DLHX_KG
 70
     0
  0
APPID
  5
254
330
AAE
100
AcDbSymbolTableRecord
100
AcDbRegAppTableRecord
  2
FS_SFSGJZYD
 70
     0
  0
APPID
  5
255
330
AAE
100
AcDbSymbolTableRecord
100
AcDbRegAppTableRecord
  2
FS_SFSLD
 70
     0
  0
APPID
  5
245
330
AAE
100
AcDbSymbolTableRecord
100
AcDbRegAppTableRecord
  2
DICAD_PRO_LHB_YJ_NEW
 70
     0
  0
APPID
  5
57
330
AAE
100
AcDbSymbolTableRecord
100
AcDbRegAppTableRecord
  2
AcDbBlockRepETag
 70
     0
  0
APPID
  5
A1
330
AAE
100
AcDbSymbolTableRecord
100
AcDbRegAppTableRecord
  2
_TCH
 70
     0
  0
APPID
  5
5C
330
AAE
100
AcDbSymbolTableRecord
100
AcDbRegAppTableRecord
  2
GradientColor1ACI
 70
     0
  0
APPID
  5
5D
330
AAE
100
AcDbSymbolTableRecord
100
AcDbRegAppTableRecord
  2
GradientColor2ACI
 70
     0
  0
APPID
  5
61
330
AAE
100
AcDbSymbolTableRecord
100
AcDbRegAppTableRecord
  2
AcDbDynamicBlockGUID
 70
     0
  0
APPID
  5
27
330
AAE
100
AcDbSymbolTableRecord
100
AcDbRegAppTableRecord
  2
_LayerManage
 70
     0
  0
APPID
  5
60
330
AAE
100
AcDbSymbolTableRecord
100
AcDbRegAppTableRecord
  2
AcDbDynamicBlockTrueName
 70
     0
  0
APPID
  5
73
330
AAE
100
AcDbSymbolTableRecord
100
AcDbRegAppTableRecord
  2
AcDbBlockRepBTag
 70
     0
  0
APPID
  5
16A
330
AAE
100
AcDbSymbolTableRecord
100
AcDbRegAppTableRecord
  2
GXDATA
 70
     0
  0
APPID
  5
179
330
AAE
100
AcDbSymbolTableRecord
100
AcDbRegAppTableRecord
  2
代码
 70
     0
  0
APPID
  5
16F
330
AAE
100
AcDbSymbolTableRecord
100
AcDbRegAppTableRecord
  2
备注
 70
     0
  0
APPID
  5
173
330
AAE
100
AcDbSymbolTableRecord
100
AcDbRegAppTableRecord
  2
权属单位
 70
     0
  0
APPID
  5
174
330
AAE
100
AcDbSymbolTableRecord
100
AcDbRegAppTableRecord
  2
探测单位
 70
     0
  0
APPID
  5
175
330
AAE
100
AcDbSymbolTableRecord
100
AcDbRegAppTableRecord
  2
探测日期
 70
     0
  0
APPID
  5
176
330
AAE
100
AcDbSymbolTableRecord
100
AcDbRegAppTableRecord
  2
建设年代
 70
     0
  0
APPID
  5
178
330
AAE
100
AcDbSymbolTableRecord
100
AcDbRegAppTableRecord
  2
标识码
 70
     0
  0
APPID
  5
183
330
AAE
100
AcDbSymbolTableRecord
100
AcDbRegAppTableRecord
  2
所在道路
 70
     0
  0
APPID
  5
184
330
AAE
100
AcDbSymbolTableRecord
100
AcDbRegAppTableRecord
  2
管类
 70
     0
  0
APPID
  5
182
330
AAE
100
AcDbSymbolTableRecord
100
AcDbRegAppTableRecord
  2
行政区
 70
     0
  0
APPID
  5
16B
330
AAE
100
AcDbSymbolTableRecord
100
AcDbRegAppTableRecord
  2
物探点号
 70
     0
  0
APPID
  5
16C
330
AAE
100
AcDbSymbolTableRecord
100
AcDbRegAppTableRecord
  2
特征点
 70
     0
  0
APPID
  5
16D
330
AAE
100
AcDbSymbolTableRecord
100
AcDbRegAppTableRecord
  2
附属物
 70
     0
  0
APPID
  5
16E
330
AAE
100
AcDbSymbolTableRecord
100
AcDbRegAppTableRecord
  2
井深
 70
     0
  0
APPID
  5
177
330
AAE
100
AcDbSymbolTableRecord
100
AcDbRegAppTableRecord
  2
旋转角
 70
     0
  0
APPID
  5
17A
330
AAE
100
AcDbSymbolTableRecord
100
AcDbRegAppTableRecord
  2
X坐标
 70
     0
  0
APPID
  5
17B
330
AAE
100
AcDbSymbolTableRecord
100
AcDbRegAppTableRecord
  2
Y坐标
 70
     0
  0
APPID
  5
17C
330
AAE
100
AcDbSymbolTableRecord
100
AcDbRegAppTableRecord
  2
地面高程
 70
     0
  0
APPID
  5
17D
330
AAE
100
AcDbSymbolTableRecord
100
AcDbRegAppTableRecord
  2
图上点号
 70
     0
  0
APPID
  5
17E
330
AAE
100
AcDbSymbolTableRecord
100
AcDbRegAppTableRecord
  2
图幅号
 70
     0
  0
APPID
  5
17F
330
AAE
100
AcDbSymbolTableRecord
100
AcDbRegAppTableRecord
  2
井底高程
 70
     0
  0
APPID
  5
180
330
AAE
100
AcDbSymbolTableRecord
100
AcDbRegAppTableRecord
  2
泥深
 70
     0
  0
APPID
  5
181
330
AAE
100
AcDbSymbolTableRecord
100
AcDbRegAppTableRecord
  2
偏心井
 70
     0
  0
APPID
  5
185
330
AAE
100
AcDbSymbolTableRecord
100
AcDbRegAppTableRecord
  2
水深
 70
     0
  0
APPID
  5
186
330
AAE
100
AcDbSymbolTableRecord
100
AcDbRegAppTableRecord
  2
PointID
 70
     0
  0
APPID
  5
171
330
AAE
100
AcDbSymbolTableRecord
100
AcDbRegAppTableRecord
  2
立管管径
 70
     0
  0
APPID
  5
172
330
AAE
100
AcDbSymbolTableRecord
100
AcDbRegAppTableRecord
  2
立管材质
 70
     0
  0
APPID
  5
170
330
AAE
100
AcDbSymbolTableRecord
100
AcDbRegAppTableRecord
  2
立管高度
 70
     0
  0
APPID
  5
187
330
AAE
100
AcDbSymbolTableRecord
100
AcDbRegAppTableRecord
  2
物探点号坐标
 70
     0
  0
APPID
  5
19D
330
AAE
100
AcDbSymbolTableRecord
100
AcDbRegAppTableRecord
  2
TG-WELL-RADIUS
 70
     0
  0
APPID
  5
19E
330
AAE
100
AcDbSymbolTableRecord
100
AcDbRegAppTableRecord
  2
TG-WELL-GroundEle
 70
     0
  0
APPID
  5
2D7
330
AAE
100
AcDbSymbolTableRecord
100
AcDbRegAppTableRecord
  2
TG-LAYER
 70
     0
  0
APPID
  5
41D
330
AAE
100
AcDbSymbolTableRecord
100
AcDbRegAppTableRecord
  2
PIPE-SERIAL
 70
     0
  0
APPID
  5
B01
330
AAE
100
AcDbSymbolTableRecord
100
AcDbRegAppTableRecord
  2
AcadStringInfo
 70
     0
  0
APPID
  5
B1D
330
AAE
100
AcDbSymbolTableRecord
100
AcDbRegAppTableRecord
  2
WTHICK
 70
     0
  0
ENDTAB
  0
TABLE
  2
DIMSTYLE
  5
AAF
330
0
100
AcDbSymbolTable
 70
     4
100
AcDbDimStyleTable
 71
     4
340
A9B
340
AB0
340
AB1
340
AB4
  0
DIMSTYLE
105
AB0
330
AAF
100
AcDbSymbolTableRecord
100
AcDbDimStyleTableRecord
  2
ISO-25
 70
     0
 41
2.5
 42
0.625
 43
3.75
 44
1.25
 73
     0
 74
     0
 77
     1
 78
     8
140
2.5
141
2.5
143
0.03937007874016
147
0.625
171
     3
172
     1
271
     2
272
     2
274
     3
278
    44
283
     0
284
     8
340
263
  0
DIMSTYLE
105
AB4
330
AAF
100
AcDbSymbolTableRecord
100
AcDbDimStyleTableRecord
  2
Annotative
 70
     0
 41
2.5
 42
0.625
 43
3.75
 44
1.25
 73
     0
 74
     0
 77
     1
 78
     8
140
2.5
141
2.5
143
0.03937007874016
147
0.625
171
     3
172
     1
271
     2
272
     2
274
     3
278
    44
283
     0
284
     8
340
263
1001
ACAD_DSTYLE_DIMBREAK
1070
   391
1040
3.75
1001
AcadAnnotative
1000
AnnotativeData
1002
{
1070
     1
1070
     1
1002
}
1001
ACAD_DSTYLE_DIMJAG
1070
   388
1040
1.5
1001
ACAD_DSTYLE_DIMTALN
1070
   392
1070
     0
  0
DIMSTYLE
105
AB1
330
AAF
100
AcDbSymbolTableRecord
100
AcDbDimStyleTableRecord
  2
_TCH_ARCH
 70
     0
  3
m
 41
1.0
 42
3.0
 43
0.0
 44
2.5
 73
     0
 74
     0
 77
     1
 79
     2
140
3.5
147
1.0
172
     1
174
     1
178
     7
179
     2
271
     1
272
     1
279
     2
340
EB
342
A91
1001
ACAD_DSTYLE_DIMJAG
1070
   388
1040
1.5
1001
ACAD_DSTYLE_DIMTALN
1070
   392
1070
     0
  0
DIMSTYLE
105
A9B
102
{ACAD_REACTORS
330
A85
102
}
330
AAF
100
AcDbSymbolTableRecord
100
AcDbDimStyleTableRecord
  2
_TWT_ARCH&&1
 70
     0
 41
1.0
 42
3.0
 43
0.0
 44
2.5
 73
     0
 74
     0
 77
     1
 79
     2
140
2.975
147
1.2625
172
     1
174
     1
178
     7
179
     2
271
     0
272
     0
279
     2
340
A8E
342
A91
  0
ENDTAB
  0
TABLE
  2
BLOCK_RECORD
  5
1
330
0
100
AcDbSymbolTable
 70
    24
  0
BLOCK_RECORD
  5
2
102
{ACAD_XDICTIONARY
360
3
102
}
330
1
100
AcDbSymbolTableRecord
100
AcDbBlockTableRecord
  2
*Model_Space
340
50A
 70
     0
280
     1
281
     0
  0
BLOCK_RECORD
  5
50F
102
{ACAD_XDICTIONARY
360
510
102
}
330
1
100
AcDbSymbolTableRecord
100
AcDbBlockTableRecord
  2
*Paper_Space
340
A9D
 70
     0
280
     1
281
     0
  0
BLOCK_RECORD
  5
A91
330
1
100
AcDbSymbolTableRecord
100
AcDbBlockTableRecord
  2
_ArchTick
340
0
102
{BLKREFS
331
A90
331
A95
102
}
 70
     0
280
     1
281
     0
  0
BLOCK_RECORD
  5
4F
102
{ACAD_XDICTIONARY
360
50
102
}
330
1
100
AcDbSymbolTableRecord
100
AcDbBlockTableRecord
  2
A$C6CFD7A93
340
0
 70
     0
280
     1
281
     0
1001
AcDbBlockRepETag
1070
     1
1071
        7
1001
AcDbDynamicBlockTrueName
1000
A$C6CFD7A93
1001
AcDbDynamicBlockGUID
1000
{452A9F1B-1E4F-4705-84F7-32B446A87E15}
  0
BLOCK_RECORD
  5
DE
330
1
100
AcDbSymbolTableRecord
100
AcDbBlockTableRecord
  2
111111
340
0
310
2800000020000000200000000100080000000000000400000000000000000000000000000000000000000000000080000080000000808000800000008000800080800000C0C0C000C0DCC000F0CAA6000020400000206000002080000020A0000020C0000020E00000400000004020000040400000406000004080000040A0
310
000040C0000040E00000600000006020000060400000606000006080000060A0000060C0000060E00000800000008020000080400000806000008080000080A0000080C0000080E00000A0000000A0200000A0400000A0600000A0800000A0A00000A0C00000A0E00000C0000000C0200000C0400000C0600000C0800000C0
310
A00000C0C00000C0E00000E0000000E0200000E0400000E0600000E0800000E0A00000E0C00000E0E00040000000400020004000400040006000400080004000A0004000C0004000E00040200000402020004020400040206000402080004020A0004020C0004020E000404000004040200040404000404060004040800040
310
40A0004040C0004040E00040600000406020004060400040606000406080004060A0004060C0004060E00040800000408020004080400040806000408080004080A0004080C0004080E00040A0000040A0200040A0400040A0600040A0800040A0A00040A0C00040A0E00040C0000040C0200040C0400040C0600040C08000
310
40C0A00040C0C00040C0E00040E0000040E0200040E0400040E0600040E0800040E0A00040E0C00040E0E00080000000800020008000400080006000800080008000A0008000C0008000E00080200000802020008020400080206000802080008020A0008020C0008020E00080400000804020008040400080406000804080
310
008040A0008040C0008040E00080600000806020008060400080606000806080008060A0008060C0008060E00080800000808020008080400080806000808080008080A0008080C0008080E00080A0000080A0200080A0400080A0600080A0800080A0A00080A0C00080A0E00080C0000080C0200080C0400080C0600080C0
310
800080C0A00080C0C00080C0E00080E0000080E0200080E0400080E0600080E0800080E0A00080E0C00080E0E000C0000000C0002000C0004000C0006000C0008000C000A000C000C000C000E000C0200000C0202000C0204000C0206000C0208000C020A000C020C000C020E000C0400000C0402000C0404000C0406000C0
310
408000C040A000C040C000C040E000C0600000C0602000C0604000C0606000C0608000C060A000C060C000C060E000C0800000C0802000C0804000C0806000C0808000C080A000C080C000C080E000C0A00000C0A02000C0A04000C0A06000C0A08000C0A0A000C0A0C000C0A0E000C0C00000C0C02000C0C04000C0C06000
310
C0C08000C0C0A000F0FBFF00A4A0A000808080000000FF0000FF000000FFFF00FF000000FF00FF00FFFF0000FFFFFF0000000000000000000000000000000000000000000000000000000000000000000000000000000000000000000000000000000000000000000000000000000000000000000000000000000000000000
310
00000000000000000000000000000000000000000000000000000000000000000000000000000000000000000000000000000000000000000000000000000000000000000000000000000000000000000000000000000000000000000000000000000000000000000000000000000000000000000000000000000000000000
310
00FA000000000000000000000000000000000000000000000000000000000000FAFAFA0000000000000000000000000000000000000000000000000000000000FAFAFAFA000000000000000000000000000000000000000000000000000000FAFAFAFAFA0000000000000000000000000000000000000000000000000000FA
310
FAFAFAFAFAFA000000000000000000000000000000000000000000000000FAFAFAFAFAFAFAFAFA0000000000000000000000000000000000000000000000FAFAFAFAFAFAFAFAFAFA000000000000000000000000000000000000000000FAFAFAFAFAFAFAFAFAFAFAFA00000000000000000000000000000000000000FAFAFA
310
FAFAFAFAFAFAFAFAFAFA000000000000000000000000000000000000FAFAFAFAFAFAFAFAFAFAFAFAFAFAFA0000000000000000000000000000000000FAFAFAFAFAFAFAFAFAFAFAFAFAFAFAFA000000000000000000000000000000FAFAFAFAFAFAFAFAFAFAFAFAFAFAFAFAFAFA00000000000000000000000000FAFAFAFAFA
310
FAFAFAFAFAFAFAFAFAFAFAFAFAFA000000000000000000000000FAFAFAFAFAFAFAFAFAFAFAFAFAFAFAFAFAFAFAFAFA0000000000000000000000FAFAFAFAFAFAFAFAFAFAFAFAFAFAFAFAFAFAFAFAFAFA000000000000000000FAFAFAFAFAFAFAFAFAFAFAFAFAFAFAFAFAFAFAFAFAFAFAFA00000000000000FAFAFAFAFAFAFA
310
FAFAFAFAFAFAFAFAFAFAFAFAFAFAFAFAFAFAFA0000000000FAFAFAFAFAFAFAFAFAFAFAFAFAFAFAFAFAFAFAFAFAFAFAFAFAFAFA0000000000FAFAFAFAFAFAFAFAFAFAFAFAFAFAFAFAFAFAFAFAFAFAFAFAFAFAFAFA000000FAFAFAFAFAFAFAFAFAFAFAFAFAFAFAFAFAFAFAFAFAFAFAFAFAFAFAFAFAFA00000000000000000000
310
00000000000000000000000000000000000000000000000000000000000000000000000000000000000000000000000000000000000000000000000000000000000000000000000000000000000000000000000000000000000000000000000000000000000000000000000000000000000000000000000000000000000000
310
0000000000000000000000000000000000000000000000000000000000000000000000000000000000000000000000000000000000000000
102
{BLKREFS
331
DC
331
130
331
2CE
102
}
 70
     0
280
     1
281
     0
  0
BLOCK_RECORD
  5
68
102
{ACAD_XDICTIONARY
360
69
102
}
330
1
100
AcDbSymbolTableRecord
100
AcDbBlockTableRecord
  2
*U3
340
0
102
{BLKREFS
331
4B
102
}
 70
     0
280
     1
281
     0
1001
AcDbBlockRepBTag
1070
     1
1005
4F
  0
BLOCK_RECORD
  5
106
102
{ACAD_XDICTIONARY
360
107
102
}
330
1
100
AcDbSymbolTableRecord
100
AcDbBlockTableRecord
  2
frewrtret
340
0
310
28000000200000002000000001002000000000000010000001000000010000000000000000000000000000FF000000FF000000FF000000FF000000FF000000FF000000FF000000FF000000FF000000FF000000FF000000FF000000FF000000FF000000FF000000FF000000FF000000FF000000FF000000FF000000FF000000
310
FF000000FF000000FF000000FF000000FF000000FF000000FF000000FF000000FF000000FF000000FF000000FF000000FF000000FF000000FF000000FF000000FF000000FF000000FF000000FF000000FF000000FF000000FF000000FF000000FF000000FF000000FF000000FF000000FF000000FF000000FF000000FF0000
310
00FF000000FF000000FF000000FF000000FF000000FF000000FF000000FF000000FF000000FF000000FF000000FF000000FF000000FF000000FF000000FF000000FF000000FF000000FF000000FF000000FF000000FF000000FF000000FF000000FF000000FF000000FF000000FF000000FF000000FF000000FF000000FF00
310
0000FF000000FF000000FF000000FF000000FF000000FF000000FF000000FF000000FF000000FF000000FF000000FF000000FF000000FF000000FF000000FF000000FF000000FF000000FF000000FF000000FF000000FF000000FF000000FF000000FF000000FF000000FF000000FF000000FF000000FF000000FF000000FF
310
000000FF000000FF000000FF000000FF000000FF000000FF000000FF000000FF000000FF000000FF000000FF000000FF000000FF000000FF000000FF000000FF000000FF000000FF000000FF000000FF000000FF000000FF000000FF000000FF000000FF000000FF000000FF000000FF000000FF000000FF000000FF000000
310
FF000000FF000000FF000000FF000000FF000000FF000000FF000000FF000000FF000000FF000000FF000000FF000000FF000000FF000000FF000000FF000000FF000000FF000000FF000000FF000000FF000000FF000000FF000000FF000000FF000000FF000000FF000000FF000000FF000000FF000000FF000000FF0000
310
00FF000000FF000000FF000000FF000000FF000000FF000000FF000000FF000000FF000000FF000000FF000000FF000000FF000000FF000000FF000000FF000000FF000000FF000000FF000000FF000000FF000000FF000000FF000000FF000000FF000000FF000000FF000000FF000000FF000000FF000000FF000000FF00
310
0000FF000000FF000000FF000000FF000000FF000000FF000000FF000000FF000000FF000000FF000000FF000000FF000000FF000000FF000000FF000000FF000000FF000000FF000000FF000000FF000000FF000000FF000000FF000000FF000000FF000000FF000000FF000000FF000000FF000000FF000000FF000000FF
310
000000FF000000FF000000FF000000FF000000FF000000FF000000FF000000FF000000FF000000FF000000FF000000FF000000FF000000FF000000FF000000FF000000FF000000FF000000FF000000FF000000FF000000FF000000FF000000FF000000FF000000FF000000FF000000FF000000FF000000FF000000FF000000
310
FF000000FF000000FF000000FF000000FF000000FF000000FF000000FF000000FF000000FF000000FF000000FF000000FF000000FF7FCC66FF7FCC66FF7FCC66FF7FCC66FF7FCC66FF7FCC66FF7FCC66FF7FCC66FF7FCC66FF7FCC66FF7FCC66FF7FCC66FF7FCC66FF7FCC66FF7FCC66FF7FCC66FF7FCC66FF7FCC66FF7FCC
310
66FF7FCC66FF7FCC66FF7FCC66FF7FCC66FF7FCC66FF7FCC66FF7FCC66FF7FCC66FF7FCC66FF7FCC66FF7FCC66FF000000FF000000FF7FCC66FF000000FF7FCC66FF7FCC66FF000000FF000000FF000000FF000000FF000000FF000000FF000000FF000000FF000000FF000000FF000000FF000000FF000000FF000000FF00
310
0000FF000000FF000000FF000000FF000000FF000000FF000000FF000000FF000000FF000000FF000000FF7FCC66FF000000FF000000FF7FCC66FF000000FF000000FF000000FF7FCC66FF7FCC66FF000000FF000000FF000000FF000000FF000000FF000000FF000000FF000000FF000000FF000000FF000000FF000000FF
310
000000FF000000FF000000FF000000FF000000FF000000FF000000FF000000FF000000FF000000FF000000FF7FCC66FF000000FF000000FF7FCC66FF000000FF000000FF000000FF000000FF000000FF7FCC66FF7FCC66FF000000FF000000FF000000FF000000FF000000FF000000FF000000FF000000FF000000FF000000
310
FF000000FF000000FF000000FF000000FF000000FF000000FF000000FF000000FF000000FF000000FF000000FF7FCC66FF000000FF000000FF7FCC66FF000000FF000000FF000000FF000000FF000000FF000000FF000000FF7FCC66FF7FCC66FF7FCC66FF000000FF000000FF000000FF000000FF000000FF000000FF0000
310
00FF000000FF000000FF000000FF000000FF000000FF000000FF000000FF000000FF000000FF000000FF000000FF7FCC66FF000000FF000000FF7FCC66FF000000FF000000FF000000FF000000FF000000FF000000FF000000FF000000FF000000FF000000FF7FCC66FF7FCC66FF000000FF000000FF000000FF000000FF00
310
0000FF000000FF000000FF000000FF000000FF000000FF000000FF000000FF000000FF000000FF000000FF000000FF7FCC66FF000000FF000000FF7FCC66FF000000FF000000FF000000FF000000FF000000FF000000FF000000FF000000FF000000FF000000FF000000FF000000FF7FCC66FF7FCC66FF000000FF000000FF
310
000000FF000000FF000000FF000000FF000000FF000000FF000000FF000000FF000000FF000000FF000000FF000000FF7FCC66FF000000FF000000FF7FCC66FF000000FF000000FF000000FF000000FF000000FF000000FF000000FF000000FF000000FF000000FF000000FF000000FF000000FF000000FF7FCC66FF7FCC66
310
FF000000FF000000FF000000FF000000FF000000FF000000FF000000FF000000FF000000FF000000FF000000FF000000FF7FCC66FF000000FF000000FF7FCC66FF000000FF000000FF000000FF000000FF000000FF000000FF000000FF000000FF000000FF000000FF000000FF000000FF000000FF000000FF000000FF0000
310
00FF7FCC66FF7FCC66FF000000FF000000FF000000FF000000FF000000FF000000FF000000FF000000FF000000FF000000FF7FCC66FF000000FF000000FF7FCC66FF000000FF000000FF000000FF000000FF000000FF000000FF000000FF000000FF000000FF000000FF000000FF000000FF000000FF000000FF000000FF00
310
0000FF000000FF000000FF7FCC66FF7FCC66FF7FCC66FF000000FF000000FF000000FF000000FF000000FF000000FF000000FF7FCC66FF000000FF000000FF7FCC66FF000000FF000000FF000000FF000000FF000000FF000000FF000000FF000000FF000000FF000000FF000000FF000000FF000000FF000000FF000000FF
310
000000FF000000FF000000FF000000FF000000FF000000FF7FCC66FF7FCC66FF000000FF000000FF000000FF000000FF000000FF7FCC66FF000000FF000000FF7FCC66FF000000FF000000FF000000FF000000FF000000FF000000FF000000FF000000FF000000FF000000FF000000FF000000FF000000FF000000FF000000
310
FF000000FF000000FF000000FF000000FF000000FF000000FF000000FF000000FF7FCC66FF7FCC66FF000000FF000000FF000000FF7FCC66FF000000FF000000FF7FCC66FF000000FF000000FF000000FF000000FF000000FF000000FF000000FF000000FF000000FF000000FF000000FF000000FF000000FF000000FF0000
310
00FF000000FF000000FF000000FF000000FF000000FF000000FF000000FF000000FF000000FF000000FF7FCC66FF7FCC66FF000000FF7FCC66FF000000FF000000FF7FCC66FF7FCC66FF7FCC66FF7FCC66FF7FCC66FF7FCC66FF7FCC66FF7FCC66FF7FCC66FF7FCC66FF7FCC66FF7FCC66FF7FCC66FF7FCC66FF7FCC66FF7F
310
CC66FF7FCC66FF7FCC66FF7FCC66FF7FCC66FF7FCC66FF7FCC66FF7FCC66FF7FCC66FF7FCC66FF7FCC66FF7FCC66FF7FCC66FF7FCC66FF7FCC66FF000000FF000000FF000000FF000000FF000000FF000000FF000000FF000000FF000000FF000000FF000000FF000000FF000000FF000000FF000000FF000000FF000000FF
310
000000FF000000FF000000FF000000FF000000FF000000FF000000FF000000FF000000FF000000FF000000FF000000FF000000FF000000FF000000FF000000FF000000FF000000FF000000FF000000FF000000FF000000FF000000FF000000FF000000FF000000FF000000FF000000FF000000FF000000FF000000FF000000
310
FF000000FF000000FF000000FF000000FF000000FF000000FF000000FF000000FF000000FF000000FF000000FF000000FF000000FF000000FF000000FF000000FF000000FF000000FF000000FF000000FF000000FF000000FF000000FF000000FF000000FF000000FF000000FF000000FF000000FF000000FF000000FF0000
310
00FF000000FF000000FF000000FF000000FF000000FF000000FF000000FF000000FF000000FF000000FF000000FF000000FF000000FF000000FF000000FF000000FF000000FF000000FF000000FF000000FF000000FF000000FF000000FF000000FF000000FF000000FF000000FF000000FF000000FF000000FF000000FF00
310
0000FF000000FF000000FF000000FF000000FF000000FF000000FF000000FF000000FF000000FF000000FF000000FF000000FF000000FF000000FF000000FF000000FF000000FF000000FF000000FF000000FF000000FF000000FF000000FF000000FF000000FF000000FF000000FF000000FF000000FF000000FF000000FF
310
000000FF000000FF000000FF000000FF000000FF000000FF000000FF000000FF000000FF000000FF000000FF000000FF000000FF000000FF000000FF000000FF000000FF000000FF000000FF000000FF000000FF000000FF000000FF000000FF000000FF000000FF000000FF000000FF000000FF000000FF000000FF000000
310
FF000000FF000000FF000000FF000000FF000000FF000000FF000000FF000000FF000000FF000000FF000000FF000000FF000000FF000000FF000000FF000000FF000000FF000000FF000000FF000000FF000000FF000000FF000000FF000000FF000000FF000000FF000000FF000000FF000000FF000000FF000000FF0000
310
00FF000000FF000000FF000000FF000000FF000000FF000000FF000000FF000000FF000000FF000000FF000000FF000000FF000000FF000000FF000000FF000000FF000000FF000000FF000000FF000000FF000000FF000000FF000000FF000000FF000000FF000000FF000000FF000000FF000000FF000000FF000000FF00
310
0000FF000000FF000000FF000000FF000000FF000000FF000000FF000000FF000000FF000000FF000000FF000000FF000000FF000000FF000000FF000000FF000000FF000000FF000000FF000000FF000000FF000000FF000000FF000000FF000000FF000000FF000000FF000000FF000000FF000000FF000000FF000000FF
310
000000FF000000FF000000FF000000FF000000FF000000FF000000FF000000FF000000FF000000FF000000FF000000FF000000FF000000FF000000FF000000FF000000FF000000FF
102
{BLKREFS
331
103
102
}
 70
     0
280
     1
281
     0
  0
BLOCK_RECORD
  5
FC
102
{ACAD_XDICTIONARY
360
FD
102
}
330
1
100
AcDbSymbolTableRecord
100
AcDbBlockTableRecord
  2
A$C5D0344E3
340
0
102
{BLKREFS
331
FA
102
}
 70
     4
280
     1
281
     0
  0
BLOCK_RECORD
  5
275
102
{ACAD_XDICTIONARY
360
276
102
}
330
1
100
AcDbSymbolTableRecord
100
AcDbBlockTableRecord
  2
JHRTYJF
340
0
310
2800000020000000200000000100080000000000000400000000000000000000000000000000000000000000000080000080000000808000800000008000800080800000C0C0C000C0DCC000F0CAA6000020400000206000002080000020A0000020C0000020E00000400000004020000040400000406000004080000040A0
310
000040C0000040E00000600000006020000060400000606000006080000060A0000060C0000060E00000800000008020000080400000806000008080000080A0000080C0000080E00000A0000000A0200000A0400000A0600000A0800000A0A00000A0C00000A0E00000C0000000C0200000C0400000C0600000C0800000C0
310
A00000C0C00000C0E00000E0000000E0200000E0400000E0600000E0800000E0A00000E0C00000E0E00040000000400020004000400040006000400080004000A0004000C0004000E00040200000402020004020400040206000402080004020A0004020C0004020E000404000004040200040404000404060004040800040
310
40A0004040C0004040E00040600000406020004060400040606000406080004060A0004060C0004060E00040800000408020004080400040806000408080004080A0004080C0004080E00040A0000040A0200040A0400040A0600040A0800040A0A00040A0C00040A0E00040C0000040C0200040C0400040C0600040C08000
310
40C0A00040C0C00040C0E00040E0000040E0200040E0400040E0600040E0800040E0A00040E0C00040E0E00080000000800020008000400080006000800080008000A0008000C0008000E00080200000802020008020400080206000802080008020A0008020C0008020E00080400000804020008040400080406000804080
310
008040A0008040C0008040E00080600000806020008060400080606000806080008060A0008060C0008060E00080800000808020008080400080806000808080008080A0008080C0008080E00080A0000080A0200080A0400080A0600080A0800080A0A00080A0C00080A0E00080C0000080C0200080C0400080C0600080C0
310
800080C0A00080C0C00080C0E00080E0000080E0200080E0400080E0600080E0800080E0A00080E0C00080E0E000C0000000C0002000C0004000C0006000C0008000C000A000C000C000C000E000C0200000C0202000C0204000C0206000C0208000C020A000C020C000C020E000C0400000C0402000C0404000C0406000C0
310
408000C040A000C040C000C040E000C0600000C0602000C0604000C0606000C0608000C060A000C060C000C060E000C0800000C0802000C0804000C0806000C0808000C080A000C080C000C080E000C0A00000C0A02000C0A04000C0A06000C0A08000C0A0A000C0A0C000C0A0E000C0C00000C0C02000C0C04000C0C06000
310
C0C08000C0C0A000F0FBFF00A4A0A000808080000000FF0000FF000000FFFF00FF000000FF00FF00FFFF0000FFFFFF0000000000000000000000000000000000000000000000000000000000000000000000000000000000000000000000000000000000000000000000000000000000000000000000000000000000000000
310
00000000000000000000000000000000000000000000000000000000000000000000000000000000000000000000000000000000000000000000000000000000000000000000000000000000000000000000000000000000000000000000000000000000000000000000000000000000000000000000000000000000000000
310
00000000000000000000000000000000000000000000000000000000000000000000000000000000000000000000000000000000000000000000000000000000000000000000000000000000000000000000000000000000000000000000000000000000000000000000000000000000000000A4A4A4A4A4A4A4A4A4A4A4A4
310
A4A4A4A4A4A4A4A4A4A4A4A4A4A4A4A4A4000000A4000000000000000000000000000000000000000000000000A4A400A4000000A4000000000000000000000000000000000000000000A4A4A4000000A4000000A400000000000000000000000000000000000000A4A4000000000000A4000000A400000000000000000000
310
000000000000A4A4A40000000000000000A4000000A40000000000000000000000000000A4A40000000000000000000000A400000000A40000000000000000000000A4A40000000000000000000000000000A4000000A40000000000000000A4A4A400000000000000000000000000000000A4000000A4000000000000A4A4
310
00000000000000000000000000000000000000A4000000A4000000A4A4A4000000000000000000000000000000000000000000A4000000A400A4A4000000000000000000000000000000000000000000000000A4000000A4A4A4A4A4A4A4A4A4A4A4A4A4A4A4A4A4A4A4A4A4A4A4A4A4A4A4A4A40000000000000000000000
310
00000000000000000000000000000000000000000000000000000000000000000000000000000000000000000000000000000000000000000000000000000000000000000000000000000000000000000000000000000000000000000000000000000000000000000000000000000000000000000000000000000000000000
310
00000000000000000000000000000000000000000000000000000000000000000000000000000000000000000000000000000000000000000000000000000000000000000000000000000000000000000000000000000000000000000000000000000000000000000000000000000000000000000000000000000000000000
310
0000000000000000000000000000000000000000000000000000000000000000000000000000000000000000000000000000000000000000
102
{BLKREFS
331
2E0
331
2E1
331
2E2
331
2E3
331
2E4
331
2E5
331
313
331
314
331
315
331
357
331
274
331
27C
331
27D
331
27E
331
27F
331
280
331
281
331
282
331
283
331
284
331
285
331
286
331
287
331
288
331
289
331
28A
331
28B
331
28C
331
28D
331
28E
331
28F
331
290
331
291
331
292
331
293
331
294
331
295
331
296
331
2B7
331
2B8
331
2B9
331
2BA
331
2BB
331
2BC
331
2BD
331
2BE
331
2BF
331
2C0
331
2C1
331
2C2
331
2C3
331
2C4
331
2C5
331
2C6
331
2DE
331
2DF
331
358
331
359
331
35A
331
35B
331
35C
331
35D
331
35E
331
35F
331
360
331
361
331
362
331
363
331
364
331
365
331
366
331
367
331
368
331
369
331
36A
331
36B
331
36C
331
36D
331
36E
331
36F
331
370
331
371
331
372
331
388
331
389
331
38A
331
38B
331
38C
331
38D
331
38E
331
38F
331
390
331
391
331
392
331
393
331
394
331
395
331
396
331
397
331
3A9
331
3AA
331
3AB
331
3AC
331
3AD
331
3AE
331
3AF
331
3B0
331
3C4
331
3C5
331
3C6
102
}
 70
     4
280
     1
281
     0
  0
BLOCK_RECORD
  5
298
330
1
100
AcDbSymbolTableRecord
100
AcDbBlockTableRecord
  2
43TGTRHFD
340
0
310
2800000020000000200000000100080000000000000400000000000000000000000000000000000000000000000080000080000000808000800000008000800080800000C0C0C000C0DCC000F0CAA6000020400000206000002080000020A0000020C0000020E00000400000004020000040400000406000004080000040A0
310
000040C0000040E00000600000006020000060400000606000006080000060A0000060C0000060E00000800000008020000080400000806000008080000080A0000080C0000080E00000A0000000A0200000A0400000A0600000A0800000A0A00000A0C00000A0E00000C0000000C0200000C0400000C0600000C0800000C0
310
A00000C0C00000C0E00000E0000000E0200000E0400000E0600000E0800000E0A00000E0C00000E0E00040000000400020004000400040006000400080004000A0004000C0004000E00040200000402020004020400040206000402080004020A0004020C0004020E000404000004040200040404000404060004040800040
310
40A0004040C0004040E00040600000406020004060400040606000406080004060A0004060C0004060E00040800000408020004080400040806000408080004080A0004080C0004080E00040A0000040A0200040A0400040A0600040A0800040A0A00040A0C00040A0E00040C0000040C0200040C0400040C0600040C08000
310
40C0A00040C0C00040C0E00040E0000040E0200040E0400040E0600040E0800040E0A00040E0C00040E0E00080000000800020008000400080006000800080008000A0008000C0008000E00080200000802020008020400080206000802080008020A0008020C0008020E00080400000804020008040400080406000804080
310
008040A0008040C0008040E00080600000806020008060400080606000806080008060A0008060C0008060E00080800000808020008080400080806000808080008080A0008080C0008080E00080A0000080A0200080A0400080A0600080A0800080A0A00080A0C00080A0E00080C0000080C0200080C0400080C0600080C0
310
800080C0A00080C0C00080C0E00080E0000080E0200080E0400080E0600080E0800080E0A00080E0C00080E0E000C0000000C0002000C0004000C0006000C0008000C000A000C000C000C000E000C0200000C0202000C0204000C0206000C0208000C020A000C020C000C020E000C0400000C0402000C0404000C0406000C0
310
408000C040A000C040C000C040E000C0600000C0602000C0604000C0606000C0608000C060A000C060C000C060E000C0800000C0802000C0804000C0806000C0808000C080A000C080C000C080E000C0A00000C0A02000C0A04000C0A06000C0A08000C0A0A000C0A0C000C0A0E000C0C00000C0C02000C0C04000C0C06000
310
C0C08000C0C0A000F0FBFF00A4A0A000808080000000FF0000FF000000FFFF00FF000000FF00FF00FFFF0000FFFFFF000000000000000000000000000000000000000000000000000000000000000000000000000000000000A4A4A4A4A4A4A4A4A4A4A4A4A4A4000000000000000000000000000000000000A40000000000
310
00000000000000A4000000000000000000000000000000000000A4A40000000000000000000000A4000000000000000000000000000000000000A4A40000000000000000000000A4000000000000000000000000000000000000A400A400000000000000000000A4000000000000000000000000000000000000A400A40000
310
0000000000000000A4000000000000000000000000000000000000A40000A4000000000000000000A4000000000000000000000000000000000000A40000A4000000000000000000A4000000000000000000000000000000000000A4000000A40000000000000000A4000000000000000000000000000000000000A4000000
310
A40000000000000000A4000000000000000000000000000000000000A4000000A40000000000000000A4000000000000000000000000000000000000A400000000A400000000000000A4000000000000000000000000000000000000A400000000A400000000000000A4000000000000000000000000000000000000A40000
310
000000A4000000000000A4000000000000000000000000000000000000A40000000000A4000000000000A4000000000000000000000000000000000000A4000000000000A40000000000A4000000000000000000000000000000000000A4000000000000A40000000000A4000000000000000000000000000000000000A400
310
000000000000A400000000A4000000000000000000000000000000000000A400000000000000A400000000A4000000000000000000000000000000000000A40000000000000000A4000000A4000000000000000000000000000000000000A40000000000000000A4000000A4000000000000000000000000000000000000A4
310
0000000000000000A4000000A4000000000000000000000000000000000000A4000000000000000000A40000A4000000000000000000000000000000000000A4000000000000000000A40000A4000000000000000000000000000000000000A400000000000000000000A400A4000000000000000000000000000000000000
310
A400000000000000000000A400A4000000000000000000000000000000000000A40000000000000000000000A4A4000000000000000000000000000000000000A40000000000000000000000A4A4000000000000000000000000000000000000A4000000000000000000000000A40000000000000000000000000000000000
310
00A4A4A4A4A4A4A4A4A4A4A4A4A4A40000000000000000000000000000000000000000000000000000000000000000000000000000000000
102
{BLKREFS
331
303
331
304
331
305
331
306
331
307
331
308
331
309
331
30A
331
30B
331
30C
331
30D
331
30E
331
30F
331
310
331
311
331
312
331
297
331
2C9
331
2CA
331
2CB
331
373
331
39A
331
39B
331
39C
331
3B4
331
3B5
331
3B6
331
3B7
331
3B8
331
3B9
331
3BA
331
3BB
331
3BC
331
3BD
331
3BE
331
3BF
331
3C0
331
3C1
331
3C2
331
3C3
102
}
 70
     4
280
     1
281
     0
  0
BLOCK_RECORD
  5
29E
330
1
100
AcDbSymbolTableRecord
100
AcDbBlockTableRecord
  2
45TGHHSAAAA
340
0
310
2800000020000000200000000100080000000000000400000000000000000000000000000000000000000000000080000080000000808000800000008000800080800000C0C0C000C0DCC000F0CAA6000020400000206000002080000020A0000020C0000020E00000400000004020000040400000406000004080000040A0
310
000040C0000040E00000600000006020000060400000606000006080000060A0000060C0000060E00000800000008020000080400000806000008080000080A0000080C0000080E00000A0000000A0200000A0400000A0600000A0800000A0A00000A0C00000A0E00000C0000000C0200000C0400000C0600000C0800000C0
310
A00000C0C00000C0E00000E0000000E0200000E0400000E0600000E0800000E0A00000E0C00000E0E00040000000400020004000400040006000400080004000A0004000C0004000E00040200000402020004020400040206000402080004020A0004020C0004020E000404000004040200040404000404060004040800040
310
40A0004040C0004040E00040600000406020004060400040606000406080004060A0004060C0004060E00040800000408020004080400040806000408080004080A0004080C0004080E00040A0000040A0200040A0400040A0600040A0800040A0A00040A0C00040A0E00040C0000040C0200040C0400040C0600040C08000
310
40C0A00040C0C00040C0E00040E0000040E0200040E0400040E0600040E0800040E0A00040E0C00040E0E00080000000800020008000400080006000800080008000A0008000C0008000E00080200000802020008020400080206000802080008020A0008020C0008020E00080400000804020008040400080406000804080
310
008040A0008040C0008040E00080600000806020008060400080606000806080008060A0008060C0008060E00080800000808020008080400080806000808080008080A0008080C0008080E00080A0000080A0200080A0400080A0600080A0800080A0A00080A0C00080A0E00080C0000080C0200080C0400080C0600080C0
310
800080C0A00080C0C00080C0E00080E0000080E0200080E0400080E0600080E0800080E0A00080E0C00080E0E000C0000000C0002000C0004000C0006000C0008000C000A000C000C000C000E000C0200000C0202000C0204000C0206000C0208000C020A000C020C000C020E000C0400000C0402000C0404000C0406000C0
310
408000C040A000C040C000C040E000C0600000C0602000C0604000C0606000C0608000C060A000C060C000C060E000C0800000C0802000C0804000C0806000C0808000C080A000C080C000C080E000C0A00000C0A02000C0A04000C0A06000C0A08000C0A0A000C0A0C000C0A0E000C0C00000C0C02000C0C04000C0C06000
310
C0C08000C0C0A000F0FBFF00A4A0A000808080000000FF0000FF000000FFFF00FF000000FF00FF00FFFF0000FFFFFF000000000000000000000000000000000000000000000000000000000000000000000000000000000000000000A4A4A4A4A4A4A4A4000000000000000000000000000000000000000000000000A40000
310
00000000A4000000000000000000000000000000000000000000000000A4000000000000A4000000000000000000000000000000000000000000000000A4A40000000000A4000000000000000000000000000000000000000000000000A4A40000000000A4000000000000000000000000000000000000000000000000A4A4
310
0000000000A4000000000000000000000000000000000000000000000000A4A40000000000A4000000000000000000000000000000000000000000000000A400A400000000A4000000000000000000000000000000000000000000000000A400A400000000A4000000000000000000000000000000000000000000000000A4
310
00A400000000A4000000000000000000000000000000000000000000000000A400A400000000A4000000000000000000000000000000000000000000000000A40000A4000000A4000000000000000000000000000000000000000000000000A40000A4000000A4000000000000000000000000000000000000000000000000
310
A40000A4000000A4000000000000000000000000000000000000000000000000A40000A4000000A4000000000000000000000000000000000000000000000000A4000000A40000A4000000000000000000000000000000000000000000000000A4000000A40000A40000000000000000000000000000000000000000000000
310
00A4000000A40000A4000000000000000000000000000000000000000000000000A4000000A40000A4000000000000000000000000000000000000000000000000A400000000A400A4000000000000000000000000000000000000000000000000A400000000A400A400000000000000000000000000000000000000000000
310
0000A400000000A400A4000000000000000000000000000000000000000000000000A400000000A400A4000000000000000000000000000000000000000000000000A40000000000A4A4000000000000000000000000000000000000000000000000A40000000000A4A4000000000000000000000000000000000000000000
310
000000A40000000000A4A4000000000000000000000000000000000000000000000000A40000000000A4A4000000000000000000000000000000000000000000000000A4000000000000A4000000000000000000000000000000000000000000000000A4000000000000A40000000000000000000000000000000000000000
310
00000000A4A4A4A4A4A4A4A40000000000000000000000000000000000000000000000000000000000000000000000000000000000000000
102
{BLKREFS
331
29D
331
2A3
331
2A4
331
2A5
331
2A6
331
2A7
331
2A8
331
2A9
331
2AA
331
2AB
331
2AC
331
2AD
331
2AE
331
2AF
331
2B0
331
2B1
331
374
331
375
331
376
331
377
331
378
331
379
331
37A
331
37B
331
37C
331
37D
331
37E
331
37F
331
380
331
381
331
382
331
383
102
}
 70
     4
280
     1
281
     0
  0
BLOCK_RECORD
  5
15F
102
{ACAD_XDICTIONARY
360
160
102
}
330
1
100
AcDbSymbolTableRecord
100
AcDbBlockTableRecord
  2
雨水井
340
0
102
{BLKREFS
331
188
331
15C
102
}
 70
     4
280
     1
281
     0
  0
BLOCK_RECORD
  5
18C
102
{ACAD_XDICTIONARY
360
18D
102
}
330
1
100
AcDbSymbolTableRecord
100
AcDbBlockTableRecord
  2
污水井
340
0
102
{BLKREFS
331
189
102
}
 70
     4
280
     1
281
     0
  0
BLOCK_RECORD
  5
197
330
1
100
AcDbSymbolTableRecord
100
AcDbBlockTableRecord
  2
$TwtSys$00000187
340
0
102
{BLKREFS
331
B47
331
B49
331
B4B
331
B4D
331
B4F
331
B51
331
B57
331
B59
331
B5B
331
B5D
331
B5F
331
B61
331
B63
331
B65
331
B6B
331
B6D
331
B6F
331
B71
331
B73
331
B75
331
B77
331
B80
331
B83
331
B87
331
B89
331
B8B
331
B8F
331
CDD
331
CEB
102
}
 70
     0
280
     1
281
     0
  0
BLOCK_RECORD
  5
85C
102
{ACAD_XDICTIONARY
360
85D
102
}
330
1
100
AcDbSymbolTableRecord
100
AcDbBlockTableRecord
  2
A$C04374023
340
0
102
{BLKREFS
331
99F
331
85B
331
A5B
331
A7F
102
}
 70
     0
280
     1
281
     0
  0
BLOCK_RECORD
  5
6D9
102
{ACAD_XDICTIONARY
360
6DA
102
}
330
1
100
AcDbSymbolTableRecord
100
AcDbBlockTableRecord
  2
A$C16E21CA3
340
0
102
{BLKREFS
331
6D8
331
A50
102
}
 70
     0
280
     1
281
     0
  0
BLOCK_RECORD
  5
749
102
{ACAD_XDICTIONARY
360
74A
102
}
330
1
100
AcDbSymbolTableRecord
100
AcDbBlockTableRecord
  2
A$C77A84E73
340
0
102
{BLKREFS
331
748
331
9A1
331
A51
331
A81
102
}
 70
     0
280
     1
281
     0
  0
BLOCK_RECORD
  5
6CB
102
{ACAD_XDICTIONARY
360
6CC
102
}
330
1
100
AcDbSymbolTableRecord
100
AcDbBlockTableRecord
  2
A$C54597E38
340
0
102
{BLKREFS
331
6CA
331
A4B
102
}
 70
     0
280
     1
281
     0
  0
BLOCK_RECORD
  5
54F
102
{ACAD_XDICTIONARY
360
550
102
}
330
1
100
AcDbSymbolTableRecord
100
AcDbBlockTableRecord
  2
A$C4C3A3BA1
340
0
102
{BLKREFS
331
54E
331
A42
102
}
 70
     0
280
     1
281
     0
  0
BLOCK_RECORD
  5
9A5
102
{ACAD_XDICTIONARY
360
9A6
102
}
330
1
100
AcDbSymbolTableRecord
100
AcDbBlockTableRecord
  2
A$C24B21F5D
340
0
102
{BLKREFS
331
9A4
331
A37
102
}
 70
     0
280
     1
281
     0
1001
AcDbDynamicBlockGUID
1000
{EBC7899F-657C-48B2-88E8-E2ECE60ABF78}
1001
AcDbBlockRepETag
1070
     1
1071
       38
  0
BLOCK_RECORD
  5
2EB
102
{ACAD_XDICTIONARY
360
2EC
102
}
330
1
100
AcDbSymbolTableRecord
100
AcDbBlockTableRecord
  2
T1-图例$0$A$C6C161DE2
340
0
102
{BLKREFS
331
2E8
331
302
331
3B2
331
3B3
102
}
 70
     0
280
     1
281
     0
  0
BLOCK_RECORD
  5
33D
102
{ACAD_XDICTIONARY
360
33E
102
}
330
1
100
AcDbSymbolTableRecord
100
AcDbBlockTableRecord
  2
A$C432F5CDB
340
0
102
{BLKREFS
331
33C
331
4DE
102
}
 70
     4
280
     1
281
     0
  0
BLOCK_RECORD
  5
3FB
102
{ACAD_XDICTIONARY
360
3FC
102
}
330
1
100
AcDbSymbolTableRecord
100
AcDbBlockTableRecord
  2
A$C6E845CED
340
0
102
{BLKREFS
331
3FA
331
402
331
403
331
404
331
405
331
406
331
407
331
408
331
40E
331
40F
331
413
331
414
331
415
331
416
331
417
331
418
331
419
331
41A
331
463
331
4CD
331
4CE
331
4CF
331
4D0
331
4D1
331
4D2
331
4D3
331
4D4
331
4D5
331
4D6
331
4D7
331
4D8
331
4D9
331
4DA
331
4DB
331
4DC
331
4DD
331
9F8
102
}
 70
     0
280
     1
281
     0
  0
BLOCK_RECORD
  5
40A
102
{ACAD_XDICTIONARY
360
40B
102
}
330
1
100
AcDbSymbolTableRecord
100
AcDbBlockTableRecord
  2
A$C7CC90291
340
0
102
{BLKREFS
331
409
331
411
331
412
102
}
 70
     4
280
     1
281
     0
  0
BLOCK_RECORD
  5
A87
330
1
100
AcDbSymbolTableRecord
100
AcDbBlockTableRecord
  2
*D22
340
0
 70
     0
280
     1
281
     0
  0
BLOCK_RECORD
  5
AED
330
1
100
AcDbSymbolTableRecord
100
AcDbBlockTableRecord
  2
_AXISO
340
0
 70
     0
280
     1
281
     0
  0
ENDTAB
  0
ENDSEC
  0
SECTION
  2
BLOCKS
  0
BLOCK
  5
5
330
2
100
AcDbEntity
  8
0
100
AcDbBlockBegin
  2
*Model_Space
 70
     0
 10
0.0
 20
0.0
 30
0.0
  3
*Model_Space
  1

  0
ENDBLK
  5
509
330
2
100
AcDbEntity
  8
0
100
AcDbBlockEnd
  0
BLOCK
  5
512
330
50F
100
AcDbEntity
 67
     1
  8
0
100
AcDbBlockBegin
  2
*Paper_Space
 70
     0
 10
0.0
 20
0.0
 30
0.0
  3
*Paper_Space
  1

  0
ENDBLK
  5
A9C
330
50F
100
AcDbEntity
 67
     1
  8
0
100
AcDbBlockEnd
  0
BLOCK
  5
A92
330
A91
100
AcDbEntity
  8
0
100
AcDbBlockBegin
  2
_ArchTick
 70
     0
 10
0.0
 20
0.0
 30
0.0
  3
_ArchTick
  1

  0
LWPOLYLINE
  5
A93
330
A91
100
AcDbEntity
  8
0
  6
ByBlock
 62
     0
100
AcDbPolyline
 90
        2
 70
     0
 43
0.4
 10
-0.5
 20
-0.5
 10
0.5
 20
0.5
  0
ENDBLK
  5
A94
330
A91
100
AcDbEntity
  8
0
100
AcDbBlockEnd
  0
BLOCK
  5
55
330
4F
100
AcDbEntity
  8
0
 48
0.3
100
AcDbBlockBegin
  2
A$C6CFD7A93
 70
     0
 10
0.0
 20
0.0
 30
0.0
  3
A$C6CFD7A93
  1

  0
LINE
  5
56
102
{ACAD_REACTORS
330
5B
102
}
330
4F
100
AcDbEntity
  8
0
  6
ByBlock
 48
0.3
100
AcDbLine
 10
1.830137102864682
 20
2.40916093060514
 30
0.0
 11
-1.830137102399021
 21
2.409160930663346
 31
0.0
1001
AcDbBlockRepETag
1070
     1
1071
        1
1005
56
  0
LINE
  5
58
102
{ACAD_REACTORS
330
5B
102
}
330
4F
100
AcDbEntity
  8
0
  6
ByBlock
 48
0.3
100
AcDbLine
 10
-1.830137102399021
 20
2.409160930663346
 30
0.0
 11
0.0
 21
0.0
 31
0.0
1001
AcDbBlockRepETag
1070
     1
1071
        2
1005
58
  0
LINE
  5
59
102
{ACAD_REACTORS
330
5B
102
}
330
4F
100
AcDbEntity
  8
0
  6
ByBlock
 48
0.3
100
AcDbLine
 10
0.0
 20
0.0
 30
0.0
 11
1.830137102864682
 21
2.40916093060514
 31
0.0
1001
AcDbBlockRepETag
1070
     1
1071
        3
1005
59
  0
LWPOLYLINE
  5
5A
102
{ACAD_REACTORS
330
5E
102
}
330
4F
100
AcDbEntity
  8
0
  6
ByBlock
 48
0.3
100
AcDbPolyline
 90
        4
 70
     1
 43
0.0
 10
-0.8333632869180291
 20
3.31638277793536
 10
0.8062207258772104
 20
3.316382777877151
 10
0.8062207258772104
 20
2.896275688428431
 10
-0.8333632866851985
 20
2.896275688486638
1001
AcDbBlockRepETag
1070
     1
1071
        4
1005
5A
  0
HATCH
  5
5B
330
4F
100
AcDbEntity
  8
0
  6
ByBlock
 48
0.3
100
AcDbHatch
 10
0.0
 20
0.0
 30
0.0
210
0.0
220
0.0
230
1.0
  2
SOLID
 70
     1
 71
     1
 91
        1
 92
        7
 72
     0
 73
     1
 93
        3
 10
1.830137102864681
 20
2.40916093060514
 10
-1.830137102399022
 20
2.409160930663346
 10
0.0000000000000001
 20
0.0000000000000002
 97
        3
330
56
330
58
330
59
 75
     1
 76
     1
 47
0.0129913744125388
 98
        1
 10
0.1567119535757229
 20
1.514550076331943
450
        0
451
        0
460
0.0
461
0.0
452
        0
462
0.0
453
        0
470

1001
GradientColor1ACI
1070
     5
1001
GradientColor2ACI
1070
     2
1001
AcDbBlockRepETag
1070
     1
1071
        5
1005
5B
1001
ACAD
1010
0.0
1020
0.0
1030
0.0
  0
HATCH
  5
5E
330
4F
100
AcDbEntity
  8
0
  6
ByBlock
 48
0.3
100
AcDbHatch
 10
0.0
 20
0.0
 30
0.0
210
0.0
220
0.0
230
1.0
  2
SOLID
 70
     1
 71
     1
 91
        1
 92
        7
 72
     0
 73
     1
 93
        4
 10
0.8062207258772103
 20
2.896275688428431
 10
0.8062207258772104
 20
3.316382777877151
 10
-0.833363286918029
 20
3.31638277793536
 10
-0.8333632866851983
 20
2.896275688486638
 97
        1
330
5A
 75
     1
 76
     1
 47
0.0129913744125388
 98
        1
 10
0.0006709407316521
 20
2.982575398404151
450
        0
451
        0
460
0.0
461
0.0
452
        0
462
0.0
453
        0
470

1001
GradientColor1ACI
1070
     5
1001
GradientColor2ACI
1070
     2
1001
AcDbBlockRepETag
1070
     1
1071
        6
1005
5E
1001
ACAD
1010
0.0
1020
0.0
1030
0.0
  0
ENDBLK
  5
5F
330
4F
100
AcDbEntity
  8
0
 48
0.3
100
AcDbBlockEnd
  0
BLOCK
  5
DF
330
DE
100
AcDbEntity
  8
0
100
AcDbBlockBegin
  2
111111
 70
     0
 10
0.0
 20
0.0
 30
0.0
  3
111111
  1

  0
HATCH
  5
E0
330
DE
100
AcDbEntity
  8
A-DIM-SYMB
100
AcDbHatch
 10
0.0
 20
0.0
 30
0.0
210
0.0
220
0.0
230
1.0
  2
SOLID
 70
     1
 71
     1
 91
        1
 92
        7
 72
     0
 73
     1
 93
        3
 10
691370.3767364134
 20
2579484.485152308
 10
691370.9326405584
 20
2579485.216934941
 10
691369.8208322685
 20
2579485.216934941
 97
        3
330
E1
330
E2
330
E3
 75
     1
 76
     1
 47
0.0129913744125388
 98
        1
 10
691370.3291351575
 20
2579484.945196893
450
        0
451
        0
460
0.0
461
0.0
452
        0
462
0.0
453
        0
470

1001
GradientColor1ACI
1070
     5
1001
GradientColor2ACI
1070
     2
1001
AcDbBlockRepETag
1070
     1
1071
        5
1005
E0
1001
ACAD
1010
0.0
1020
0.0
1030
0.0
  0
LINE
  5
E1
102
{ACAD_REACTORS
330
E0
102
}
330
DE
100
AcDbEntity
  8
A-DIM-SYMB
100
AcDbLine
 10
691369.8208322685
 20
2579485.216934941
 30
0.0
 11
691370.9326405584
 21
2579485.216934941
 31
0.0
1001
AcDbBlockRepETag
1070
     1
1071
        1
1005
E1
  0
LINE
  5
E2
102
{ACAD_REACTORS
330
E0
102
}
330
DE
100
AcDbEntity
  8
A-DIM-SYMB
100
AcDbLine
 10
691370.9326405584
 20
2579485.216934941
 30
0.0
 11
691370.3767364134
 21
2579484.485152308
 31
0.0
1001
AcDbBlockRepETag
1070
     1
1071
        2
1005
E2
  0
LINE
  5
E3
102
{ACAD_REACTORS
330
E0
102
}
330
DE
100
AcDbEntity
  8
A-DIM-SYMB
100
AcDbLine
 10
691370.3767364134
 20
2579484.485152308
 30
0.0
 11
691369.8208322685
 21
2579485.216934941
 31
0.0
1001
AcDbBlockRepETag
1070
     1
1071
        3
1005
E3
  0
ENDBLK
  5
E4
330
DE
100
AcDbEntity
  8
0
100
AcDbBlockEnd
  0
BLOCK
  5
6B
330
68
100
AcDbEntity
  8
0
100
AcDbBlockBegin
  2
*U3
 70
     1
 10
0.0
 20
0.0
 30
0.0
  3
*U3
  1

  0
LINE
  5
6C
102
{ACAD_REACTORS
330
70
102
}
330
68
100
AcDbEntity
  8
0
  6
ByBlock
 48
0.3
100
AcDbLine
 10
1.830137102864682
 20
2.40916093060514
 30
0.0
 11
-1.830137102399021
 21
2.409160930663346
 31
0.0
1001
AcDbBlockRepETag
1070
     1
1071
        1
1005
6C
  0
LINE
  5
6D
102
{ACAD_REACTORS
330
70
102
}
330
68
100
AcDbEntity
  8
0
  6
ByBlock
 48
0.3
100
AcDbLine
 10
-1.830137102399021
 20
2.409160930663346
 30
0.0
 11
0.0
 21
0.0
 31
0.0
1001
AcDbBlockRepETag
1070
     1
1071
        2
1005
6D
  0
LINE
  5
6E
102
{ACAD_REACTORS
330
70
102
}
330
68
100
AcDbEntity
  8
0
  6
ByBlock
 48
0.3
100
AcDbLine
 10
0.0
 20
0.0
 30
0.0
 11
1.830137102864682
 21
2.40916093060514
 31
0.0
1001
AcDbBlockRepETag
1070
     1
1071
        3
1005
6E
  0
LWPOLYLINE
  5
6F
102
{ACAD_REACTORS
330
71
102
}
330
68
100
AcDbEntity
  8
0
  6
ByBlock
 48
0.3
100
AcDbPolyline
 90
        4
 70
     1
 43
0.0
 10
-0.8333632869180291
 20
3.31638277793536
 10
0.8062207258772104
 20
3.316382777877151
 10
0.8062207258772104
 20
2.896275688428431
 10
-0.8333632866851985
 20
2.896275688486638
1001
AcDbBlockRepETag
1070
     1
1071
        4
1005
6F
  0
HATCH
  5
70
330
68
100
AcDbEntity
  8
0
  6
ByBlock
 48
0.3
100
AcDbHatch
 10
0.0
 20
0.0
 30
0.0
210
0.0
220
0.0
230
1.0
  2
SOLID
 70
     1
 71
     1
 91
        1
 92
        7
 72
     0
 73
     1
 93
        3
 10
1.830137102864682
 20
2.40916093060514
 10
-1.83013710239902
 20
2.409160930663346
 10
0.0
 20
0.0
 97
        3
330
6C
330
6D
330
6E
 75
     1
 76
     1
 47
0.0129913744125388
 98
        1
 10
0.1567119535757229
 20
1.514550076331943
450
        0
451
        0
460
0.0
461
0.0
452
        0
462
0.0
453
        0
470

1001
GradientColor1ACI
1070
     5
1001
GradientColor2ACI
1070
     2
1001
AcDbBlockRepETag
1070
     1
1071
        5
1005
70
1001
ACAD
1010
0.0
1020
0.0
1030
0.0
  0
HATCH
  5
71
330
68
100
AcDbEntity
  8
0
  6
ByBlock
 48
0.3
100
AcDbHatch
 10
0.0
 20
0.0
 30
0.0
210
0.0
220
0.0
230
1.0
  2
SOLID
 70
     1
 71
     1
 91
        1
 92
        7
 72
     0
 73
     1
 93
        4
 10
0.8062207258772103
 20
2.896275688428431
 10
0.8062207258772104
 20
3.316382777877151
 10
-0.833363286918029
 20
3.31638277793536
 10
-0.8333632866851983
 20
2.896275688486638
 97
        1
330
6F
 75
     1
 76
     1
 47
0.0129913744125388
 98
        1
 10
0.0006709407316521
 20
2.982575398404151
450
        0
451
        0
460
0.0
461
0.0
452
        0
462
0.0
453
        0
470

1001
GradientColor1ACI
1070
     5
1001
GradientColor2ACI
1070
     2
1001
AcDbBlockRepETag
1070
     1
1071
        6
1005
71
1001
ACAD
1010
0.0
1020
0.0
1030
0.0
  0
ENDBLK
  5
72
330
68
100
AcDbEntity
  8
0
100
AcDbBlockEnd
  0
BLOCK
  5
109
330
106
100
AcDbEntity
  8
0
100
AcDbBlockBegin
  2
frewrtret
 70
     0
 10
0.0
 20
0.0
 30
0.0
  3
frewrtret
  1

  0
LWPOLYLINE
  5
10A
330
106
100
AcDbEntity
  8
车位
100
AcDbPolyline
 90
        4
 70
     1
 43
0.0
 10
-5300.000000476837
 20
-2400.0
 10
0.0
 20
-2400.0
 10
-0.0000004768371582
 20
0.0
 10
-5300.000000476837
 20
0.0
  0
LWPOLYLINE
  5
10B
330
106
100
AcDbEntity
  8
车位
100
AcDbPolyline
 90
        2
 70
     0
 43
0.0
 10
-0.0000004768371582
 20
0.0
 10
-5300.000000476837
 20
-2400.0
  0
ENDBLK
  5
10C
330
106
100
AcDbEntity
  8
0
100
AcDbBlockEnd
  0
BLOCK
  5
FF
330
FC
100
AcDbEntity
  8
0
100
AcDbBlockBegin
  2
A$C5D0344E3
 70
     0
 10
0.0
 20
0.0
 30
0.0
  3
A$C5D0344E3
  1

  0
LWPOLYLINE
  5
100
330
FC
100
AcDbEntity
  8
cdz
100
AcDbPolyline
 90
        6
 70
     1
 43
0.0
 10
0.103971028351225
 20
0.7179534337483347
 10
-0.1888859177706763
 20
-0.1450643292628229
 10
0.1605247310362756
 20
0.0883605056442321
 10
-0.015260697924532
 20
-0.6983710401691497
 10
0.3036098328884691
 20
0.2931523937731981
 10
-0.0152079709805548
 20
0.1212931093759835
  0
CIRCLE
  5
101
330
FC
100
AcDbEntity
  8
cdz
100
AcDbCircle
 10
0.0
 20
0.0
 30
0.0
 40
0.8001398972052069
  0
ENDBLK
  5
102
330
FC
100
AcDbEntity
  8
0
100
AcDbBlockEnd
  0
BLOCK
  5
278
330
275
100
AcDbEntity
  8
0
100
AcDbBlockBegin
  2
JHRTYJF
 70
     0
 10
0.0
 20
0.0
 30
0.0
  3
JHRTYJF
  1

  0
LWPOLYLINE
  5
279
330
275
100
AcDbEntity
  8
4
100
AcDbPolyline
 90
        4
 70
     1
 43
0.0
 10
696832.7696694155
 20
2573175.729671441
 10
696826.7862608384
 20
2573175.795029064
 10
696826.8124098642
 20
2573178.188392429
 10
696832.7958184413
 20
2573178.123034807
  0
LWPOLYLINE
  5
27A
330
275
100
AcDbEntity
  8
4
100
AcDbPolyline
 90
        2
 70
     0
 43
0.0
 10
696826.8124098642
 20
2573178.188392429
 10
696832.7696694155
 20
2573175.729671441
  0
ENDBLK
  5
27B
330
275
100
AcDbEntity
  8
0
100
AcDbBlockEnd
  0
BLOCK
  5
299
330
298
100
AcDbEntity
  8
0
100
AcDbBlockBegin
  2
43TGTRHFD
 70
     0
 10
0.0
 20
0.0
 30
0.0
  3
43TGTRHFD
  1

  0
LWPOLYLINE
  5
29A
330
298
100
AcDbEntity
  8
4
100
AcDbPolyline
 90
        4
 70
     1
 43
0.0
 10
685418.3541003148
 20
2545245.024849435
 10
685420.7541003148
 20
2545245.024849435
 10
685420.7541003148
 20
2545239.724849435
 10
685418.3541003148
 20
2545239.724849435
  0
LWPOLYLINE
  5
29B
330
298
100
AcDbEntity
  8
4
100
AcDbPolyline
 90
        2
 70
     0
 43
0.0
 10
685418.3541003148
 20
2545239.724849435
 10
685420.7541003148
 20
2545245.024849435
  0
ENDBLK
  5
29C
330
298
100
AcDbEntity
  8
0
100
AcDbBlockEnd
  0
BLOCK
  5
29F
330
29E
100
AcDbEntity
  8
0
100
AcDbBlockBegin
  2
45TGHHSAAAA
 70
     0
 10
0.0
 20
0.0
 30
0.0
  3
45TGHHSAAAA
  1

  0
LWPOLYLINE
  5
2A0
330
29E
100
AcDbEntity
  8
4
100
AcDbPolyline
 90
        4
 70
     1
 43
0.0
 10
685411.3296083754
 20
2545246.793781016
 10
685413.7296083755
 20
2545246.793781016
 10
685413.7296083755
 20
2545236.793781016
 10
685411.3296083754
 20
2545236.793781016
  0
LWPOLYLINE
  5
2A1
330
29E
100
AcDbEntity
  8
4
100
AcDbPolyline
 90
        2
 70
     0
 43
0.0
 10
685411.3296083754
 20
2545236.793781016
 10
685413.7296083755
 20
2545246.793781016
  0
ENDBLK
  5
2A2
330
29E
100
AcDbEntity
  8
0
100
AcDbBlockEnd
  0
BLOCK
  5
162
330
15F
100
AcDbEntity
  8
0
100
AcDbBlockBegin
  2
雨水井
 70
     0
 10
0.0
 20
0.0
 30
0.0
  3
雨水井
  1

  0
LINE
  5
163
330
15F
100
AcDbEntity
  8
2
100
AcDbLine
 10
-1.0
 20
0.0
 30
0.0
 11
1.0
 21
0.0
 31
0.0
1001
AcDbBlockRepETag
1070
     1
1071
        0
1005
163
  0
CIRCLE
  5
165
330
15F
100
AcDbEntity
  8
2
100
AcDbCircle
 10
0.0
 20
0.0
 30
0.0
 40
1.0
1001
AcDbBlockRepETag
1070
     1
1071
        1
1005
165
  0
LINE
  5
166
330
15F
100
AcDbEntity
  8
2
100
AcDbLine
 10
-0.0000000000000001
 20
-1.0
 30
0.0
 11
0.0000000000000001
 21
1.0
 31
0.0
1001
AcDbBlockRepETag
1070
     1
1071
        0
1005
163
  0
LINE
  5
167
330
15F
100
AcDbEntity
  8
2
100
AcDbLine
 10
-0.8803700023522827
 20
0.4742875277278982
 30
0.0
 11
0.8803700023522827
 21
0.4742875277278982
 31
0.0
1001
AcDbBlockRepETag
1070
     1
1071
        0
1005
163
  0
LINE
  5
168
330
15F
100
AcDbEntity
  8
2
100
AcDbLine
 10
-0.8803700023522827
 20
-0.4742875277278982
 30
0.0
 11
0.8803700023522827
 21
-0.4742875277278982
 31
0.0
1001
AcDbBlockRepETag
1070
     1
1071
        0
1005
163
  0
ENDBLK
  5
169
330
15F
100
AcDbEntity
  8
0
100
AcDbBlockEnd
  0
BLOCK
  5
18F
330
18C
100
AcDbEntity
  8
0
100
AcDbBlockBegin
  2
污水井
 70
     0
 10
0.0
 20
0.0
 30
0.0
  3
污水井
  1

  0
LINE
  5
190
330
18C
100
AcDbEntity
  8
4
100
AcDbLine
 10
-1.0
 20
0.0
 30
0.0
 11
1.0
 21
0.0
 31
0.0
1001
AcDbBlockRepETag
1070
     1
1071
        0
1005
190
  0
CIRCLE
  5
192
330
18C
100
AcDbEntity
  8
4
100
AcDbCircle
 10
0.0
 20
0.0
 30
0.0
 40
1.0
1001
AcDbBlockRepETag
1070
     1
1071
        1
1005
192
  0
LINE
  5
193
330
18C
100
AcDbEntity
  8
4
100
AcDbLine
 10
-0.0000000000000001
 20
-1.0
 30
0.0
 11
0.0000000000000001
 21
1.0
 31
0.0
1001
AcDbBlockRepETag
1070
     1
1071
        0
1005
190
  0
ENDBLK
  5
194
330
18C
100
AcDbEntity
  8
0
100
AcDbBlockEnd
  0
BLOCK
  5
198
330
197
100
AcDbEntity
  8
0
 48
2.5
100
AcDbBlockBegin
  2
$TwtSys$00000187
 70
     0
 10
0.0
 20
0.0
 30
0.0
  3
$TwtSys$00000187
  1

  0
CIRCLE
  5
199
330
197
100
AcDbEntity
  8
0
100
AcDbCircle
 10
0.0
 20
0.0
 30
0.00000001
 40
0.5
  0
ENDBLK
  5
19A
330
197
100
AcDbEntity
  8
0
 48
2.5
100
AcDbBlockEnd
  0
BLOCK
  5
85F
330
85C
100
AcDbEntity
  8
0
100
AcDbBlockBegin
  2
A$C04374023
 70
     0
 10
0.0
 20
0.0
 30
0.0
  3
A$C04374023
  1

  0
HATCH
  5
860
330
85C
100
AcDbEntity
  8
TWT_TEXT
  6
Continuous
100
AcDbHatch
 10
0.0
 20
0.0
 30
0.0
210
0.0
220
0.0
230
1.0
  2
SOLID
 70
     1
 71
     1
 91
        1
 92
        1
 93
       43
 72
     1
 10
351.0010642279521
 20
19.24704861588543
 11
342.0010642279522
 21
151.2470486158854
 72
     1
 10
342.0010642279522
 20
151.2470486158854
 11
342.0010642279522
 21
292.2470486158854
 72
     1
 10
342.0010642279522
 20
292.2470486158854
 11
342.0010642279522
 21
364.2470486158854
 72
     1
 10
342.0010642279522
 20
364.2470486158854
 11
261.0010642279521
 21
340.2470486158855
 72
     1
 10
261.0010642279521
 20
340.2470486158855
 11
198.0010642279521
 21
304.2470486158854
 72
     1
 10
198.0010642279521
 20
304.2470486158854
 11
165.0010642279521
 21
301.2470486158854
 72
     1
 10
165.0010642279521
 20
301.2470486158854
 11
141.0010642279521
 21
289.2470486158854
 72
     1
 10
141.0010642279521
 20
289.2470486158854
 11
84.00106422795216
 21
295.2470486158854
 72
     1
 10
84.00106422795216
 20
295.2470486158854
 11
42.00106422795215
 21
325.2470486158854
 72
     1
 10
42.00106422795215
 20
325.2470486158854
 11
0.0010642279521562
 21
358.2470486158854
 72
     1
 10
0.0010642279521562
 20
358.2470486158854
 11
0.0010642279521562
 21
379.2470486158854
 72
     1
 10
0.0010642279521562
 20
379.2470486158854
 11
21.00106422795215
 21
379.2470486158854
 72
     1
 10
21.00106422795215
 20
379.2470486158854
 11
75.00106422795216
 21
322.2470486158854
 72
     1
 10
75.00106422795216
 20
322.2470486158854
 11
81.00106422795215
 21
322.2470486158854
 72
     1
 10
81.00106422795215
 20
322.2470486158854
 11
96.00106422795215
 21
310.2470486158854
 72
     1
 10
96.00106422795215
 20
310.2470486158854
 11
102.0010642279521
 21
310.2470486158854
 72
     1
 10
102.0010642279521
 20
310.2470486158854
 11
135.0010642279521
 21
304.2470486158854
 72
     1
 10
135.0010642279521
 20
304.2470486158854
 11
162.0010642279521
 21
313.2470486158855
 72
     1
 10
162.0010642279521
 20
313.2470486158855
 11
174.0010642279521
 21
322.2470486158854
 72
     1
 10
174.0010642279521
 20
322.2470486158854
 11
174.0010642279521
 21
343.2470486158854
 72
     1
 10
174.0010642279521
 20
343.2470486158854
 11
153.0010642279521
 21
352.2470486158854
 72
     1
 10
153.0010642279521
 20
352.2470486158854
 11
153.0010642279521
 21
370.2470486158854
 72
     1
 10
153.0010642279521
 20
370.2470486158854
 11
174.0010642279521
 21
379.2470486158854
 72
     1
 10
174.0010642279521
 20
379.2470486158854
 11
195.0010642279521
 21
379.2470486158854
 72
     1
 10
195.0010642279521
 20
379.2470486158854
 11
210.0010642279522
 21
370.2470486158854
 72
     1
 10
210.0010642279522
 20
370.2470486158854
 11
204.0010642279522
 21
343.2470486158854
 72
     1
 10
204.0010642279522
 20
343.2470486158854
 11
201.0010642279521
 21
331.2470486158854
 72
     1
 10
201.0010642279521
 20
331.2470486158854
 11
303.0010642279521
 21
376.2470486158854
 72
     1
 10
303.0010642279521
 20
376.2470486158854
 11
345.0010642279522
 21
388.2470486158855
 72
     1
 10
345.0010642279522
 20
388.2470486158855
 11
348.0010642279522
 21
550.2470486158854
 72
     1
 10
348.0010642279522
 20
550.2470486158854
 11
354.0010642279522
 21
559.2470486158854
 72
     1
 10
354.0010642279522
 20
559.2470486158854
 11
369.0010642279522
 21
559.2470486158854
 72
     1
 10
369.0010642279522
 20
559.2470486158854
 11
366.0010642279522
 21
391.2470486158854
 72
     1
 10
366.0010642279522
 20
391.2470486158854
 11
453.0010642279521
 21
412.2470486158854
 72
     1
 10
453.0010642279521
 20
412.2470486158854
 11
465.0010642279521
 21
418.2470486158853
 72
     1
 10
465.0010642279521
 20
418.2470486158853
 11
459.0010642279521
 21
397.2470486158854
 72
     1
 10
459.0010642279521
 20
397.2470486158854
 11
366.0010642279522
 21
370.2470486158854
 72
     1
 10
366.0010642279522
 20
370.2470486158854
 11
359.8182469713502
 21
142.0642313593125
 72
     1
 10
359.8182469713502
 20
142.0642313593125
 11
360.0010642279522
 21
139.2470486158854
 72
     1
 10
360.0010642279522
 20
139.2470486158854
 11
360.0010642279522
 21
79.24704861588543
 72
     1
 10
360.0010642279522
 20
79.24704861588543
 11
360.0010642279522
 21
10.24704861588543
 72
     1
 10
360.0010642279522
 20
10.24704861588543
 11
358.0440542768338
 21
-0.0007610451721121
 72
     1
 10
358.0440542768338
 20
-0.0007610451721121
 11
351.0010642279521
 21
19.24704861588543
 97
        1
330
861
 75
     1
 76
     1
 98
        1
 10
-212.9989357720478
 20
-3046.752951384115
450
        0
451
        0
460
0.0
461
0.0
452
        0
462
1.0
453
        2
463
0.0
 63
     5
421
      255
463
1.0
 63
     2
421
 16776960
470
LINEAR
1001
GradientColor1ACI
1070
     5
1001
GradientColor2ACI
1070
     2
1001
ACAD
1010
0.0
1020
0.0
1030
0.0
  0
POLYLINE
  5
861
102
{ACAD_REACTORS
330
860
102
}
330
85C
100
AcDbEntity
  8
TWT_TEXT
100
AcDb3dPolyline
 66
     1
 10
0.0
 20
0.0
 30
0.0
 70
     8
  0
VERTEX
  5
862
330
861
100
AcDbEntity
  8
TWT_TEXT
100
AcDbVertex
100
AcDb3dPolylineVertex
 10
351.0010642279521
 20
19.24704861588543
 30
0.0
 70
    32
  0
VERTEX
  5
863
330
861
100
AcDbEntity
  8
TWT_TEXT
100
AcDbVertex
100
AcDb3dPolylineVertex
 10
342.0010642279522
 20
151.2470486158854
 30
0.0
 70
    32
  0
VERTEX
  5
864
330
861
100
AcDbEntity
  8
TWT_TEXT
100
AcDbVertex
100
AcDb3dPolylineVertex
 10
342.0010642279522
 20
292.2470486158854
 30
0.0
 70
    32
  0
VERTEX
  5
865
330
861
100
AcDbEntity
  8
TWT_TEXT
100
AcDbVertex
100
AcDb3dPolylineVertex
 10
342.0010642279522
 20
364.2470486158854
 30
0.0
 70
    32
  0
VERTEX
  5
866
330
861
100
AcDbEntity
  8
TWT_TEXT
100
AcDbVertex
100
AcDb3dPolylineVertex
 10
261.0010642279521
 20
340.2470486158855
 30
0.0
 70
    32
  0
VERTEX
  5
867
330
861
100
AcDbEntity
  8
TWT_TEXT
100
AcDbVertex
100
AcDb3dPolylineVertex
 10
198.0010642279521
 20
304.2470486158854
 30
0.0
 70
    32
  0
VERTEX
  5
868
330
861
100
AcDbEntity
  8
TWT_TEXT
100
AcDbVertex
100
AcDb3dPolylineVertex
 10
165.0010642279521
 20
301.2470486158854
 30
0.0
 70
    32
  0
VERTEX
  5
869
330
861
100
AcDbEntity
  8
TWT_TEXT
100
AcDbVertex
100
AcDb3dPolylineVertex
 10
141.0010642279521
 20
289.2470486158854
 30
0.0
 70
    32
  0
VERTEX
  5
86A
330
861
100
AcDbEntity
  8
TWT_TEXT
100
AcDbVertex
100
AcDb3dPolylineVertex
 10
84.00106422795216
 20
295.2470486158854
 30
0.0
 70
    32
  0
VERTEX
  5
86B
330
861
100
AcDbEntity
  8
TWT_TEXT
100
AcDbVertex
100
AcDb3dPolylineVertex
 10
42.00106422795215
 20
325.2470486158854
 30
0.0
 70
    32
  0
VERTEX
  5
86C
330
861
100
AcDbEntity
  8
TWT_TEXT
100
AcDbVertex
100
AcDb3dPolylineVertex
 10
0.0010642279521562
 20
358.2470486158854
 30
0.0
 70
    32
  0
VERTEX
  5
86D
330
861
100
AcDbEntity
  8
TWT_TEXT
100
AcDbVertex
100
AcDb3dPolylineVertex
 10
0.0010642279521562
 20
379.2470486158854
 30
0.0
 70
    32
  0
VERTEX
  5
86E
330
861
100
AcDbEntity
  8
TWT_TEXT
100
AcDbVertex
100
AcDb3dPolylineVertex
 10
21.00106422795215
 20
379.2470486158854
 30
0.0
 70
    32
  0
VERTEX
  5
86F
330
861
100
AcDbEntity
  8
TWT_TEXT
100
AcDbVertex
100
AcDb3dPolylineVertex
 10
75.00106422795216
 20
322.2470486158854
 30
0.0
 70
    32
  0
VERTEX
  5
870
330
861
100
AcDbEntity
  8
TWT_TEXT
100
AcDbVertex
100
AcDb3dPolylineVertex
 10
81.00106422795215
 20
322.2470486158854
 30
0.0
 70
    32
  0
VERTEX
  5
871
330
861
100
AcDbEntity
  8
TWT_TEXT
100
AcDbVertex
100
AcDb3dPolylineVertex
 10
96.00106422795215
 20
310.2470486158854
 30
0.0
 70
    32
  0
VERTEX
  5
872
330
861
100
AcDbEntity
  8
TWT_TEXT
100
AcDbVertex
100
AcDb3dPolylineVertex
 10
102.0010642279521
 20
310.2470486158854
 30
0.0
 70
    32
  0
VERTEX
  5
873
330
861
100
AcDbEntity
  8
TWT_TEXT
100
AcDbVertex
100
AcDb3dPolylineVertex
 10
135.0010642279521
 20
304.2470486158854
 30
0.0
 70
    32
  0
VERTEX
  5
874
330
861
100
AcDbEntity
  8
TWT_TEXT
100
AcDbVertex
100
AcDb3dPolylineVertex
 10
162.0010642279521
 20
313.2470486158855
 30
0.0
 70
    32
  0
VERTEX
  5
875
330
861
100
AcDbEntity
  8
TWT_TEXT
100
AcDbVertex
100
AcDb3dPolylineVertex
 10
174.0010642279521
 20
322.2470486158854
 30
0.0
 70
    32
  0
VERTEX
  5
876
330
861
100
AcDbEntity
  8
TWT_TEXT
100
AcDbVertex
100
AcDb3dPolylineVertex
 10
174.0010642279521
 20
343.2470486158854
 30
0.0
 70
    32
  0
VERTEX
  5
877
330
861
100
AcDbEntity
  8
TWT_TEXT
100
AcDbVertex
100
AcDb3dPolylineVertex
 10
153.0010642279521
 20
352.2470486158854
 30
0.0
 70
    32
  0
VERTEX
  5
878
330
861
100
AcDbEntity
  8
TWT_TEXT
100
AcDbVertex
100
AcDb3dPolylineVertex
 10
153.0010642279521
 20
370.2470486158854
 30
0.0
 70
    32
  0
VERTEX
  5
879
330
861
100
AcDbEntity
  8
TWT_TEXT
100
AcDbVertex
100
AcDb3dPolylineVertex
 10
174.0010642279521
 20
379.2470486158854
 30
0.0
 70
    32
  0
VERTEX
  5
87A
330
861
100
AcDbEntity
  8
TWT_TEXT
100
AcDbVertex
100
AcDb3dPolylineVertex
 10
195.0010642279521
 20
379.2470486158854
 30
0.0
 70
    32
  0
VERTEX
  5
87B
330
861
100
AcDbEntity
  8
TWT_TEXT
100
AcDbVertex
100
AcDb3dPolylineVertex
 10
210.0010642279522
 20
370.2470486158854
 30
0.0
 70
    32
  0
VERTEX
  5
87C
330
861
100
AcDbEntity
  8
TWT_TEXT
100
AcDbVertex
100
AcDb3dPolylineVertex
 10
204.0010642279522
 20
343.2470486158854
 30
0.0
 70
    32
  0
VERTEX
  5
87D
330
861
100
AcDbEntity
  8
TWT_TEXT
100
AcDbVertex
100
AcDb3dPolylineVertex
 10
201.0010642279521
 20
331.2470486158854
 30
0.0
 70
    32
  0
VERTEX
  5
87E
330
861
100
AcDbEntity
  8
TWT_TEXT
100
AcDbVertex
100
AcDb3dPolylineVertex
 10
303.0010642279521
 20
376.2470486158854
 30
0.0
 70
    32
  0
VERTEX
  5
87F
330
861
100
AcDbEntity
  8
TWT_TEXT
100
AcDbVertex
100
AcDb3dPolylineVertex
 10
345.0010642279522
 20
388.2470486158855
 30
0.0
 70
    32
  0
VERTEX
  5
880
330
861
100
AcDbEntity
  8
TWT_TEXT
100
AcDbVertex
100
AcDb3dPolylineVertex
 10
348.0010642279522
 20
550.2470486158854
 30
0.0
 70
    32
  0
VERTEX
  5
881
330
861
100
AcDbEntity
  8
TWT_TEXT
100
AcDbVertex
100
AcDb3dPolylineVertex
 10
354.0010642279522
 20
559.2470486158854
 30
0.0
 70
    32
  0
VERTEX
  5
882
330
861
100
AcDbEntity
  8
TWT_TEXT
100
AcDbVertex
100
AcDb3dPolylineVertex
 10
369.0010642279522
 20
559.2470486158854
 30
0.0
 70
    32
  0
VERTEX
  5
883
330
861
100
AcDbEntity
  8
TWT_TEXT
100
AcDbVertex
100
AcDb3dPolylineVertex
 10
366.0010642279522
 20
391.2470486158854
 30
0.0
 70
    32
  0
VERTEX
  5
884
330
861
100
AcDbEntity
  8
TWT_TEXT
100
AcDbVertex
100
AcDb3dPolylineVertex
 10
453.0010642279521
 20
412.2470486158854
 30
0.0
 70
    32
  0
VERTEX
  5
885
330
861
100
AcDbEntity
  8
TWT_TEXT
100
AcDbVertex
100
AcDb3dPolylineVertex
 10
465.0010642279521
 20
418.2470486158853
 30
0.0
 70
    32
  0
VERTEX
  5
886
330
861
100
AcDbEntity
  8
TWT_TEXT
100
AcDbVertex
100
AcDb3dPolylineVertex
 10
459.0010642279521
 20
397.2470486158854
 30
0.0
 70
    32
  0
VERTEX
  5
887
330
861
100
AcDbEntity
  8
TWT_TEXT
100
AcDbVertex
100
AcDb3dPolylineVertex
 10
366.0010642279522
 20
370.2470486158854
 30
0.0
 70
    32
  0
VERTEX
  5
888
330
861
100
AcDbEntity
  8
TWT_TEXT
100
AcDbVertex
100
AcDb3dPolylineVertex
 10
359.8182469713502
 20
142.0642313593125
 30
0.0
 70
    32
  0
VERTEX
  5
889
330
861
100
AcDbEntity
  8
TWT_TEXT
100
AcDbVertex
100
AcDb3dPolylineVertex
 10
360.0010642279522
 20
139.2470486158854
 30
0.0
 70
    32
  0
VERTEX
  5
88A
330
861
100
AcDbEntity
  8
TWT_TEXT
100
AcDbVertex
100
AcDb3dPolylineVertex
 10
360.0010642279522
 20
79.24704861588543
 30
0.0
 70
    32
  0
VERTEX
  5
88B
330
861
100
AcDbEntity
  8
TWT_TEXT
100
AcDbVertex
100
AcDb3dPolylineVertex
 10
360.0010642279522
 20
10.24704861588543
 30
0.0
 70
    32
  0
VERTEX
  5
88C
330
861
100
AcDbEntity
  8
TWT_TEXT
100
AcDbVertex
100
AcDb3dPolylineVertex
 10
358.0440542768338
 20
-0.0007610451721121
 30
0.0
 70
    32
  0
SEQEND
  5
88D
330
861
100
AcDbEntity
  8
TWT_TEXT
  0
POLYLINE
  5
88E
330
85C
100
AcDbEntity
  8
TWT_TEXT
100
AcDb3dPolyline
 66
     1
 10
0.0
 20
0.0
 30
0.0
 70
     8
  0
VERTEX
  5
88F
330
88E
100
AcDbEntity
  8
TWT_TEXT
100
AcDbVertex
100
AcDb3dPolylineVertex
 10
357.0010642279521
 20
28.24704861588543
 30
0.0
 70
    32
  0
VERTEX
  5
890
330
88E
100
AcDbEntity
  8
TWT_TEXT
100
AcDbVertex
100
AcDb3dPolylineVertex
 10
354.0010642279522
 20
31.24704861588543
 30
0.0
 70
    32
  0
VERTEX
  5
891
330
88E
100
AcDbEntity
  8
TWT_TEXT
100
AcDbVertex
100
AcDb3dPolylineVertex
 10
351.0010642279521
 20
31.24704861588543
 30
0.0
 70
    32
  0
SEQEND
  5
892
330
88E
100
AcDbEntity
  8
TWT_TEXT
  0
POLYLINE
  5
893
330
85C
100
AcDbEntity
  8
TWT_TEXT
100
AcDb3dPolyline
 66
     1
 10
0.0
 20
0.0
 30
0.0
 70
     8
  0
VERTEX
  5
894
330
893
100
AcDbEntity
  8
TWT_TEXT
100
AcDbVertex
100
AcDb3dPolylineVertex
 10
357.0010642279521
 20
34.24704861588543
 30
0.0
 70
    32
  0
VERTEX
  5
895
330
893
100
AcDbEntity
  8
TWT_TEXT
100
AcDbVertex
100
AcDb3dPolylineVertex
 10
354.0010642279522
 20
37.24704861588544
 30
0.0
 70
    32
  0
VERTEX
  5
896
330
893
100
AcDbEntity
  8
TWT_TEXT
100
AcDbVertex
100
AcDb3dPolylineVertex
 10
351.0010642279521
 20
37.24704861588544
 30
0.0
 70
    32
  0
SEQEND
  5
897
330
893
100
AcDbEntity
  8
TWT_TEXT
  0
POLYLINE
  5
898
330
85C
100
AcDbEntity
  8
TWT_TEXT
100
AcDb3dPolyline
 66
     1
 10
0.0
 20
0.0
 30
0.0
 70
     8
  0
VERTEX
  5
899
330
898
100
AcDbEntity
  8
TWT_TEXT
100
AcDbVertex
100
AcDb3dPolylineVertex
 10
360.0010642279522
 20
43.24704861588543
 30
0.0
 70
    32
  0
VERTEX
  5
89A
330
898
100
AcDbEntity
  8
TWT_TEXT
100
AcDbVertex
100
AcDb3dPolylineVertex
 10
357.0010642279521
 20
43.24704861588543
 30
0.0
 70
    32
  0
SEQEND
  5
89B
330
898
100
AcDbEntity
  8
TWT_TEXT
  0
HATCH
  5
89C
330
85C
100
AcDbEntity
  8
TWT_TEXT
  6
Continuous
100
AcDbHatch
 10
0.0
 20
0.0
 30
0.0
210
0.0
220
0.0
230
1.0
  2
SOLID
 70
     1
 71
     0
 91
        2
 92
        1
 93
       54
 72
     1
 10
1461.311314683757
 20
488.9560713566607
 11
1463.289287364692
 21
521.2956388255406
 72
     1
 10
1463.289287364692
 20
521.2956388255115
 11
1425.30157254351
 21
548.8661579113395
 72
     1
 10
1425.301572543452
 20
548.8661579113104
 11
1381.962374509312
 21
547.9101695449208
 72
     1
 10
1381.962374509312
 20
547.9101695449208
 11
1366.270584958082
 21
527.2295568683184
 72
     1
 10
1366.270584958023
 20
527.2295568683184
 11
1391.203807135927
 21
522.0978483977087
 72
     1
 10
1391.203807135927
 20
522.0978483977087
 11
1423.543374604778
 21
520.1198757168022
 72
     1
 10
1423.543374604778
 20
520.1198757168022
 11
1436.597867248114
 21
497.6810651015839
 72
     1
 10
1436.597867248114
 20
497.6810651015839
 11
1416.653468195582
 21
466.4403713443607
 72
     1
 10
1416.653468195698
 20
466.4403713443025
 11
1405.214288145769
 21
456.3198397483501
 72
     1
 10
1405.214288145653
 20
456.3198397483501
 11
1362.611303735582
 21
408.4313680734776
 72
     1
 10
1362.611303735641
 20
408.4313680734485
 11
1351.172123685712
 21
398.3108364774962
 72
     1
 10
1351.172123685712
 20
398.3108364774962
 11
1308.569139275642
 21
350.4223648026236
 72
     1
 10
1308.5691392757
 20
350.4223648026236
 11
1293.536673951486
 21
340.5216079489619
 72
     1
 10
1293.536673951428
 20
340.5216079489619
 11
1289.064289707807
 21
326.3682415939984
 72
     1
 10
1289.064289707807
 20
326.3682415939984
 11
1270.658313851571
 21
320.280544756999
 72
     1
 10
1270.658313851571
 20
320.280544756999
 11
1254.625490843493
 21
303.7367028803856
 72
     1
 10
1254.625490843435
 20
303.7367028803856
 11
1224.462044167158
 21
272.611847824417
 72
     1
 10
1224.462044167216
 20
272.611847824417
 11
1213.682188344246
 21
273.2711720513762
 72
     1
 10
1213.682188344188
 20
273.2711720514053
 11
1183.177708211064
 21
246.2830877954548
 72
     1
 10
1183.177708211122
 20
246.2830877954548
 11
1135.14635119104
 21
227.5804477997881
 72
     1
 10
1135.146351190866
 20
227.5804477997881
 11
1130.234417462605
 21
206.2405108962266
 72
     1
 10
1130.234417462605
 20
206.2405108961684
 11
1147.981069091882
 21
201.5483519102272
 72
     1
 10
1147.98106909194
 20
201.5483519102563
 11
1196.232200854341
 21
223.8442771802656
 72
     1
 10
1196.232200854341
 20
223.8442771802365
 11
1244.263557874423
 21
242.5469171759032
 72
     1
 10
1244.263557874481
 20
242.5469171759323
 11
1292.95423912158
 21
272.0294129945687
 72
     1
 10
1292.954239121522
 20
272.0294129945687
 11
1385.423667887342
 21
309.6544677282509
 72
     1
 10
1385.423667887458
 20
309.6544677282218
 11
1381.621501319809
 21
129.5506545276148
 72
     1
 10
1381.621501319809
 20
129.550654527673
 11
1388.825653847831
 21
129.3985678649624
 72
     1
 10
1388.825653847773
 20
129.3985678649624
 11
1388.368522383738
 21
121.9245344943774
 72
     1
 10
1388.368522383738
 20
121.9245344943774
 11
1390.370398728643
 21
119.6618248995219
 72
     1
 10
1390.370398728759
 20
119.6618248995219
 11
1401.552588124177
 21
117.1421938199491
 72
     1
 10
1401.552588124177
 20
117.14219381992
 11
1390.375415499729
 21
119.6561544713622
 72
     1
 10
1390.375415499671
 20
119.6561544713913
 11
1390.924278462189
 21
119.0357777459139
 72
     1
 10
1390.924278462189
 20
119.035777745943
 11
1391.742032915703
 21
118.1114744777442
 72
     1
 10
1391.742032915703
 20
118.1114744777151
 11
1383.896138140117
 21
107.7711681394139
 72
     1
 10
1383.896138140117
 20
107.7711681394139
 11
1390.643159204104
 21
100.1450481061183
 72
     1
 10
1390.643159204163
 20
100.1450481061474
 11
1396.291306556552
 21
74.5525017012842
 72
     1
 10
1396.291306556435
 20
74.55250170122599
 11
1384.166644547367
 21
75.25200524515821
 72
     1
 10
1384.166644547367
 20
75.25200524518732
 11
1384.852126506506
 21
64.43197010527365
 72
     1
 10
1384.852126506623
 20
64.43197010527365
 11
1397.906619149958
 21
41.9931594900554
 72
     1
 10
1397.906619149842
 20
41.9931594900554
 11
1390.060724374256
 21
31.65285315175424
 72
     1
 10
1390.060724374256
 20
31.65285315175424
 11
1396.807745438244
 21
24.02673311845865
 72
     1
 10
1396.807745438302
 20
24.02673311848776
 11
1404.653640213888
 21
34.36703945678892
 72
     1
 10
1404.653640213888
 20
34.36703945678892
 11
1415.049049051304
 21
322.2694108869182
 72
     1
 10
1415.049049051245
 20
322.2694108869182
 11
1503.265868315822
 21
349.3343845399795
 72
     1
 10
1503.265868315822
 20
349.3343845399795
 11
1517.639009413135
 21
348.4552855706716
 72
     1
 10
1517.639009413076
 20
348.4552855707006
 11
1528.199090493726
 21
344.2026760693989
 72
     1
 10
1528.199090493726
 20
344.2026760693989
 11
1557.384922172932
 21
349.6310486794391
 72
     1
 10
1557.384922172874
 20
349.63104867941
 11
1555.110285352508
 21
371.41053506764
 72
     1
 10
1555.110285352566
 20
371.4105350676691
 11
1482.80503038154
 21
368.6194593655236
 72
     1
 10
1482.80503038154
 20
368.6194593655236
 11
1416.807246989862
 21
351.0156930814555
 72
     1
 10
1416.807246989803
 20
351.0156930814555
 11
1416.510582850373
 21
405.1347469385655
 72
     1
 10
1416.510582850431
 20
405.1347469385945
 11
1395.170645946811
 21
410.0466806668555
 72
     1
 10
1395.170645946869
 20
410.0466806668555
 11
1461.311314683757
 21
488.9560713566607
 97
        0
 92
       16
 93
        8
 72
     1
 10
1387.544525913545
 20
403.2996596028679
 11
1383.368805809354
 21
335.0272393908235
 72
     1
 10
1383.368805809412
 20
335.0272393907944
 11
1338.930734063673
 21
316.1048246527789
 72
     1
 10
1338.930734063615
 20
316.1048246527789
 11
1287.086317026871
 21
294.0286741251184
 72
     1
 10
1287.086317026871
 20
294.0286741251184
 11
1272.493401187239
 21
291.3144878201129
 72
     1
 10
1272.493401187239
 20
291.3144878201129
 11
1284.591905464127
 21
312.2148752390349
 72
     1
 10
1284.591905464185
 20
312.2148752390349
 11
1341.56803097151
 21
359.2242479446286
 72
     1
 10
1341.568030971568
 20
359.2242479446286
 11
1380.357955364976
 21
403.7392090875073
 72
     1
 10
1380.357955364859
 20
403.7392090875073
 11
1387.544525913487
 21
403.2996596028679
 97
        0
 75
     0
 76
     1
 98
        2
 10
1405.690848203841
 20
431.4482107529475
 10
1405.690848203841
 20
431.4482107529475
450
        0
451
        0
460
0.0
461
0.0
452
        0
462
1.0
453
        2
463
0.0
 63
     5
421
      255
463
1.0
 63
     2
421
 16776960
470
LINEAR
1001
GradientColor1ACI
1070
     5
1001
GradientColor2ACI
1070
     2
1001
ACAD
1010
0.0
1020
0.0
1030
0.0
  0
POLYLINE
  5
89D
330
85C
100
AcDbEntity
  8
TWT_TEXT
100
AcDb3dPolyline
 66
     1
 10
0.0
 20
0.0
 30
0.0
 70
     8
  0
VERTEX
  5
89E
330
89D
100
AcDbEntity
  8
TWT_TEXT
100
AcDbVertex
100
AcDb3dPolylineVertex
 10
1396.807745438302
 20
24.02673311854596
 30
0.0
 70
    32
  0
VERTEX
  5
89F
330
89D
100
AcDbEntity
  8
TWT_TEXT
100
AcDbVertex
100
AcDb3dPolylineVertex
 10
1404.653640213888
 20
34.36703945684712
 30
0.0
 70
    32
  0
VERTEX
  5
8A0
330
89D
100
AcDbEntity
  8
TWT_TEXT
100
AcDbVertex
100
AcDb3dPolylineVertex
 10
1409.851344632567
 20
178.3182251719408
 30
0.0
 70
    32
  0
VERTEX
  5
8A1
330
89D
100
AcDbEntity
  8
TWT_TEXT
100
AcDbVertex
100
AcDb3dPolylineVertex
 10
1415.049049051245
 20
322.2694108870055
 30
0.0
 70
    32
  0
VERTEX
  5
8A2
330
89D
100
AcDbEntity
  8
TWT_TEXT
100
AcDbVertex
100
AcDb3dPolylineVertex
 10
1503.265868315822
 20
349.3343845400668
 30
0.0
 70
    32
  0
VERTEX
  5
8A3
330
89D
100
AcDbEntity
  8
TWT_TEXT
100
AcDbVertex
100
AcDb3dPolylineVertex
 10
1517.639009413076
 20
348.4552855707589
 30
0.0
 70
    32
  0
VERTEX
  5
8A4
330
89D
100
AcDbEntity
  8
TWT_TEXT
100
AcDbVertex
100
AcDb3dPolylineVertex
 10
1528.199090493726
 20
344.2026760694571
 30
0.0
 70
    32
  0
VERTEX
  5
8A5
330
89D
100
AcDbEntity
  8
TWT_TEXT
100
AcDbVertex
100
AcDb3dPolylineVertex
 10
1557.384922172874
 20
349.6310486794682
 30
0.0
 70
    32
  0
VERTEX
  5
8A6
330
89D
100
AcDbEntity
  8
TWT_TEXT
100
AcDbVertex
100
AcDb3dPolylineVertex
 10
1555.110285352566
 20
371.4105350677273
 30
0.0
 70
    32
  0
VERTEX
  5
8A7
330
89D
100
AcDbEntity
  8
TWT_TEXT
100
AcDbVertex
100
AcDb3dPolylineVertex
 10
1482.80503038154
 20
368.6194593655819
 30
0.0
 70
    32
  0
VERTEX
  5
8A8
330
89D
100
AcDbEntity
  8
TWT_TEXT
100
AcDbVertex
100
AcDb3dPolylineVertex
 10
1438.806508120499
 20
356.8836151762225
 30
0.0
 70
    32
  0
VERTEX
  5
8A9
330
89D
100
AcDbEntity
  8
TWT_TEXT
100
AcDbVertex
100
AcDb3dPolylineVertex
 10
1416.807246989803
 20
351.0156930815429
 30
0.0
 70
    32
  0
VERTEX
  5
8AA
330
89D
100
AcDbEntity
  8
TWT_TEXT
100
AcDbVertex
100
AcDb3dPolylineVertex
 10
1416.510582850431
 20
405.1347469386528
 30
0.0
 70
    32
  0
VERTEX
  5
8AB
330
89D
100
AcDbEntity
  8
TWT_TEXT
100
AcDbVertex
100
AcDb3dPolylineVertex
 10
1395.170645946869
 20
410.0466806669137
 30
0.0
 70
    32
  0
VERTEX
  5
8AC
330
89D
100
AcDbEntity
  8
TWT_TEXT
100
AcDbVertex
100
AcDb3dPolylineVertex
 10
1461.311314683757
 20
488.9560713567188
 30
0.0
 70
    32
  0
VERTEX
  5
8AD
330
89D
100
AcDbEntity
  8
TWT_TEXT
100
AcDbVertex
100
AcDb3dPolylineVertex
 10
1463.289287364692
 20
521.2956388255697
 30
0.0
 70
    32
  0
VERTEX
  5
8AE
330
89D
100
AcDbEntity
  8
TWT_TEXT
100
AcDbVertex
100
AcDb3dPolylineVertex
 10
1425.301572543452
 20
548.8661579113977
 30
0.0
 70
    32
  0
VERTEX
  5
8AF
330
89D
100
AcDbEntity
  8
TWT_TEXT
100
AcDbVertex
100
AcDb3dPolylineVertex
 10
1381.962374509312
 20
547.910169544979
 30
0.0
 70
    32
  0
VERTEX
  5
8B0
330
89D
100
AcDbEntity
  8
TWT_TEXT
100
AcDbVertex
100
AcDb3dPolylineVertex
 10
1366.270584958023
 20
527.2295568683766
 30
0.0
 70
    32
  0
VERTEX
  5
8B1
330
89D
100
AcDbEntity
  8
TWT_TEXT
100
AcDbVertex
100
AcDb3dPolylineVertex
 10
1391.203807135927
 20
522.0978483977669
 30
0.0
 70
    32
  0
VERTEX
  5
8B2
330
89D
100
AcDbEntity
  8
TWT_TEXT
100
AcDbVertex
100
AcDb3dPolylineVertex
 10
1423.543374604778
 20
520.1198757168604
 30
0.0
 70
    32
  0
VERTEX
  5
8B3
330
89D
100
AcDbEntity
  8
TWT_TEXT
100
AcDbVertex
100
AcDb3dPolylineVertex
 10
1436.597867248114
 20
497.6810651016421
 30
0.0
 70
    32
  0
VERTEX
  5
8B4
330
89D
100
AcDbEntity
  8
TWT_TEXT
100
AcDbVertex
100
AcDb3dPolylineVertex
 10
1416.653468195698
 20
466.4403713443898
 30
0.0
 70
    32
  0
VERTEX
  5
8B5
330
89D
100
AcDbEntity
  8
TWT_TEXT
100
AcDbVertex
100
AcDb3dPolylineVertex
 10
1405.214288145653
 20
456.3198397484084
 30
0.0
 70
    32
  0
VERTEX
  5
8B6
330
89D
100
AcDbEntity
  8
TWT_TEXT
100
AcDbVertex
100
AcDb3dPolylineVertex
 10
1362.611303735641
 20
408.4313680735358
 30
0.0
 70
    32
  0
VERTEX
  5
8B7
330
89D
100
AcDbEntity
  8
TWT_TEXT
100
AcDbVertex
100
AcDb3dPolylineVertex
 10
1351.172123685712
 20
398.3108364775544
 30
0.0
 70
    32
  0
VERTEX
  5
8B8
330
89D
100
AcDbEntity
  8
TWT_TEXT
100
AcDbVertex
100
AcDb3dPolylineVertex
 10
1308.5691392757
 20
350.4223648026818
 30
0.0
 70
    32
  0
VERTEX
  5
8B9
330
89D
100
AcDbEntity
  8
TWT_TEXT
100
AcDbVertex
100
AcDb3dPolylineVertex
 10
1293.536673951428
 20
340.5216079490201
 30
0.0
 70
    32
  0
VERTEX
  5
8BA
330
89D
100
AcDbEntity
  8
TWT_TEXT
100
AcDbVertex
100
AcDb3dPolylineVertex
 10
1289.064289707807
 20
326.3682415940566
 30
0.0
 70
    32
  0
VERTEX
  5
8BB
330
89D
100
AcDbEntity
  8
TWT_TEXT
100
AcDbVertex
100
AcDb3dPolylineVertex
 10
1270.658313851571
 20
320.2805447570572
 30
0.0
 70
    32
  0
VERTEX
  5
8BC
330
89D
100
AcDbEntity
  8
TWT_TEXT
100
AcDbVertex
100
AcDb3dPolylineVertex
 10
1254.625490843435
 20
303.7367028804729
 30
0.0
 70
    32
  0
VERTEX
  5
8BD
330
89D
100
AcDbEntity
  8
TWT_TEXT
100
AcDbVertex
100
AcDb3dPolylineVertex
 10
1249.912775201723
 20
298.8737774713372
 30
0.0
 70
    32
  0
SEQEND
  5
8BE
330
89D
100
AcDbEntity
  8
TWT_TEXT
  0
POLYLINE
  5
8BF
330
85C
100
AcDbEntity
  8
TWT_TEXT
100
AcDb3dPolyline
 66
     1
 10
0.0
 20
0.0
 30
0.0
 70
     8
  0
VERTEX
  5
8C0
330
8BF
100
AcDbEntity
  8
TWT_TEXT
100
AcDbVertex
100
AcDb3dPolylineVertex
 10
1396.807745438302
 20
24.02673311854596
 30
0.0
 70
    32
  0
VERTEX
  5
8C1
330
8BF
100
AcDbEntity
  8
TWT_TEXT
100
AcDbVertex
100
AcDb3dPolylineVertex
 10
1390.060724374256
 20
31.65285315181245
 30
0.0
 70
    32
  0
VERTEX
  5
8C2
330
8BF
100
AcDbEntity
  8
TWT_TEXT
100
AcDbVertex
100
AcDb3dPolylineVertex
 10
1397.906619149842
 20
41.99315949011361
 30
0.0
 70
    32
  0
VERTEX
  5
8C3
330
8BF
100
AcDbEntity
  8
TWT_TEXT
100
AcDbVertex
100
AcDb3dPolylineVertex
 10
1384.852126506623
 20
64.43197010533186
 30
0.0
 70
    32
  0
VERTEX
  5
8C4
330
8BF
100
AcDbEntity
  8
TWT_TEXT
100
AcDbVertex
100
AcDb3dPolylineVertex
 10
1384.166644547367
 20
75.25200524524553
 30
0.0
 70
    32
  0
SEQEND
  5
8C5
330
8BF
100
AcDbEntity
  8
TWT_TEXT
  0
POLYLINE
  5
8C6
330
85C
100
AcDbEntity
  8
TWT_TEXT
100
AcDb3dPolyline
 66
     1
 10
0.0
 20
0.0
 30
0.0
 70
     8
  0
VERTEX
  5
8C7
330
8C6
100
AcDbEntity
  8
TWT_TEXT
100
AcDbVertex
100
AcDb3dPolylineVertex
 10
1389.104736007866
 20
74.99205118595273
 30
0.0
 70
    32
  0
VERTEX
  5
8C8
330
8C6
100
AcDbEntity
  8
TWT_TEXT
100
AcDbVertex
100
AcDb3dPolylineVertex
 10
1385.511450733524
 20
75.21182592830155
 30
0.0
 70
    32
  0
SEQEND
  5
8C9
330
8C6
100
AcDbEntity
  8
TWT_TEXT
  0
POLYLINE
  5
8CA
330
85C
100
AcDbEntity
  8
TWT_TEXT
100
AcDb3dPolyline
 66
     1
 10
0.0
 20
0.0
 30
0.0
 70
     8
  0
VERTEX
  5
8CB
330
8CA
100
AcDbEntity
  8
TWT_TEXT
100
AcDbVertex
100
AcDb3dPolylineVertex
 10
360.0010642279522
 20
124.2470486158854
 30
0.0
 70
    32
  0
VERTEX
  5
8CC
330
8CA
100
AcDbEntity
  8
TWT_TEXT
100
AcDbVertex
100
AcDb3dPolylineVertex
 10
354.0010642279522
 20
124.2470486158854
 30
0.0
 70
    32
  0
VERTEX
  5
8CD
330
8CA
100
AcDbEntity
  8
TWT_TEXT
100
AcDbVertex
100
AcDb3dPolylineVertex
 10
354.0010642279522
 20
133.2470486158854
 30
0.0
 70
    32
  0
VERTEX
  5
8CE
330
8CA
100
AcDbEntity
  8
TWT_TEXT
100
AcDbVertex
100
AcDb3dPolylineVertex
 10
360.0010642279522
 20
133.2470486158854
 30
0.0
 70
    32
  0
SEQEND
  5
8CF
330
8CA
100
AcDbEntity
  8
TWT_TEXT
  0
HATCH
  5
8D0
330
85C
100
AcDbEntity
  8
TWT_TEXT
  6
Continuous
100
AcDbHatch
 10
0.0
 20
0.0
 30
0.0
210
0.0
220
0.0
230
1.0
  2
SOLID
 70
     1
 71
     0
 91
        1
 92
        1
 93
       90
 72
     1
 10
1013.654191826121
 20
118.6549606806366
 11
1015.659715756599
 21
298.8686612523743
 72
     1
 10
1015.659715756599
 20
298.8686612523743
 11
1002.143780854938
 21
471.0148767313512
 72
     1
 10
1002.143780854938
 20
471.0148767313512
 11
994.8088782365667
 21
498.5139531445456
 72
     1
 10
994.8088782365667
 20
498.5139531445456
 11
975.9267237719614
 21
484.640804879833
 72
     1
 10
975.9267237719614
 20
484.6408048798621
 11
930.1590042475726
 21
424.322351239738
 72
     1
 10
930.1590042475726
 20
424.322351239738
 11
883.6587022487655
 21
352.0262800185592
 72
     1
 10
883.6587022487075
 20
352.0262800185592
 11
876.5710197465377
 21
334.4261448841717
 72
     1
 10
876.571019746596
 20
334.4261448841717
 11
891.7261873415554
 21
336.5048211864196
 72
     1
 10
891.7261873414972
 20
336.5048211864196
 11
910.2420505689224
 21
344.3891606605903
 72
     1
 10
910.2420505689224
 20
344.3891606605903
 11
949.1693077074014
 21
342.0082676187448
 72
     1
 10
949.1693077073433
 20
342.0082676187448
 11
963.225601590646
 21
326.120517549396
 72
     1
 10
963.225601590646
 20
326.120517549396
 11
955.5884822326479
 21
299.5371692292101
 72
     1
 10
955.5884822327062
 20
299.5371692292101
 11
932.7961952798068
 21
270.8751446067763
 72
     1
 10
932.7961952798068
 20
270.8751446067763
 11
944.4075216236525
 21
264.1537533418159
 72
     1
 10
944.4075216236525
 20
264.153753341845
 11
940.6805347539485
 21
252.3592813793803
 72
     1
 10
940.6805347539485
 20
252.3592813793803
 11
913.3646039593731
 21
248.0187831562944
 72
     1
 10
913.3646039593731
 20
248.0187831562944
 11
880.4902301090187
 21
201.9397690180922
 72
     1
 10
880.4902301090187
 20
201.9397690180922
 11
876.0306607648963
 21
178.1676794745726
 72
     1
 10
876.0306607649544
 20
178.1676794745726
 11
986.2101120363805
 21
210.5016943432565
 72
     1
 10
986.2101120363222
 20
210.5016943432565
 11
1007.170942803204
 21
209.2196750130388
 72
     1
 10
1007.170942803204
 20
209.2196750130097
 11
994.2775971291121
 21
194.9802355110878
 72
     1
 10
994.2775971291121
 20
194.9802355111169
 11
889.9038090296089
 21
159.2855250099674
 72
     1
 10
889.9038090296089
 20
159.2855250099383
 11
849.8776781795314
 21
143.699991680216
 72
     1
 10
849.8776781795314
 20
143.699991680216
 11
844.8045974820271
 21
159.0383048937656
 72
     1
 10
844.8045974820271
 20
159.0383048937365
 11
879.6935731369885
 21
238.0557673798758
 72
     1
 10
879.6935731370467
 20
238.0557673798758
 11
889.0430775600252
 21
243.4951393145893
 72
     1
 10
889.0430775600252
 20
243.4951393145893
 11
890.5082425088622
 21
267.450374476728
 72
     1
 10
890.5082425088622
 20
267.450374476728
 11
918.7399013965041
 21
286.7628946761542
 72
     1
 10
918.7399013965041
 20
286.7628946761251
 11
942.0816252052318
 21
324.4081324843573
 72
     1
 10
942.0816252051736
 20
324.4081324843573
 11
912.1375812524929
 21
326.2395886704035
 72
     1
 10
912.1375812525512
 20
326.2395886704035
 11
890.2610223926604
 21
312.54958602431
 72
     1
 10
890.2610223926604
 20
312.54958602431
 11
886.5340355229564
 21
300.7551140618452
 72
     1
 10
886.5340355229564
 20
300.7551140618452
 11
859.5843959655612
 21
302.4034246292722
 72
     1
 10
859.5843959655612
 20
302.4034246293013
 11
768.5433971491293
 21
91.56809425388928
 72
     1
 10
768.5433971491293
 20
91.56809425388928
 11
752.1062102239811
 21
68.52858718478819
 72
     1
 10
752.1062102239811
 20
68.52858718478819
 11
739.579155787127
 21
60.27795647340827
 72
     1
 10
739.579155787127
 20
60.27795647340827
 11
712.9958074669702
 21
67.91507583137718
 72
     1
 10
712.995807466912
 20
67.91507583137718
 11
699.4889504394377
 21
92.7860390865244
 72
     1
 10
699.4889504394377
 20
92.7860390865244
 11
707.7305032766307
 21
227.534236873471
 72
     1
 10
707.7305032766307
 20
227.534236873471
 11
719.2136806253111
 21
317.0000774942164
 72
     1
 10
719.2136806253111
 20
317.0000774942455
 11
710.0473218209226
 21
314.5551099547883
 72
     1
 10
710.0473218209226
 20
314.5551099547883
 11
646.0750336828641
 21
153.1594893500733
 72
     1
 10
646.0750336828641
 20
153.1594893500441
 11
621.4512905438896
 21
94.55342077495879
 72
     1
 10
621.4512905439478
 20
94.55342077498789
 11
592.8533404191257
 21
69.25209178504883
 72
     1
 10
592.8533404191257
 20
69.25209178501972
 11
575.070059666119
 21
73.34536989190382
 72
     1
 10
575.070059666119
 20
73.34536989193293
 11
564.557607033872
 21
98.03318752849008
 72
     1
 10
564.557607033872
 20
98.03318752846099
 11
575.5372662759619
 21
424.9727034682291
 72
     1
 10
575.5372662759619
 20
424.9727034682291
 11
582.4418031595414
 21
439.5784342073603
 72
     1
 10
582.4418031595414
 20
439.5784342073603
 11
600.4082295311381
 21
438.4795604957325
 72
     1
 10
600.4082295311381
 20
438.4795604957325
 11
587.9543274660245
 21
234.8600616176845
 72
     1
 10
587.9543274660245
 20
234.8600616176554
 11
588.6959878146298
 21
99.5624269748805
 72
     1
 10
588.6959878146298
 20
99.5624269748805
 11
597.6792010004283
 21
99.01299011905212
 72
     1
 10
597.6792010004283
 20
99.01299011908122
 11
688.9033454354503
 21
312.8427248897497
 72
     1
 10
688.9033454354503
 20
312.8427248897497
 11
729.2316930251545
 21
382.5106829528813
 72
     1
 10
729.2316930251545
 20
382.5106829528522
 11
735.4036474343156
 21
385.1387961108994
 72
     1
 10
735.4036474342574
 20
385.1387961109285
 11
739.3137799225514
 21
399.9276724686497
 72
     1
 10
739.3137799225514
 20
399.9276724686497
 11
794.9804407258052
 21
474.6687112292857
 72
     1
 10
794.9804407258052
 20
474.6687112292857
 11
852.7257778312778
 21
534.2545823949913
 72
     1
 10
852.7257778312778
 20
534.2545823949621
 11
903.0171411974006
 21
570.2515096357383
 72
     1
 10
903.0171411974006
 20
570.2515096357383
 11
914.9947587784845
 21
569.5189271613198
 72
     1
 10
914.9947587784263
 20
569.5189271613198
 11
895.3800218394025
 21
543.6681613155524
 72
     1
 10
895.3800218394025
 20
543.6681613155815
 11
828.4683259295416
 21
481.6373226104478
 72
     1
 10
828.4683259295416
 20
481.6373226104188
 11
779.7062020098674
 21
421.5020145889138
 72
     1
 10
779.7062020098674
 20
421.5020145889138
 11
743.4711325270472
 21
369.6173372787889
 72
     1
 10
743.4711325270472
 20
369.6173372787889
 11
739.7441456573432
 21
357.8228653163242
 72
     1
 10
739.7441456574015
 20
357.8228653163242
 11
745.7329544479144
 21
357.4565740791149
 72
     1
 10
745.7329544479144
 20
357.4565740791149
 11
721.3655092993285
 21
106.4760417326179
 72
     1
 10
721.3655092993285
 20
106.4760417326179
 11
729.06670315488
 21
84.96577410993632
 72
     1
 10
729.06670315488
 20
84.96577410993632
 11
744.4050163684296
 21
90.03885480744065
 72
     1
 10
744.4050163684296
 20
90.03885480744065
 11
778.0119726932025
 21
148.0954865266976
 72
     1
 10
778.0119726931443
 20
148.0954865267267
 11
792.5536289346637
 21
189.2845655860146
 72
     1
 10
792.5536289347219
 20
189.2845655860146
 11
819.8054852317437
 21
241.718679751968
 72
     1
 10
819.8054852316854
 20
241.718679751968
 11
820.9043589432839
 21
259.6851061235648
 72
     1
 10
820.9043589433422
 20
259.6851061235648
 11
830.437008984969
 21
268.1188824535348
 72
     1
 10
830.437008984969
 20
268.1188824535348
 11
841.0685327381942
 21
294.5190851551015
 72
     1
 10
841.0685327381942
 20
294.5190851551306
 11
844.9786652264883
 21
309.3079615128518
 72
     1
 10
844.9786652264883
 20
309.3079615128518
 11
850.9674740170012
 21
308.9416702756425
 72
     1
 10
850.9674740170012
 20
308.9416702756425
 11
882.312608420907
 21
379.1590651945735
 72
     1
 10
882.312608420907
 20
379.1590651945735
 11
892.5778409369522
 21
399.5704591056274
 72
     1
 10
892.5778409369522
 20
399.5704591055983
 11
898.5666497274651
 21
399.204167868389
 72
     1
 10
898.5666497274651
 20
399.204167868389
 11
918.9139691409073
 21
437.0325512952113
 72
     1
 10
918.9139691409073
 20
437.0325512952404
 11
997.1897712784702
 21
537.4412102830246
 72
     1
 10
997.1897712784702
 20
537.4412102830246
 11
1009.167388859554
 21
536.7086278086062
 72
     1
 10
1009.167388859496
 20
536.7086278086062
 11
1022.30795464979
 21
505.848855762917
 72
     1
 10
1022.30795464979
 20
505.848855762917
 11
1035.274452695623
 21
324.7194270981418
 72
     1
 10
1035.274452695623
 20
324.7194270981418
 11
1037.24313575105
 21
111.2009869412577
 72
     1
 10
1037.24313575105
 20
111.2009869412577
 11
1048.552245355269
 21
50.397170942917
 72
     1
 10
1048.552245355269
 20
50.397170942917
 11
1027.225123351207
 21
45.69038148262189
 72
     1
 10
1027.225123351207
 20
45.69038148262189
 11
984.050203659688
 21
142.9493515398353
 72
     1
 10
984.0502036597463
 20
142.9493515398353
 11
1013.654191826179
 21
118.6549606806366
 97
        0
 75
     1
 76
     1
 98
        1
 10
-399.3858983864193
 20
-2983.867835924117
450
        0
451
        0
460
0.0
461
0.0
452
        0
462
1.0
453
        2
463
0.0
 63
     5
421
      255
463
1.0
 63
     2
421
 16776960
470
LINEAR
1001
GradientColor1ACI
1070
     5
1001
GradientColor2ACI
1070
     2
1001
ACAD
1010
0.0
1020
0.0
1030
0.0
  0
POLYLINE
  5
8D1
330
85C
100
AcDbEntity
  8
TWT_TEXT
100
AcDb3dPolyline
 66
     1
 10
0.0
 20
0.0
 30
0.0
 70
     8
  0
VERTEX
  5
8D2
330
8D1
100
AcDbEntity
  8
TWT_TEXT
100
AcDbVertex
100
AcDb3dPolylineVertex
 10
1013.654191826121
 20
118.6549606806366
 30
0.0
 70
    32
  0
VERTEX
  5
8D3
330
8D1
100
AcDbEntity
  8
TWT_TEXT
100
AcDbVertex
100
AcDb3dPolylineVertex
 10
1015.659715756599
 20
298.8686612523743
 30
0.0
 70
    32
  0
VERTEX
  5
8D4
330
8D1
100
AcDbEntity
  8
TWT_TEXT
100
AcDbVertex
100
AcDb3dPolylineVertex
 10
1002.143780854938
 20
471.0148767313512
 30
0.0
 70
    32
  0
VERTEX
  5
8D5
330
8D1
100
AcDbEntity
  8
TWT_TEXT
100
AcDbVertex
100
AcDb3dPolylineVertex
 10
994.8088782365667
 20
498.5139531445456
 30
0.0
 70
    32
  0
VERTEX
  5
8D6
330
8D1
100
AcDbEntity
  8
TWT_TEXT
100
AcDbVertex
100
AcDb3dPolylineVertex
 10
975.9267237719614
 20
484.6408048798621
 30
0.0
 70
    32
  0
VERTEX
  5
8D7
330
8D1
100
AcDbEntity
  8
TWT_TEXT
100
AcDbVertex
100
AcDb3dPolylineVertex
 10
930.1590042475726
 20
424.322351239738
 30
0.0
 70
    32
  0
VERTEX
  5
8D8
330
8D1
100
AcDbEntity
  8
TWT_TEXT
100
AcDbVertex
100
AcDb3dPolylineVertex
 10
883.6587022487075
 20
352.0262800185592
 30
0.0
 70
    32
  0
VERTEX
  5
8D9
330
8D1
100
AcDbEntity
  8
TWT_TEXT
100
AcDbVertex
100
AcDb3dPolylineVertex
 10
876.571019746596
 20
334.4261448841717
 30
0.0
 70
    32
  0
VERTEX
  5
8DA
330
8D1
100
AcDbEntity
  8
TWT_TEXT
100
AcDbVertex
100
AcDb3dPolylineVertex
 10
891.7261873414972
 20
336.5048211864196
 30
0.0
 70
    32
  0
VERTEX
  5
8DB
330
8D1
100
AcDbEntity
  8
TWT_TEXT
100
AcDbVertex
100
AcDb3dPolylineVertex
 10
910.2420505689224
 20
344.3891606605903
 30
0.0
 70
    32
  0
VERTEX
  5
8DC
330
8D1
100
AcDbEntity
  8
TWT_TEXT
100
AcDbVertex
100
AcDb3dPolylineVertex
 10
949.1693077073433
 20
342.0082676187448
 30
0.0
 70
    32
  0
VERTEX
  5
8DD
330
8D1
100
AcDbEntity
  8
TWT_TEXT
100
AcDbVertex
100
AcDb3dPolylineVertex
 10
963.225601590646
 20
326.120517549396
 30
0.0
 70
    32
  0
VERTEX
  5
8DE
330
8D1
100
AcDbEntity
  8
TWT_TEXT
100
AcDbVertex
100
AcDb3dPolylineVertex
 10
955.5884822327062
 20
299.5371692292101
 30
0.0
 70
    32
  0
VERTEX
  5
8DF
330
8D1
100
AcDbEntity
  8
TWT_TEXT
100
AcDbVertex
100
AcDb3dPolylineVertex
 10
932.7961952798068
 20
270.8751446067763
 30
0.0
 70
    32
  0
VERTEX
  5
8E0
330
8D1
100
AcDbEntity
  8
TWT_TEXT
100
AcDbVertex
100
AcDb3dPolylineVertex
 10
944.4075216236525
 20
264.153753341845
 30
0.0
 70
    32
  0
VERTEX
  5
8E1
330
8D1
100
AcDbEntity
  8
TWT_TEXT
100
AcDbVertex
100
AcDb3dPolylineVertex
 10
940.6805347539485
 20
252.3592813793803
 30
0.0
 70
    32
  0
VERTEX
  5
8E2
330
8D1
100
AcDbEntity
  8
TWT_TEXT
100
AcDbVertex
100
AcDb3dPolylineVertex
 10
913.3646039593731
 20
248.0187831562944
 30
0.0
 70
    32
  0
VERTEX
  5
8E3
330
8D1
100
AcDbEntity
  8
TWT_TEXT
100
AcDbVertex
100
AcDb3dPolylineVertex
 10
880.4902301090187
 20
201.9397690180922
 30
0.0
 70
    32
  0
VERTEX
  5
8E4
330
8D1
100
AcDbEntity
  8
TWT_TEXT
100
AcDbVertex
100
AcDb3dPolylineVertex
 10
876.0306607649544
 20
178.1676794745726
 30
0.0
 70
    32
  0
VERTEX
  5
8E5
330
8D1
100
AcDbEntity
  8
TWT_TEXT
100
AcDbVertex
100
AcDb3dPolylineVertex
 10
986.2101120363222
 20
210.5016943432565
 30
0.0
 70
    32
  0
VERTEX
  5
8E6
330
8D1
100
AcDbEntity
  8
TWT_TEXT
100
AcDbVertex
100
AcDb3dPolylineVertex
 10
1007.170942803204
 20
209.2196750130097
 30
0.0
 70
    32
  0
VERTEX
  5
8E7
330
8D1
100
AcDbEntity
  8
TWT_TEXT
100
AcDbVertex
100
AcDb3dPolylineVertex
 10
994.2775971291121
 20
194.9802355111169
 30
0.0
 70
    32
  0
VERTEX
  5
8E8
330
8D1
100
AcDbEntity
  8
TWT_TEXT
100
AcDbVertex
100
AcDb3dPolylineVertex
 10
889.9038090296089
 20
159.2855250099383
 30
0.0
 70
    32
  0
VERTEX
  5
8E9
330
8D1
100
AcDbEntity
  8
TWT_TEXT
100
AcDbVertex
100
AcDb3dPolylineVertex
 10
849.8776781795314
 20
143.699991680216
 30
0.0
 70
    32
  0
VERTEX
  5
8EA
330
8D1
100
AcDbEntity
  8
TWT_TEXT
100
AcDbVertex
100
AcDb3dPolylineVertex
 10
844.8045974820271
 20
159.0383048937365
 30
0.0
 70
    32
  0
VERTEX
  5
8EB
330
8D1
100
AcDbEntity
  8
TWT_TEXT
100
AcDbVertex
100
AcDb3dPolylineVertex
 10
879.6935731370467
 20
238.0557673798758
 30
0.0
 70
    32
  0
VERTEX
  5
8EC
330
8D1
100
AcDbEntity
  8
TWT_TEXT
100
AcDbVertex
100
AcDb3dPolylineVertex
 10
889.0430775600252
 20
243.4951393145893
 30
0.0
 70
    32
  0
VERTEX
  5
8ED
330
8D1
100
AcDbEntity
  8
TWT_TEXT
100
AcDbVertex
100
AcDb3dPolylineVertex
 10
890.5082425088622
 20
267.450374476728
 30
0.0
 70
    32
  0
VERTEX
  5
8EE
330
8D1
100
AcDbEntity
  8
TWT_TEXT
100
AcDbVertex
100
AcDb3dPolylineVertex
 10
918.7399013965041
 20
286.7628946761251
 30
0.0
 70
    32
  0
VERTEX
  5
8EF
330
8D1
100
AcDbEntity
  8
TWT_TEXT
100
AcDbVertex
100
AcDb3dPolylineVertex
 10
942.0816252051736
 20
324.4081324843573
 30
0.0
 70
    32
  0
VERTEX
  5
8F0
330
8D1
100
AcDbEntity
  8
TWT_TEXT
100
AcDbVertex
100
AcDb3dPolylineVertex
 10
912.1375812525512
 20
326.2395886704035
 30
0.0
 70
    32
  0
VERTEX
  5
8F1
330
8D1
100
AcDbEntity
  8
TWT_TEXT
100
AcDbVertex
100
AcDb3dPolylineVertex
 10
890.2610223926604
 20
312.54958602431
 30
0.0
 70
    32
  0
VERTEX
  5
8F2
330
8D1
100
AcDbEntity
  8
TWT_TEXT
100
AcDbVertex
100
AcDb3dPolylineVertex
 10
886.5340355229564
 20
300.7551140618452
 30
0.0
 70
    32
  0
VERTEX
  5
8F3
330
8D1
100
AcDbEntity
  8
TWT_TEXT
100
AcDbVertex
100
AcDb3dPolylineVertex
 10
859.5843959655612
 20
302.4034246293013
 30
0.0
 70
    32
  0
VERTEX
  5
8F4
330
8D1
100
AcDbEntity
  8
TWT_TEXT
100
AcDbVertex
100
AcDb3dPolylineVertex
 10
768.5433971491293
 20
91.56809425388928
 30
0.0
 70
    32
  0
VERTEX
  5
8F5
330
8D1
100
AcDbEntity
  8
TWT_TEXT
100
AcDbVertex
100
AcDb3dPolylineVertex
 10
752.1062102239811
 20
68.52858718478819
 30
0.0
 70
    32
  0
VERTEX
  5
8F6
330
8D1
100
AcDbEntity
  8
TWT_TEXT
100
AcDbVertex
100
AcDb3dPolylineVertex
 10
739.579155787127
 20
60.27795647340827
 30
0.0
 70
    32
  0
VERTEX
  5
8F7
330
8D1
100
AcDbEntity
  8
TWT_TEXT
100
AcDbVertex
100
AcDb3dPolylineVertex
 10
712.995807466912
 20
67.91507583137718
 30
0.0
 70
    32
  0
VERTEX
  5
8F8
330
8D1
100
AcDbEntity
  8
TWT_TEXT
100
AcDbVertex
100
AcDb3dPolylineVertex
 10
699.4889504394377
 20
92.7860390865244
 30
0.0
 70
    32
  0
VERTEX
  5
8F9
330
8D1
100
AcDbEntity
  8
TWT_TEXT
100
AcDbVertex
100
AcDb3dPolylineVertex
 10
707.7305032766307
 20
227.534236873471
 30
0.0
 70
    32
  0
VERTEX
  5
8FA
330
8D1
100
AcDbEntity
  8
TWT_TEXT
100
AcDbVertex
100
AcDb3dPolylineVertex
 10
719.2136806253111
 20
317.0000774942455
 30
0.0
 70
    32
  0
VERTEX
  5
8FB
330
8D1
100
AcDbEntity
  8
TWT_TEXT
100
AcDbVertex
100
AcDb3dPolylineVertex
 10
710.0473218209226
 20
314.5551099547883
 30
0.0
 70
    32
  0
VERTEX
  5
8FC
330
8D1
100
AcDbEntity
  8
TWT_TEXT
100
AcDbVertex
100
AcDb3dPolylineVertex
 10
646.0750336828641
 20
153.1594893500441
 30
0.0
 70
    32
  0
VERTEX
  5
8FD
330
8D1
100
AcDbEntity
  8
TWT_TEXT
100
AcDbVertex
100
AcDb3dPolylineVertex
 10
621.4512905439478
 20
94.55342077498789
 30
0.0
 70
    32
  0
VERTEX
  5
8FE
330
8D1
100
AcDbEntity
  8
TWT_TEXT
100
AcDbVertex
100
AcDb3dPolylineVertex
 10
592.8533404191257
 20
69.25209178501972
 30
0.0
 70
    32
  0
VERTEX
  5
8FF
330
8D1
100
AcDbEntity
  8
TWT_TEXT
100
AcDbVertex
100
AcDb3dPolylineVertex
 10
575.070059666119
 20
73.34536989193293
 30
0.0
 70
    32
  0
VERTEX
  5
900
330
8D1
100
AcDbEntity
  8
TWT_TEXT
100
AcDbVertex
100
AcDb3dPolylineVertex
 10
564.557607033872
 20
98.03318752846099
 30
0.0
 70
    32
  0
VERTEX
  5
901
330
8D1
100
AcDbEntity
  8
TWT_TEXT
100
AcDbVertex
100
AcDb3dPolylineVertex
 10
575.5372662759619
 20
424.9727034682291
 30
0.0
 70
    32
  0
VERTEX
  5
902
330
8D1
100
AcDbEntity
  8
TWT_TEXT
100
AcDbVertex
100
AcDb3dPolylineVertex
 10
582.4418031595414
 20
439.5784342073603
 30
0.0
 70
    32
  0
VERTEX
  5
903
330
8D1
100
AcDbEntity
  8
TWT_TEXT
100
AcDbVertex
100
AcDb3dPolylineVertex
 10
600.4082295311381
 20
438.4795604957325
 30
0.0
 70
    32
  0
VERTEX
  5
904
330
8D1
100
AcDbEntity
  8
TWT_TEXT
100
AcDbVertex
100
AcDb3dPolylineVertex
 10
587.9543274660245
 20
234.8600616176554
 30
0.0
 70
    32
  0
VERTEX
  5
905
330
8D1
100
AcDbEntity
  8
TWT_TEXT
100
AcDbVertex
100
AcDb3dPolylineVertex
 10
588.6959878146298
 20
99.5624269748805
 30
0.0
 70
    32
  0
VERTEX
  5
906
330
8D1
100
AcDbEntity
  8
TWT_TEXT
100
AcDbVertex
100
AcDb3dPolylineVertex
 10
597.6792010004283
 20
99.01299011908122
 30
0.0
 70
    32
  0
VERTEX
  5
907
330
8D1
100
AcDbEntity
  8
TWT_TEXT
100
AcDbVertex
100
AcDb3dPolylineVertex
 10
688.9033454354503
 20
312.8427248897497
 30
0.0
 70
    32
  0
VERTEX
  5
908
330
8D1
100
AcDbEntity
  8
TWT_TEXT
100
AcDbVertex
100
AcDb3dPolylineVertex
 10
729.2316930251545
 20
382.5106829528522
 30
0.0
 70
    32
  0
VERTEX
  5
909
330
8D1
100
AcDbEntity
  8
TWT_TEXT
100
AcDbVertex
100
AcDb3dPolylineVertex
 10
735.4036474342574
 20
385.1387961109285
 30
0.0
 70
    32
  0
VERTEX
  5
90A
330
8D1
100
AcDbEntity
  8
TWT_TEXT
100
AcDbVertex
100
AcDb3dPolylineVertex
 10
739.3137799225514
 20
399.9276724686497
 30
0.0
 70
    32
  0
VERTEX
  5
90B
330
8D1
100
AcDbEntity
  8
TWT_TEXT
100
AcDbVertex
100
AcDb3dPolylineVertex
 10
794.9804407258052
 20
474.6687112292857
 30
0.0
 70
    32
  0
VERTEX
  5
90C
330
8D1
100
AcDbEntity
  8
TWT_TEXT
100
AcDbVertex
100
AcDb3dPolylineVertex
 10
852.7257778312778
 20
534.2545823949621
 30
0.0
 70
    32
  0
VERTEX
  5
90D
330
8D1
100
AcDbEntity
  8
TWT_TEXT
100
AcDbVertex
100
AcDb3dPolylineVertex
 10
903.0171411974006
 20
570.2515096357383
 30
0.0
 70
    32
  0
VERTEX
  5
90E
330
8D1
100
AcDbEntity
  8
TWT_TEXT
100
AcDbVertex
100
AcDb3dPolylineVertex
 10
914.9947587784263
 20
569.5189271613198
 30
0.0
 70
    32
  0
VERTEX
  5
90F
330
8D1
100
AcDbEntity
  8
TWT_TEXT
100
AcDbVertex
100
AcDb3dPolylineVertex
 10
895.3800218394025
 20
543.6681613155815
 30
0.0
 70
    32
  0
VERTEX
  5
910
330
8D1
100
AcDbEntity
  8
TWT_TEXT
100
AcDbVertex
100
AcDb3dPolylineVertex
 10
828.4683259295416
 20
481.6373226104188
 30
0.0
 70
    32
  0
VERTEX
  5
911
330
8D1
100
AcDbEntity
  8
TWT_TEXT
100
AcDbVertex
100
AcDb3dPolylineVertex
 10
779.7062020098674
 20
421.5020145889138
 30
0.0
 70
    32
  0
VERTEX
  5
912
330
8D1
100
AcDbEntity
  8
TWT_TEXT
100
AcDbVertex
100
AcDb3dPolylineVertex
 10
743.4711325270472
 20
369.6173372787889
 30
0.0
 70
    32
  0
VERTEX
  5
913
330
8D1
100
AcDbEntity
  8
TWT_TEXT
100
AcDbVertex
100
AcDb3dPolylineVertex
 10
739.7441456574015
 20
357.8228653163242
 30
0.0
 70
    32
  0
VERTEX
  5
914
330
8D1
100
AcDbEntity
  8
TWT_TEXT
100
AcDbVertex
100
AcDb3dPolylineVertex
 10
745.7329544479144
 20
357.4565740791149
 30
0.0
 70
    32
  0
VERTEX
  5
915
330
8D1
100
AcDbEntity
  8
TWT_TEXT
100
AcDbVertex
100
AcDb3dPolylineVertex
 10
721.3655092993285
 20
106.4760417326179
 30
0.0
 70
    32
  0
VERTEX
  5
916
330
8D1
100
AcDbEntity
  8
TWT_TEXT
100
AcDbVertex
100
AcDb3dPolylineVertex
 10
729.06670315488
 20
84.96577410993632
 30
0.0
 70
    32
  0
VERTEX
  5
917
330
8D1
100
AcDbEntity
  8
TWT_TEXT
100
AcDbVertex
100
AcDb3dPolylineVertex
 10
744.4050163684296
 20
90.03885480744065
 30
0.0
 70
    32
  0
VERTEX
  5
918
330
8D1
100
AcDbEntity
  8
TWT_TEXT
100
AcDbVertex
100
AcDb3dPolylineVertex
 10
778.0119726931443
 20
148.0954865267267
 30
0.0
 70
    32
  0
VERTEX
  5
919
330
8D1
100
AcDbEntity
  8
TWT_TEXT
100
AcDbVertex
100
AcDb3dPolylineVertex
 10
792.5536289347219
 20
189.2845655860146
 30
0.0
 70
    32
  0
VERTEX
  5
91A
330
8D1
100
AcDbEntity
  8
TWT_TEXT
100
AcDbVertex
100
AcDb3dPolylineVertex
 10
819.8054852316854
 20
241.718679751968
 30
0.0
 70
    32
  0
VERTEX
  5
91B
330
8D1
100
AcDbEntity
  8
TWT_TEXT
100
AcDbVertex
100
AcDb3dPolylineVertex
 10
820.9043589433422
 20
259.6851061235648
 30
0.0
 70
    32
  0
VERTEX
  5
91C
330
8D1
100
AcDbEntity
  8
TWT_TEXT
100
AcDbVertex
100
AcDb3dPolylineVertex
 10
830.437008984969
 20
268.1188824535348
 30
0.0
 70
    32
  0
VERTEX
  5
91D
330
8D1
100
AcDbEntity
  8
TWT_TEXT
100
AcDbVertex
100
AcDb3dPolylineVertex
 10
841.0685327381942
 20
294.5190851551306
 30
0.0
 70
    32
  0
VERTEX
  5
91E
330
8D1
100
AcDbEntity
  8
TWT_TEXT
100
AcDbVertex
100
AcDb3dPolylineVertex
 10
844.9786652264883
 20
309.3079615128518
 30
0.0
 70
    32
  0
VERTEX
  5
91F
330
8D1
100
AcDbEntity
  8
TWT_TEXT
100
AcDbVertex
100
AcDb3dPolylineVertex
 10
850.9674740170012
 20
308.9416702756425
 30
0.0
 70
    32
  0
VERTEX
  5
920
330
8D1
100
AcDbEntity
  8
TWT_TEXT
100
AcDbVertex
100
AcDb3dPolylineVertex
 10
882.312608420907
 20
379.1590651945735
 30
0.0
 70
    32
  0
VERTEX
  5
921
330
8D1
100
AcDbEntity
  8
TWT_TEXT
100
AcDbVertex
100
AcDb3dPolylineVertex
 10
892.5778409369522
 20
399.5704591055983
 30
0.0
 70
    32
  0
VERTEX
  5
922
330
8D1
100
AcDbEntity
  8
TWT_TEXT
100
AcDbVertex
100
AcDb3dPolylineVertex
 10
898.5666497274651
 20
399.204167868389
 30
0.0
 70
    32
  0
VERTEX
  5
923
330
8D1
100
AcDbEntity
  8
TWT_TEXT
100
AcDbVertex
100
AcDb3dPolylineVertex
 10
918.9139691409073
 20
437.0325512952404
 30
0.0
 70
    32
  0
VERTEX
  5
924
330
8D1
100
AcDbEntity
  8
TWT_TEXT
100
AcDbVertex
100
AcDb3dPolylineVertex
 10
997.1897712784702
 20
537.4412102830246
 30
0.0
 70
    32
  0
VERTEX
  5
925
330
8D1
100
AcDbEntity
  8
TWT_TEXT
100
AcDbVertex
100
AcDb3dPolylineVertex
 10
1009.167388859496
 20
536.7086278086062
 30
0.0
 70
    32
  0
VERTEX
  5
926
330
8D1
100
AcDbEntity
  8
TWT_TEXT
100
AcDbVertex
100
AcDb3dPolylineVertex
 10
1022.30795464979
 20
505.848855762917
 30
0.0
 70
    32
  0
VERTEX
  5
927
330
8D1
100
AcDbEntity
  8
TWT_TEXT
100
AcDbVertex
100
AcDb3dPolylineVertex
 10
1035.274452695623
 20
324.7194270981418
 30
0.0
 70
    32
  0
VERTEX
  5
928
330
8D1
100
AcDbEntity
  8
TWT_TEXT
100
AcDbVertex
100
AcDb3dPolylineVertex
 10
1037.24313575105
 20
111.2009869412577
 30
0.0
 70
    32
  0
VERTEX
  5
929
330
8D1
100
AcDbEntity
  8
TWT_TEXT
100
AcDbVertex
100
AcDb3dPolylineVertex
 10
1048.552245355269
 20
50.397170942917
 30
0.0
 70
    32
  0
VERTEX
  5
92A
330
8D1
100
AcDbEntity
  8
TWT_TEXT
100
AcDbVertex
100
AcDb3dPolylineVertex
 10
1027.225123351207
 20
45.69038148262189
 30
0.0
 70
    32
  0
VERTEX
  5
92B
330
8D1
100
AcDbEntity
  8
TWT_TEXT
100
AcDbVertex
100
AcDb3dPolylineVertex
 10
984.0502036597463
 20
142.9493515398353
 30
0.0
 70
    32
  0
SEQEND
  5
92C
330
8D1
100
AcDbEntity
  8
TWT_TEXT
  0
POLYLINE
  5
92D
330
85C
100
AcDbEntity
  8
TWT_TEXT
100
AcDb3dPolyline
 66
     1
 10
0.0
 20
0.0
 30
0.0
 70
     8
  0
VERTEX
  5
92E
330
92D
100
AcDbEntity
  8
TWT_TEXT
100
AcDbVertex
100
AcDb3dPolylineVertex
 10
1391.742032915703
 20
118.1114744778024
 30
0.0
 70
    32
  0
VERTEX
  5
92F
330
92D
100
AcDbEntity
  8
TWT_TEXT
100
AcDbVertex
100
AcDb3dPolylineVertex
 10
1388.368522383738
 20
121.9245344944356
 30
0.0
 70
    32
  0
SEQEND
  5
930
330
92D
100
AcDbEntity
  8
TWT_TEXT
  0
POLYLINE
  5
931
330
85C
100
AcDbEntity
  8
TWT_TEXT
100
AcDb3dPolyline
 66
     1
 10
0.0
 20
0.0
 30
0.0
 70
     8
  0
VERTEX
  5
932
330
931
100
AcDbEntity
  8
TWT_TEXT
100
AcDbVertex
100
AcDb3dPolylineVertex
 10
357.0010642279521
 20
148.2470486158854
 30
0.0
 70
    32
  0
VERTEX
  5
933
330
931
100
AcDbEntity
  8
TWT_TEXT
100
AcDbVertex
100
AcDb3dPolylineVertex
 10
354.0010642279522
 20
148.2470486158854
 30
0.0
 70
    32
  0
SEQEND
  5
934
330
931
100
AcDbEntity
  8
TWT_TEXT
  0
POLYLINE
  5
935
330
85C
100
AcDbEntity
  8
TWT_TEXT
100
AcDb3dPolyline
 66
     1
 10
0.0
 20
0.0
 30
0.0
 70
     8
  0
VERTEX
  5
936
330
935
100
AcDbEntity
  8
TWT_TEXT
100
AcDbVertex
100
AcDb3dPolylineVertex
 10
1272.493401187239
 20
291.3144878202002
 30
0.0
 70
    32
  0
VERTEX
  5
937
330
935
100
AcDbEntity
  8
TWT_TEXT
100
AcDbVertex
100
AcDb3dPolylineVertex
 10
1284.591905464185
 20
312.2148752391222
 30
0.0
 70
    32
  0
VERTEX
  5
938
330
935
100
AcDbEntity
  8
TWT_TEXT
100
AcDbVertex
100
AcDb3dPolylineVertex
 10
1341.568030971568
 20
359.2242479446868
 30
0.0
 70
    32
  0
VERTEX
  5
939
330
935
100
AcDbEntity
  8
TWT_TEXT
100
AcDbVertex
100
AcDb3dPolylineVertex
 10
1380.357955364859
 20
403.7392090875655
 30
0.0
 70
    32
  0
VERTEX
  5
93A
330
935
100
AcDbEntity
  8
TWT_TEXT
100
AcDbVertex
100
AcDb3dPolylineVertex
 10
1387.544525913545
 20
403.2996596029261
 30
0.0
 70
    32
  0
VERTEX
  5
93B
330
935
100
AcDbEntity
  8
TWT_TEXT
100
AcDbVertex
100
AcDb3dPolylineVertex
 10
1383.368805809412
 20
335.0272393908817
 30
0.0
 70
    32
  0
VERTEX
  5
93C
330
935
100
AcDbEntity
  8
TWT_TEXT
100
AcDbVertex
100
AcDb3dPolylineVertex
 10
1338.930734063615
 20
316.1048246528662
 30
0.0
 70
    32
  0
VERTEX
  5
93D
330
935
100
AcDbEntity
  8
TWT_TEXT
100
AcDbVertex
100
AcDb3dPolylineVertex
 10
1287.086317026871
 20
294.0286741252057
 30
0.0
 70
    32
  0
VERTEX
  5
93E
330
935
100
AcDbEntity
  8
TWT_TEXT
100
AcDbVertex
100
AcDb3dPolylineVertex
 10
1272.493401187239
 20
291.3144878202002
 30
0.0
 70
    32
  0
SEQEND
  5
93F
330
935
100
AcDbEntity
  8
TWT_TEXT
  0
HATCH
  5
940
330
85C
100
AcDbEntity
  8
TWT_TEXT
  6
Continuous
100
AcDbHatch
 10
0.0
 20
0.0
 30
0.0
210
0.0
220
0.0
230
1.0
  2
SOLID
 70
     1
 71
     0
 91
        1
 92
        1
 93
       11
 72
     1
 10
1227.242226420203
 20
377.0368955220038
 11
1229.220199101139
 21
409.3764629908837
 72
     1
 10
1229.220199101255
 20
409.3764629908837
 11
1248.725048669148
 21
433.430586199509
 72
     1
 10
1248.725048669148
 20
433.4305861994507
 11
1305.844059521682
 21
541.7455833107815
 72
     1
 10
1305.844059521682
 20
541.7455833107815
 11
1327.403771167621
 21
540.4269348568341
 72
     1
 10
1327.403771167621
 20
540.4269348568341
 11
1326.085122713703
 21
518.8672232109238
 72
     1
 10
1326.085122713586
 20
518.8672232109238
 11
1277.910880348237
 21
438.8589588095201
 72
     1
 10
1277.910880348296
 20
438.858958809491
 11
1264.933277102129
 21
403.5854302932566
 72
     1
 10
1264.933277102071
 20
403.5854302932857
 11
1292.8004603273
 21
387.4540912574157
 72
     1
 10
1292.8004603273
 20
387.4540912574157
 11
1288.328076083679
 21
373.3007249024522
 72
     1
 10
1288.328076083679
 20
373.3007249024522
 11
1223.868715888238
 21
380.8499555386079
 72
     1
 10
1223.868715888238
 20
380.849955538637
 11
1227.242226420203
 21
377.0368955219747
 97
        0
 75
     1
 76
     1
 98
        1
 10
-702.7607407886534
 20
-3580.520885049831
450
        0
451
        0
460
0.0
461
0.0
452
        0
462
1.0
453
        2
463
0.0
 63
     5
421
      255
463
1.0
 63
     2
421
 16776960
470
LINEAR
1001
GradientColor1ACI
1070
     5
1001
GradientColor2ACI
1070
     2
1001
ACAD
1010
0.0
1020
0.0
1030
0.0
  0
POLYLINE
  5
941
330
85C
100
AcDbEntity
  8
TWT_TEXT
100
AcDb3dPolyline
 66
     1
 10
0.0
 20
0.0
 30
0.0
 70
     8
  0
VERTEX
  5
942
330
941
100
AcDbEntity
  8
TWT_TEXT
100
AcDbVertex
100
AcDb3dPolylineVertex
 10
183.0010642279521
 20
352.2470486158854
 30
0.0
 70
    32
  0
VERTEX
  5
943
330
941
100
AcDbEntity
  8
TWT_TEXT
100
AcDbVertex
100
AcDb3dPolylineVertex
 10
183.0010642279521
 20
358.2470486158854
 30
0.0
 70
    32
  0
VERTEX
  5
944
330
941
100
AcDbEntity
  8
TWT_TEXT
100
AcDbVertex
100
AcDb3dPolylineVertex
 10
189.0010642279521
 20
358.2470486158854
 30
0.0
 70
    32
  0
VERTEX
  5
945
330
941
100
AcDbEntity
  8
TWT_TEXT
100
AcDbVertex
100
AcDb3dPolylineVertex
 10
189.0010642279521
 20
352.2470486158854
 30
0.0
 70
    32
  0
VERTEX
  5
946
330
941
100
AcDbEntity
  8
TWT_TEXT
100
AcDbVertex
100
AcDb3dPolylineVertex
 10
183.0010642279521
 20
352.2470486158854
 30
0.0
 70
    32
  0
SEQEND
  5
947
330
941
100
AcDbEntity
  8
TWT_TEXT
  0
LINE
  5
948
330
85C
100
AcDbEntity
  8
TWT_TEXT
  6
Continuous
100
AcDbLine
 10
1396.807745438302
 20
24.02673311854596
 30
0.0
 11
1404.653640213888
 21
34.36703945684712
 31
0.0
  0
LINE
  5
949
330
85C
100
AcDbEntity
  8
TWT_TEXT
  6
Continuous
100
AcDbLine
 10
1404.653640213888
 20
34.36703945684712
 30
0.0
 11
1415.049049051245
 21
322.2694108870055
 31
0.0
  0
LINE
  5
94A
330
85C
100
AcDbEntity
  8
TWT_TEXT
  6
Continuous
100
AcDbLine
 10
1415.049049051245
 20
322.2694108870055
 30
0.0
 11
1503.265868315822
 21
349.3343845400668
 31
0.0
  0
LINE
  5
94B
330
85C
100
AcDbEntity
  8
TWT_TEXT
  6
Continuous
100
AcDbLine
 10
1503.265868315822
 20
349.3343845400668
 30
0.0
 11
1517.639009413076
 21
348.4552855707589
 31
0.0
  0
LINE
  5
94C
330
85C
100
AcDbEntity
  8
TWT_TEXT
  6
Continuous
100
AcDbLine
 10
1517.639009413076
 20
348.4552855707589
 30
0.0
 11
1528.199090493726
 21
344.2026760694571
 31
0.0
  0
LINE
  5
94D
330
85C
100
AcDbEntity
  8
TWT_TEXT
  6
Continuous
100
AcDbLine
 10
1528.199090493726
 20
344.2026760694571
 30
0.0
 11
1557.384922172874
 21
349.6310486794682
 31
0.0
  0
LINE
  5
94E
330
85C
100
AcDbEntity
  8
TWT_TEXT
  6
Continuous
100
AcDbLine
 10
1557.384922172874
 20
349.6310486794682
 30
0.0
 11
1556.54207257973
 21
371.4658038934867
 31
0.0
  0
LINE
  5
94F
330
85C
100
AcDbEntity
  8
TWT_TEXT
  6
Continuous
100
AcDbLine
 10
1556.54207257973
 20
371.4658038934867
 30
0.0
 11
1482.80503038154
 21
368.6194593655819
 31
0.0
  0
LINE
  5
950
330
85C
100
AcDbEntity
  8
TWT_TEXT
  6
Continuous
100
AcDbLine
 10
1482.80503038154
 20
368.6194593655819
 30
0.0
 11
1416.807246989803
 21
351.0156930815429
 31
0.0
  0
LINE
  5
951
330
85C
100
AcDbEntity
  8
TWT_TEXT
  6
Continuous
100
AcDbLine
 10
1416.807246989803
 20
351.0156930815429
 30
0.0
 11
1416.510582850431
 21
405.1347469386528
 31
0.0
  0
LINE
  5
952
330
85C
100
AcDbEntity
  8
TWT_TEXT
  6
Continuous
100
AcDbLine
 10
1416.510582850431
 20
405.1347469386528
 30
0.0
 11
1395.170645946869
 21
410.0466806669137
 31
0.0
  0
LINE
  5
953
330
85C
100
AcDbEntity
  8
TWT_TEXT
  6
Continuous
100
AcDbLine
 10
1395.170645946869
 20
410.0466806669137
 30
0.0
 11
1461.311314683757
 21
488.9560713567188
 31
0.0
  0
LINE
  5
954
330
85C
100
AcDbEntity
  8
TWT_TEXT
  6
Continuous
100
AcDbLine
 10
1461.311314683757
 20
488.9560713567188
 30
0.0
 11
1463.289287364692
 21
521.2956388255697
 31
0.0
  0
LINE
  5
955
330
85C
100
AcDbEntity
  8
TWT_TEXT
  6
Continuous
100
AcDbLine
 10
1463.289287364692
 20
521.2956388255697
 30
0.0
 11
1425.301572543452
 21
548.8661579113977
 31
0.0
  0
LINE
  5
956
330
85C
100
AcDbEntity
  8
TWT_TEXT
  6
Continuous
100
AcDbLine
 10
1425.301572543452
 20
548.8661579113977
 30
0.0
 11
1381.962374509312
 21
547.910169544979
 31
0.0
  0
LINE
  5
957
330
85C
100
AcDbEntity
  8
TWT_TEXT
  6
Continuous
100
AcDbLine
 10
1381.962374509312
 20
547.910169544979
 30
0.0
 11
1366.270584958023
 21
527.2295568683766
 31
0.0
  0
LINE
  5
958
330
85C
100
AcDbEntity
  8
TWT_TEXT
  6
Continuous
100
AcDbLine
 10
1366.270584958023
 20
527.2295568683766
 30
0.0
 11
1391.203807135927
 21
522.0978483977669
 31
0.0
  0
LINE
  5
959
330
85C
100
AcDbEntity
  8
TWT_TEXT
  6
Continuous
100
AcDbLine
 10
1391.203807135927
 20
522.0978483977669
 30
0.0
 11
1423.543374604778
 21
520.1198757168604
 31
0.0
  0
LINE
  5
95A
330
85C
100
AcDbEntity
  8
TWT_TEXT
  6
Continuous
100
AcDbLine
 10
1423.543374604778
 20
520.1198757168604
 30
0.0
 11
1436.597867248114
 21
497.6810651016421
 31
0.0
  0
LINE
  5
95B
330
85C
100
AcDbEntity
  8
TWT_TEXT
  6
Continuous
100
AcDbLine
 10
1436.597867248114
 20
497.6810651016421
 30
0.0
 11
1416.653468195698
 21
466.4403713443898
 31
0.0
  0
LINE
  5
95C
330
85C
100
AcDbEntity
  8
TWT_TEXT
  6
Continuous
100
AcDbLine
 10
1308.5691392757
 20
350.4223648026818
 30
0.0
 11
1293.536673951428
 21
340.5216079490201
 31
0.0
  0
LINE
  5
95D
330
85C
100
AcDbEntity
  8
TWT_TEXT
  6
Continuous
100
AcDbLine
 10
1293.536673951428
 20
340.5216079490201
 30
0.0
 11
1289.064289707807
 21
326.3682415940566
 31
0.0
  0
LINE
  5
95E
330
85C
100
AcDbEntity
  8
TWT_TEXT
  6
Continuous
100
AcDbLine
 10
1289.064289707807
 20
326.3682415940566
 30
0.0
 11
1270.658313851571
 21
320.2805447570572
 31
0.0
  0
LINE
  5
95F
330
85C
100
AcDbEntity
  8
TWT_TEXT
  6
Continuous
100
AcDbLine
 10
1270.658313851571
 20
320.2805447570572
 30
0.0
 11
1224.462044167216
 21
272.6118478244753
 31
0.0
  0
LINE
  5
960
330
85C
100
AcDbEntity
  8
TWT_TEXT
  6
Continuous
100
AcDbLine
 10
1224.462044167216
 20
272.6118478244753
 30
0.0
 11
1213.682188344188
 21
273.2711720514926
 31
0.0
  0
LINE
  5
961
330
85C
100
AcDbEntity
  8
TWT_TEXT
  6
Continuous
100
AcDbLine
 10
1213.682188344188
 20
273.2711720514926
 30
0.0
 11
1183.177708211122
 21
246.283087795513
 31
0.0
  0
LINE
  5
962
330
85C
100
AcDbEntity
  8
TWT_TEXT
  6
Continuous
100
AcDbLine
 10
1196.232200854341
 20
223.8442771802947
 30
0.0
 11
1244.263557874481
 21
242.5469171759905
 31
0.0
  0
LINE
  5
963
330
85C
100
AcDbEntity
  8
TWT_TEXT
  6
Continuous
100
AcDbLine
 10
1244.263557874481
 20
242.5469171759905
 30
0.0
 11
1292.954239121522
 21
272.0294129946269
 31
0.0
  0
LINE
  5
964
330
85C
100
AcDbEntity
  8
TWT_TEXT
  6
Continuous
100
AcDbLine
 10
1292.954239121522
 20
272.0294129946269
 30
0.0
 11
1385.423667887458
 21
309.6544677283091
 31
0.0
  0
LINE
  5
965
330
85C
100
AcDbEntity
  8
TWT_TEXT
  6
Continuous
100
AcDbLine
 10
1385.423667887458
 20
309.6544677283091
 30
0.0
 11
1381.621501319809
 21
129.5506545277312
 31
0.0
  0
LINE
  5
966
330
85C
100
AcDbEntity
  8
TWT_TEXT
  6
Continuous
100
AcDbLine
 10
1381.621501319809
 20
129.5506545277312
 30
0.0
 11
1388.825653847773
 21
129.3985678650206
 31
0.0
  0
LINE
  5
967
330
85C
100
AcDbEntity
  8
TWT_TEXT
  6
Continuous
100
AcDbLine
 10
1383.896138140117
 20
107.7711681394721
 30
0.0
 11
1390.643159204163
 21
100.1450481062056
 31
0.0
  0
LINE
  5
968
330
85C
100
AcDbEntity
  8
TWT_TEXT
  6
Continuous
100
AcDbLine
 10
1390.643159204163
 20
100.1450481062056
 30
0.0
 11
1396.291306556435
 21
74.5525017013133
 31
0.0
  0
LINE
  5
969
330
85C
100
AcDbEntity
  8
TWT_TEXT
  6
Continuous
100
AcDbLine
 10
1396.291306556435
 20
74.5525017013133
 30
0.0
 11
1384.166644547367
 21
75.25200524524553
 31
0.0
  0
LINE
  5
96A
330
85C
100
AcDbEntity
  8
TWT_TEXT
  6
Continuous
100
AcDbLine
 10
1384.166644547367
 20
75.25200524524553
 30
0.0
 11
1384.852126506623
 21
64.43197010533186
 31
0.0
  0
LINE
  5
96B
330
85C
100
AcDbEntity
  8
TWT_TEXT
  6
Continuous
100
AcDbLine
 10
1384.852126506623
 20
64.43197010533186
 30
0.0
 11
1397.906619149842
 21
41.99315949011361
 31
0.0
  0
LINE
  5
96C
330
85C
100
AcDbEntity
  8
TWT_TEXT
  6
Continuous
100
AcDbLine
 10
1397.906619149842
 20
41.99315949011361
 30
0.0
 11
1390.060724374256
 21
31.65285315181245
 31
0.0
  0
LINE
  5
96D
330
85C
100
AcDbEntity
  8
TWT_TEXT
  6
Continuous
100
AcDbLine
 10
1390.060724374256
 20
31.65285315181245
 30
0.0
 11
1396.807745438302
 21
24.02673311854596
 31
0.0
  0
LINE
  5
96E
330
85C
100
AcDbEntity
  8
TWT_TEXT
  6
Continuous
100
AcDbLine
 10
1381.621501319809
 20
129.5506545277312
 30
0.0
 11
1384.166644547367
 21
75.25200524524553
 31
0.0
  0
LINE
  5
96F
330
85C
100
AcDbEntity
  8
TWT_TEXT
  6
Continuous
100
AcDbLine
 10
1384.166644547367
 20
75.25200524524553
 30
0.0
 11
1396.291306556435
 21
74.5525017013133
 31
0.0
  0
LINE
  5
970
330
85C
100
AcDbEntity
  8
TWT_TEXT
  6
Continuous
100
AcDbLine
 10
1396.291306556435
 20
74.5525017013133
 30
0.0
 11
1390.643159204163
 21
100.1450481062056
 31
0.0
  0
LINE
  5
971
330
85C
100
AcDbEntity
  8
TWT_TEXT
  6
Continuous
100
AcDbLine
 10
1390.643159204163
 20
100.1450481062056
 30
0.0
 11
1383.896138140117
 21
107.7711681394721
 31
0.0
  0
LINE
  5
972
330
85C
100
AcDbEntity
  8
TWT_TEXT
  6
Continuous
100
AcDbLine
 10
1383.896138140117
 20
107.7711681394721
 30
0.0
 11
1391.742032915703
 21
118.1114744778024
 31
0.0
  0
LINE
  5
973
330
85C
100
AcDbEntity
  8
TWT_TEXT
  6
Continuous
100
AcDbLine
 10
1391.742032915703
 20
118.1114744778024
 30
0.0
 11
1388.368522383738
 21
121.9245344944356
 31
0.0
  0
LINE
  5
974
330
85C
100
AcDbEntity
  8
TWT_TEXT
  6
Continuous
100
AcDbLine
 10
1388.368522383738
 20
121.9245344944356
 30
0.0
 11
1388.825653847773
 21
129.3985678650206
 31
0.0
  0
LINE
  5
975
330
85C
100
AcDbEntity
  8
TWT_TEXT
  6
Continuous
100
AcDbLine
 10
1388.825653847773
 20
129.3985678650206
 30
0.0
 11
1381.621501319809
 21
129.5506545277312
 31
0.0
  0
HATCH
  5
976
330
85C
100
AcDbEntity
  8
TWT_TEXT
  6
Continuous
100
AcDbHatch
 10
0.0
 20
0.0
 30
0.0
210
0.0
220
0.0
230
1.0
  2
SOLID
 70
     1
 71
     0
 91
        1
 92
        7
 72
     0
 73
     1
 93
        8
 10
1391.742032915703
 20
118.1114744777151
 10
1388.368522383738
 20
121.9245344943774
 10
1388.825653847773
 20
129.3985678649624
 10
1381.621501319809
 20
129.550654527673
 10
1384.166644547367
 20
75.25200524518732
 10
1396.291306556435
 20
74.55250170122599
 10
1390.643159204163
 20
100.1450481061474
 10
1383.896138140117
 20
107.7711681394139
 97
        0
 75
     1
 76
     1
 47
0.0173593206952107
 98
        1
 10
1387.389687965391
 20
116.3583166826865
450
        0
451
        0
460
0.0
461
0.0
452
        0
462
1.0
453
        2
463
0.0
 63
     5
421
      255
463
1.0
 63
     2
421
 16776960
470
LINEAR
1001
GradientColor1ACI
1070
     5
1001
GradientColor2ACI
1070
     2
1001
ACAD
1010
0.0
1020
0.0
1030
0.0
  0
LINE
  5
977
330
85C
100
AcDbEntity
  8
TWT_TEXT
  6
Continuous
100
AcDbLine
 10
1387.461309555918
 20
59.94715664652176
 30
0.0
 11
1390.060724374256
 21
31.65285315181245
 31
0.0
  0
LINE
  5
978
330
85C
100
AcDbEntity
  8
TWT_TEXT
  6
Continuous
100
AcDbLine
 10
1390.060724374256
 20
31.65285315181245
 30
0.0
 11
1397.906619149842
 21
41.99315949011361
 31
0.0
  0
LINE
  5
979
330
85C
100
AcDbEntity
  8
TWT_TEXT
  6
Continuous
100
AcDbLine
 10
1397.906619149842
 20
41.99315949011361
 30
0.0
 11
1387.461309555918
 21
59.94715664652176
 31
0.0
  0
HATCH
  5
97A
330
85C
100
AcDbEntity
  8
TWT_TEXT
  6
Continuous
100
AcDbHatch
 10
0.0
 20
0.0
 30
0.0
210
0.0
220
0.0
230
1.0
  2
SOLID
 70
     1
 71
     0
 91
        1
 92
        7
 72
     0
 73
     1
 93
        3
 10
1387.461309555918
 20
59.94715664646355
 10
1390.060724374256
 20
31.65285315175424
 10
1397.906619149842
 20
41.9931594900554
 97
        0
 75
     1
 76
     1
 47
0.0456008451509327
 98
        1
 10
1391.343106347602
 20
43.83058338708361
450
        0
451
        0
460
0.0
461
0.0
452
        0
462
1.0
453
        2
463
0.0
 63
     5
421
      255
463
1.0
 63
     2
421
 16776960
470
LINEAR
1001
GradientColor1ACI
1070
     5
1001
GradientColor2ACI
1070
     2
1001
ACAD
1010
0.0
1020
0.0
1030
0.0
  0
ENDBLK
  5
97B
330
85C
100
AcDbEntity
  8
0
100
AcDbBlockEnd
  0
BLOCK
  5
6DC
330
6D9
100
AcDbEntity
  8
0
100
AcDbBlockBegin
  2
A$C16E21CA3
 70
     0
 10
0.0
 20
0.0
 30
0.0
  3
A$C16E21CA3
  1

  0
HATCH
  5
6DD
330
6D9
100
AcDbEntity
  8
TWT_TEXT
100
AcDbHatch
 10
0.0
 20
0.0
 30
0.0
210
0.0
220
0.0
230
1.0
  2
SOLID
 70
     1
 71
     0
 91
        1
 92
        7
 72
     0
 73
     1
 93
       21
 10
55.0010295699467
 20
90.99932660610647
 10
52.00102956994669
 20
95.99932660610647
 10
47.00102956994669
 20
95.99932660610647
 10
44.00102956994669
 20
89.99932660610648
 10
7.001029569946695
 20
82.99932660610648
 10
2.001029569946695
 20
78.99932660610648
 10
0.0010295699466951
 20
74.99932660610648
 10
7.001029569946695
 20
74.99932660610648
 10
46.00102956994669
 20
82.99932660610648
 10
51.00102956994669
 20
77.99932660610648
 10
57.00102956994669
 20
75.99932660610647
 10
58.0010295699467
 20
82.99932660610648
 10
98.0010295699467
 20
83.99932660610648
 10
108.0010295699467
 20
86.99932660610647
 10
108.0010295699467
 20
93.99932660610648
 10
85.0010295699467
 20
91.99932660610647
 10
83.00102956994669
 20
90.99932660610647
 10
87.00102956994669
 20
95.99932660610647
 10
87.00102956994669
 20
103.9993266061065
 10
80.0010295699467
 20
103.9993266061065
 10
73.0010295699467
 20
91.99932660610647
 97
        0
 75
     1
 76
     1
 47
0.1126586545275298
 98
        1
 10
52.14696313859895
 20
88.18576585524715
450
        0
451
        0
460
0.0
461
0.0
452
        0
462
1.0
453
        2
463
0.0
 63
     5
421
      255
463
1.0
 63
     2
421
 16776960
470
LINEAR
1001
GradientColor1ACI
1070
     5
1001
GradientColor2ACI
1070
     2
1001
ACAD
1010
0.0
1020
0.0
1030
0.0
  0
POLYLINE
  5
6DE
330
6D9
100
AcDbEntity
  8
TWT_TEXT
100
AcDb3dPolyline
 66
     1
 10
0.0
 20
0.0
 30
0.0
 70
     8
  0
VERTEX
  5
6DF
330
6DE
100
AcDbEntity
  8
TWT_TEXT
100
AcDbVertex
100
AcDb3dPolylineVertex
 10
85.0010295699467
 20
91.99932660610647
 30
0.0
 70
    32
  0
VERTEX
  5
6E0
330
6DE
100
AcDbEntity
  8
TWT_TEXT
100
AcDbVertex
100
AcDb3dPolylineVertex
 10
108.0010295699467
 20
93.99932660610648
 30
0.0
 70
    32
  0
VERTEX
  5
6E1
330
6DE
100
AcDbEntity
  8
TWT_TEXT
100
AcDbVertex
100
AcDb3dPolylineVertex
 10
108.0010295699467
 20
86.99932660610647
 30
0.0
 70
    32
  0
VERTEX
  5
6E2
330
6DE
100
AcDbEntity
  8
TWT_TEXT
100
AcDbVertex
100
AcDb3dPolylineVertex
 10
98.0010295699467
 20
83.99932660610648
 30
0.0
 70
    32
  0
VERTEX
  5
6E3
330
6DE
100
AcDbEntity
  8
TWT_TEXT
100
AcDbVertex
100
AcDb3dPolylineVertex
 10
58.0010295699467
 20
82.99932660610648
 30
0.0
 70
    32
  0
VERTEX
  5
6E4
330
6DE
100
AcDbEntity
  8
TWT_TEXT
100
AcDbVertex
100
AcDb3dPolylineVertex
 10
57.00102956994669
 20
75.99932660610647
 30
0.0
 70
    32
  0
VERTEX
  5
6E5
330
6DE
100
AcDbEntity
  8
TWT_TEXT
100
AcDbVertex
100
AcDb3dPolylineVertex
 10
51.00102956994669
 20
77.99932660610648
 30
0.0
 70
    32
  0
VERTEX
  5
6E6
330
6DE
100
AcDbEntity
  8
TWT_TEXT
100
AcDbVertex
100
AcDb3dPolylineVertex
 10
46.00102956994669
 20
82.99932660610648
 30
0.0
 70
    32
  0
VERTEX
  5
6E7
330
6DE
100
AcDbEntity
  8
TWT_TEXT
100
AcDbVertex
100
AcDb3dPolylineVertex
 10
7.001029569946695
 20
74.99932660610648
 30
0.0
 70
    32
  0
VERTEX
  5
6E8
330
6DE
100
AcDbEntity
  8
TWT_TEXT
100
AcDbVertex
100
AcDb3dPolylineVertex
 10
0.0010295699466951
 20
74.99932660610648
 30
0.0
 70
    32
  0
VERTEX
  5
6E9
330
6DE
100
AcDbEntity
  8
TWT_TEXT
100
AcDbVertex
100
AcDb3dPolylineVertex
 10
2.001029569946695
 20
78.99932660610648
 30
0.0
 70
    32
  0
VERTEX
  5
6EA
330
6DE
100
AcDbEntity
  8
TWT_TEXT
100
AcDbVertex
100
AcDb3dPolylineVertex
 10
7.001029569946695
 20
82.99932660610648
 30
0.0
 70
    32
  0
VERTEX
  5
6EB
330
6DE
100
AcDbEntity
  8
TWT_TEXT
100
AcDbVertex
100
AcDb3dPolylineVertex
 10
44.00102956994669
 20
89.99932660610648
 30
0.0
 70
    32
  0
VERTEX
  5
6EC
330
6DE
100
AcDbEntity
  8
TWT_TEXT
100
AcDbVertex
100
AcDb3dPolylineVertex
 10
47.00102956994669
 20
95.99932660610647
 30
0.0
 70
    32
  0
VERTEX
  5
6ED
330
6DE
100
AcDbEntity
  8
TWT_TEXT
100
AcDbVertex
100
AcDb3dPolylineVertex
 10
52.00102956994669
 20
95.99932660610647
 30
0.0
 70
    32
  0
VERTEX
  5
6EE
330
6DE
100
AcDbEntity
  8
TWT_TEXT
100
AcDbVertex
100
AcDb3dPolylineVertex
 10
55.0010295699467
 20
90.99932660610647
 30
0.0
 70
    32
  0
VERTEX
  5
6EF
330
6DE
100
AcDbEntity
  8
TWT_TEXT
100
AcDbVertex
100
AcDb3dPolylineVertex
 10
73.0010295699467
 20
91.99932660610647
 30
0.0
 70
    32
  0
VERTEX
  5
6F0
330
6DE
100
AcDbEntity
  8
TWT_TEXT
100
AcDbVertex
100
AcDb3dPolylineVertex
 10
80.0010295699467
 20
103.9993266061065
 30
0.0
 70
    32
  0
VERTEX
  5
6F1
330
6DE
100
AcDbEntity
  8
TWT_TEXT
100
AcDbVertex
100
AcDb3dPolylineVertex
 10
87.00102956994669
 20
103.9993266061065
 30
0.0
 70
    32
  0
VERTEX
  5
6F2
330
6DE
100
AcDbEntity
  8
TWT_TEXT
100
AcDbVertex
100
AcDb3dPolylineVertex
 10
87.00102956994669
 20
95.99932660610647
 30
0.0
 70
    32
  0
VERTEX
  5
6F3
330
6DE
100
AcDbEntity
  8
TWT_TEXT
100
AcDbVertex
100
AcDb3dPolylineVertex
 10
83.00102956994669
 20
90.99932660610647
 30
0.0
 70
    32
  0
VERTEX
  5
6F4
330
6DE
100
AcDbEntity
  8
TWT_TEXT
100
AcDbVertex
100
AcDb3dPolylineVertex
 10
85.0010295699467
 20
91.99932660610647
 30
0.0
 70
    32
  0
VERTEX
  5
6F5
330
6DE
100
AcDbEntity
  8
TWT_TEXT
100
AcDbVertex
100
AcDb3dPolylineVertex
 10
85.0010295699467
 20
91.99932660610647
 30
0.0
 70
    32
  0
SEQEND
  5
6F6
330
6DE
100
AcDbEntity
  8
TWT_TEXT
  0
HATCH
  5
6F7
330
6D9
100
AcDbEntity
  8
TWT_TEXT
100
AcDbHatch
 10
0.0
 20
0.0
 30
0.0
210
0.0
220
0.0
230
1.0
  2
SOLID
 70
     1
 71
     0
 91
        1
 92
        7
 72
     0
 73
     1
 93
        7
 10
25.0010295699467
 20
10.99932660610648
 10
33.0010295699467
 20
-0.0006733938935213
 10
38.0010295699467
 20
-0.0006733938935213
 10
39.0010295699467
 20
4.999326606106478
 10
33.0010295699467
 20
12.99932660610648
 10
20.0010295699467
 20
58.99932660610648
 10
12.00102956994669
 20
58.99932660610648
 97
        0
 75
     1
 76
     1
 47
0.070866908689223
 98
        1
 10
17.34379933902528
 20
52.75627165084006
450
        0
451
        0
460
0.0
461
0.0
452
        0
462
1.0
453
        2
463
0.0
 63
     5
421
      255
463
1.0
 63
     2
421
 16776960
470
LINEAR
1001
GradientColor1ACI
1070
     5
1001
GradientColor2ACI
1070
     2
1001
ACAD
1010
0.0
1020
0.0
1030
0.0
  0
POLYLINE
  5
6F8
330
6D9
100
AcDbEntity
  8
TWT_TEXT
100
AcDb3dPolyline
 66
     1
 10
0.0
 20
0.0
 30
0.0
 70
     8
  0
VERTEX
  5
6F9
330
6F8
100
AcDbEntity
  8
TWT_TEXT
100
AcDbVertex
100
AcDb3dPolylineVertex
 10
33.0010295699467
 20
-0.0006733938935213
 30
0.0
 70
    32
  0
VERTEX
  5
6FA
330
6F8
100
AcDbEntity
  8
TWT_TEXT
100
AcDbVertex
100
AcDb3dPolylineVertex
 10
25.0010295699467
 20
10.99932660610648
 30
0.0
 70
    32
  0
VERTEX
  5
6FB
330
6F8
100
AcDbEntity
  8
TWT_TEXT
100
AcDbVertex
100
AcDb3dPolylineVertex
 10
12.00102956994669
 20
58.99932660610648
 30
0.0
 70
    32
  0
VERTEX
  5
6FC
330
6F8
100
AcDbEntity
  8
TWT_TEXT
100
AcDbVertex
100
AcDb3dPolylineVertex
 10
20.0010295699467
 20
58.99932660610648
 30
0.0
 70
    32
  0
VERTEX
  5
6FD
330
6F8
100
AcDbEntity
  8
TWT_TEXT
100
AcDbVertex
100
AcDb3dPolylineVertex
 10
33.0010295699467
 20
12.99932660610648
 30
0.0
 70
    32
  0
VERTEX
  5
6FE
330
6F8
100
AcDbEntity
  8
TWT_TEXT
100
AcDbVertex
100
AcDb3dPolylineVertex
 10
39.0010295699467
 20
4.999326606106478
 30
0.0
 70
    32
  0
VERTEX
  5
6FF
330
6F8
100
AcDbEntity
  8
TWT_TEXT
100
AcDbVertex
100
AcDb3dPolylineVertex
 10
38.0010295699467
 20
-0.0006733938935213
 30
0.0
 70
    32
  0
VERTEX
  5
700
330
6F8
100
AcDbEntity
  8
TWT_TEXT
100
AcDbVertex
100
AcDb3dPolylineVertex
 10
33.0010295699467
 20
-0.0006733938935213
 30
0.0
 70
    32
  0
SEQEND
  5
701
330
6F8
100
AcDbEntity
  8
TWT_TEXT
  0
HATCH
  5
702
330
6D9
100
AcDbEntity
  8
TWT_TEXT
100
AcDbHatch
 10
0.0
 20
0.0
 30
0.0
210
0.0
220
0.0
230
1.0
  2
SOLID
 70
     1
 71
     0
 91
        1
 92
        7
 72
     0
 73
     1
 93
       27
 10
137.0010295699467
 20
58.99932660610648
 10
131.0010295699467
 20
56.99932660610648
 10
130.0010295699467
 20
50.99932660610647
 10
137.0010295699467
 20
33.99932660610648
 10
145.0010295699467
 20
28.99932660610648
 10
150.0010295699467
 20
28.99932660610648
 10
161.0010295699467
 20
34.99932660610648
 10
167.0010295699467
 20
44.99932660610648
 10
179.0010295699467
 20
52.99932660610648
 10
182.0010295699467
 20
61.99932660610648
 10
186.0010295699467
 20
62.99932660610648
 10
195.0010295699467
 20
49.99932660610648
 10
203.0010295699467
 20
50.99932660610647
 10
203.0010295699467
 20
63.99932660610648
 10
203.0010295699467
 20
90.99932660610647
 10
203.0010295699467
 20
95.99932660610647
 10
198.0010295699467
 20
95.99932660610647
 10
196.0010295699467
 20
65.99932660610647
 10
191.0010295699467
 20
69.99932660610648
 10
183.0010295699467
 20
69.99932660610648
 10
176.0010295699467
 20
56.99932660610648
 10
167.0010295699467
 20
54.99932660610648
 10
164.0010295699467
 20
50.99932660610647
 10
152.0010295699467
 20
37.99932660610648
 10
148.0010295699467
 20
38.99932660610648
 10
145.0010295699467
 20
38.99932660610648
 10
140.0010295699467
 20
44.99932660610648
 97
        0
 75
     1
 76
     1
 47
0.0730070889702492
 98
        1
 10
135.8353658105479
 20
50.81514596741181
450
        0
451
        0
460
0.0
461
0.0
452
        0
462
1.0
453
        2
463
0.0
 63
     5
421
      255
463
1.0
 63
     2
421
 16776960
470
LINEAR
1001
GradientColor1ACI
1070
     5
1001
GradientColor2ACI
1070
     2
1001
ACAD
1010
0.0
1020
0.0
1030
0.0
  0
POLYLINE
  5
703
330
6D9
100
AcDbEntity
  8
TWT_TEXT
100
AcDb3dPolyline
 66
     1
 10
0.0
 20
0.0
 30
0.0
 70
     8
  0
VERTEX
  5
704
330
703
100
AcDbEntity
  8
TWT_TEXT
100
AcDbVertex
100
AcDb3dPolylineVertex
 10
145.0010295699467
 20
28.99932660610648
 30
0.0
 70
    32
  0
VERTEX
  5
705
330
703
100
AcDbEntity
  8
TWT_TEXT
100
AcDbVertex
100
AcDb3dPolylineVertex
 10
137.0010295699467
 20
33.99932660610648
 30
0.0
 70
    32
  0
VERTEX
  5
706
330
703
100
AcDbEntity
  8
TWT_TEXT
100
AcDbVertex
100
AcDb3dPolylineVertex
 10
130.0010295699467
 20
50.99932660610647
 30
0.0
 70
    32
  0
VERTEX
  5
707
330
703
100
AcDbEntity
  8
TWT_TEXT
100
AcDbVertex
100
AcDb3dPolylineVertex
 10
131.0010295699467
 20
56.99932660610648
 30
0.0
 70
    32
  0
VERTEX
  5
708
330
703
100
AcDbEntity
  8
TWT_TEXT
100
AcDbVertex
100
AcDb3dPolylineVertex
 10
137.0010295699467
 20
58.99932660610648
 30
0.0
 70
    32
  0
VERTEX
  5
709
330
703
100
AcDbEntity
  8
TWT_TEXT
100
AcDbVertex
100
AcDb3dPolylineVertex
 10
140.0010295699467
 20
44.99932660610648
 30
0.0
 70
    32
  0
VERTEX
  5
70A
330
703
100
AcDbEntity
  8
TWT_TEXT
100
AcDbVertex
100
AcDb3dPolylineVertex
 10
145.0010295699467
 20
38.99932660610648
 30
0.0
 70
    32
  0
VERTEX
  5
70B
330
703
100
AcDbEntity
  8
TWT_TEXT
100
AcDbVertex
100
AcDb3dPolylineVertex
 10
148.0010295699467
 20
38.99932660610648
 30
0.0
 70
    32
  0
VERTEX
  5
70C
330
703
100
AcDbEntity
  8
TWT_TEXT
100
AcDbVertex
100
AcDb3dPolylineVertex
 10
152.0010295699467
 20
37.99932660610648
 30
0.0
 70
    32
  0
VERTEX
  5
70D
330
703
100
AcDbEntity
  8
TWT_TEXT
100
AcDbVertex
100
AcDb3dPolylineVertex
 10
164.0010295699467
 20
50.99932660610647
 30
0.0
 70
    32
  0
VERTEX
  5
70E
330
703
100
AcDbEntity
  8
TWT_TEXT
100
AcDbVertex
100
AcDb3dPolylineVertex
 10
167.0010295699467
 20
54.99932660610648
 30
0.0
 70
    32
  0
VERTEX
  5
70F
330
703
100
AcDbEntity
  8
TWT_TEXT
100
AcDbVertex
100
AcDb3dPolylineVertex
 10
176.0010295699467
 20
56.99932660610648
 30
0.0
 70
    32
  0
VERTEX
  5
710
330
703
100
AcDbEntity
  8
TWT_TEXT
100
AcDbVertex
100
AcDb3dPolylineVertex
 10
183.0010295699467
 20
69.99932660610648
 30
0.0
 70
    32
  0
VERTEX
  5
711
330
703
100
AcDbEntity
  8
TWT_TEXT
100
AcDbVertex
100
AcDb3dPolylineVertex
 10
191.0010295699467
 20
69.99932660610648
 30
0.0
 70
    32
  0
VERTEX
  5
712
330
703
100
AcDbEntity
  8
TWT_TEXT
100
AcDbVertex
100
AcDb3dPolylineVertex
 10
196.0010295699467
 20
65.99932660610647
 30
0.0
 70
    32
  0
VERTEX
  5
713
330
703
100
AcDbEntity
  8
TWT_TEXT
100
AcDbVertex
100
AcDb3dPolylineVertex
 10
198.0010295699467
 20
95.99932660610647
 30
0.0
 70
    32
  0
VERTEX
  5
714
330
703
100
AcDbEntity
  8
TWT_TEXT
100
AcDbVertex
100
AcDb3dPolylineVertex
 10
203.0010295699467
 20
95.99932660610647
 30
0.0
 70
    32
  0
VERTEX
  5
715
330
703
100
AcDbEntity
  8
TWT_TEXT
100
AcDbVertex
100
AcDb3dPolylineVertex
 10
203.0010295699467
 20
90.99932660610647
 30
0.0
 70
    32
  0
VERTEX
  5
716
330
703
100
AcDbEntity
  8
TWT_TEXT
100
AcDbVertex
100
AcDb3dPolylineVertex
 10
203.0010295699467
 20
63.99932660610648
 30
0.0
 70
    32
  0
VERTEX
  5
717
330
703
100
AcDbEntity
  8
TWT_TEXT
100
AcDbVertex
100
AcDb3dPolylineVertex
 10
203.0010295699467
 20
50.99932660610647
 30
0.0
 70
    32
  0
VERTEX
  5
718
330
703
100
AcDbEntity
  8
TWT_TEXT
100
AcDbVertex
100
AcDb3dPolylineVertex
 10
195.0010295699467
 20
49.99932660610648
 30
0.0
 70
    32
  0
VERTEX
  5
719
330
703
100
AcDbEntity
  8
TWT_TEXT
100
AcDbVertex
100
AcDb3dPolylineVertex
 10
186.0010295699467
 20
62.99932660610648
 30
0.0
 70
    32
  0
VERTEX
  5
71A
330
703
100
AcDbEntity
  8
TWT_TEXT
100
AcDbVertex
100
AcDb3dPolylineVertex
 10
182.0010295699467
 20
61.99932660610648
 30
0.0
 70
    32
  0
VERTEX
  5
71B
330
703
100
AcDbEntity
  8
TWT_TEXT
100
AcDbVertex
100
AcDb3dPolylineVertex
 10
179.0010295699467
 20
52.99932660610648
 30
0.0
 70
    32
  0
VERTEX
  5
71C
330
703
100
AcDbEntity
  8
TWT_TEXT
100
AcDbVertex
100
AcDb3dPolylineVertex
 10
167.0010295699467
 20
44.99932660610648
 30
0.0
 70
    32
  0
VERTEX
  5
71D
330
703
100
AcDbEntity
  8
TWT_TEXT
100
AcDbVertex
100
AcDb3dPolylineVertex
 10
161.0010295699467
 20
34.99932660610648
 30
0.0
 70
    32
  0
VERTEX
  5
71E
330
703
100
AcDbEntity
  8
TWT_TEXT
100
AcDbVertex
100
AcDb3dPolylineVertex
 10
150.0010295699467
 20
28.99932660610648
 30
0.0
 70
    32
  0
VERTEX
  5
71F
330
703
100
AcDbEntity
  8
TWT_TEXT
100
AcDbVertex
100
AcDb3dPolylineVertex
 10
145.0010295699467
 20
28.99932660610648
 30
0.0
 70
    32
  0
SEQEND
  5
720
330
703
100
AcDbEntity
  8
TWT_TEXT
  0
HATCH
  5
721
330
6D9
100
AcDbEntity
  8
TWT_TEXT
100
AcDbHatch
 10
0.0
 20
0.0
 30
0.0
210
0.0
220
0.0
230
1.0
  2
SOLID
 70
     1
 71
     0
 91
        2
 92
        7
 72
     0
 73
     1
 93
       11
 10
70.0010295699467
 20
59.99932660610648
 10
67.00102956994669
 20
54.99932660610648
 10
71.00102956994669
 20
50.99932660610647
 10
72.00102956994669
 20
37.99932660610648
 10
75.0010295699467
 20
31.99932660610648
 10
78.0010295699467
 20
31.99932660610648
 10
89.0010295699467
 20
42.99932660610648
 10
89.0010295699467
 20
50.99932660610647
 10
87.00102956994669
 20
50.99932660610647
 10
88.00102956994669
 20
52.99932660610648
 10
85.0010295699467
 20
61.99932660610648
 97
        0
 92
       22
 72
     0
 73
     1
 93
        6
 10
83.00102956994669
 20
49.99932660610648
 10
83.00102956994669
 20
47.99932660610648
 10
82.51255286799278
 20
46.48780330803129
 10
82.30034712253837
 20
44.97438924343441
 10
77.99642785545438
 20
45.00268268358195
 10
78.25126689567696
 20
50.20858190234867
 97
        0
 75
     1
 76
     1
 47
0.114007421511076
 98
        2
 10
80.03677778237033
 20
56.43075376842171
 10
80.03677778237033
 20
56.43075376842171
450
        0
451
        0
460
0.0
461
0.0
452
        0
462
1.0
453
        2
463
0.0
 63
     5
421
      255
463
1.0
 63
     2
421
 16776960
470
LINEAR
1001
GradientColor1ACI
1070
     5
1001
GradientColor2ACI
1070
     2
1001
ACAD
1010
0.0
1020
0.0
1030
0.0
  0
POLYLINE
  5
722
330
6D9
100
AcDbEntity
  8
TWT_TEXT
100
AcDb3dPolyline
 66
     1
 10
0.0
 20
0.0
 30
0.0
 70
     8
  0
VERTEX
  5
723
330
722
100
AcDbEntity
  8
TWT_TEXT
100
AcDbVertex
100
AcDb3dPolylineVertex
 10
75.0010295699467
 20
31.99932660610648
 30
0.0
 70
    32
  0
VERTEX
  5
724
330
722
100
AcDbEntity
  8
TWT_TEXT
100
AcDbVertex
100
AcDb3dPolylineVertex
 10
72.00102956994669
 20
37.99932660610648
 30
0.0
 70
    32
  0
VERTEX
  5
725
330
722
100
AcDbEntity
  8
TWT_TEXT
100
AcDbVertex
100
AcDb3dPolylineVertex
 10
71.00102956994669
 20
50.99932660610647
 30
0.0
 70
    32
  0
VERTEX
  5
726
330
722
100
AcDbEntity
  8
TWT_TEXT
100
AcDbVertex
100
AcDb3dPolylineVertex
 10
67.00102956994669
 20
54.99932660610648
 30
0.0
 70
    32
  0
VERTEX
  5
727
330
722
100
AcDbEntity
  8
TWT_TEXT
100
AcDbVertex
100
AcDb3dPolylineVertex
 10
70.0010295699467
 20
59.99932660610648
 30
0.0
 70
    32
  0
VERTEX
  5
728
330
722
100
AcDbEntity
  8
TWT_TEXT
100
AcDbVertex
100
AcDb3dPolylineVertex
 10
85.0010295699467
 20
61.99932660610648
 30
0.0
 70
    32
  0
VERTEX
  5
729
330
722
100
AcDbEntity
  8
TWT_TEXT
100
AcDbVertex
100
AcDb3dPolylineVertex
 10
88.00102956994669
 20
52.99932660610648
 30
0.0
 70
    32
  0
VERTEX
  5
72A
330
722
100
AcDbEntity
  8
TWT_TEXT
100
AcDbVertex
100
AcDb3dPolylineVertex
 10
87.00102956994669
 20
50.99932660610647
 30
0.0
 70
    32
  0
VERTEX
  5
72B
330
722
100
AcDbEntity
  8
TWT_TEXT
100
AcDbVertex
100
AcDb3dPolylineVertex
 10
89.0010295699467
 20
50.99932660610647
 30
0.0
 70
    32
  0
VERTEX
  5
72C
330
722
100
AcDbEntity
  8
TWT_TEXT
100
AcDbVertex
100
AcDb3dPolylineVertex
 10
89.0010295699467
 20
42.99932660610648
 30
0.0
 70
    32
  0
VERTEX
  5
72D
330
722
100
AcDbEntity
  8
TWT_TEXT
100
AcDbVertex
100
AcDb3dPolylineVertex
 10
78.0010295699467
 20
31.99932660610648
 30
0.0
 70
    32
  0
VERTEX
  5
72E
330
722
100
AcDbEntity
  8
TWT_TEXT
100
AcDbVertex
100
AcDb3dPolylineVertex
 10
75.0010295699467
 20
31.99932660610648
 30
0.0
 70
    32
  0
SEQEND
  5
72F
330
722
100
AcDbEntity
  8
TWT_TEXT
  0
POLYLINE
  5
730
330
6D9
100
AcDbEntity
  8
TWT_TEXT
100
AcDb3dPolyline
 66
     1
 10
0.0
 20
0.0
 30
0.0
 70
     8
  0
VERTEX
  5
731
330
730
100
AcDbEntity
  8
TWT_TEXT
100
AcDbVertex
100
AcDb3dPolylineVertex
 10
77.99642785545438
 20
45.00268268358195
 30
0.0
 70
    32
  0
VERTEX
  5
732
330
730
100
AcDbEntity
  8
TWT_TEXT
100
AcDbVertex
100
AcDb3dPolylineVertex
 10
78.25126689567696
 20
50.20858190234867
 30
0.0
 70
    32
  0
VERTEX
  5
733
330
730
100
AcDbEntity
  8
TWT_TEXT
100
AcDbVertex
100
AcDb3dPolylineVertex
 10
83.00102956994669
 20
49.99932660610648
 30
0.0
 70
    32
  0
VERTEX
  5
734
330
730
100
AcDbEntity
  8
TWT_TEXT
100
AcDbVertex
100
AcDb3dPolylineVertex
 10
83.00102956994669
 20
47.99932660610648
 30
0.0
 70
    32
  0
VERTEX
  5
735
330
730
100
AcDbEntity
  8
TWT_TEXT
100
AcDbVertex
100
AcDb3dPolylineVertex
 10
82.51255286799278
 20
46.48780330803129
 30
0.0
 70
    32
  0
VERTEX
  5
736
330
730
100
AcDbEntity
  8
TWT_TEXT
100
AcDbVertex
100
AcDb3dPolylineVertex
 10
82.30034712253837
 20
44.97438924343441
 30
0.0
 70
    32
  0
VERTEX
  5
737
330
730
100
AcDbEntity
  8
TWT_TEXT
100
AcDbVertex
100
AcDb3dPolylineVertex
 10
77.99642785545438
 20
45.00268268358195
 30
0.0
 70
    32
  0
SEQEND
  5
738
330
730
100
AcDbEntity
  8
TWT_TEXT
  0
HATCH
  5
739
330
6D9
100
AcDbEntity
  8
TWT_TEXT
100
AcDbHatch
 10
0.0
 20
0.0
 30
0.0
210
0.0
220
0.0
230
1.0
  2
SOLID
 70
     1
 71
     0
 91
        1
 92
        7
 72
     0
 73
     1
 93
        9
 10
144.0010295699467
 20
60.99932660610647
 10
152.0010295699467
 20
64.99932660610648
 10
162.0010295699467
 20
75.99932660610647
 10
160.0010295699467
 20
81.99932660610647
 10
154.0010295699467
 20
81.99932660610647
 10
154.0010295699467
 20
86.99932660610647
 10
150.0010295699467
 20
90.99932660610647
 10
145.0010295699467
 20
88.99932660610648
 10
144.0010295699467
 20
78.99932660610648
 97
        0
 75
     1
 76
     1
 47
0.0734428119095981
 98
        1
 10
149.8220361338463
 20
77.81670111219864
450
        0
451
        0
460
0.0
461
0.0
452
        0
462
1.0
453
        2
463
0.0
 63
     5
421
      255
463
1.0
 63
     2
421
 16776960
470
LINEAR
1001
GradientColor1ACI
1070
     5
1001
GradientColor2ACI
1070
     2
1001
ACAD
1010
0.0
1020
0.0
1030
0.0
  0
POLYLINE
  5
73A
330
6D9
100
AcDbEntity
  8
TWT_TEXT
100
AcDb3dPolyline
 66
     1
 10
0.0
 20
0.0
 30
0.0
 70
     8
  0
VERTEX
  5
73B
330
73A
100
AcDbEntity
  8
TWT_TEXT
100
AcDbVertex
100
AcDb3dPolylineVertex
 10
144.0010295699467
 20
60.99932660610647
 30
0.0
 70
    32
  0
VERTEX
  5
73C
330
73A
100
AcDbEntity
  8
TWT_TEXT
100
AcDbVertex
100
AcDb3dPolylineVertex
 10
144.0010295699467
 20
78.99932660610648
 30
0.0
 70
    32
  0
VERTEX
  5
73D
330
73A
100
AcDbEntity
  8
TWT_TEXT
100
AcDbVertex
100
AcDb3dPolylineVertex
 10
145.0010295699467
 20
88.99932660610648
 30
0.0
 70
    32
  0
VERTEX
  5
73E
330
73A
100
AcDbEntity
  8
TWT_TEXT
100
AcDbVertex
100
AcDb3dPolylineVertex
 10
150.0010295699467
 20
90.99932660610647
 30
0.0
 70
    32
  0
VERTEX
  5
73F
330
73A
100
AcDbEntity
  8
TWT_TEXT
100
AcDbVertex
100
AcDb3dPolylineVertex
 10
154.0010295699467
 20
86.99932660610647
 30
0.0
 70
    32
  0
VERTEX
  5
740
330
73A
100
AcDbEntity
  8
TWT_TEXT
100
AcDbVertex
100
AcDb3dPolylineVertex
 10
154.0010295699467
 20
81.99932660610647
 30
0.0
 70
    32
  0
VERTEX
  5
741
330
73A
100
AcDbEntity
  8
TWT_TEXT
100
AcDbVertex
100
AcDb3dPolylineVertex
 10
160.0010295699467
 20
81.99932660610647
 30
0.0
 70
    32
  0
VERTEX
  5
742
330
73A
100
AcDbEntity
  8
TWT_TEXT
100
AcDbVertex
100
AcDb3dPolylineVertex
 10
162.0010295699467
 20
75.99932660610647
 30
0.0
 70
    32
  0
VERTEX
  5
743
330
73A
100
AcDbEntity
  8
TWT_TEXT
100
AcDbVertex
100
AcDb3dPolylineVertex
 10
152.0010295699467
 20
64.99932660610648
 30
0.0
 70
    32
  0
VERTEX
  5
744
330
73A
100
AcDbEntity
  8
TWT_TEXT
100
AcDbVertex
100
AcDb3dPolylineVertex
 10
144.0010295699467
 20
60.99932660610647
 30
0.0
 70
    32
  0
VERTEX
  5
745
330
73A
100
AcDbEntity
  8
TWT_TEXT
100
AcDbVertex
100
AcDb3dPolylineVertex
 10
144.0010295699467
 20
60.99932660610647
 30
0.0
 70
    32
  0
SEQEND
  5
746
330
73A
100
AcDbEntity
  8
TWT_TEXT
  0
ENDBLK
  5
747
330
6D9
100
AcDbEntity
  8
0
100
AcDbBlockEnd
  0
BLOCK
  5
74C
330
749
100
AcDbEntity
  8
0
100
AcDbBlockBegin
  2
A$C77A84E73
 70
     0
 10
0.0
 20
0.0
 30
0.0
  3
A$C77A84E73
  1

  0
HATCH
  5
74D
330
749
100
AcDbEntity
  8
TWT_TEXT
100
AcDbHatch
 10
0.0
 20
0.0
 30
0.0
210
0.0
220
0.0
230
1.0
  2
SOLID
 70
     1
 71
     0
 91
        5
 92
        7
 72
     0
 73
     1
 93
      113
 10
218.9788113143877
 20
125.9994835467078
 10
217.9788113143877
 20
131.9994835467078
 10
228.9788113143877
 20
141.9994835467077
 10
230.9788113143877
 20
160.9994835467078
 10
227.9788113143877
 20
163.9994835467078
 10
220.9788113143877
 20
163.9994835467078
 10
213.9788113143877
 20
155.9994835467078
 10
209.9788113143877
 20
140.9994835467077
 10
188.9788113143877
 20
139.9994835467078
 10
185.9788113143877
 20
136.9994835467078
 10
187.9788113143877
 20
131.9994835467078
 10
209.9788113143877
 20
131.9994835467078
 10
211.9788113143877
 20
124.9994835467078
 10
197.9788113143877
 20
117.9994835467077
 10
197.9788113143877
 20
109.9994835467078
 10
202.9788113143877
 20
107.9994835467078
 10
212.9788113143877
 20
115.9994835467077
 10
231.9788113143877
 20
118.9994835467077
 10
228.9788113143877
 20
111.9994835467078
 10
208.9788113143877
 20
94.99948354670777
 10
208.9788113143877
 20
87.99948354670778
 10
216.9788113143877
 20
86.99948354670778
 10
224.9788113143877
 20
90.99948354670777
 10
240.9788113143877
 20
105.9994835467078
 10
255.9788113143877
 20
118.9994835467077
 10
271.9788113143877
 20
135.9994835467078
 10
275.9788113143877
 20
136.9994835467078
 10
275.9788113143877
 20
123.9994835467078
 10
273.9788113143877
 20
121.9994835467077
 10
270.9788113143877
 20
66.99948354670778
 10
269.9788113143877
 20
27.99948354670778
 10
271.9788113143877
 20
23.99948354670778
 10
277.9788113143877
 20
22.99948354670778
 10
278.9788113143877
 20
24.99948354670778
 10
276.9788113143877
 20
40.99948354670778
 10
278.9788113143877
 20
92.99948354670778
 10
288.9788113143877
 20
92.99948354670778
 10
288.9788113143877
 20
89.99948354670777
 10
292.9788113143877
 20
79.99948354670777
 10
299.9788113143877
 20
78.99948354670778
 10
299.9788113143877
 20
103.9994835467078
 10
305.9788113143877
 20
110.9994835467078
 10
320.9788113143877
 20
128.9994835467078
 10
322.9788113143877
 20
135.9994835467078
 10
324.9788113143877
 20
135.9994835467078
 10
324.9788113143877
 20
107.9994835467078
 10
322.9788113143877
 20
79.99948354670777
 10
322.9788113143877
 20
25.99948354670778
 10
327.9788113143877
 20
5.999483546707779
 10
334.9788113143877
 20
5.999483546707779
 10
333.9788113143877
 20
9.999483546707779
 10
328.9788113143877
 20
42.99948354670777
 10
330.9788113143877
 20
101.9994835467078
 10
335.9788113143877
 20
99.99948354670777
 10
337.7631009570323
 20
100.1366421173734
 10
337.9788113143877
 20
100.9994835467078
 10
343.9788113143877
 20
101.9994835467078
 10
344.9788113143877
 20
87.99948354670778
 10
341.9788113143877
 20
88.99948354670778
 10
340.9788113143877
 20
93.99948354670778
 10
338.9788113143877
 20
93.99948354670778
 10
338.9788113143877
 20
96.99948354670778
 10
336.9788113143877
 20
96.99948354670778
 10
338.9788113143877
 20
80.99948354670777
 10
346.9788113143877
 20
68.99948354670778
 10
348.9788113143877
 20
68.99948354670778
 10
353.9788113143877
 20
67.99948354670778
 10
353.9788113143877
 20
87.99948354670778
 10
351.9788113143877
 20
103.9994835467078
 10
351.9788113143877
 20
155.9994835467078
 10
344.9788113143877
 20
157.9994835467078
 10
343.9788113143877
 20
137.9994835467078
 10
334.9788113143877
 20
137.9994835467078
 10
336.9788113143877
 20
158.9994835467078
 10
338.9788113143877
 20
163.9994835467078
 10
340.9788113143877
 20
163.9994835467078
 10
342.9788113143877
 20
170.9994835467077
 10
349.9788113143877
 20
184.9994835467078
 10
346.9788113143877
 20
196.9994835467078
 10
341.9788113143877
 20
199.9994835467077
 10
335.9788113143877
 20
195.9994835467077
 10
329.9788113143877
 20
170.9994835467077
 10
328.9788113143877
 20
163.9994835467078
 10
326.9788113143877
 20
146.9994835467077
 10
320.9788113143877
 20
140.9994835467077
 10
319.9788113143877
 20
136.9994835467078
 10
315.9788113143877
 20
132.9994835467078
 10
315.9788113143877
 20
131.9994835467078
 10
303.9788113143877
 20
119.9994835467077
 10
299.9788113143877
 20
117.9994835467077
 10
300.9788113143877
 20
142.9994835467077
 10
297.9788113143877
 20
144.9994835467077
 10
293.9788113143877
 20
144.9994835467077
 10
290.9788113143877
 20
138.9994835467078
 10
283.9788113143877
 20
135.9994835467078
 10
286.9788113143877
 20
160.9994835467078
 10
292.9788113143877
 20
192.9994835467077
 10
299.9788113143877
 20
192.9994835467077
 10
295.9788113143877
 20
201.9994835467078
 10
291.9788113143877
 20
206.9994835467078
 10
287.9788113143877
 20
206.9994835467078
 10
283.9788113143877
 20
195.9994835467077
 10
278.9788113143877
 20
160.9994835467078
 10
277.9788113143877
 20
148.9994835467078
 10
267.9788113143877
 20
138.9994835467078
 10
263.9788113143877
 20
136.9994835467078
 10
255.9788113143877
 20
128.9994835467078
 10
251.9788113143877
 20
126.9994835467078
 10
251.9788113143877
 20
123.9994835467078
 10
242.9788113143877
 20
117.9994835467077
 10
236.9788113143877
 20
114.9994835467078
 10
238.9788113143877
 20
120.9994835467077
 10
235.9788113143877
 20
125.9994835467078
 97
        0
 92
       22
 72
     0
 73
     1
 93
        4
 10
218.9788113143877
 20
143.9994835467078
 10
223.9788113143877
 20
154.9994835467078
 10
225.9112076760502
 20
153.0670871850161
 10
223.9788113143877
 20
145.9994835467077
 97
        0
 92
       22
 72
     0
 73
     1
 93
        5
 10
283.9788113143877
 20
133.9994835467078
 10
285.9788113143877
 20
133.9994835467078
 10
286.9788113143877
 20
117.9994835467077
 10
284.9788113143877
 20
112.9994835467078
 10
281.9788113143877
 20
112.9994835467078
 97
        0
 92
       22
 72
     0
 73
     1
 93
        4
 10
332.9788113143877
 20
116.9994835467077
 10
333.9788113143877
 20
127.9994835467078
 10
341.9788113143877
 20
128.9994835467078
 10
339.9788113143877
 20
121.9994835467077
 97
        0
 92
       22
 72
     0
 73
     1
 93
        4
 10
338.9788113143877
 20
109.8328168800508
 10
338.9788113143877
 20
113.9994835467078
 10
343.9788113143877
 20
115.9994835467077
 10
343.9788113143877
 20
108.9994835467078
 97
        0
 75
     1
 76
     1
 47
0.2851971295308416
 98
        5
 10
223.8044097216916
 20
121.9603965661663
 10
223.8044097216916
 20
121.9603965661663
 10
223.8044097216916
 20
121.9603965661663
 10
223.8044097216916
 20
121.9603965661663
 10
223.8044097216916
 20
121.9603965661663
450
        0
451
        0
460
0.0
461
0.0
452
        0
462
1.0
453
        2
463
0.0
 63
     5
421
      255
463
1.0
 63
     2
421
 16776960
470
LINEAR
1001
GradientColor1ACI
1070
     5
1001
GradientColor2ACI
1070
     2
1001
ACAD
1010
0.0
1020
0.0
1030
0.0
  0
POLYLINE
  5
74E
330
749
100
AcDbEntity
  8
TWT_TEXT
100
AcDb3dPolyline
 66
     1
 10
0.0
 20
0.0
 30
0.0
 70
     8
  0
VERTEX
  5
74F
330
74E
100
AcDbEntity
  8
TWT_TEXT
100
AcDbVertex
100
AcDb3dPolylineVertex
 10
336.9788113143877
 20
96.99948354670778
 30
0.0
 70
    32
  0
VERTEX
  5
750
330
74E
100
AcDbEntity
  8
TWT_TEXT
100
AcDbVertex
100
AcDb3dPolylineVertex
 10
337.9788113143877
 20
100.9994835467078
 30
0.0
 70
    32
  0
VERTEX
  5
751
330
74E
100
AcDbEntity
  8
TWT_TEXT
100
AcDbVertex
100
AcDb3dPolylineVertex
 10
343.9788113143877
 20
101.9994835467078
 30
0.0
 70
    32
  0
VERTEX
  5
752
330
74E
100
AcDbEntity
  8
TWT_TEXT
100
AcDbVertex
100
AcDb3dPolylineVertex
 10
344.9788113143877
 20
87.99948354670778
 30
0.0
 70
    32
  0
VERTEX
  5
753
330
74E
100
AcDbEntity
  8
TWT_TEXT
100
AcDbVertex
100
AcDb3dPolylineVertex
 10
341.9788113143877
 20
88.99948354670778
 30
0.0
 70
    32
  0
VERTEX
  5
754
330
74E
100
AcDbEntity
  8
TWT_TEXT
100
AcDbVertex
100
AcDb3dPolylineVertex
 10
340.9788113143877
 20
93.99948354670778
 30
0.0
 70
    32
  0
VERTEX
  5
755
330
74E
100
AcDbEntity
  8
TWT_TEXT
100
AcDbVertex
100
AcDb3dPolylineVertex
 10
338.9788113143877
 20
93.99948354670778
 30
0.0
 70
    32
  0
VERTEX
  5
756
330
74E
100
AcDbEntity
  8
TWT_TEXT
100
AcDbVertex
100
AcDb3dPolylineVertex
 10
338.9788113143877
 20
96.99948354670778
 30
0.0
 70
    32
  0
VERTEX
  5
757
330
74E
100
AcDbEntity
  8
TWT_TEXT
100
AcDbVertex
100
AcDb3dPolylineVertex
 10
336.9788113143877
 20
96.99948354670778
 30
0.0
 70
    32
  0
VERTEX
  5
758
330
74E
100
AcDbEntity
  8
TWT_TEXT
100
AcDbVertex
100
AcDb3dPolylineVertex
 10
338.9788113143877
 20
80.99948354670777
 30
0.0
 70
    32
  0
VERTEX
  5
759
330
74E
100
AcDbEntity
  8
TWT_TEXT
100
AcDbVertex
100
AcDb3dPolylineVertex
 10
346.9788113143877
 20
68.99948354670778
 30
0.0
 70
    32
  0
VERTEX
  5
75A
330
74E
100
AcDbEntity
  8
TWT_TEXT
100
AcDbVertex
100
AcDb3dPolylineVertex
 10
348.9788113143877
 20
68.99948354670778
 30
0.0
 70
    32
  0
VERTEX
  5
75B
330
74E
100
AcDbEntity
  8
TWT_TEXT
100
AcDbVertex
100
AcDb3dPolylineVertex
 10
353.9788113143877
 20
67.99948354670778
 30
0.0
 70
    32
  0
VERTEX
  5
75C
330
74E
100
AcDbEntity
  8
TWT_TEXT
100
AcDbVertex
100
AcDb3dPolylineVertex
 10
353.9788113143877
 20
87.99948354670778
 30
0.0
 70
    32
  0
VERTEX
  5
75D
330
74E
100
AcDbEntity
  8
TWT_TEXT
100
AcDbVertex
100
AcDb3dPolylineVertex
 10
351.9788113143877
 20
103.9994835467078
 30
0.0
 70
    32
  0
VERTEX
  5
75E
330
74E
100
AcDbEntity
  8
TWT_TEXT
100
AcDbVertex
100
AcDb3dPolylineVertex
 10
351.9788113143877
 20
155.9994835467078
 30
0.0
 70
    32
  0
VERTEX
  5
75F
330
74E
100
AcDbEntity
  8
TWT_TEXT
100
AcDbVertex
100
AcDb3dPolylineVertex
 10
344.9788113143877
 20
157.9994835467078
 30
0.0
 70
    32
  0
VERTEX
  5
760
330
74E
100
AcDbEntity
  8
TWT_TEXT
100
AcDbVertex
100
AcDb3dPolylineVertex
 10
343.9788113143877
 20
137.9994835467078
 30
0.0
 70
    32
  0
VERTEX
  5
761
330
74E
100
AcDbEntity
  8
TWT_TEXT
100
AcDbVertex
100
AcDb3dPolylineVertex
 10
334.9788113143877
 20
137.9994835467078
 30
0.0
 70
    32
  0
VERTEX
  5
762
330
74E
100
AcDbEntity
  8
TWT_TEXT
100
AcDbVertex
100
AcDb3dPolylineVertex
 10
336.9788113143877
 20
158.9994835467078
 30
0.0
 70
    32
  0
VERTEX
  5
763
330
74E
100
AcDbEntity
  8
TWT_TEXT
100
AcDbVertex
100
AcDb3dPolylineVertex
 10
338.9788113143877
 20
163.9994835467078
 30
0.0
 70
    32
  0
VERTEX
  5
764
330
74E
100
AcDbEntity
  8
TWT_TEXT
100
AcDbVertex
100
AcDb3dPolylineVertex
 10
340.9788113143877
 20
163.9994835467078
 30
0.0
 70
    32
  0
VERTEX
  5
765
330
74E
100
AcDbEntity
  8
TWT_TEXT
100
AcDbVertex
100
AcDb3dPolylineVertex
 10
342.9788113143877
 20
170.9994835467077
 30
0.0
 70
    32
  0
VERTEX
  5
766
330
74E
100
AcDbEntity
  8
TWT_TEXT
100
AcDbVertex
100
AcDb3dPolylineVertex
 10
349.9788113143877
 20
184.9994835467078
 30
0.0
 70
    32
  0
VERTEX
  5
767
330
74E
100
AcDbEntity
  8
TWT_TEXT
100
AcDbVertex
100
AcDb3dPolylineVertex
 10
346.9788113143877
 20
196.9994835467078
 30
0.0
 70
    32
  0
VERTEX
  5
768
330
74E
100
AcDbEntity
  8
TWT_TEXT
100
AcDbVertex
100
AcDb3dPolylineVertex
 10
341.9788113143877
 20
199.9994835467077
 30
0.0
 70
    32
  0
VERTEX
  5
769
330
74E
100
AcDbEntity
  8
TWT_TEXT
100
AcDbVertex
100
AcDb3dPolylineVertex
 10
335.9788113143877
 20
195.9994835467077
 30
0.0
 70
    32
  0
VERTEX
  5
76A
330
74E
100
AcDbEntity
  8
TWT_TEXT
100
AcDbVertex
100
AcDb3dPolylineVertex
 10
329.9788113143877
 20
170.9994835467077
 30
0.0
 70
    32
  0
VERTEX
  5
76B
330
74E
100
AcDbEntity
  8
TWT_TEXT
100
AcDbVertex
100
AcDb3dPolylineVertex
 10
328.9788113143877
 20
163.9994835467078
 30
0.0
 70
    32
  0
VERTEX
  5
76C
330
74E
100
AcDbEntity
  8
TWT_TEXT
100
AcDbVertex
100
AcDb3dPolylineVertex
 10
326.9788113143877
 20
146.9994835467077
 30
0.0
 70
    32
  0
VERTEX
  5
76D
330
74E
100
AcDbEntity
  8
TWT_TEXT
100
AcDbVertex
100
AcDb3dPolylineVertex
 10
320.9788113143877
 20
140.9994835467077
 30
0.0
 70
    32
  0
VERTEX
  5
76E
330
74E
100
AcDbEntity
  8
TWT_TEXT
100
AcDbVertex
100
AcDb3dPolylineVertex
 10
319.9788113143877
 20
136.9994835467078
 30
0.0
 70
    32
  0
VERTEX
  5
76F
330
74E
100
AcDbEntity
  8
TWT_TEXT
100
AcDbVertex
100
AcDb3dPolylineVertex
 10
315.9788113143877
 20
132.9994835467078
 30
0.0
 70
    32
  0
VERTEX
  5
770
330
74E
100
AcDbEntity
  8
TWT_TEXT
100
AcDbVertex
100
AcDb3dPolylineVertex
 10
315.9788113143877
 20
131.9994835467078
 30
0.0
 70
    32
  0
VERTEX
  5
771
330
74E
100
AcDbEntity
  8
TWT_TEXT
100
AcDbVertex
100
AcDb3dPolylineVertex
 10
315.9788113143877
 20
131.9994835467078
 30
0.0
 70
    32
  0
VERTEX
  5
772
330
74E
100
AcDbEntity
  8
TWT_TEXT
100
AcDbVertex
100
AcDb3dPolylineVertex
 10
315.9788113143877
 20
131.9994835467078
 30
0.0
 70
    32
  0
SEQEND
  5
773
330
74E
100
AcDbEntity
  8
TWT_TEXT
  0
POLYLINE
  5
774
330
749
100
AcDbEntity
  8
TWT_TEXT
100
AcDb3dPolyline
 66
     1
 10
0.0
 20
0.0
 30
0.0
 70
     8
  0
VERTEX
  5
775
330
774
100
AcDbEntity
  8
TWT_TEXT
100
AcDbVertex
100
AcDb3dPolylineVertex
 10
335.9788113143877
 20
99.99948354670777
 30
0.0
 70
    32
  0
VERTEX
  5
776
330
774
100
AcDbEntity
  8
TWT_TEXT
100
AcDbVertex
100
AcDb3dPolylineVertex
 10
330.9788113143877
 20
101.9994835467078
 30
0.0
 70
    32
  0
VERTEX
  5
777
330
774
100
AcDbEntity
  8
TWT_TEXT
100
AcDbVertex
100
AcDb3dPolylineVertex
 10
328.9788113143877
 20
42.99948354670777
 30
0.0
 70
    32
  0
VERTEX
  5
778
330
774
100
AcDbEntity
  8
TWT_TEXT
100
AcDbVertex
100
AcDb3dPolylineVertex
 10
333.9788113143877
 20
9.999483546707779
 30
0.0
 70
    32
  0
VERTEX
  5
779
330
774
100
AcDbEntity
  8
TWT_TEXT
100
AcDbVertex
100
AcDb3dPolylineVertex
 10
334.9788113143877
 20
5.999483546707779
 30
0.0
 70
    32
  0
VERTEX
  5
77A
330
774
100
AcDbEntity
  8
TWT_TEXT
100
AcDbVertex
100
AcDb3dPolylineVertex
 10
327.9788113143877
 20
5.999483546707779
 30
0.0
 70
    32
  0
VERTEX
  5
77B
330
774
100
AcDbEntity
  8
TWT_TEXT
100
AcDbVertex
100
AcDb3dPolylineVertex
 10
322.9788113143877
 20
25.99948354670778
 30
0.0
 70
    32
  0
VERTEX
  5
77C
330
774
100
AcDbEntity
  8
TWT_TEXT
100
AcDbVertex
100
AcDb3dPolylineVertex
 10
322.9788113143877
 20
79.99948354670777
 30
0.0
 70
    32
  0
VERTEX
  5
77D
330
774
100
AcDbEntity
  8
TWT_TEXT
100
AcDbVertex
100
AcDb3dPolylineVertex
 10
324.9788113143877
 20
107.9994835467078
 30
0.0
 70
    32
  0
VERTEX
  5
77E
330
774
100
AcDbEntity
  8
TWT_TEXT
100
AcDbVertex
100
AcDb3dPolylineVertex
 10
324.9788113143877
 20
135.9994835467078
 30
0.0
 70
    32
  0
VERTEX
  5
77F
330
774
100
AcDbEntity
  8
TWT_TEXT
100
AcDbVertex
100
AcDb3dPolylineVertex
 10
322.9788113143877
 20
135.9994835467078
 30
0.0
 70
    32
  0
VERTEX
  5
780
330
774
100
AcDbEntity
  8
TWT_TEXT
100
AcDbVertex
100
AcDb3dPolylineVertex
 10
320.9788113143877
 20
128.9994835467078
 30
0.0
 70
    32
  0
VERTEX
  5
781
330
774
100
AcDbEntity
  8
TWT_TEXT
100
AcDbVertex
100
AcDb3dPolylineVertex
 10
305.9788113143877
 20
110.9994835467078
 30
0.0
 70
    32
  0
VERTEX
  5
782
330
774
100
AcDbEntity
  8
TWT_TEXT
100
AcDbVertex
100
AcDb3dPolylineVertex
 10
299.9788113143877
 20
103.9994835467078
 30
0.0
 70
    32
  0
VERTEX
  5
783
330
774
100
AcDbEntity
  8
TWT_TEXT
100
AcDbVertex
100
AcDb3dPolylineVertex
 10
299.9788113143877
 20
78.99948354670778
 30
0.0
 70
    32
  0
VERTEX
  5
784
330
774
100
AcDbEntity
  8
TWT_TEXT
100
AcDbVertex
100
AcDb3dPolylineVertex
 10
292.9788113143877
 20
79.99948354670777
 30
0.0
 70
    32
  0
VERTEX
  5
785
330
774
100
AcDbEntity
  8
TWT_TEXT
100
AcDbVertex
100
AcDb3dPolylineVertex
 10
288.9788113143877
 20
89.99948354670777
 30
0.0
 70
    32
  0
VERTEX
  5
786
330
774
100
AcDbEntity
  8
TWT_TEXT
100
AcDbVertex
100
AcDb3dPolylineVertex
 10
288.9788113143877
 20
92.99948354670778
 30
0.0
 70
    32
  0
VERTEX
  5
787
330
774
100
AcDbEntity
  8
TWT_TEXT
100
AcDbVertex
100
AcDb3dPolylineVertex
 10
278.9788113143877
 20
92.99948354670778
 30
0.0
 70
    32
  0
VERTEX
  5
788
330
774
100
AcDbEntity
  8
TWT_TEXT
100
AcDbVertex
100
AcDb3dPolylineVertex
 10
276.9788113143877
 20
40.99948354670778
 30
0.0
 70
    32
  0
VERTEX
  5
789
330
774
100
AcDbEntity
  8
TWT_TEXT
100
AcDbVertex
100
AcDb3dPolylineVertex
 10
278.9788113143877
 20
24.99948354670778
 30
0.0
 70
    32
  0
VERTEX
  5
78A
330
774
100
AcDbEntity
  8
TWT_TEXT
100
AcDbVertex
100
AcDb3dPolylineVertex
 10
277.9788113143877
 20
22.99948354670778
 30
0.0
 70
    32
  0
VERTEX
  5
78B
330
774
100
AcDbEntity
  8
TWT_TEXT
100
AcDbVertex
100
AcDb3dPolylineVertex
 10
271.9788113143877
 20
23.99948354670778
 30
0.0
 70
    32
  0
VERTEX
  5
78C
330
774
100
AcDbEntity
  8
TWT_TEXT
100
AcDbVertex
100
AcDb3dPolylineVertex
 10
269.9788113143877
 20
27.99948354670778
 30
0.0
 70
    32
  0
VERTEX
  5
78D
330
774
100
AcDbEntity
  8
TWT_TEXT
100
AcDbVertex
100
AcDb3dPolylineVertex
 10
270.9788113143877
 20
66.99948354670778
 30
0.0
 70
    32
  0
VERTEX
  5
78E
330
774
100
AcDbEntity
  8
TWT_TEXT
100
AcDbVertex
100
AcDb3dPolylineVertex
 10
273.9788113143877
 20
121.9994835467077
 30
0.0
 70
    32
  0
VERTEX
  5
78F
330
774
100
AcDbEntity
  8
TWT_TEXT
100
AcDbVertex
100
AcDb3dPolylineVertex
 10
275.9788113143877
 20
123.9994835467078
 30
0.0
 70
    32
  0
VERTEX
  5
790
330
774
100
AcDbEntity
  8
TWT_TEXT
100
AcDbVertex
100
AcDb3dPolylineVertex
 10
275.9788113143877
 20
136.9994835467078
 30
0.0
 70
    32
  0
VERTEX
  5
791
330
774
100
AcDbEntity
  8
TWT_TEXT
100
AcDbVertex
100
AcDb3dPolylineVertex
 10
271.9788113143877
 20
135.9994835467078
 30
0.0
 70
    32
  0
VERTEX
  5
792
330
774
100
AcDbEntity
  8
TWT_TEXT
100
AcDbVertex
100
AcDb3dPolylineVertex
 10
255.9788113143877
 20
118.9994835467077
 30
0.0
 70
    32
  0
VERTEX
  5
793
330
774
100
AcDbEntity
  8
TWT_TEXT
100
AcDbVertex
100
AcDb3dPolylineVertex
 10
240.9788113143877
 20
105.9994835467078
 30
0.0
 70
    32
  0
VERTEX
  5
794
330
774
100
AcDbEntity
  8
TWT_TEXT
100
AcDbVertex
100
AcDb3dPolylineVertex
 10
224.9788113143877
 20
90.99948354670777
 30
0.0
 70
    32
  0
VERTEX
  5
795
330
774
100
AcDbEntity
  8
TWT_TEXT
100
AcDbVertex
100
AcDb3dPolylineVertex
 10
216.9788113143877
 20
86.99948354670778
 30
0.0
 70
    32
  0
VERTEX
  5
796
330
774
100
AcDbEntity
  8
TWT_TEXT
100
AcDbVertex
100
AcDb3dPolylineVertex
 10
208.9788113143877
 20
87.99948354670778
 30
0.0
 70
    32
  0
VERTEX
  5
797
330
774
100
AcDbEntity
  8
TWT_TEXT
100
AcDbVertex
100
AcDb3dPolylineVertex
 10
208.9788113143877
 20
94.99948354670777
 30
0.0
 70
    32
  0
VERTEX
  5
798
330
774
100
AcDbEntity
  8
TWT_TEXT
100
AcDbVertex
100
AcDb3dPolylineVertex
 10
228.9788113143877
 20
111.9994835467078
 30
0.0
 70
    32
  0
VERTEX
  5
799
330
774
100
AcDbEntity
  8
TWT_TEXT
100
AcDbVertex
100
AcDb3dPolylineVertex
 10
231.9788113143877
 20
118.9994835467077
 30
0.0
 70
    32
  0
VERTEX
  5
79A
330
774
100
AcDbEntity
  8
TWT_TEXT
100
AcDbVertex
100
AcDb3dPolylineVertex
 10
212.9788113143877
 20
115.9994835467077
 30
0.0
 70
    32
  0
VERTEX
  5
79B
330
774
100
AcDbEntity
  8
TWT_TEXT
100
AcDbVertex
100
AcDb3dPolylineVertex
 10
202.9788113143877
 20
107.9994835467078
 30
0.0
 70
    32
  0
VERTEX
  5
79C
330
774
100
AcDbEntity
  8
TWT_TEXT
100
AcDbVertex
100
AcDb3dPolylineVertex
 10
197.9788113143877
 20
109.9994835467078
 30
0.0
 70
    32
  0
VERTEX
  5
79D
330
774
100
AcDbEntity
  8
TWT_TEXT
100
AcDbVertex
100
AcDb3dPolylineVertex
 10
197.9788113143877
 20
117.9994835467077
 30
0.0
 70
    32
  0
VERTEX
  5
79E
330
774
100
AcDbEntity
  8
TWT_TEXT
100
AcDbVertex
100
AcDb3dPolylineVertex
 10
211.9788113143877
 20
124.9994835467078
 30
0.0
 70
    32
  0
VERTEX
  5
79F
330
774
100
AcDbEntity
  8
TWT_TEXT
100
AcDbVertex
100
AcDb3dPolylineVertex
 10
209.9788113143877
 20
131.9994835467078
 30
0.0
 70
    32
  0
VERTEX
  5
7A0
330
774
100
AcDbEntity
  8
TWT_TEXT
100
AcDbVertex
100
AcDb3dPolylineVertex
 10
187.9788113143877
 20
131.9994835467078
 30
0.0
 70
    32
  0
VERTEX
  5
7A1
330
774
100
AcDbEntity
  8
TWT_TEXT
100
AcDbVertex
100
AcDb3dPolylineVertex
 10
185.9788113143877
 20
136.9994835467078
 30
0.0
 70
    32
  0
VERTEX
  5
7A2
330
774
100
AcDbEntity
  8
TWT_TEXT
100
AcDbVertex
100
AcDb3dPolylineVertex
 10
188.9788113143877
 20
139.9994835467078
 30
0.0
 70
    32
  0
VERTEX
  5
7A3
330
774
100
AcDbEntity
  8
TWT_TEXT
100
AcDbVertex
100
AcDb3dPolylineVertex
 10
209.9788113143877
 20
140.9994835467077
 30
0.0
 70
    32
  0
VERTEX
  5
7A4
330
774
100
AcDbEntity
  8
TWT_TEXT
100
AcDbVertex
100
AcDb3dPolylineVertex
 10
213.9788113143877
 20
155.9994835467078
 30
0.0
 70
    32
  0
VERTEX
  5
7A5
330
774
100
AcDbEntity
  8
TWT_TEXT
100
AcDbVertex
100
AcDb3dPolylineVertex
 10
220.9788113143877
 20
163.9994835467078
 30
0.0
 70
    32
  0
VERTEX
  5
7A6
330
774
100
AcDbEntity
  8
TWT_TEXT
100
AcDbVertex
100
AcDb3dPolylineVertex
 10
227.9788113143877
 20
163.9994835467078
 30
0.0
 70
    32
  0
VERTEX
  5
7A7
330
774
100
AcDbEntity
  8
TWT_TEXT
100
AcDbVertex
100
AcDb3dPolylineVertex
 10
230.9788113143877
 20
160.9994835467078
 30
0.0
 70
    32
  0
VERTEX
  5
7A8
330
774
100
AcDbEntity
  8
TWT_TEXT
100
AcDbVertex
100
AcDb3dPolylineVertex
 10
228.9788113143877
 20
141.9994835467077
 30
0.0
 70
    32
  0
VERTEX
  5
7A9
330
774
100
AcDbEntity
  8
TWT_TEXT
100
AcDbVertex
100
AcDb3dPolylineVertex
 10
217.9788113143877
 20
131.9994835467078
 30
0.0
 70
    32
  0
VERTEX
  5
7AA
330
774
100
AcDbEntity
  8
TWT_TEXT
100
AcDbVertex
100
AcDb3dPolylineVertex
 10
218.9788113143877
 20
125.9994835467078
 30
0.0
 70
    32
  0
VERTEX
  5
7AB
330
774
100
AcDbEntity
  8
TWT_TEXT
100
AcDbVertex
100
AcDb3dPolylineVertex
 10
235.9788113143877
 20
125.9994835467078
 30
0.0
 70
    32
  0
VERTEX
  5
7AC
330
774
100
AcDbEntity
  8
TWT_TEXT
100
AcDbVertex
100
AcDb3dPolylineVertex
 10
238.9788113143877
 20
120.9994835467077
 30
0.0
 70
    32
  0
VERTEX
  5
7AD
330
774
100
AcDbEntity
  8
TWT_TEXT
100
AcDbVertex
100
AcDb3dPolylineVertex
 10
236.9788113143877
 20
114.9994835467078
 30
0.0
 70
    32
  0
VERTEX
  5
7AE
330
774
100
AcDbEntity
  8
TWT_TEXT
100
AcDbVertex
100
AcDb3dPolylineVertex
 10
242.9788113143877
 20
117.9994835467077
 30
0.0
 70
    32
  0
VERTEX
  5
7AF
330
774
100
AcDbEntity
  8
TWT_TEXT
100
AcDbVertex
100
AcDb3dPolylineVertex
 10
251.9788113143877
 20
123.9994835467078
 30
0.0
 70
    32
  0
VERTEX
  5
7B0
330
774
100
AcDbEntity
  8
TWT_TEXT
100
AcDbVertex
100
AcDb3dPolylineVertex
 10
251.9788113143877
 20
126.9994835467078
 30
0.0
 70
    32
  0
VERTEX
  5
7B1
330
774
100
AcDbEntity
  8
TWT_TEXT
100
AcDbVertex
100
AcDb3dPolylineVertex
 10
255.9788113143877
 20
128.9994835467078
 30
0.0
 70
    32
  0
VERTEX
  5
7B2
330
774
100
AcDbEntity
  8
TWT_TEXT
100
AcDbVertex
100
AcDb3dPolylineVertex
 10
263.9788113143877
 20
136.9994835467078
 30
0.0
 70
    32
  0
VERTEX
  5
7B3
330
774
100
AcDbEntity
  8
TWT_TEXT
100
AcDbVertex
100
AcDb3dPolylineVertex
 10
267.9788113143877
 20
138.9994835467078
 30
0.0
 70
    32
  0
VERTEX
  5
7B4
330
774
100
AcDbEntity
  8
TWT_TEXT
100
AcDbVertex
100
AcDb3dPolylineVertex
 10
277.9788113143877
 20
148.9994835467078
 30
0.0
 70
    32
  0
VERTEX
  5
7B5
330
774
100
AcDbEntity
  8
TWT_TEXT
100
AcDbVertex
100
AcDb3dPolylineVertex
 10
278.9788113143877
 20
160.9994835467078
 30
0.0
 70
    32
  0
VERTEX
  5
7B6
330
774
100
AcDbEntity
  8
TWT_TEXT
100
AcDbVertex
100
AcDb3dPolylineVertex
 10
283.9788113143877
 20
195.9994835467077
 30
0.0
 70
    32
  0
VERTEX
  5
7B7
330
774
100
AcDbEntity
  8
TWT_TEXT
100
AcDbVertex
100
AcDb3dPolylineVertex
 10
287.9788113143877
 20
206.9994835467078
 30
0.0
 70
    32
  0
VERTEX
  5
7B8
330
774
100
AcDbEntity
  8
TWT_TEXT
100
AcDbVertex
100
AcDb3dPolylineVertex
 10
291.9788113143877
 20
206.9994835467078
 30
0.0
 70
    32
  0
VERTEX
  5
7B9
330
774
100
AcDbEntity
  8
TWT_TEXT
100
AcDbVertex
100
AcDb3dPolylineVertex
 10
295.9788113143877
 20
201.9994835467078
 30
0.0
 70
    32
  0
VERTEX
  5
7BA
330
774
100
AcDbEntity
  8
TWT_TEXT
100
AcDbVertex
100
AcDb3dPolylineVertex
 10
299.9788113143877
 20
192.9994835467077
 30
0.0
 70
    32
  0
VERTEX
  5
7BB
330
774
100
AcDbEntity
  8
TWT_TEXT
100
AcDbVertex
100
AcDb3dPolylineVertex
 10
292.9788113143877
 20
192.9994835467077
 30
0.0
 70
    32
  0
VERTEX
  5
7BC
330
774
100
AcDbEntity
  8
TWT_TEXT
100
AcDbVertex
100
AcDb3dPolylineVertex
 10
286.9788113143877
 20
160.9994835467078
 30
0.0
 70
    32
  0
VERTEX
  5
7BD
330
774
100
AcDbEntity
  8
TWT_TEXT
100
AcDbVertex
100
AcDb3dPolylineVertex
 10
283.9788113143877
 20
135.9994835467078
 30
0.0
 70
    32
  0
VERTEX
  5
7BE
330
774
100
AcDbEntity
  8
TWT_TEXT
100
AcDbVertex
100
AcDb3dPolylineVertex
 10
290.9788113143877
 20
138.9994835467078
 30
0.0
 70
    32
  0
VERTEX
  5
7BF
330
774
100
AcDbEntity
  8
TWT_TEXT
100
AcDbVertex
100
AcDb3dPolylineVertex
 10
293.9788113143877
 20
144.9994835467077
 30
0.0
 70
    32
  0
VERTEX
  5
7C0
330
774
100
AcDbEntity
  8
TWT_TEXT
100
AcDbVertex
100
AcDb3dPolylineVertex
 10
297.9788113143877
 20
144.9994835467077
 30
0.0
 70
    32
  0
VERTEX
  5
7C1
330
774
100
AcDbEntity
  8
TWT_TEXT
100
AcDbVertex
100
AcDb3dPolylineVertex
 10
300.9788113143877
 20
142.9994835467077
 30
0.0
 70
    32
  0
VERTEX
  5
7C2
330
774
100
AcDbEntity
  8
TWT_TEXT
100
AcDbVertex
100
AcDb3dPolylineVertex
 10
299.9788113143877
 20
117.9994835467077
 30
0.0
 70
    32
  0
VERTEX
  5
7C3
330
774
100
AcDbEntity
  8
TWT_TEXT
100
AcDbVertex
100
AcDb3dPolylineVertex
 10
303.9788113143877
 20
119.9994835467077
 30
0.0
 70
    32
  0
VERTEX
  5
7C4
330
774
100
AcDbEntity
  8
TWT_TEXT
100
AcDbVertex
100
AcDb3dPolylineVertex
 10
315.9788113143877
 20
131.9994835467078
 30
0.0
 70
    32
  0
SEQEND
  5
7C5
330
774
100
AcDbEntity
  8
TWT_TEXT
  0
POLYLINE
  5
7C6
330
749
100
AcDbEntity
  8
TWT_TEXT
100
AcDb3dPolyline
 66
     1
 10
0.0
 20
0.0
 30
0.0
 70
     8
  0
VERTEX
  5
7C7
330
7C6
100
AcDbEntity
  8
TWT_TEXT
100
AcDbVertex
100
AcDb3dPolylineVertex
 10
337.7631009570323
 20
100.1366421173734
 30
0.0
 70
    32
  0
VERTEX
  5
7C8
330
7C6
100
AcDbEntity
  8
TWT_TEXT
100
AcDbVertex
100
AcDb3dPolylineVertex
 10
335.9788113143877
 20
99.99948354670777
 30
0.0
 70
    32
  0
SEQEND
  5
7C9
330
7C6
100
AcDbEntity
  8
TWT_TEXT
  0
HATCH
  5
7CA
330
749
100
AcDbEntity
  8
TWT_TEXT
100
AcDbHatch
 10
0.0
 20
0.0
 30
0.0
210
0.0
220
0.0
230
1.0
  2
SOLID
 70
     1
 71
     0
 91
        2
 92
        7
 72
     0
 73
     1
 93
       74
 10
27.97881131438771
 20
114.9994835467078
 10
27.97881131438771
 20
107.9994835467078
 10
27.97881131438771
 20
98.99948354670778
 10
29.97881131438771
 20
98.99948354670778
 10
34.97881131438771
 20
97.99948354670778
 10
56.97881131438771
 20
111.9994835467078
 10
59.97881131438771
 20
114.9994835467078
 10
101.9788113143877
 20
135.9994835467078
 10
103.9788113143877
 20
135.9994835467078
 10
104.9788113143877
 20
118.9994835467077
 10
109.9788113143877
 20
114.9994835467078
 10
116.9788113143877
 20
117.9994835467077
 10
117.9788113143877
 20
120.9994835467077
 10
120.9788113143877
 20
120.9994835467077
 10
126.9788113143877
 20
116.9994835467077
 10
135.9788113143877
 20
127.9994835467078
 10
139.0831336377887
 20
133.7626040624745
 10
137.2435141846654
 20
136.571584608726
 10
131.9788113143877
 20
134.9994835467078
 10
131.9788113143877
 20
141.9994835467077
 10
129.0671395615209
 20
145.7275899276137
 10
143.9788113143877
 20
148.9994835467078
 10
145.9788113143877
 20
136.9994835467078
 10
145.9788113143877
 20
92.99948354670778
 10
145.9788113143877
 20
46.99948354670778
 10
147.9788113143877
 20
8.999483546707779
 10
150.9788113143877
 20
0.9994835467077791
 10
156.9788113143877
 20
-0.0005164532922208
 10
157.9788113143877
 20
27.99948354670778
 10
154.9788113143877
 20
27.99948354670778
 10
151.9788113143877
 20
43.99948354670778
 10
154.9788113143877
 20
133.9994835467078
 10
150.9788113143877
 20
151.9994835467078
 10
193.9788113143877
 20
157.9994835467078
 10
190.9788113143877
 20
164.9994835467078
 10
188.9788113143877
 20
164.9994835467078
 10
157.9788113143877
 20
160.9994835467078
 10
156.4788113143877
 20
159.9994835467078
 10
149.9788113143877
 20
157.9994835467078
 10
137.9788113143877
 20
155.9994835467078
 10
134.2348604846047
 20
154.9231730356696
 10
128.9788113143877
 20
152.9994835467078
 10
127.1582842475036
 20
152.5322575753671
 10
125.4273199219024
 20
152.0235532846127
 10
120.9788113143877
 20
150.9994835467078
 10
117.3325298741692
 20
150.4974363401998
 10
110.9788113143877
 20
148.9994835467078
 10
107.4546176494914
 20
147.7233831216581
 10
103.3062462458038
 20
145.9322876051883
 10
94.97881131438772
 20
140.9994835467077
 10
92.52860684721964
 20
139.3595118398079
 10
84.97881131438772
 20
135.9994835467078
 10
82.49871305102715
 20
134.3591214456828
 10
75.97881131438771
 20
130.9994835467078
 10
72.58561927918345
 20
128.7131109847396
 10
66.97881131438771
 20
125.9994835467078
 10
65.79514843516517
 20
125.1472087836882
 10
64.20905478775967
 20
123.1661529102712
 10
61.97881131438771
 20
120.9994835467077
 10
49.97881131438771
 20
116.9994835467077
 10
49.97881131438771
 20
114.9994835467078
 10
36.97881131438772
 20
110.9994835467078
 10
31.97881131438772
 20
119.9994835467077
 10
30.97881131438771
 20
119.9994835467077
 10
26.97881131438772
 20
123.9994835467078
 10
19.97881131438771
 20
119.9994835467077
 10
14.97881131438771
 20
114.9994835467078
 10
11.97881131438771
 20
111.9994835467078
 10
6.517962233920115
 20
109.5046933528792
 10
0.0008751490386203
 20
106.2112910919531
 10
2.978811314387712
 20
101.9994835467078
 10
9.963779075653292
 20
104.9388401258911
 10
14.97881131438771
 20
109.9994835467078
 10
24.04668711172417
 20
113.3968934334407
 97
        0
 92
       22
 72
     0
 73
     1
 93
        5
 10
112.9788113143877
 20
129.9994835467078
 10
113.9788113143877
 20
140.9994835467077
 10
122.9788113143877
 20
142.9994835467077
 10
121.9788113143877
 20
134.9994835467078
 10
116.9788113143877
 20
129.9994835467078
 97
        0
 75
     1
 76
     1
 47
0.1762264952080124
 98
        2
 10
24.80571352341212
 20
116.5168766461138
 10
24.80571352341212
 20
116.5168766461138
450
        0
451
        0
460
0.0
461
0.0
452
        0
462
1.0
453
        2
463
0.0
 63
     5
421
      255
463
1.0
 63
     2
421
 16776960
470
LINEAR
1001
GradientColor1ACI
1070
     5
1001
GradientColor2ACI
1070
     2
1001
ACAD
1010
0.0
1020
0.0
1030
0.0
  0
HATCH
  5
7CB
330
749
100
AcDbEntity
  8
TWT_TEXT
100
AcDbHatch
 10
0.0
 20
0.0
 30
0.0
210
0.0
220
0.0
230
1.0
  2
SOLID
 70
     1
 71
     0
 91
        1
 92
        7
 72
     0
 73
     1
 93
       11
 10
26.97881131438772
 20
123.9994835467078
 10
30.97881131438771
 20
119.9994835467077
 10
49.97881131438771
 20
142.9994835467077
 10
65.97881131438771
 20
160.9994835467078
 10
68.97881131438771
 20
164.9994835467078
 10
68.97881131438771
 20
170.9994835467077
 10
60.97881131438771
 20
170.9994835467077
 10
53.84785608254606
 20
162.1060877199052
 10
49.97881131438771
 20
156.9994835467078
 10
45.0391374338069
 20
149.1622978047817
 10
41.97881131438771
 20
143.9994835467078
 97
        0
 75
     1
 76
     1
 47
0.1772782681633165
 98
        1
 10
38.09365928656189
 20
133.9082913745078
450
        0
451
        0
460
0.0
461
0.0
452
        0
462
1.0
453
        2
463
0.0
 63
     5
421
      255
463
1.0
 63
     2
421
 16776960
470
LINEAR
1001
GradientColor1ACI
1070
     5
1001
GradientColor2ACI
1070
     2
1001
ACAD
1010
0.0
1020
0.0
1030
0.0
  0
POLYLINE
  5
7CC
330
749
100
AcDbEntity
  8
TWT_TEXT
100
AcDb3dPolyline
 66
     1
 10
0.0
 20
0.0
 30
0.0
 70
     8
  0
VERTEX
  5
7CD
330
7CC
100
AcDbEntity
  8
TWT_TEXT
100
AcDbVertex
100
AcDb3dPolylineVertex
 10
11.97881131438771
 20
111.9994835467078
 30
0.0
 70
    32
  0
VERTEX
  5
7CE
330
7CC
100
AcDbEntity
  8
TWT_TEXT
100
AcDbVertex
100
AcDb3dPolylineVertex
 10
14.97881131438771
 20
114.9994835467078
 30
0.0
 70
    32
  0
VERTEX
  5
7CF
330
7CC
100
AcDbEntity
  8
TWT_TEXT
100
AcDbVertex
100
AcDb3dPolylineVertex
 10
19.97881131438771
 20
119.9994835467077
 30
0.0
 70
    32
  0
VERTEX
  5
7D0
330
7CC
100
AcDbEntity
  8
TWT_TEXT
100
AcDbVertex
100
AcDb3dPolylineVertex
 10
26.97881131438772
 20
123.9994835467078
 30
0.0
 70
    32
  0
VERTEX
  5
7D1
330
7CC
100
AcDbEntity
  8
TWT_TEXT
100
AcDbVertex
100
AcDb3dPolylineVertex
 10
30.97881131438771
 20
119.9994835467077
 30
0.0
 70
    32
  0
VERTEX
  5
7D2
330
7CC
100
AcDbEntity
  8
TWT_TEXT
100
AcDbVertex
100
AcDb3dPolylineVertex
 10
31.97881131438772
 20
119.9994835467077
 30
0.0
 70
    32
  0
VERTEX
  5
7D3
330
7CC
100
AcDbEntity
  8
TWT_TEXT
100
AcDbVertex
100
AcDb3dPolylineVertex
 10
36.97881131438772
 20
110.9994835467078
 30
0.0
 70
    32
  0
VERTEX
  5
7D4
330
7CC
100
AcDbEntity
  8
TWT_TEXT
100
AcDbVertex
100
AcDb3dPolylineVertex
 10
49.97881131438771
 20
114.9994835467078
 30
0.0
 70
    32
  0
VERTEX
  5
7D5
330
7CC
100
AcDbEntity
  8
TWT_TEXT
100
AcDbVertex
100
AcDb3dPolylineVertex
 10
49.97881131438771
 20
116.9994835467077
 30
0.0
 70
    32
  0
VERTEX
  5
7D6
330
7CC
100
AcDbEntity
  8
TWT_TEXT
100
AcDbVertex
100
AcDb3dPolylineVertex
 10
61.97881131438771
 20
120.9994835467077
 30
0.0
 70
    32
  0
VERTEX
  5
7D7
330
7CC
100
AcDbEntity
  8
TWT_TEXT
100
AcDbVertex
100
AcDb3dPolylineVertex
 10
64.20905478775967
 20
123.1661529102712
 30
0.0
 70
    32
  0
VERTEX
  5
7D8
330
7CC
100
AcDbEntity
  8
TWT_TEXT
100
AcDbVertex
100
AcDb3dPolylineVertex
 10
65.79514843516517
 20
125.1472087836882
 30
0.0
 70
    32
  0
VERTEX
  5
7D9
330
7CC
100
AcDbEntity
  8
TWT_TEXT
100
AcDbVertex
100
AcDb3dPolylineVertex
 10
66.97881131438771
 20
125.9994835467078
 30
0.0
 70
    32
  0
VERTEX
  5
7DA
330
7CC
100
AcDbEntity
  8
TWT_TEXT
100
AcDbVertex
100
AcDb3dPolylineVertex
 10
72.58561927918345
 20
128.7131109847396
 30
0.0
 70
    32
  0
VERTEX
  5
7DB
330
7CC
100
AcDbEntity
  8
TWT_TEXT
100
AcDbVertex
100
AcDb3dPolylineVertex
 10
75.97881131438771
 20
130.9994835467078
 30
0.0
 70
    32
  0
VERTEX
  5
7DC
330
7CC
100
AcDbEntity
  8
TWT_TEXT
100
AcDbVertex
100
AcDb3dPolylineVertex
 10
82.49871305102715
 20
134.3591214456828
 30
0.0
 70
    32
  0
VERTEX
  5
7DD
330
7CC
100
AcDbEntity
  8
TWT_TEXT
100
AcDbVertex
100
AcDb3dPolylineVertex
 10
84.97881131438772
 20
135.9994835467078
 30
0.0
 70
    32
  0
VERTEX
  5
7DE
330
7CC
100
AcDbEntity
  8
TWT_TEXT
100
AcDbVertex
100
AcDb3dPolylineVertex
 10
92.52860684721964
 20
139.3595118398079
 30
0.0
 70
    32
  0
VERTEX
  5
7DF
330
7CC
100
AcDbEntity
  8
TWT_TEXT
100
AcDbVertex
100
AcDb3dPolylineVertex
 10
94.97881131438772
 20
140.9994835467077
 30
0.0
 70
    32
  0
VERTEX
  5
7E0
330
7CC
100
AcDbEntity
  8
TWT_TEXT
100
AcDbVertex
100
AcDb3dPolylineVertex
 10
103.3062462458038
 20
145.9322876051883
 30
0.0
 70
    32
  0
VERTEX
  5
7E1
330
7CC
100
AcDbEntity
  8
TWT_TEXT
100
AcDbVertex
100
AcDb3dPolylineVertex
 10
107.4546176494914
 20
147.7233831216581
 30
0.0
 70
    32
  0
VERTEX
  5
7E2
330
7CC
100
AcDbEntity
  8
TWT_TEXT
100
AcDbVertex
100
AcDb3dPolylineVertex
 10
110.9788113143877
 20
148.9994835467078
 30
0.0
 70
    32
  0
VERTEX
  5
7E3
330
7CC
100
AcDbEntity
  8
TWT_TEXT
100
AcDbVertex
100
AcDb3dPolylineVertex
 10
117.3325298741692
 20
150.4974363401998
 30
0.0
 70
    32
  0
VERTEX
  5
7E4
330
7CC
100
AcDbEntity
  8
TWT_TEXT
100
AcDbVertex
100
AcDb3dPolylineVertex
 10
120.9788113143877
 20
150.9994835467078
 30
0.0
 70
    32
  0
VERTEX
  5
7E5
330
7CC
100
AcDbEntity
  8
TWT_TEXT
100
AcDbVertex
100
AcDb3dPolylineVertex
 10
125.4273199219024
 20
152.0235532846127
 30
0.0
 70
    32
  0
VERTEX
  5
7E6
330
7CC
100
AcDbEntity
  8
TWT_TEXT
100
AcDbVertex
100
AcDb3dPolylineVertex
 10
127.1582842475036
 20
152.5322575753671
 30
0.0
 70
    32
  0
VERTEX
  5
7E7
330
7CC
100
AcDbEntity
  8
TWT_TEXT
100
AcDbVertex
100
AcDb3dPolylineVertex
 10
128.9788113143877
 20
152.9994835467078
 30
0.0
 70
    32
  0
VERTEX
  5
7E8
330
7CC
100
AcDbEntity
  8
TWT_TEXT
100
AcDbVertex
100
AcDb3dPolylineVertex
 10
134.2348604846047
 20
154.9231730356696
 30
0.0
 70
    32
  0
VERTEX
  5
7E9
330
7CC
100
AcDbEntity
  8
TWT_TEXT
100
AcDbVertex
100
AcDb3dPolylineVertex
 10
137.9788113143877
 20
155.9994835467078
 30
0.0
 70
    32
  0
VERTEX
  5
7EA
330
7CC
100
AcDbEntity
  8
TWT_TEXT
100
AcDbVertex
100
AcDb3dPolylineVertex
 10
149.9788113143877
 20
157.9994835467078
 30
0.0
 70
    32
  0
VERTEX
  5
7EB
330
7CC
100
AcDbEntity
  8
TWT_TEXT
100
AcDbVertex
100
AcDb3dPolylineVertex
 10
156.4788113143877
 20
159.9994835467078
 30
0.0
 70
    32
  0
VERTEX
  5
7EC
330
7CC
100
AcDbEntity
  8
TWT_TEXT
100
AcDbVertex
100
AcDb3dPolylineVertex
 10
157.9788113143877
 20
160.9994835467078
 30
0.0
 70
    32
  0
VERTEX
  5
7ED
330
7CC
100
AcDbEntity
  8
TWT_TEXT
100
AcDbVertex
100
AcDb3dPolylineVertex
 10
188.9788113143877
 20
164.9994835467078
 30
0.0
 70
    32
  0
VERTEX
  5
7EE
330
7CC
100
AcDbEntity
  8
TWT_TEXT
100
AcDbVertex
100
AcDb3dPolylineVertex
 10
190.9788113143877
 20
164.9994835467078
 30
0.0
 70
    32
  0
VERTEX
  5
7EF
330
7CC
100
AcDbEntity
  8
TWT_TEXT
100
AcDbVertex
100
AcDb3dPolylineVertex
 10
193.9788113143877
 20
157.9994835467078
 30
0.0
 70
    32
  0
VERTEX
  5
7F0
330
7CC
100
AcDbEntity
  8
TWT_TEXT
100
AcDbVertex
100
AcDb3dPolylineVertex
 10
150.9788113143877
 20
151.9994835467078
 30
0.0
 70
    32
  0
VERTEX
  5
7F1
330
7CC
100
AcDbEntity
  8
TWT_TEXT
100
AcDbVertex
100
AcDb3dPolylineVertex
 10
154.9788113143877
 20
133.9994835467078
 30
0.0
 70
    32
  0
VERTEX
  5
7F2
330
7CC
100
AcDbEntity
  8
TWT_TEXT
100
AcDbVertex
100
AcDb3dPolylineVertex
 10
151.9788113143877
 20
43.99948354670778
 30
0.0
 70
    32
  0
VERTEX
  5
7F3
330
7CC
100
AcDbEntity
  8
TWT_TEXT
100
AcDbVertex
100
AcDb3dPolylineVertex
 10
154.9788113143877
 20
27.99948354670778
 30
0.0
 70
    32
  0
VERTEX
  5
7F4
330
7CC
100
AcDbEntity
  8
TWT_TEXT
100
AcDbVertex
100
AcDb3dPolylineVertex
 10
157.9788113143877
 20
27.99948354670778
 30
0.0
 70
    32
  0
VERTEX
  5
7F5
330
7CC
100
AcDbEntity
  8
TWT_TEXT
100
AcDbVertex
100
AcDb3dPolylineVertex
 10
156.9788113143877
 20
-0.0005164532922208
 30
0.0
 70
    32
  0
VERTEX
  5
7F6
330
7CC
100
AcDbEntity
  8
TWT_TEXT
100
AcDbVertex
100
AcDb3dPolylineVertex
 10
150.9788113143877
 20
0.9994835467077791
 30
0.0
 70
    32
  0
VERTEX
  5
7F7
330
7CC
100
AcDbEntity
  8
TWT_TEXT
100
AcDbVertex
100
AcDb3dPolylineVertex
 10
147.9788113143877
 20
8.999483546707779
 30
0.0
 70
    32
  0
VERTEX
  5
7F8
330
7CC
100
AcDbEntity
  8
TWT_TEXT
100
AcDbVertex
100
AcDb3dPolylineVertex
 10
145.9788113143877
 20
46.99948354670778
 30
0.0
 70
    32
  0
VERTEX
  5
7F9
330
7CC
100
AcDbEntity
  8
TWT_TEXT
100
AcDbVertex
100
AcDb3dPolylineVertex
 10
145.9788113143877
 20
92.99948354670778
 30
0.0
 70
    32
  0
VERTEX
  5
7FA
330
7CC
100
AcDbEntity
  8
TWT_TEXT
100
AcDbVertex
100
AcDb3dPolylineVertex
 10
145.9788113143877
 20
136.9994835467078
 30
0.0
 70
    32
  0
VERTEX
  5
7FB
330
7CC
100
AcDbEntity
  8
TWT_TEXT
100
AcDbVertex
100
AcDb3dPolylineVertex
 10
143.9788113143877
 20
148.9994835467078
 30
0.0
 70
    32
  0
VERTEX
  5
7FC
330
7CC
100
AcDbEntity
  8
TWT_TEXT
100
AcDbVertex
100
AcDb3dPolylineVertex
 10
129.0671395615209
 20
145.7275899276137
 30
0.0
 70
    32
  0
VERTEX
  5
7FD
330
7CC
100
AcDbEntity
  8
TWT_TEXT
100
AcDbVertex
100
AcDb3dPolylineVertex
 10
131.9788113143877
 20
141.9994835467077
 30
0.0
 70
    32
  0
VERTEX
  5
7FE
330
7CC
100
AcDbEntity
  8
TWT_TEXT
100
AcDbVertex
100
AcDb3dPolylineVertex
 10
131.9788113143877
 20
134.9994835467078
 30
0.0
 70
    32
  0
VERTEX
  5
7FF
330
7CC
100
AcDbEntity
  8
TWT_TEXT
100
AcDbVertex
100
AcDb3dPolylineVertex
 10
137.2435141846654
 20
136.571584608726
 30
0.0
 70
    32
  0
SEQEND
  5
800
330
7CC
100
AcDbEntity
  8
TWT_TEXT
  0
POLYLINE
  5
801
330
749
100
AcDbEntity
  8
TWT_TEXT
100
AcDb3dPolyline
 66
     1
 10
0.0
 20
0.0
 30
0.0
 70
     8
  0
VERTEX
  5
802
330
801
100
AcDbEntity
  8
TWT_TEXT
100
AcDbVertex
100
AcDb3dPolylineVertex
 10
11.97881131438771
 20
111.9994835467078
 30
0.0
 70
    32
  0
VERTEX
  5
803
330
801
100
AcDbEntity
  8
TWT_TEXT
100
AcDbVertex
100
AcDb3dPolylineVertex
 10
6.517962233920115
 20
109.5046933528792
 30
0.0
 70
    32
  0
VERTEX
  5
804
330
801
100
AcDbEntity
  8
TWT_TEXT
100
AcDbVertex
100
AcDb3dPolylineVertex
 10
0.0008751490386203
 20
106.2112910919531
 30
0.0
 70
    32
  0
VERTEX
  5
805
330
801
100
AcDbEntity
  8
TWT_TEXT
100
AcDbVertex
100
AcDb3dPolylineVertex
 10
2.978811314387712
 20
101.9994835467078
 30
0.0
 70
    32
  0
VERTEX
  5
806
330
801
100
AcDbEntity
  8
TWT_TEXT
100
AcDbVertex
100
AcDb3dPolylineVertex
 10
9.963779075653292
 20
104.9388401258911
 30
0.0
 70
    32
  0
VERTEX
  5
807
330
801
100
AcDbEntity
  8
TWT_TEXT
100
AcDbVertex
100
AcDb3dPolylineVertex
 10
14.97881131438771
 20
109.9994835467078
 30
0.0
 70
    32
  0
VERTEX
  5
808
330
801
100
AcDbEntity
  8
TWT_TEXT
100
AcDbVertex
100
AcDb3dPolylineVertex
 10
24.04668711172417
 20
113.3968934334407
 30
0.0
 70
    32
  0
VERTEX
  5
809
330
801
100
AcDbEntity
  8
TWT_TEXT
100
AcDbVertex
100
AcDb3dPolylineVertex
 10
27.97881131438771
 20
114.9994835467078
 30
0.0
 70
    32
  0
VERTEX
  5
80A
330
801
100
AcDbEntity
  8
TWT_TEXT
100
AcDbVertex
100
AcDb3dPolylineVertex
 10
27.97881131438771
 20
107.9994835467078
 30
0.0
 70
    32
  0
VERTEX
  5
80B
330
801
100
AcDbEntity
  8
TWT_TEXT
100
AcDbVertex
100
AcDb3dPolylineVertex
 10
27.97881131438771
 20
98.99948354670778
 30
0.0
 70
    32
  0
VERTEX
  5
80C
330
801
100
AcDbEntity
  8
TWT_TEXT
100
AcDbVertex
100
AcDb3dPolylineVertex
 10
29.97881131438771
 20
98.99948354670778
 30
0.0
 70
    32
  0
VERTEX
  5
80D
330
801
100
AcDbEntity
  8
TWT_TEXT
100
AcDbVertex
100
AcDb3dPolylineVertex
 10
34.97881131438771
 20
97.99948354670778
 30
0.0
 70
    32
  0
VERTEX
  5
80E
330
801
100
AcDbEntity
  8
TWT_TEXT
100
AcDbVertex
100
AcDb3dPolylineVertex
 10
56.97881131438771
 20
111.9994835467078
 30
0.0
 70
    32
  0
VERTEX
  5
80F
330
801
100
AcDbEntity
  8
TWT_TEXT
100
AcDbVertex
100
AcDb3dPolylineVertex
 10
59.97881131438771
 20
114.9994835467078
 30
0.0
 70
    32
  0
VERTEX
  5
810
330
801
100
AcDbEntity
  8
TWT_TEXT
100
AcDbVertex
100
AcDb3dPolylineVertex
 10
101.9788113143877
 20
135.9994835467078
 30
0.0
 70
    32
  0
VERTEX
  5
811
330
801
100
AcDbEntity
  8
TWT_TEXT
100
AcDbVertex
100
AcDb3dPolylineVertex
 10
103.9788113143877
 20
135.9994835467078
 30
0.0
 70
    32
  0
VERTEX
  5
812
330
801
100
AcDbEntity
  8
TWT_TEXT
100
AcDbVertex
100
AcDb3dPolylineVertex
 10
104.9788113143877
 20
118.9994835467077
 30
0.0
 70
    32
  0
VERTEX
  5
813
330
801
100
AcDbEntity
  8
TWT_TEXT
100
AcDbVertex
100
AcDb3dPolylineVertex
 10
109.9788113143877
 20
114.9994835467078
 30
0.0
 70
    32
  0
VERTEX
  5
814
330
801
100
AcDbEntity
  8
TWT_TEXT
100
AcDbVertex
100
AcDb3dPolylineVertex
 10
116.9788113143877
 20
117.9994835467077
 30
0.0
 70
    32
  0
VERTEX
  5
815
330
801
100
AcDbEntity
  8
TWT_TEXT
100
AcDbVertex
100
AcDb3dPolylineVertex
 10
117.9788113143877
 20
120.9994835467077
 30
0.0
 70
    32
  0
VERTEX
  5
816
330
801
100
AcDbEntity
  8
TWT_TEXT
100
AcDbVertex
100
AcDb3dPolylineVertex
 10
120.9788113143877
 20
120.9994835467077
 30
0.0
 70
    32
  0
VERTEX
  5
817
330
801
100
AcDbEntity
  8
TWT_TEXT
100
AcDbVertex
100
AcDb3dPolylineVertex
 10
126.9788113143877
 20
116.9994835467077
 30
0.0
 70
    32
  0
VERTEX
  5
818
330
801
100
AcDbEntity
  8
TWT_TEXT
100
AcDbVertex
100
AcDb3dPolylineVertex
 10
135.9788113143877
 20
127.9994835467078
 30
0.0
 70
    32
  0
VERTEX
  5
819
330
801
100
AcDbEntity
  8
TWT_TEXT
100
AcDbVertex
100
AcDb3dPolylineVertex
 10
139.0831336377887
 20
133.7626040624745
 30
0.0
 70
    32
  0
SEQEND
  5
81A
330
801
100
AcDbEntity
  8
TWT_TEXT
  0
POLYLINE
  5
81B
330
749
100
AcDbEntity
  8
TWT_TEXT
100
AcDb3dPolyline
 66
     1
 10
0.0
 20
0.0
 30
0.0
 70
     8
  0
VERTEX
  5
81C
330
81B
100
AcDbEntity
  8
TWT_TEXT
100
AcDbVertex
100
AcDb3dPolylineVertex
 10
30.97881131438771
 20
119.9994835467077
 30
0.0
 70
    32
  0
VERTEX
  5
81D
330
81B
100
AcDbEntity
  8
TWT_TEXT
100
AcDbVertex
100
AcDb3dPolylineVertex
 10
49.97881131438771
 20
142.9994835467077
 30
0.0
 70
    32
  0
VERTEX
  5
81E
330
81B
100
AcDbEntity
  8
TWT_TEXT
100
AcDbVertex
100
AcDb3dPolylineVertex
 10
65.97881131438771
 20
160.9994835467078
 30
0.0
 70
    32
  0
VERTEX
  5
81F
330
81B
100
AcDbEntity
  8
TWT_TEXT
100
AcDbVertex
100
AcDb3dPolylineVertex
 10
68.97881131438771
 20
164.9994835467078
 30
0.0
 70
    32
  0
VERTEX
  5
820
330
81B
100
AcDbEntity
  8
TWT_TEXT
100
AcDbVertex
100
AcDb3dPolylineVertex
 10
68.97881131438771
 20
170.9994835467077
 30
0.0
 70
    32
  0
VERTEX
  5
821
330
81B
100
AcDbEntity
  8
TWT_TEXT
100
AcDbVertex
100
AcDb3dPolylineVertex
 10
60.97881131438771
 20
170.9994835467077
 30
0.0
 70
    32
  0
VERTEX
  5
822
330
81B
100
AcDbEntity
  8
TWT_TEXT
100
AcDbVertex
100
AcDb3dPolylineVertex
 10
53.84785608254606
 20
162.1060877199052
 30
0.0
 70
    32
  0
VERTEX
  5
823
330
81B
100
AcDbEntity
  8
TWT_TEXT
100
AcDbVertex
100
AcDb3dPolylineVertex
 10
49.97881131438771
 20
156.9994835467078
 30
0.0
 70
    32
  0
VERTEX
  5
824
330
81B
100
AcDbEntity
  8
TWT_TEXT
100
AcDbVertex
100
AcDb3dPolylineVertex
 10
45.0391374338069
 20
149.1622978047817
 30
0.0
 70
    32
  0
VERTEX
  5
825
330
81B
100
AcDbEntity
  8
TWT_TEXT
100
AcDbVertex
100
AcDb3dPolylineVertex
 10
41.97881131438771
 20
143.9994835467078
 30
0.0
 70
    32
  0
VERTEX
  5
826
330
81B
100
AcDbEntity
  8
TWT_TEXT
100
AcDbVertex
100
AcDb3dPolylineVertex
 10
41.97881131438771
 20
143.9994835467078
 30
0.0
 70
    32
  0
VERTEX
  5
827
330
81B
100
AcDbEntity
  8
TWT_TEXT
100
AcDbVertex
100
AcDb3dPolylineVertex
 10
41.97881131438771
 20
143.9994835467078
 30
0.0
 70
    32
  0
SEQEND
  5
828
330
81B
100
AcDbEntity
  8
TWT_TEXT
  0
POLYLINE
  5
829
330
749
100
AcDbEntity
  8
TWT_TEXT
100
AcDb3dPolyline
 66
     1
 10
0.0
 20
0.0
 30
0.0
 70
     8
  0
VERTEX
  5
82A
330
829
100
AcDbEntity
  8
TWT_TEXT
100
AcDbVertex
100
AcDb3dPolylineVertex
 10
225.9112076760502
 20
153.0670871850161
 30
0.0
 70
    32
  0
VERTEX
  5
82B
330
829
100
AcDbEntity
  8
TWT_TEXT
100
AcDbVertex
100
AcDb3dPolylineVertex
 10
223.9788113143877
 20
154.9994835467078
 30
0.0
 70
    32
  0
VERTEX
  5
82C
330
829
100
AcDbEntity
  8
TWT_TEXT
100
AcDbVertex
100
AcDb3dPolylineVertex
 10
218.9788113143877
 20
143.9994835467078
 30
0.0
 70
    32
  0
VERTEX
  5
82D
330
829
100
AcDbEntity
  8
TWT_TEXT
100
AcDbVertex
100
AcDb3dPolylineVertex
 10
223.9788113143877
 20
145.9994835467077
 30
0.0
 70
    32
  0
VERTEX
  5
82E
330
829
100
AcDbEntity
  8
TWT_TEXT
100
AcDbVertex
100
AcDb3dPolylineVertex
 10
225.9112076760502
 20
153.0670871850161
 30
0.0
 70
    32
  0
VERTEX
  5
82F
330
829
100
AcDbEntity
  8
TWT_TEXT
100
AcDbVertex
100
AcDb3dPolylineVertex
 10
225.9112076760502
 20
153.0670871850161
 30
0.0
 70
    32
  0
SEQEND
  5
830
330
829
100
AcDbEntity
  8
TWT_TEXT
  0
POLYLINE
  5
831
330
749
100
AcDbEntity
  8
TWT_TEXT
100
AcDb3dPolyline
 66
     1
 10
0.0
 20
0.0
 30
0.0
 70
     8
  0
VERTEX
  5
832
330
831
100
AcDbEntity
  8
TWT_TEXT
100
AcDbVertex
100
AcDb3dPolylineVertex
 10
338.9788113143877
 20
108.9994835467078
 30
0.0
 70
    32
  0
VERTEX
  5
833
330
831
100
AcDbEntity
  8
TWT_TEXT
100
AcDbVertex
100
AcDb3dPolylineVertex
 10
338.9788113143877
 20
113.9994835467078
 30
0.0
 70
    32
  0
VERTEX
  5
834
330
831
100
AcDbEntity
  8
TWT_TEXT
100
AcDbVertex
100
AcDb3dPolylineVertex
 10
343.9788113143877
 20
115.9994835467077
 30
0.0
 70
    32
  0
VERTEX
  5
835
330
831
100
AcDbEntity
  8
TWT_TEXT
100
AcDbVertex
100
AcDb3dPolylineVertex
 10
343.9788113143877
 20
108.9994835467078
 30
0.0
 70
    32
  0
VERTEX
  5
836
330
831
100
AcDbEntity
  8
TWT_TEXT
100
AcDbVertex
100
AcDb3dPolylineVertex
 10
337.9788113143877
 20
109.9994835467078
 30
0.0
 70
    32
  0
SEQEND
  5
837
330
831
100
AcDbEntity
  8
TWT_TEXT
  0
POLYLINE
  5
838
330
749
100
AcDbEntity
  8
TWT_TEXT
100
AcDb3dPolyline
 66
     1
 10
0.0
 20
0.0
 30
0.0
 70
     8
  0
VERTEX
  5
839
330
838
100
AcDbEntity
  8
TWT_TEXT
100
AcDbVertex
100
AcDb3dPolylineVertex
 10
281.9788113143877
 20
112.9994835467078
 30
0.0
 70
    32
  0
VERTEX
  5
83A
330
838
100
AcDbEntity
  8
TWT_TEXT
100
AcDbVertex
100
AcDb3dPolylineVertex
 10
283.9788113143877
 20
133.9994835467078
 30
0.0
 70
    32
  0
VERTEX
  5
83B
330
838
100
AcDbEntity
  8
TWT_TEXT
100
AcDbVertex
100
AcDb3dPolylineVertex
 10
285.9788113143877
 20
133.9994835467078
 30
0.0
 70
    32
  0
VERTEX
  5
83C
330
838
100
AcDbEntity
  8
TWT_TEXT
100
AcDbVertex
100
AcDb3dPolylineVertex
 10
286.9788113143877
 20
117.9994835467077
 30
0.0
 70
    32
  0
VERTEX
  5
83D
330
838
100
AcDbEntity
  8
TWT_TEXT
100
AcDbVertex
100
AcDb3dPolylineVertex
 10
284.9788113143877
 20
112.9994835467078
 30
0.0
 70
    32
  0
VERTEX
  5
83E
330
838
100
AcDbEntity
  8
TWT_TEXT
100
AcDbVertex
100
AcDb3dPolylineVertex
 10
281.9788113143877
 20
112.9994835467078
 30
0.0
 70
    32
  0
SEQEND
  5
83F
330
838
100
AcDbEntity
  8
TWT_TEXT
  0
POLYLINE
  5
840
330
749
100
AcDbEntity
  8
TWT_TEXT
100
AcDb3dPolyline
 66
     1
 10
0.0
 20
0.0
 30
0.0
 70
     8
  0
VERTEX
  5
841
330
840
100
AcDbEntity
  8
TWT_TEXT
100
AcDbVertex
100
AcDb3dPolylineVertex
 10
332.9788113143877
 20
116.9994835467077
 30
0.0
 70
    32
  0
VERTEX
  5
842
330
840
100
AcDbEntity
  8
TWT_TEXT
100
AcDbVertex
100
AcDb3dPolylineVertex
 10
333.9788113143877
 20
127.9994835467078
 30
0.0
 70
    32
  0
VERTEX
  5
843
330
840
100
AcDbEntity
  8
TWT_TEXT
100
AcDbVertex
100
AcDb3dPolylineVertex
 10
341.9788113143877
 20
128.9994835467078
 30
0.0
 70
    32
  0
VERTEX
  5
844
330
840
100
AcDbEntity
  8
TWT_TEXT
100
AcDbVertex
100
AcDb3dPolylineVertex
 10
339.9788113143877
 20
121.9994835467077
 30
0.0
 70
    32
  0
VERTEX
  5
845
330
840
100
AcDbEntity
  8
TWT_TEXT
100
AcDbVertex
100
AcDb3dPolylineVertex
 10
332.9788113143877
 20
116.9994835467077
 30
0.0
 70
    32
  0
SEQEND
  5
846
330
840
100
AcDbEntity
  8
TWT_TEXT
  0
POLYLINE
  5
847
330
749
100
AcDbEntity
  8
TWT_TEXT
100
AcDb3dPolyline
 66
     1
 10
0.0
 20
0.0
 30
0.0
 70
     8
  0
VERTEX
  5
848
330
847
100
AcDbEntity
  8
TWT_TEXT
100
AcDbVertex
100
AcDb3dPolylineVertex
 10
112.9788113143877
 20
129.9994835467078
 30
0.0
 70
    32
  0
VERTEX
  5
849
330
847
100
AcDbEntity
  8
TWT_TEXT
100
AcDbVertex
100
AcDb3dPolylineVertex
 10
113.9788113143877
 20
140.9994835467077
 30
0.0
 70
    32
  0
VERTEX
  5
84A
330
847
100
AcDbEntity
  8
TWT_TEXT
100
AcDbVertex
100
AcDb3dPolylineVertex
 10
122.9788113143877
 20
142.9994835467077
 30
0.0
 70
    32
  0
VERTEX
  5
84B
330
847
100
AcDbEntity
  8
TWT_TEXT
100
AcDbVertex
100
AcDb3dPolylineVertex
 10
121.9788113143877
 20
134.9994835467078
 30
0.0
 70
    32
  0
VERTEX
  5
84C
330
847
100
AcDbEntity
  8
TWT_TEXT
100
AcDbVertex
100
AcDb3dPolylineVertex
 10
116.9788113143877
 20
129.9994835467078
 30
0.0
 70
    32
  0
VERTEX
  5
84D
330
847
100
AcDbEntity
  8
TWT_TEXT
100
AcDbVertex
100
AcDb3dPolylineVertex
 10
112.9788113143877
 20
129.9994835467078
 30
0.0
 70
    32
  0
SEQEND
  5
84E
330
847
100
AcDbEntity
  8
TWT_TEXT
  0
LINE
  5
84F
330
749
100
AcDbEntity
  8
TWT_TEXT
100
AcDbLine
 10
26.97881131438772
 20
123.9994835467078
 30
0.0
 11
41.97881131438771
 21
143.9994835467078
 31
0.0
  0
LINE
  5
850
330
749
100
AcDbEntity
  8
TWT_TEXT
100
AcDbLine
 10
139.0831336377887
 20
133.7626040624745
 30
0.0
 11
137.2435141846654
 21
136.571584608726
 31
0.0
  0
ENDBLK
  5
851
330
749
100
AcDbEntity
  8
0
100
AcDbBlockEnd
  0
BLOCK
  5
6CE
330
6CB
100
AcDbEntity
  8
0
100
AcDbBlockBegin
  2
A$C54597E38
 70
     0
 10
0.0
 20
0.0
 30
0.0
  3
A$C54597E38
  1

  0
HATCH
  5
6CF
330
6CB
100
AcDbEntity
  8
9
100
AcDbHatch
 10
0.0
 20
0.0
 30
0.0
210
0.0
220
0.0
230
1.0
  2
ANSI31
 70
     0
 71
     0
 91
        5
 92
        1
 93
       15
 72
     1
 10
99.41308107186342
 20
457.9238279424608
 11
99.41308107186342
 21
400.1056380121154
 72
     1
 10
99.41308107186342
 20
400.1056380121154
 11
-0.0014904474955983
 21
400.1056380121154
 72
     1
 10
-0.0014904474955983
 20
400.1056380121154
 11
-0.0014904474955983
 21
619.6488396740751
 72
     2
 10
63.56569147878326
 20
619.6488396740751
 40
63.56718192627756
 50
180.0
 51
270.0
 73
     0
 72
     1
 10
63.56569147878326
 20
683.216021600354
 11
621.6343565146671
 21
683.216021600354
 72
     2
 10
621.6343565146671
 20
619.6488396740751
 40
63.56718192627756
 50
270.0
 51
360.0
 73
     0
 72
     1
 10
685.201538440946
 20
619.6488396740751
 11
685.201538440946
 21
396.4916128304612
 72
     1
 10
685.201538440946
 20
396.4916128304612
 11
593.6977717831032
 21
396.4916128304612
 72
     1
 10
593.6977717831614
 20
396.4916128304612
 11
593.6977717831614
 21
462.9157312730967
 72
     1
 10
593.6977717831614
 20
462.9157312730967
 11
614.0798925631097
 21
462.9157312730967
 72
     1
 10
614.0798925631097
 20
462.9157312730967
 11
624.0262774157454
 21
462.9157312730967
 72
     1
 10
624.0262774157454
 20
462.9157312730967
 11
624.0262774157454
 21
612.6657531184319
 72
     1
 10
624.0262774157454
 20
612.6657531184319
 11
68.40145392977865
 21
612.6657531184319
 72
     1
 10
68.40145392977865
 20
612.6657531184319
 11
68.40145392977865
 21
457.9238279424608
 72
     1
 10
68.40145392977865
 20
457.9238279424608
 11
99.41308107186342
 21
457.9238279424608
 97
        0
 92
        1
 93
       28
 72
     1
 10
369.2543263327098
 20
293.4968956817465
 11
369.2543263327098
 21
581.6187652715889
 72
     1
 10
369.2543263327098
 20
581.6187652715889
 11
586.3493109201081
 21
581.6187652715889
 72
     1
 10
586.3493109201081
 20
581.6187652715889
 11
586.3493109201081
 21
519.3830445954226
 72
     1
 10
586.3493109201081
 20
519.3830445954226
 11
435.5343976941658
 21
519.3830445954226
 72
     1
 10
435.534397694224
 20
519.3830445954226
 11
435.534397694224
 21
458.3416440199071
 72
     1
 10
435.534397694224
 20
458.3416440199071
 11
557.3215717542916
 21
458.3416440199071
 72
     1
 10
557.3215717542916
 20
458.3416440199071
 11
557.3215717542916
 21
224.8747076222208
 72
     1
 10
557.3215717542916
 20
224.8747076222207
 11
430.7170546576962
 21
224.8747076222207
 72
     1
 10
430.7170546576962
 20
224.8747076222207
 11
430.7170546576962
 21
166.4153228469658
 72
     1
 10
430.7170546576962
 20
166.4153228469658
 11
587.5856048265704
 21
166.4153228469658
 72
     1
 10
587.5856048265704
 20
166.4153228469658
 11
587.5856048265704
 21
111.9876220402657
 72
     1
 10
587.5856048265704
 20
111.9876220402366
 11
369.9320479939343
 21
111.9876220402366
 72
     1
 10
369.9320479939343
 20
111.9876220402366
 11
369.9320479939343
 21
226.0327722557704
 72
     1
 10
369.9320479939343
 20
226.0327722557704
 11
320.720327204559
 21
226.0327722557704
 72
     1
 10
320.720327204559
 20
226.0327722557704
 11
320.720327204559
 21
111.9876220402366
 72
     1
 10
320.720327204559
 20
111.9876220402366
 11
103.0667703719227
 21
111.9876220402366
 72
     1
 10
103.0667703719809
 20
111.9876220402366
 11
103.0667703719809
 21
166.4153228469367
 72
     1
 10
103.0667703719809
 20
166.4153228469658
 11
259.9353205407969
 21
166.4153228469658
 72
     1
 10
259.9353205407969
 20
166.4153228469658
 11
259.9353205407969
 21
224.8747076222207
 72
     1
 10
259.9353205407969
 20
224.8747076222207
 11
133.3308034442598
 21
224.8747076222207
 72
     1
 10
133.3308034442016
 20
224.8747076222207
 11
133.3308034442016
 21
458.3416440199071
 72
     1
 10
133.3308034442016
 20
458.3416440199071
 11
255.1179775042692
 21
458.3416440199071
 72
     1
 10
255.1179775043274
 20
458.3416440199071
 11
255.1179775043274
 21
519.3830445954226
 72
     1
 10
255.1179775043274
 20
519.3830445954226
 11
104.3030642783851
 21
519.3830445954226
 72
     1
 10
104.3030642783851
 20
519.3830445954226
 11
104.3030642783851
 21
581.6187652715889
 72
     1
 10
104.3030642783851
 20
581.6187652715889
 11
321.3980488658417
 21
581.6187652715889
 72
     1
 10
321.3980488657835
 20
581.6187652715889
 11
321.3980488657835
 21
293.4968956817466
 72
     1
 10
321.3980488657835
 20
293.4968956817465
 11
369.2543263327098
 21
293.4968956817465
 97
        0
 92
       16
 93
        4
 72
     1
 10
196.278272966214
 20
399.3351634591818
 11
265.1785460833926
 21
399.3351634591818
 72
     1
 10
265.1785460833926
 20
399.3351634591818
 11
265.1785460833926
 21
289.1909494592983
 72
     1
 10
265.1785460833926
 20
289.1909494592983
 11
196.278272966214
 21
289.1909494592983
 72
     1
 10
196.278272966214
 20
289.1909494592983
 11
196.278272966214
 21
399.3351634591818
 97
        0
 92
       16
 93
        4
 72
     1
 10
494.3741022322792
 20
399.3351634591818
 11
425.4738291151006
 21
399.3351634591818
 72
     1
 10
425.4738291151588
 20
399.3351634591818
 11
425.4738291151588
 21
289.1909494592983
 72
     1
 10
425.4738291151588
 20
289.1909494592983
 11
494.3741022323374
 21
289.1909494592983
 72
     1
 10
494.3741022322792
 20
289.1909494592983
 11
494.3741022322792
 21
399.3351634591818
 97
        0
 92
        1
 93
       15
 72
     1
 10
99.41308107186342
 20
225.2925236996671
 11
99.41308107186342
 21
283.1107136300125
 72
     1
 10
99.41308107186342
 20
283.1107136300416
 11
-0.0014904474955983
 21
283.1107136300416
 72
     1
 10
-0.0014904474955983
 20
283.1107136300416
 11
-0.0014904474955983
 21
63.56751196808184
 72
     2
 10
63.56569147878326
 20
63.56751196808182
 40
63.56718192627756
 50
180.0
 51
270.0
 73
     1
 72
     1
 10
63.56569147878326
 20
0.0003300418029539
 11
621.6343565146671
 21
0.0003300418029539
 72
     2
 10
621.6343565146671
 20
63.56751196808182
 40
63.56718192627756
 50
270.0
 51
360.0
 73
     1
 72
     1
 10
685.201538440946
 20
63.56751196808182
 11
685.201538440946
 21
286.7247388116957
 72
     1
 10
685.201538440946
 20
286.7247388116666
 11
593.6977717831032
 21
286.7247388116666
 72
     1
 10
593.6977717831614
 20
286.7247388116666
 11
593.6977717831614
 21
220.3006203690311
 72
     1
 10
593.6977717831614
 20
220.3006203690311
 11
614.0798925631097
 21
220.3006203690311
 72
     1
 10
614.0798925631097
 20
220.3006203690311
 11
624.0262774157454
 21
220.3006203690311
 72
     1
 10
624.0262774157454
 20
220.3006203690311
 11
624.0262774157454
 21
70.55059852369598
 72
     1
 10
624.0262774157454
 20
70.55059852369595
 11
68.40145392977865
 21
70.55059852369595
 72
     1
 10
68.40145392977865
 20
70.55059852369595
 11
68.40145392977865
 21
225.2925236996671
 72
     1
 10
68.40145392977865
 20
225.2925236996671
 11
99.41308107186342
 21
225.2925236996671
 97
        0
 75
     0
 76
     1
 52
135.0
 41
70.63020214030841
 77
     0
 78
     1
 53
180.0
 43
-153496.256160291
 44
-56662.45459906777
 45
-0.0000000000000019
 46
-8.828775267538548
 79
     0
 98
        1
 10
-49039.40032939627
 20
-17062.54824478683
1001
ACAD
1010
0.0
1020
0.0
1030
0.0
  0
LWPOLYLINE
  5
6D0
330
6CB
100
AcDbEntity
  8
9
100
AcDbPolyline
 90
       30
 70
     0
 43
0.0
 10
369.2543263327098
 20
293.4968956816883
 10
369.2543263327098
 20
293.4968956816883
 10
369.2543263327098
 20
581.6187652715306
 10
586.3493109201081
 20
581.6187652715306
 10
586.3493109201081
 20
519.3830445953644
 10
435.534397694224
 20
519.3830445953644
 10
435.534397694224
 20
458.3416440198488
 10
557.3215717542916
 20
458.3416440198488
 10
557.3215717542916
 20
224.8747076221625
 10
430.7170546576962
 20
224.8747076221625
 10
430.7170546576962
 20
166.4153228469076
 10
587.5856048265704
 20
166.4153228469076
 10
587.5856048265704
 20
111.9876220401784
 10
369.9320479939343
 20
111.9876220401784
 10
369.9320479939343
 20
226.0327722557122
 10
320.720327204559
 20
226.0327722557122
 10
320.720327204559
 20
111.9876220401784
 10
103.0667703719809
 20
111.9876220401784
 10
103.0667703719809
 20
166.4153228469076
 10
259.9353205407969
 20
166.4153228469076
 10
259.9353205407969
 20
224.8747076221625
 10
133.3308034442016
 20
224.8747076221625
 10
133.3308034442016
 20
458.3416440198488
 10
255.1179775043274
 20
458.3416440198488
 10
255.1179775043274
 20
519.3830445953644
 10
104.3030642783851
 20
519.3830445953644
 10
104.3030642783851
 20
581.6187652715306
 10
321.3980488657835
 20
581.6187652715306
 10
321.3980488657835
 20
293.4968956816883
 10
369.2543263327098
 20
293.4968956816883
  0
LWPOLYLINE
  5
6D1
330
6CB
100
AcDbEntity
  8
9
100
AcDbPolyline
 90
       15
 70
     1
 43
0.0
 10
99.41308107186342
 20
225.2925236996089
 10
99.41308107186342
 20
283.1107136299834
 10
-0.0014904474955983
 20
283.1107136299834
 10
-0.0014904474955983
 20
63.56751196802361
 42
0.4142135623730951
 10
63.56569147878326
 20
0.0003300417447463
 10
621.6343565146671
 20
0.0003300417447463
 42
0.4142135623730947
 10
685.201538440946
 20
63.56751196802361
 10
685.201538440946
 20
286.7247388116084
 10
593.6977717831614
 20
286.7247388116084
 10
593.6977717831614
 20
220.3006203689729
 10
614.0798925631097
 20
220.3006203689729
 10
624.0262774157454
 20
220.3006203689729
 10
624.0262774157454
 20
70.55059852363775
 10
68.40145392977865
 20
70.55059852363775
 10
68.40145392977865
 20
225.2925236996089
  0
LWPOLYLINE
  5
6D2
330
6CB
100
AcDbEntity
  8
9
100
AcDbPolyline
 90
        4
 70
     1
 43
0.0
 10
494.3741022322792
 20
399.3351634591236
 10
425.4738291151588
 20
399.3351634591236
 10
425.4738291151588
 20
289.1909494592401
 10
494.3741022322792
 20
289.1909494592401
  0
ENDBLK
  5
6D3
330
6CB
100
AcDbEntity
  8
0
100
AcDbBlockEnd
  0
BLOCK
  5
552
330
54F
100
AcDbEntity
  8
0
100
AcDbBlockBegin
  2
A$C4C3A3BA1
 70
     0
 10
0.0
 20
0.0
 30
0.0
  3
A$C4C3A3BA1
  1

  0
HATCH
  5
553
330
54F
100
AcDbEntity
  8
Y
  6
Continuous
100
AcDbHatch
 10
0.0
 20
0.0
 30
0.0
210
0.0
220
0.0
230
1.0
  2
SOLID
 70
     1
 71
     0
 91
        1
 92
        7
 72
     0
 73
     1
 93
       64
 10
164.0000028264476
 20
427.9999938250985
 10
280.0000028264476
 20
503.9999938250985
 10
320.0000028264476
 20
523.9999938250985
 10
400.0000028264476
 20
563.9999938250984
 10
484.0000028264475
 20
583.9999938250985
 10
488.0000028264475
 20
575.9999938250984
 10
476.0000028264475
 20
539.9999938250984
 10
360.0000028264476
 20
359.9999938250985
 10
280.0000028264476
 20
235.9999938250985
 10
188.0000028264476
 20
87.99999382509851
 10
180.0000028264476
 20
71.9999938250985
 10
144.0000028264476
 20
35.9999938250985
 10
156.0000028264476
 20
11.9999938250985
 10
220.0000028264476
 20
19.9999938250985
 10
296.0000028264476
 20
51.9999938250985
 10
448.0000028264476
 20
95.99999382509849
 10
540.0000028264476
 20
95.99999382509849
 10
552.0000028264475
 20
59.9999938250985
 10
572.0000028264475
 20
67.9999938250985
 10
572.0000028264475
 20
103.9999938250985
 10
548.0000028264476
 20
115.9999938250985
 10
440.0000028264476
 20
115.9999938250985
 10
444.0000028264476
 20
127.9999938250985
 10
444.0000028264476
 20
151.9999938250985
 10
424.0000028264476
 20
151.9999938250985
 10
364.0000028264476
 20
119.9999938250985
 10
284.0000028264476
 20
79.9999938250985
 10
188.0000028264476
 20
39.9999938250985
 10
192.0000028264476
 20
51.9999938250985
 10
212.0000028264476
 20
95.99999382509849
 10
220.0000028264476
 20
95.99999382509849
 10
240.0000028264476
 20
131.9999938250985
 10
256.0000028264476
 20
167.9999938250985
 10
288.0000028264476
 20
211.9999938250985
 10
300.0000028264476
 20
223.9999938250985
 10
308.0000028264476
 20
247.9999938250985
 10
312.0000028264476
 20
271.9999938250985
 10
320.0000028264476
 20
275.9999938250985
 10
352.0000028264476
 20
323.9999938250985
 10
484.0000028264475
 20
511.9999938250985
 10
516.0000028264476
 20
579.9999938250985
 10
492.0000028264476
 20
603.9999938250985
 10
432.0000028264476
 20
595.9999938250985
 10
288.0000028264476
 20
535.9999938250985
 10
232.0000028264476
 20
503.9999938250985
 10
168.0000028264476
 20
459.9999938250984
 10
132.0000028264476
 20
443.9999938250984
 10
132.0000028264476
 20
487.9999938250985
 10
116.0000028264476
 20
515.9999938250985
 10
40.0000028264476
 20
447.9999938250984
 10
8.000002826447598
 20
399.9999938250985
 10
0.0000028264475986
 20
371.9999938250985
 10
16.0000028264476
 20
371.9999938250985
 10
48.00000282644759
 20
427.9999938250985
 10
100.0000028264476
 20
475.9999938250984
 10
100.0000028264476
 20
407.9999938250985
 10
84.00000282644759
 20
391.9999938250985
 10
72.0000028264476
 20
351.9999938250985
 10
104.0000028264476
 20
347.9999938250985
 10
104.0000028264476
 20
371.9999938250985
 10
112.0000028264476
 20
371.9999938250985
 10
116.0000028264476
 20
235.9999938250985
 10
128.0000028264476
 20
243.9999938250985
 10
128.0000028264476
 20
399.9999938250985
 97
        0
 75
     0
 76
     1
 47
0.1400296751256686
 98
        1
 10
122.2747531344648
 20
417.701784415578
450
        0
451
        0
460
0.0
461
0.0
452
        0
462
1.0
453
        2
463
0.0
 63
     5
421
      255
463
1.0
 63
     2
421
 16776960
470
LINEAR
1001
GradientColor1ACI
1070
     5
1001
GradientColor2ACI
1070
     2
1001
ACAD
1010
0.0
1020
0.0
1030
0.0
  0
HATCH
  5
555
330
54F
100
AcDbEntity
  8
Y
  6
Continuous
100
AcDbHatch
 10
0.0
 20
0.0
 30
0.0
210
0.0
220
0.0
230
1.0
  2
SOLID
 70
     1
 71
     0
 91
        1
 92
        7
 72
     0
 73
     1
 93
        8
 10
128.0000028264476
 20
243.9999938250985
 10
116.0000028264476
 20
235.9999938250985
 10
116.0000028264476
 20
119.9999938250985
 10
116.0000028264476
 20
19.9999938250985
 10
120.0000028264476
 20
19.9999938250985
 10
128.0000028264476
 20
-0.0000061749015003
 10
136.0000028264476
 20
-0.0000061749015003
 10
128.0000028264476
 20
27.9999938250985
 97
        0
 75
     0
 76
     1
 47
0.140865419502603
 98
        1
 10
123.2426836098311
 20
151.9717188558425
450
        0
451
        0
460
0.0
461
0.0
452
        0
462
1.0
453
        2
463
0.0
 63
     5
421
      255
463
1.0
 63
     2
421
 16776960
470
LINEAR
1001
GradientColor1ACI
1070
     5
1001
GradientColor2ACI
1070
     2
1001
ACAD
1010
0.0
1020
0.0
1030
0.0
  0
POLYLINE
  5
556
330
54F
100
AcDbEntity
  8
Y
100
AcDb3dPolyline
 66
     1
 10
0.0
 20
0.0
 30
0.0
 70
     8
  0
VERTEX
  5
557
330
556
100
AcDbEntity
  8
Y
100
AcDbVertex
100
AcDb3dPolylineVertex
 10
440.0000028264476
 20
115.9999938250985
 30
0.0
 70
    32
  0
VERTEX
  5
558
330
556
100
AcDbEntity
  8
Y
100
AcDbVertex
100
AcDb3dPolylineVertex
 10
548.0000028264476
 20
115.9999938250985
 30
0.0
 70
    32
  0
VERTEX
  5
559
330
556
100
AcDbEntity
  8
Y
100
AcDbVertex
100
AcDb3dPolylineVertex
 10
572.0000028264475
 20
103.9999938250985
 30
0.0
 70
    32
  0
VERTEX
  5
55A
330
556
100
AcDbEntity
  8
Y
100
AcDbVertex
100
AcDb3dPolylineVertex
 10
572.0000028264475
 20
67.9999938250985
 30
0.0
 70
    32
  0
VERTEX
  5
55B
330
556
100
AcDbEntity
  8
Y
100
AcDbVertex
100
AcDb3dPolylineVertex
 10
552.0000028264475
 20
59.9999938250985
 30
0.0
 70
    32
  0
VERTEX
  5
55C
330
556
100
AcDbEntity
  8
Y
100
AcDbVertex
100
AcDb3dPolylineVertex
 10
540.0000028264476
 20
95.99999382509849
 30
0.0
 70
    32
  0
VERTEX
  5
55D
330
556
100
AcDbEntity
  8
Y
100
AcDbVertex
100
AcDb3dPolylineVertex
 10
448.0000028264476
 20
95.99999382509849
 30
0.0
 70
    32
  0
VERTEX
  5
55E
330
556
100
AcDbEntity
  8
Y
100
AcDbVertex
100
AcDb3dPolylineVertex
 10
296.0000028264476
 20
51.9999938250985
 30
0.0
 70
    32
  0
VERTEX
  5
55F
330
556
100
AcDbEntity
  8
Y
100
AcDbVertex
100
AcDb3dPolylineVertex
 10
220.0000028264476
 20
19.9999938250985
 30
0.0
 70
    32
  0
VERTEX
  5
560
330
556
100
AcDbEntity
  8
Y
100
AcDbVertex
100
AcDb3dPolylineVertex
 10
156.0000028264476
 20
11.9999938250985
 30
0.0
 70
    32
  0
VERTEX
  5
561
330
556
100
AcDbEntity
  8
Y
100
AcDbVertex
100
AcDb3dPolylineVertex
 10
144.0000028264476
 20
35.9999938250985
 30
0.0
 70
    32
  0
VERTEX
  5
562
330
556
100
AcDbEntity
  8
Y
100
AcDbVertex
100
AcDb3dPolylineVertex
 10
180.0000028264476
 20
71.9999938250985
 30
0.0
 70
    32
  0
VERTEX
  5
563
330
556
100
AcDbEntity
  8
Y
100
AcDbVertex
100
AcDb3dPolylineVertex
 10
188.0000028264476
 20
87.99999382509851
 30
0.0
 70
    32
  0
VERTEX
  5
564
330
556
100
AcDbEntity
  8
Y
100
AcDbVertex
100
AcDb3dPolylineVertex
 10
280.0000028264476
 20
235.9999938250985
 30
0.0
 70
    32
  0
VERTEX
  5
565
330
556
100
AcDbEntity
  8
Y
100
AcDbVertex
100
AcDb3dPolylineVertex
 10
360.0000028264476
 20
359.9999938250985
 30
0.0
 70
    32
  0
VERTEX
  5
566
330
556
100
AcDbEntity
  8
Y
100
AcDbVertex
100
AcDb3dPolylineVertex
 10
476.0000028264475
 20
539.9999938250984
 30
0.0
 70
    32
  0
VERTEX
  5
567
330
556
100
AcDbEntity
  8
Y
100
AcDbVertex
100
AcDb3dPolylineVertex
 10
488.0000028264475
 20
575.9999938250984
 30
0.0
 70
    32
  0
VERTEX
  5
568
330
556
100
AcDbEntity
  8
Y
100
AcDbVertex
100
AcDb3dPolylineVertex
 10
484.0000028264475
 20
583.9999938250985
 30
0.0
 70
    32
  0
VERTEX
  5
569
330
556
100
AcDbEntity
  8
Y
100
AcDbVertex
100
AcDb3dPolylineVertex
 10
400.0000028264476
 20
563.9999938250984
 30
0.0
 70
    32
  0
VERTEX
  5
56A
330
556
100
AcDbEntity
  8
Y
100
AcDbVertex
100
AcDb3dPolylineVertex
 10
320.0000028264476
 20
523.9999938250985
 30
0.0
 70
    32
  0
VERTEX
  5
56B
330
556
100
AcDbEntity
  8
Y
100
AcDbVertex
100
AcDb3dPolylineVertex
 10
280.0000028264476
 20
503.9999938250985
 30
0.0
 70
    32
  0
VERTEX
  5
56C
330
556
100
AcDbEntity
  8
Y
100
AcDbVertex
100
AcDb3dPolylineVertex
 10
164.0000028264476
 20
427.9999938250985
 30
0.0
 70
    32
  0
VERTEX
  5
56D
330
556
100
AcDbEntity
  8
Y
100
AcDbVertex
100
AcDb3dPolylineVertex
 10
128.0000028264476
 20
399.9999938250985
 30
0.0
 70
    32
  0
VERTEX
  5
56E
330
556
100
AcDbEntity
  8
Y
100
AcDbVertex
100
AcDb3dPolylineVertex
 10
128.0000028264476
 20
243.9999938250985
 30
0.0
 70
    32
  0
VERTEX
  5
56F
330
556
100
AcDbEntity
  8
Y
100
AcDbVertex
100
AcDb3dPolylineVertex
 10
116.0000028264476
 20
235.9999938250985
 30
0.0
 70
    32
  0
VERTEX
  5
570
330
556
100
AcDbEntity
  8
Y
100
AcDbVertex
100
AcDb3dPolylineVertex
 10
112.0000028264476
 20
371.9999938250985
 30
0.0
 70
    32
  0
VERTEX
  5
571
330
556
100
AcDbEntity
  8
Y
100
AcDbVertex
100
AcDb3dPolylineVertex
 10
104.0000028264476
 20
371.9999938250985
 30
0.0
 70
    32
  0
VERTEX
  5
572
330
556
100
AcDbEntity
  8
Y
100
AcDbVertex
100
AcDb3dPolylineVertex
 10
104.0000028264476
 20
347.9999938250985
 30
0.0
 70
    32
  0
VERTEX
  5
573
330
556
100
AcDbEntity
  8
Y
100
AcDbVertex
100
AcDb3dPolylineVertex
 10
72.0000028264476
 20
351.9999938250985
 30
0.0
 70
    32
  0
VERTEX
  5
574
330
556
100
AcDbEntity
  8
Y
100
AcDbVertex
100
AcDb3dPolylineVertex
 10
84.00000282644759
 20
391.9999938250985
 30
0.0
 70
    32
  0
VERTEX
  5
575
330
556
100
AcDbEntity
  8
Y
100
AcDbVertex
100
AcDb3dPolylineVertex
 10
100.0000028264476
 20
407.9999938250985
 30
0.0
 70
    32
  0
VERTEX
  5
576
330
556
100
AcDbEntity
  8
Y
100
AcDbVertex
100
AcDb3dPolylineVertex
 10
100.0000028264476
 20
475.9999938250984
 30
0.0
 70
    32
  0
VERTEX
  5
577
330
556
100
AcDbEntity
  8
Y
100
AcDbVertex
100
AcDb3dPolylineVertex
 10
48.00000282644759
 20
427.9999938250985
 30
0.0
 70
    32
  0
VERTEX
  5
578
330
556
100
AcDbEntity
  8
Y
100
AcDbVertex
100
AcDb3dPolylineVertex
 10
16.0000028264476
 20
371.9999938250985
 30
0.0
 70
    32
  0
VERTEX
  5
579
330
556
100
AcDbEntity
  8
Y
100
AcDbVertex
100
AcDb3dPolylineVertex
 10
0.0000028264475986
 20
371.9999938250985
 30
0.0
 70
    32
  0
VERTEX
  5
57A
330
556
100
AcDbEntity
  8
Y
100
AcDbVertex
100
AcDb3dPolylineVertex
 10
8.000002826447598
 20
399.9999938250985
 30
0.0
 70
    32
  0
VERTEX
  5
57B
330
556
100
AcDbEntity
  8
Y
100
AcDbVertex
100
AcDb3dPolylineVertex
 10
40.0000028264476
 20
447.9999938250984
 30
0.0
 70
    32
  0
VERTEX
  5
57C
330
556
100
AcDbEntity
  8
Y
100
AcDbVertex
100
AcDb3dPolylineVertex
 10
116.0000028264476
 20
515.9999938250985
 30
0.0
 70
    32
  0
VERTEX
  5
57D
330
556
100
AcDbEntity
  8
Y
100
AcDbVertex
100
AcDb3dPolylineVertex
 10
132.0000028264476
 20
487.9999938250985
 30
0.0
 70
    32
  0
VERTEX
  5
57E
330
556
100
AcDbEntity
  8
Y
100
AcDbVertex
100
AcDb3dPolylineVertex
 10
132.0000028264476
 20
443.9999938250984
 30
0.0
 70
    32
  0
VERTEX
  5
57F
330
556
100
AcDbEntity
  8
Y
100
AcDbVertex
100
AcDb3dPolylineVertex
 10
168.0000028264476
 20
459.9999938250984
 30
0.0
 70
    32
  0
VERTEX
  5
580
330
556
100
AcDbEntity
  8
Y
100
AcDbVertex
100
AcDb3dPolylineVertex
 10
232.0000028264476
 20
503.9999938250985
 30
0.0
 70
    32
  0
VERTEX
  5
581
330
556
100
AcDbEntity
  8
Y
100
AcDbVertex
100
AcDb3dPolylineVertex
 10
288.0000028264476
 20
535.9999938250985
 30
0.0
 70
    32
  0
VERTEX
  5
582
330
556
100
AcDbEntity
  8
Y
100
AcDbVertex
100
AcDb3dPolylineVertex
 10
432.0000028264476
 20
595.9999938250985
 30
0.0
 70
    32
  0
VERTEX
  5
583
330
556
100
AcDbEntity
  8
Y
100
AcDbVertex
100
AcDb3dPolylineVertex
 10
492.0000028264476
 20
603.9999938250985
 30
0.0
 70
    32
  0
VERTEX
  5
584
330
556
100
AcDbEntity
  8
Y
100
AcDbVertex
100
AcDb3dPolylineVertex
 10
516.0000028264476
 20
579.9999938250985
 30
0.0
 70
    32
  0
VERTEX
  5
585
330
556
100
AcDbEntity
  8
Y
100
AcDbVertex
100
AcDb3dPolylineVertex
 10
484.0000028264475
 20
511.9999938250985
 30
0.0
 70
    32
  0
VERTEX
  5
586
330
556
100
AcDbEntity
  8
Y
100
AcDbVertex
100
AcDb3dPolylineVertex
 10
352.0000028264476
 20
323.9999938250985
 30
0.0
 70
    32
  0
VERTEX
  5
587
330
556
100
AcDbEntity
  8
Y
100
AcDbVertex
100
AcDb3dPolylineVertex
 10
320.0000028264476
 20
275.9999938250985
 30
0.0
 70
    32
  0
VERTEX
  5
588
330
556
100
AcDbEntity
  8
Y
100
AcDbVertex
100
AcDb3dPolylineVertex
 10
312.0000028264476
 20
271.9999938250985
 30
0.0
 70
    32
  0
VERTEX
  5
589
330
556
100
AcDbEntity
  8
Y
100
AcDbVertex
100
AcDb3dPolylineVertex
 10
308.0000028264476
 20
247.9999938250985
 30
0.0
 70
    32
  0
VERTEX
  5
58A
330
556
100
AcDbEntity
  8
Y
100
AcDbVertex
100
AcDb3dPolylineVertex
 10
300.0000028264476
 20
223.9999938250985
 30
0.0
 70
    32
  0
VERTEX
  5
58B
330
556
100
AcDbEntity
  8
Y
100
AcDbVertex
100
AcDb3dPolylineVertex
 10
288.0000028264476
 20
211.9999938250985
 30
0.0
 70
    32
  0
VERTEX
  5
58C
330
556
100
AcDbEntity
  8
Y
100
AcDbVertex
100
AcDb3dPolylineVertex
 10
256.0000028264476
 20
167.9999938250985
 30
0.0
 70
    32
  0
VERTEX
  5
58D
330
556
100
AcDbEntity
  8
Y
100
AcDbVertex
100
AcDb3dPolylineVertex
 10
240.0000028264476
 20
131.9999938250985
 30
0.0
 70
    32
  0
VERTEX
  5
58E
330
556
100
AcDbEntity
  8
Y
100
AcDbVertex
100
AcDb3dPolylineVertex
 10
220.0000028264476
 20
95.99999382509849
 30
0.0
 70
    32
  0
VERTEX
  5
58F
330
556
100
AcDbEntity
  8
Y
100
AcDbVertex
100
AcDb3dPolylineVertex
 10
212.0000028264476
 20
95.99999382509849
 30
0.0
 70
    32
  0
VERTEX
  5
590
330
556
100
AcDbEntity
  8
Y
100
AcDbVertex
100
AcDb3dPolylineVertex
 10
192.0000028264476
 20
51.9999938250985
 30
0.0
 70
    32
  0
VERTEX
  5
591
330
556
100
AcDbEntity
  8
Y
100
AcDbVertex
100
AcDb3dPolylineVertex
 10
188.0000028264476
 20
39.9999938250985
 30
0.0
 70
    32
  0
VERTEX
  5
592
330
556
100
AcDbEntity
  8
Y
100
AcDbVertex
100
AcDb3dPolylineVertex
 10
284.0000028264476
 20
79.9999938250985
 30
0.0
 70
    32
  0
VERTEX
  5
593
330
556
100
AcDbEntity
  8
Y
100
AcDbVertex
100
AcDb3dPolylineVertex
 10
364.0000028264476
 20
119.9999938250985
 30
0.0
 70
    32
  0
VERTEX
  5
594
330
556
100
AcDbEntity
  8
Y
100
AcDbVertex
100
AcDb3dPolylineVertex
 10
424.0000028264476
 20
151.9999938250985
 30
0.0
 70
    32
  0
VERTEX
  5
595
330
556
100
AcDbEntity
  8
Y
100
AcDbVertex
100
AcDb3dPolylineVertex
 10
444.0000028264476
 20
151.9999938250985
 30
0.0
 70
    32
  0
VERTEX
  5
596
330
556
100
AcDbEntity
  8
Y
100
AcDbVertex
100
AcDb3dPolylineVertex
 10
444.0000028264476
 20
127.9999938250985
 30
0.0
 70
    32
  0
VERTEX
  5
597
330
556
100
AcDbEntity
  8
Y
100
AcDbVertex
100
AcDb3dPolylineVertex
 10
440.0000028264476
 20
115.9999938250985
 30
0.0
 70
    32
  0
VERTEX
  5
598
330
556
100
AcDbEntity
  8
Y
100
AcDbVertex
100
AcDb3dPolylineVertex
 10
440.0000028264476
 20
115.9999938250985
 30
0.0
 70
    32
  0
VERTEX
  5
599
330
556
100
AcDbEntity
  8
Y
100
AcDbVertex
100
AcDb3dPolylineVertex
 10
440.0000028264476
 20
115.9999938250985
 30
0.0
 70
    32
  0
VERTEX
  5
59A
330
556
100
AcDbEntity
  8
Y
100
AcDbVertex
100
AcDb3dPolylineVertex
 10
440.0000028264476
 20
115.9999938250985
 30
0.0
 70
    32
  0
SEQEND
  5
59B
330
556
100
AcDbEntity
  8
Y
  0
HATCH
  5
59C
330
54F
100
AcDbEntity
  8
Y
  6
Continuous
100
AcDbHatch
 10
0.0
 20
0.0
 30
0.0
210
0.0
220
0.0
230
1.0
  2
SOLID
 70
     1
 71
     0
 91
        2
 92
        7
 72
     0
 73
     1
 93
       79
 10
996.0000028264476
 20
219.9999938250985
 10
1016.000002826447
 20
223.9999938250985
 10
1044.000002826448
 20
159.9999938250985
 10
1056.000002826447
 20
147.9999938250985
 10
1068.000002826448
 20
147.9999938250985
 10
1068.000002826448
 20
139.9999938250985
 10
1108.000002826448
 20
127.9999938250985
 10
1176.000002826447
 20
135.9999938250985
 10
1176.000002826447
 20
147.9999938250985
 10
1096.000002826447
 20
147.9999938250985
 10
1092.000002826448
 20
155.9999938250985
 10
1072.000002826447
 20
159.9999938250985
 10
1048.000002826447
 20
203.9999938250985
 10
1040.000002826447
 20
215.9999938250985
 10
1044.000002826448
 20
239.9999938250985
 10
1084.000002826448
 20
251.9999938250985
 10
1196.000002826447
 20
279.9999938250985
 10
1204.000002826447
 20
247.9999938250985
 10
1212.000002826447
 20
155.9999938250985
 10
1184.000002826447
 20
151.9999938250985
 10
1184.000002826447
 20
135.9999938250985
 10
1196.000002826447
 20
131.9999938250985
 10
1208.000002826447
 20
131.9999938250985
 10
1216.000002826447
 20
31.9999938250985
 10
1224.000002826447
 20
31.9999938250985
 10
1244.000002826447
 20
27.9999938250985
 10
1240.000002826447
 20
51.9999938250985
 10
1236.000002826447
 20
143.9999938250985
 10
1296.000002826447
 20
155.9999938250985
 10
1316.000002826448
 20
171.9999938250985
 10
1352.000002826448
 20
187.9999938250985
 10
1368.000002826448
 20
187.9999938250985
 10
1372.000002826447
 20
191.9999938250985
 10
1377.576913511031
 20
192.6030557987396
 10
1384.000002826448
 20
195.9999938250985
 10
1404.000002826447
 20
207.9999938250985
 10
1452.000002826447
 20
231.9999938250985
 10
1528.000002826447
 20
291.9999938250985
 10
1544.000002826448
 20
323.9999938250985
 10
1512.000002826447
 20
343.9999938250985
 10
1380.000002826447
 20
343.9999938250985
 10
1224.000002826447
 20
315.9999938250985
 10
1180.000002826447
 20
439.9999938250984
 10
1156.000002826447
 20
459.9999938250984
 10
1128.000002826447
 20
463.9999938250984
 10
1112.000002826447
 20
439.9999938250984
 10
1112.000002826447
 20
411.9999938250985
 10
1136.000002826447
 20
435.9999938250985
 10
1152.000002826447
 20
423.9999938250985
 10
1164.000002826447
 20
395.9999938250985
 10
1156.000002826447
 20
399.9999938250985
 10
1108.000002826448
 20
387.9999938250985
 10
1048.000002826447
 20
355.9999938250985
 10
1004.000002826447
 20
319.9999938250985
 10
996.0000028264476
 20
291.9999938250985
 10
1016.000002826447
 20
287.9999938250985
 10
1040.000002826447
 20
319.9999938250985
 10
1104.000002826447
 20
359.9999938250985
 10
1148.000002826447
 20
367.9999938250985
 10
1055.552212774637
 20
284.0679314967129
 10
1069.332363878144
 20
281.9772388233687
 10
1083.804262268822
 20
296.0762269653496
 10
1120.000002826447
 20
307.9999938250985
 10
1128.000002826447
 20
319.9999938250985
 10
1144.000002826447
 20
323.9999938250985
 10
1168.000002826447
 20
355.9999938250985
 10
1180.000002826447
 20
355.9999938250985
 10
1192.000002826447
 20
335.9999938250985
 10
1188.000002826447
 20
303.9999938250985
 10
1096.000002826447
 20
279.9999938250985
 10
1064.000002826447
 20
275.9999938250985
 10
1069.332363878144
 20
281.9772388233687
 10
1056.000002826447
 20
283.9999938250985
 10
984.0000028264476
 20
247.9999938250985
 10
916.0000028264475
 20
223.9999938250985
 10
844.0000028264476
 20
187.9999938250985
 10
856.0000028264475
 20
167.9999938250985
 10
896.0000028264476
 20
175.9999938250985
 10
908.0000028264477
 20
187.9999938250985
 97
        0
 92
       22
 72
     0
 73
     1
 93
       16
 10
1232.000002826447
 20
291.9999938250985
 10
1296.000002826447
 20
307.9999938250985
 10
1360.000002826448
 20
315.9999938250985
 10
1468.000002826447
 20
323.9999938250985
 10
1504.000002826447
 20
323.9999938250985
 10
1504.000002826447
 20
303.9999938250985
 10
1468.000002826447
 20
267.9999938250985
 10
1452.000002826447
 20
259.9999938250985
 10
1404.000002826447
 20
231.9999938250985
 10
1389.604560142266
 20
217.3857937065186
 10
1368.000002826448
 20
203.9999938250985
 10
1364.000002826447
 20
195.9999938250985
 10
1316.000002826448
 20
187.9999938250985
 10
1288.000002826447
 20
179.9999938250985
 10
1288.000002826447
 20
171.9999938250985
 10
1236.000002826447
 20
163.9999938250985
 97
        0
 75
     0
 76
     1
 47
0.1434026761045378
 98
        2
 10
976.3802089083474
 20
225.9269228341873
 10
976.3802089083474
 20
225.9269228341873
450
        0
451
        0
460
0.0
461
0.0
452
        0
462
1.0
453
        2
463
0.0
 63
     5
421
      255
463
1.0
 63
     2
421
 16776960
470
LINEAR
1001
GradientColor1ACI
1070
     5
1001
GradientColor2ACI
1070
     2
1001
ACAD
1010
0.0
1020
0.0
1030
0.0
  0
POLYLINE
  5
59D
330
54F
100
AcDbEntity
  8
Y
100
AcDb3dPolyline
 66
     1
 10
0.0
 20
0.0
 30
0.0
 70
     8
  0
VERTEX
  5
59E
330
59D
100
AcDbEntity
  8
Y
100
AcDbVertex
100
AcDb3dPolylineVertex
 10
1176.000002826447
 20
135.9999938250985
 30
0.0
 70
    32
  0
VERTEX
  5
59F
330
59D
100
AcDbEntity
  8
Y
100
AcDbVertex
100
AcDb3dPolylineVertex
 10
1176.000002826447
 20
147.9999938250985
 30
0.0
 70
    32
  0
VERTEX
  5
5A0
330
59D
100
AcDbEntity
  8
Y
100
AcDbVertex
100
AcDb3dPolylineVertex
 10
1096.000002826447
 20
147.9999938250985
 30
0.0
 70
    32
  0
VERTEX
  5
5A1
330
59D
100
AcDbEntity
  8
Y
100
AcDbVertex
100
AcDb3dPolylineVertex
 10
1092.000002826448
 20
155.9999938250985
 30
0.0
 70
    32
  0
VERTEX
  5
5A2
330
59D
100
AcDbEntity
  8
Y
100
AcDbVertex
100
AcDb3dPolylineVertex
 10
1072.000002826447
 20
159.9999938250985
 30
0.0
 70
    32
  0
VERTEX
  5
5A3
330
59D
100
AcDbEntity
  8
Y
100
AcDbVertex
100
AcDb3dPolylineVertex
 10
1048.000002826447
 20
203.9999938250985
 30
0.0
 70
    32
  0
VERTEX
  5
5A4
330
59D
100
AcDbEntity
  8
Y
100
AcDbVertex
100
AcDb3dPolylineVertex
 10
1040.000002826447
 20
215.9999938250985
 30
0.0
 70
    32
  0
VERTEX
  5
5A5
330
59D
100
AcDbEntity
  8
Y
100
AcDbVertex
100
AcDb3dPolylineVertex
 10
1044.000002826448
 20
239.9999938250985
 30
0.0
 70
    32
  0
VERTEX
  5
5A6
330
59D
100
AcDbEntity
  8
Y
100
AcDbVertex
100
AcDb3dPolylineVertex
 10
1084.000002826448
 20
251.9999938250985
 30
0.0
 70
    32
  0
VERTEX
  5
5A7
330
59D
100
AcDbEntity
  8
Y
100
AcDbVertex
100
AcDb3dPolylineVertex
 10
1196.000002826447
 20
279.9999938250985
 30
0.0
 70
    32
  0
VERTEX
  5
5A8
330
59D
100
AcDbEntity
  8
Y
100
AcDbVertex
100
AcDb3dPolylineVertex
 10
1204.000002826447
 20
247.9999938250985
 30
0.0
 70
    32
  0
VERTEX
  5
5A9
330
59D
100
AcDbEntity
  8
Y
100
AcDbVertex
100
AcDb3dPolylineVertex
 10
1200.000002826447
 20
239.9999938250985
 30
0.0
 70
    32
  0
SEQEND
  5
5AA
330
59D
100
AcDbEntity
  8
Y
  0
POLYLINE
  5
5AB
330
54F
100
AcDbEntity
  8
Y
100
AcDb3dPolyline
 66
     1
 10
0.0
 20
0.0
 30
0.0
 70
     8
  0
VERTEX
  5
5AC
330
5AB
100
AcDbEntity
  8
Y
100
AcDbVertex
100
AcDb3dPolylineVertex
 10
1176.000002826447
 20
135.9999938250985
 30
0.0
 70
    32
  0
VERTEX
  5
5AD
330
5AB
100
AcDbEntity
  8
Y
100
AcDbVertex
100
AcDb3dPolylineVertex
 10
1184.000002826447
 20
135.9999938250985
 30
0.0
 70
    32
  0
VERTEX
  5
5AE
330
5AB
100
AcDbEntity
  8
Y
100
AcDbVertex
100
AcDb3dPolylineVertex
 10
1196.000002826447
 20
131.9999938250985
 30
0.0
 70
    32
  0
VERTEX
  5
5AF
330
5AB
100
AcDbEntity
  8
Y
100
AcDbVertex
100
AcDb3dPolylineVertex
 10
1208.000002826447
 20
131.9999938250985
 30
0.0
 70
    32
  0
VERTEX
  5
5B0
330
5AB
100
AcDbEntity
  8
Y
100
AcDbVertex
100
AcDb3dPolylineVertex
 10
1216.000002826447
 20
31.9999938250985
 30
0.0
 70
    32
  0
VERTEX
  5
5B1
330
5AB
100
AcDbEntity
  8
Y
100
AcDbVertex
100
AcDb3dPolylineVertex
 10
1224.000002826447
 20
31.9999938250985
 30
0.0
 70
    32
  0
VERTEX
  5
5B2
330
5AB
100
AcDbEntity
  8
Y
100
AcDbVertex
100
AcDb3dPolylineVertex
 10
1244.000002826447
 20
27.9999938250985
 30
0.0
 70
    32
  0
VERTEX
  5
5B3
330
5AB
100
AcDbEntity
  8
Y
100
AcDbVertex
100
AcDb3dPolylineVertex
 10
1240.000002826447
 20
51.9999938250985
 30
0.0
 70
    32
  0
VERTEX
  5
5B4
330
5AB
100
AcDbEntity
  8
Y
100
AcDbVertex
100
AcDb3dPolylineVertex
 10
1236.000002826447
 20
143.9999938250985
 30
0.0
 70
    32
  0
VERTEX
  5
5B5
330
5AB
100
AcDbEntity
  8
Y
100
AcDbVertex
100
AcDb3dPolylineVertex
 10
1296.000002826447
 20
155.9999938250985
 30
0.0
 70
    32
  0
VERTEX
  5
5B6
330
5AB
100
AcDbEntity
  8
Y
100
AcDbVertex
100
AcDb3dPolylineVertex
 10
1316.000002826448
 20
171.9999938250985
 30
0.0
 70
    32
  0
VERTEX
  5
5B7
330
5AB
100
AcDbEntity
  8
Y
100
AcDbVertex
100
AcDb3dPolylineVertex
 10
1352.000002826448
 20
187.9999938250985
 30
0.0
 70
    32
  0
VERTEX
  5
5B8
330
5AB
100
AcDbEntity
  8
Y
100
AcDbVertex
100
AcDb3dPolylineVertex
 10
1316.000002826448
 20
171.9999938250985
 30
0.0
 70
    32
  0
VERTEX
  5
5B9
330
5AB
100
AcDbEntity
  8
Y
100
AcDbVertex
100
AcDb3dPolylineVertex
 10
1316.000002826448
 20
175.9999938250985
 30
0.0
 70
    32
  0
SEQEND
  5
5BA
330
5AB
100
AcDbEntity
  8
Y
  0
POLYLINE
  5
5BB
330
54F
100
AcDbEntity
  8
Y
100
AcDb3dPolyline
 66
     1
 10
0.0
 20
0.0
 30
0.0
 70
     8
  0
VERTEX
  5
5BC
330
5BB
100
AcDbEntity
  8
Y
100
AcDbVertex
100
AcDb3dPolylineVertex
 10
1176.000002826447
 20
135.9999938250985
 30
0.0
 70
    32
  0
VERTEX
  5
5BD
330
5BB
100
AcDbEntity
  8
Y
100
AcDbVertex
100
AcDb3dPolylineVertex
 10
1108.000002826448
 20
127.9999938250985
 30
0.0
 70
    32
  0
VERTEX
  5
5BE
330
5BB
100
AcDbEntity
  8
Y
100
AcDbVertex
100
AcDb3dPolylineVertex
 10
1068.000002826448
 20
139.9999938250985
 30
0.0
 70
    32
  0
VERTEX
  5
5BF
330
5BB
100
AcDbEntity
  8
Y
100
AcDbVertex
100
AcDb3dPolylineVertex
 10
1068.000002826448
 20
147.9999938250985
 30
0.0
 70
    32
  0
VERTEX
  5
5C0
330
5BB
100
AcDbEntity
  8
Y
100
AcDbVertex
100
AcDb3dPolylineVertex
 10
1056.000002826447
 20
147.9999938250985
 30
0.0
 70
    32
  0
VERTEX
  5
5C1
330
5BB
100
AcDbEntity
  8
Y
100
AcDbVertex
100
AcDb3dPolylineVertex
 10
1044.000002826448
 20
159.9999938250985
 30
0.0
 70
    32
  0
VERTEX
  5
5C2
330
5BB
100
AcDbEntity
  8
Y
100
AcDbVertex
100
AcDb3dPolylineVertex
 10
1016.000002826447
 20
223.9999938250985
 30
0.0
 70
    32
  0
SEQEND
  5
5C3
330
5BB
100
AcDbEntity
  8
Y
  0
POLYLINE
  5
5C4
330
54F
100
AcDbEntity
  8
Y
100
AcDb3dPolyline
 66
     1
 10
0.0
 20
0.0
 30
0.0
 70
     8
  0
VERTEX
  5
5C5
330
5C4
100
AcDbEntity
  8
Y
100
AcDbVertex
100
AcDb3dPolylineVertex
 10
1184.000002826447
 20
135.9999938250985
 30
0.0
 70
    32
  0
VERTEX
  5
5C6
330
5C4
100
AcDbEntity
  8
Y
100
AcDbVertex
100
AcDb3dPolylineVertex
 10
1184.000002826447
 20
151.9999938250985
 30
0.0
 70
    32
  0
VERTEX
  5
5C7
330
5C4
100
AcDbEntity
  8
Y
100
AcDbVertex
100
AcDb3dPolylineVertex
 10
1212.000002826447
 20
155.9999938250985
 30
0.0
 70
    32
  0
VERTEX
  5
5C8
330
5C4
100
AcDbEntity
  8
Y
100
AcDbVertex
100
AcDb3dPolylineVertex
 10
1204.000002826447
 20
247.9999938250985
 30
0.0
 70
    32
  0
SEQEND
  5
5C9
330
5C4
100
AcDbEntity
  8
Y
  0
POLYLINE
  5
5CA
330
54F
100
AcDbEntity
  8
Y
100
AcDb3dPolyline
 66
     1
 10
0.0
 20
0.0
 30
0.0
 70
     8
  0
VERTEX
  5
5CB
330
5CA
100
AcDbEntity
  8
Y
100
AcDbVertex
100
AcDb3dPolylineVertex
 10
1184.000002826447
 20
135.9999938250985
 30
0.0
 70
    32
  0
VERTEX
  5
5CC
330
5CA
100
AcDbEntity
  8
Y
100
AcDbVertex
100
AcDb3dPolylineVertex
 10
1184.000002826447
 20
131.9999938250985
 30
0.0
 70
    32
  0
SEQEND
  5
5CD
330
5CA
100
AcDbEntity
  8
Y
  0
POLYLINE
  5
5CE
330
54F
100
AcDbEntity
  8
Y
100
AcDb3dPolyline
 66
     1
 10
0.0
 20
0.0
 30
0.0
 70
     8
  0
VERTEX
  5
5CF
330
5CE
100
AcDbEntity
  8
Y
100
AcDbVertex
100
AcDb3dPolylineVertex
 10
1176.000002826447
 20
143.9999938250985
 30
0.0
 70
    32
  0
VERTEX
  5
5D0
330
5CE
100
AcDbEntity
  8
Y
100
AcDbVertex
100
AcDb3dPolylineVertex
 10
1184.000002826447
 20
143.9999938250985
 30
0.0
 70
    32
  0
SEQEND
  5
5D1
330
5CE
100
AcDbEntity
  8
Y
  0
POLYLINE
  5
5D2
330
54F
100
AcDbEntity
  8
Y
100
AcDb3dPolyline
 66
     1
 10
0.0
 20
0.0
 30
0.0
 70
     8
  0
VERTEX
  5
5D3
330
5D2
100
AcDbEntity
  8
Y
100
AcDbVertex
100
AcDb3dPolylineVertex
 10
1264.000002826447
 20
151.9999938250985
 30
0.0
 70
    32
  0
VERTEX
  5
5D4
330
5D2
100
AcDbEntity
  8
Y
100
AcDbVertex
100
AcDb3dPolylineVertex
 10
1264.000002826447
 20
143.9999938250985
 30
0.0
 70
    32
  0
SEQEND
  5
5D5
330
5D2
100
AcDbEntity
  8
Y
  0
POLYLINE
  5
5D6
330
54F
100
AcDbEntity
  8
Y
100
AcDb3dPolyline
 66
     1
 10
0.0
 20
0.0
 30
0.0
 70
     8
  0
VERTEX
  5
5D7
330
5D6
100
AcDbEntity
  8
Y
100
AcDbVertex
100
AcDb3dPolylineVertex
 10
1316.000002826448
 20
187.9999938250985
 30
0.0
 70
    32
  0
VERTEX
  5
5D8
330
5D6
100
AcDbEntity
  8
Y
100
AcDbVertex
100
AcDb3dPolylineVertex
 10
1288.000002826447
 20
179.9999938250985
 30
0.0
 70
    32
  0
VERTEX
  5
5D9
330
5D6
100
AcDbEntity
  8
Y
100
AcDbVertex
100
AcDb3dPolylineVertex
 10
1288.000002826447
 20
171.9999938250985
 30
0.0
 70
    32
  0
VERTEX
  5
5DA
330
5D6
100
AcDbEntity
  8
Y
100
AcDbVertex
100
AcDb3dPolylineVertex
 10
1236.000002826447
 20
163.9999938250985
 30
0.0
 70
    32
  0
VERTEX
  5
5DB
330
5D6
100
AcDbEntity
  8
Y
100
AcDbVertex
100
AcDb3dPolylineVertex
 10
1232.000002826447
 20
291.9999938250985
 30
0.0
 70
    32
  0
VERTEX
  5
5DC
330
5D6
100
AcDbEntity
  8
Y
100
AcDbVertex
100
AcDb3dPolylineVertex
 10
1296.000002826447
 20
307.9999938250985
 30
0.0
 70
    32
  0
VERTEX
  5
5DD
330
5D6
100
AcDbEntity
  8
Y
100
AcDbVertex
100
AcDb3dPolylineVertex
 10
1360.000002826448
 20
315.9999938250985
 30
0.0
 70
    32
  0
VERTEX
  5
5DE
330
5D6
100
AcDbEntity
  8
Y
100
AcDbVertex
100
AcDb3dPolylineVertex
 10
1468.000002826447
 20
323.9999938250985
 30
0.0
 70
    32
  0
VERTEX
  5
5DF
330
5D6
100
AcDbEntity
  8
Y
100
AcDbVertex
100
AcDb3dPolylineVertex
 10
1504.000002826447
 20
323.9999938250985
 30
0.0
 70
    32
  0
VERTEX
  5
5E0
330
5D6
100
AcDbEntity
  8
Y
100
AcDbVertex
100
AcDb3dPolylineVertex
 10
1504.000002826447
 20
303.9999938250985
 30
0.0
 70
    32
  0
VERTEX
  5
5E1
330
5D6
100
AcDbEntity
  8
Y
100
AcDbVertex
100
AcDb3dPolylineVertex
 10
1468.000002826447
 20
267.9999938250985
 30
0.0
 70
    32
  0
VERTEX
  5
5E2
330
5D6
100
AcDbEntity
  8
Y
100
AcDbVertex
100
AcDb3dPolylineVertex
 10
1452.000002826447
 20
259.9999938250985
 30
0.0
 70
    32
  0
VERTEX
  5
5E3
330
5D6
100
AcDbEntity
  8
Y
100
AcDbVertex
100
AcDb3dPolylineVertex
 10
1404.000002826447
 20
231.9999938250985
 30
0.0
 70
    32
  0
VERTEX
  5
5E4
330
5D6
100
AcDbEntity
  8
Y
100
AcDbVertex
100
AcDb3dPolylineVertex
 10
1389.604560142266
 20
217.3857937065186
 30
0.0
 70
    32
  0
VERTEX
  5
5E5
330
5D6
100
AcDbEntity
  8
Y
100
AcDbVertex
100
AcDb3dPolylineVertex
 10
1368.000002826448
 20
203.9999938250985
 30
0.0
 70
    32
  0
VERTEX
  5
5E6
330
5D6
100
AcDbEntity
  8
Y
100
AcDbVertex
100
AcDb3dPolylineVertex
 10
1364.000002826447
 20
195.9999938250985
 30
0.0
 70
    32
  0
VERTEX
  5
5E7
330
5D6
100
AcDbEntity
  8
Y
100
AcDbVertex
100
AcDb3dPolylineVertex
 10
1316.000002826448
 20
187.9999938250985
 30
0.0
 70
    32
  0
SEQEND
  5
5E8
330
5D6
100
AcDbEntity
  8
Y
  0
HATCH
  5
5E9
330
54F
100
AcDbEntity
  8
Y
  6
Continuous
100
AcDbHatch
 10
0.0
 20
0.0
 30
0.0
210
0.0
220
0.0
230
1.0
  2
SOLID
 70
     1
 71
     0
 91
        1
 92
        7
 72
     0
 73
     1
 93
       63
 10
1500.000002826447
 20
139.9999938250985
 10
1352.000002826448
 20
87.99999382509851
 10
1360.000002826448
 20
59.9999938250985
 10
1388.000002826447
 20
63.9999938250985
 10
1436.000002826447
 20
91.99999382509849
 10
1476.000002826447
 20
103.9999938250985
 10
1600.000002826448
 20
139.9999938250985
 10
1712.000002826448
 20
159.9999938250985
 10
1708.000002826447
 20
139.9999938250985
 10
1708.000002826447
 20
115.9999938250985
 10
1732.000002826447
 20
111.9999938250985
 10
1744.000002826447
 20
175.9999938250985
 10
1760.000002826447
 20
175.9999938250985
 10
1800.000002826448
 20
179.9999938250985
 10
1808.000002826447
 20
187.9999938250985
 10
1828.000002826447
 20
183.9999938250985
 10
1820.000002826447
 20
107.9999938250985
 10
1808.000002826447
 20
71.9999938250985
 10
1784.000002826448
 20
71.9999938250985
 10
1784.000002826448
 20
39.9999938250985
 10
1776.000002826447
 20
39.9999938250985
 10
1784.000002826448
 20
23.9999938250985
 10
1800.000002826448
 20
19.9999938250985
 10
1812.000002826447
 20
31.9999938250985
 10
1880.000002826448
 20
39.9999938250985
 10
1896.000002826448
 20
47.9999938250985
 10
1892.000002826447
 20
67.9999938250985
 10
1836.000002826447
 20
71.9999938250985
 10
1852.000002826448
 20
135.9999938250985
 10
1856.000002826447
 20
195.9999938250985
 10
1920.000002826447
 20
203.9999938250985
 10
1936.000002826447
 20
211.9999938250985
 10
1936.000002826447
 20
207.9999938250985
 10
1948.000002826448
 20
207.9999938250985
 10
1948.000002826448
 20
211.9999938250985
 10
1952.000002826448
 20
211.9999938250985
 10
2012.000002826448
 20
215.9999938250985
 10
2096.000002826448
 20
215.9999938250985
 10
2098.604850529577
 20
218.8222850929597
 10
2116.000002826448
 20
211.9999938250985
 10
2136.000002826448
 20
191.9999938250985
 10
2148.000002826448
 20
199.9999938250985
 10
2116.000002826448
 20
231.9999938250985
 10
1988.000002826447
 20
231.9999938250985
 10
1856.000002826447
 20
215.9999938250985
 10
1856.000002826447
 20
439.9999938250984
 10
1844.000002826447
 20
451.9999938250984
 10
1820.000002826447
 20
451.9999938250984
 10
1832.000002826448
 20
211.9999938250985
 10
1748.000002826447
 20
195.9999938250985
 10
1760.000002826447
 20
263.9999938250985
 10
1768.000002826448
 20
447.9999938250984
 10
1740.000002826447
 20
475.9999938250984
 10
1728.000002826448
 20
475.9999938250984
 10
1696.000002826448
 20
471.9999938250984
 10
1632.000002826448
 20
423.9999938250985
 10
1628.000002826447
 20
403.9999938250985
 10
1660.000002826447
 20
411.9999938250985
 10
1696.000002826448
 20
439.9999938250984
 10
1728.000002826448
 20
447.9999938250984
 10
1736.000002826447
 20
431.9999938250985
 10
1736.000002826447
 20
299.9999938250985
 10
1720.000002826447
 20
191.9999938250985
 97
        0
 75
     0
 76
     1
 47
0.2306996255342775
 98
        1
 10
1716.1147768097
 20
178.9184075571829
450
        0
451
        0
460
0.0
461
0.0
452
        0
462
1.0
453
        2
463
0.0
 63
     5
421
      255
463
1.0
 63
     2
421
 16776960
470
LINEAR
1001
GradientColor1ACI
1070
     5
1001
GradientColor2ACI
1070
     2
1001
ACAD
1010
0.0
1020
0.0
1030
0.0
  0
POLYLINE
  5
5EA
330
54F
100
AcDbEntity
  8
Y
100
AcDb3dPolyline
 66
     1
 10
0.0
 20
0.0
 30
0.0
 70
     8
  0
VERTEX
  5
5EB
330
5EA
100
AcDbEntity
  8
Y
100
AcDbVertex
100
AcDb3dPolylineVertex
 10
1760.000002826447
 20
175.9999938250985
 30
0.0
 70
    32
  0
VERTEX
  5
5EC
330
5EA
100
AcDbEntity
  8
Y
100
AcDbVertex
100
AcDb3dPolylineVertex
 10
1744.000002826447
 20
175.9999938250985
 30
0.0
 70
    32
  0
VERTEX
  5
5ED
330
5EA
100
AcDbEntity
  8
Y
100
AcDbVertex
100
AcDb3dPolylineVertex
 10
1732.000002826447
 20
111.9999938250985
 30
0.0
 70
    32
  0
VERTEX
  5
5EE
330
5EA
100
AcDbEntity
  8
Y
100
AcDbVertex
100
AcDb3dPolylineVertex
 10
1708.000002826447
 20
115.9999938250985
 30
0.0
 70
    32
  0
VERTEX
  5
5EF
330
5EA
100
AcDbEntity
  8
Y
100
AcDbVertex
100
AcDb3dPolylineVertex
 10
1708.000002826447
 20
139.9999938250985
 30
0.0
 70
    32
  0
VERTEX
  5
5F0
330
5EA
100
AcDbEntity
  8
Y
100
AcDbVertex
100
AcDb3dPolylineVertex
 10
1712.000002826448
 20
159.9999938250985
 30
0.0
 70
    32
  0
VERTEX
  5
5F1
330
5EA
100
AcDbEntity
  8
Y
100
AcDbVertex
100
AcDb3dPolylineVertex
 10
1600.000002826448
 20
139.9999938250985
 30
0.0
 70
    32
  0
VERTEX
  5
5F2
330
5EA
100
AcDbEntity
  8
Y
100
AcDbVertex
100
AcDb3dPolylineVertex
 10
1476.000002826447
 20
103.9999938250985
 30
0.0
 70
    32
  0
VERTEX
  5
5F3
330
5EA
100
AcDbEntity
  8
Y
100
AcDbVertex
100
AcDb3dPolylineVertex
 10
1436.000002826447
 20
91.99999382509849
 30
0.0
 70
    32
  0
VERTEX
  5
5F4
330
5EA
100
AcDbEntity
  8
Y
100
AcDbVertex
100
AcDb3dPolylineVertex
 10
1388.000002826447
 20
63.9999938250985
 30
0.0
 70
    32
  0
VERTEX
  5
5F5
330
5EA
100
AcDbEntity
  8
Y
100
AcDbVertex
100
AcDb3dPolylineVertex
 10
1360.000002826448
 20
59.9999938250985
 30
0.0
 70
    32
  0
VERTEX
  5
5F6
330
5EA
100
AcDbEntity
  8
Y
100
AcDbVertex
100
AcDb3dPolylineVertex
 10
1352.000002826448
 20
87.99999382509851
 30
0.0
 70
    32
  0
VERTEX
  5
5F7
330
5EA
100
AcDbEntity
  8
Y
100
AcDbVertex
100
AcDb3dPolylineVertex
 10
1500.000002826447
 20
139.9999938250985
 30
0.0
 70
    32
  0
VERTEX
  5
5F8
330
5EA
100
AcDbEntity
  8
Y
100
AcDbVertex
100
AcDb3dPolylineVertex
 10
1720.000002826447
 20
191.9999938250985
 30
0.0
 70
    32
  0
VERTEX
  5
5F9
330
5EA
100
AcDbEntity
  8
Y
100
AcDbVertex
100
AcDb3dPolylineVertex
 10
1736.000002826447
 20
299.9999938250985
 30
0.0
 70
    32
  0
VERTEX
  5
5FA
330
5EA
100
AcDbEntity
  8
Y
100
AcDbVertex
100
AcDb3dPolylineVertex
 10
1736.000002826447
 20
431.9999938250985
 30
0.0
 70
    32
  0
VERTEX
  5
5FB
330
5EA
100
AcDbEntity
  8
Y
100
AcDbVertex
100
AcDb3dPolylineVertex
 10
1728.000002826448
 20
447.9999938250984
 30
0.0
 70
    32
  0
VERTEX
  5
5FC
330
5EA
100
AcDbEntity
  8
Y
100
AcDbVertex
100
AcDb3dPolylineVertex
 10
1696.000002826448
 20
439.9999938250984
 30
0.0
 70
    32
  0
VERTEX
  5
5FD
330
5EA
100
AcDbEntity
  8
Y
100
AcDbVertex
100
AcDb3dPolylineVertex
 10
1660.000002826447
 20
411.9999938250985
 30
0.0
 70
    32
  0
VERTEX
  5
5FE
330
5EA
100
AcDbEntity
  8
Y
100
AcDbVertex
100
AcDb3dPolylineVertex
 10
1628.000002826447
 20
403.9999938250985
 30
0.0
 70
    32
  0
VERTEX
  5
5FF
330
5EA
100
AcDbEntity
  8
Y
100
AcDbVertex
100
AcDb3dPolylineVertex
 10
1632.000002826448
 20
423.9999938250985
 30
0.0
 70
    32
  0
VERTEX
  5
600
330
5EA
100
AcDbEntity
  8
Y
100
AcDbVertex
100
AcDb3dPolylineVertex
 10
1696.000002826448
 20
471.9999938250984
 30
0.0
 70
    32
  0
VERTEX
  5
601
330
5EA
100
AcDbEntity
  8
Y
100
AcDbVertex
100
AcDb3dPolylineVertex
 10
1728.000002826448
 20
475.9999938250984
 30
0.0
 70
    32
  0
VERTEX
  5
602
330
5EA
100
AcDbEntity
  8
Y
100
AcDbVertex
100
AcDb3dPolylineVertex
 10
1740.000002826447
 20
475.9999938250984
 30
0.0
 70
    32
  0
VERTEX
  5
603
330
5EA
100
AcDbEntity
  8
Y
100
AcDbVertex
100
AcDb3dPolylineVertex
 10
1768.000002826448
 20
447.9999938250984
 30
0.0
 70
    32
  0
VERTEX
  5
604
330
5EA
100
AcDbEntity
  8
Y
100
AcDbVertex
100
AcDb3dPolylineVertex
 10
1760.000002826447
 20
263.9999938250985
 30
0.0
 70
    32
  0
VERTEX
  5
605
330
5EA
100
AcDbEntity
  8
Y
100
AcDbVertex
100
AcDb3dPolylineVertex
 10
1748.000002826447
 20
195.9999938250985
 30
0.0
 70
    32
  0
VERTEX
  5
606
330
5EA
100
AcDbEntity
  8
Y
100
AcDbVertex
100
AcDb3dPolylineVertex
 10
1832.000002826448
 20
211.9999938250985
 30
0.0
 70
    32
  0
VERTEX
  5
607
330
5EA
100
AcDbEntity
  8
Y
100
AcDbVertex
100
AcDb3dPolylineVertex
 10
1820.000002826447
 20
451.9999938250984
 30
0.0
 70
    32
  0
VERTEX
  5
608
330
5EA
100
AcDbEntity
  8
Y
100
AcDbVertex
100
AcDb3dPolylineVertex
 10
1844.000002826447
 20
451.9999938250984
 30
0.0
 70
    32
  0
VERTEX
  5
609
330
5EA
100
AcDbEntity
  8
Y
100
AcDbVertex
100
AcDb3dPolylineVertex
 10
1856.000002826447
 20
439.9999938250984
 30
0.0
 70
    32
  0
VERTEX
  5
60A
330
5EA
100
AcDbEntity
  8
Y
100
AcDbVertex
100
AcDb3dPolylineVertex
 10
1856.000002826447
 20
215.9999938250985
 30
0.0
 70
    32
  0
VERTEX
  5
60B
330
5EA
100
AcDbEntity
  8
Y
100
AcDbVertex
100
AcDb3dPolylineVertex
 10
1988.000002826447
 20
231.9999938250985
 30
0.0
 70
    32
  0
VERTEX
  5
60C
330
5EA
100
AcDbEntity
  8
Y
100
AcDbVertex
100
AcDb3dPolylineVertex
 10
2116.000002826448
 20
231.9999938250985
 30
0.0
 70
    32
  0
VERTEX
  5
60D
330
5EA
100
AcDbEntity
  8
Y
100
AcDbVertex
100
AcDb3dPolylineVertex
 10
2148.000002826448
 20
199.9999938250985
 30
0.0
 70
    32
  0
VERTEX
  5
60E
330
5EA
100
AcDbEntity
  8
Y
100
AcDbVertex
100
AcDb3dPolylineVertex
 10
2136.000002826448
 20
191.9999938250985
 30
0.0
 70
    32
  0
VERTEX
  5
60F
330
5EA
100
AcDbEntity
  8
Y
100
AcDbVertex
100
AcDb3dPolylineVertex
 10
2116.000002826448
 20
211.9999938250985
 30
0.0
 70
    32
  0
VERTEX
  5
610
330
5EA
100
AcDbEntity
  8
Y
100
AcDbVertex
100
AcDb3dPolylineVertex
 10
2098.604850529577
 20
218.8222850929597
 30
0.0
 70
    32
  0
VERTEX
  5
611
330
5EA
100
AcDbEntity
  8
Y
100
AcDbVertex
100
AcDb3dPolylineVertex
 10
2096.000002826448
 20
215.9999938250985
 30
0.0
 70
    32
  0
VERTEX
  5
612
330
5EA
100
AcDbEntity
  8
Y
100
AcDbVertex
100
AcDb3dPolylineVertex
 10
2012.000002826448
 20
215.9999938250985
 30
0.0
 70
    32
  0
VERTEX
  5
613
330
5EA
100
AcDbEntity
  8
Y
100
AcDbVertex
100
AcDb3dPolylineVertex
 10
1952.000002826448
 20
211.9999938250985
 30
0.0
 70
    32
  0
VERTEX
  5
614
330
5EA
100
AcDbEntity
  8
Y
100
AcDbVertex
100
AcDb3dPolylineVertex
 10
1952.000002826448
 20
211.9999938250985
 30
0.0
 70
    32
  0
VERTEX
  5
615
330
5EA
100
AcDbEntity
  8
Y
100
AcDbVertex
100
AcDb3dPolylineVertex
 10
1960.000002826447
 20
212.5333271584241
 30
0.0
 70
    32
  0
SEQEND
  5
616
330
5EA
100
AcDbEntity
  8
Y
  0
POLYLINE
  5
617
330
54F
100
AcDbEntity
  8
Y
100
AcDb3dPolyline
 66
     1
 10
0.0
 20
0.0
 30
0.0
 70
     8
  0
VERTEX
  5
618
330
617
100
AcDbEntity
  8
Y
100
AcDbVertex
100
AcDb3dPolylineVertex
 10
1760.000002826447
 20
175.9999938250985
 30
0.0
 70
    32
  0
VERTEX
  5
619
330
617
100
AcDbEntity
  8
Y
100
AcDbVertex
100
AcDb3dPolylineVertex
 10
1800.000002826448
 20
179.9999938250985
 30
0.0
 70
    32
  0
VERTEX
  5
61A
330
617
100
AcDbEntity
  8
Y
100
AcDbVertex
100
AcDb3dPolylineVertex
 10
1808.000002826447
 20
187.9999938250985
 30
0.0
 70
    32
  0
VERTEX
  5
61B
330
617
100
AcDbEntity
  8
Y
100
AcDbVertex
100
AcDb3dPolylineVertex
 10
1828.000002826447
 20
183.9999938250985
 30
0.0
 70
    32
  0
VERTEX
  5
61C
330
617
100
AcDbEntity
  8
Y
100
AcDbVertex
100
AcDb3dPolylineVertex
 10
1820.000002826447
 20
107.9999938250985
 30
0.0
 70
    32
  0
VERTEX
  5
61D
330
617
100
AcDbEntity
  8
Y
100
AcDbVertex
100
AcDb3dPolylineVertex
 10
1808.000002826447
 20
71.9999938250985
 30
0.0
 70
    32
  0
VERTEX
  5
61E
330
617
100
AcDbEntity
  8
Y
100
AcDbVertex
100
AcDb3dPolylineVertex
 10
1784.000002826448
 20
71.9999938250985
 30
0.0
 70
    32
  0
VERTEX
  5
61F
330
617
100
AcDbEntity
  8
Y
100
AcDbVertex
100
AcDb3dPolylineVertex
 10
1784.000002826448
 20
39.9999938250985
 30
0.0
 70
    32
  0
VERTEX
  5
620
330
617
100
AcDbEntity
  8
Y
100
AcDbVertex
100
AcDb3dPolylineVertex
 10
1776.000002826447
 20
39.9999938250985
 30
0.0
 70
    32
  0
VERTEX
  5
621
330
617
100
AcDbEntity
  8
Y
100
AcDbVertex
100
AcDb3dPolylineVertex
 10
1784.000002826448
 20
23.9999938250985
 30
0.0
 70
    32
  0
VERTEX
  5
622
330
617
100
AcDbEntity
  8
Y
100
AcDbVertex
100
AcDb3dPolylineVertex
 10
1800.000002826448
 20
19.9999938250985
 30
0.0
 70
    32
  0
VERTEX
  5
623
330
617
100
AcDbEntity
  8
Y
100
AcDbVertex
100
AcDb3dPolylineVertex
 10
1812.000002826447
 20
31.9999938250985
 30
0.0
 70
    32
  0
VERTEX
  5
624
330
617
100
AcDbEntity
  8
Y
100
AcDbVertex
100
AcDb3dPolylineVertex
 10
1880.000002826448
 20
39.9999938250985
 30
0.0
 70
    32
  0
VERTEX
  5
625
330
617
100
AcDbEntity
  8
Y
100
AcDbVertex
100
AcDb3dPolylineVertex
 10
1896.000002826448
 20
47.9999938250985
 30
0.0
 70
    32
  0
VERTEX
  5
626
330
617
100
AcDbEntity
  8
Y
100
AcDbVertex
100
AcDb3dPolylineVertex
 10
1892.000002826447
 20
67.9999938250985
 30
0.0
 70
    32
  0
VERTEX
  5
627
330
617
100
AcDbEntity
  8
Y
100
AcDbVertex
100
AcDb3dPolylineVertex
 10
1836.000002826447
 20
71.9999938250985
 30
0.0
 70
    32
  0
VERTEX
  5
628
330
617
100
AcDbEntity
  8
Y
100
AcDbVertex
100
AcDb3dPolylineVertex
 10
1852.000002826448
 20
135.9999938250985
 30
0.0
 70
    32
  0
VERTEX
  5
629
330
617
100
AcDbEntity
  8
Y
100
AcDbVertex
100
AcDb3dPolylineVertex
 10
1856.000002826447
 20
195.9999938250985
 30
0.0
 70
    32
  0
VERTEX
  5
62A
330
617
100
AcDbEntity
  8
Y
100
AcDbVertex
100
AcDb3dPolylineVertex
 10
1920.000002826447
 20
203.9999938250985
 30
0.0
 70
    32
  0
VERTEX
  5
62B
330
617
100
AcDbEntity
  8
Y
100
AcDbVertex
100
AcDb3dPolylineVertex
 10
1920.000002826447
 20
203.9999938250985
 30
0.0
 70
    32
  0
VERTEX
  5
62C
330
617
100
AcDbEntity
  8
Y
100
AcDbVertex
100
AcDb3dPolylineVertex
 10
1920.000002826447
 20
203.9999938250985
 30
0.0
 70
    32
  0
VERTEX
  5
62D
330
617
100
AcDbEntity
  8
Y
100
AcDbVertex
100
AcDb3dPolylineVertex
 10
1920.000002826447
 20
203.9999938250985
 30
0.0
 70
    32
  0
SEQEND
  5
62E
330
617
100
AcDbEntity
  8
Y
  0
POLYLINE
  5
62F
330
54F
100
AcDbEntity
  8
Y
100
AcDb3dPolyline
 66
     1
 10
0.0
 20
0.0
 30
0.0
 70
     8
  0
VERTEX
  5
630
330
62F
100
AcDbEntity
  8
Y
100
AcDbVertex
100
AcDb3dPolylineVertex
 10
1760.000002826447
 20
175.9999938250985
 30
0.0
 70
    32
  0
VERTEX
  5
631
330
62F
100
AcDbEntity
  8
Y
100
AcDbVertex
100
AcDb3dPolylineVertex
 10
1756.000002826447
 20
171.9999938250985
 30
0.0
 70
    32
  0
SEQEND
  5
632
330
62F
100
AcDbEntity
  8
Y
  0
POLYLINE
  5
633
330
54F
100
AcDbEntity
  8
Y
100
AcDb3dPolyline
 66
     1
 10
0.0
 20
0.0
 30
0.0
 70
     8
  0
VERTEX
  5
634
330
633
100
AcDbEntity
  8
Y
100
AcDbVertex
100
AcDb3dPolylineVertex
 10
1352.000002826448
 20
187.9999938250985
 30
0.0
 70
    32
  0
VERTEX
  5
635
330
633
100
AcDbEntity
  8
Y
100
AcDbVertex
100
AcDb3dPolylineVertex
 10
1368.000002826448
 20
187.9999938250985
 30
0.0
 70
    32
  0
VERTEX
  5
636
330
633
100
AcDbEntity
  8
Y
100
AcDbVertex
100
AcDb3dPolylineVertex
 10
1372.000002826447
 20
191.9999938250985
 30
0.0
 70
    32
  0
VERTEX
  5
637
330
633
100
AcDbEntity
  8
Y
100
AcDbVertex
100
AcDb3dPolylineVertex
 10
1377.576913511031
 20
192.6030557987396
 30
0.0
 70
    32
  0
VERTEX
  5
638
330
633
100
AcDbEntity
  8
Y
100
AcDbVertex
100
AcDb3dPolylineVertex
 10
1384.000002826448
 20
195.9999938250985
 30
0.0
 70
    32
  0
VERTEX
  5
639
330
633
100
AcDbEntity
  8
Y
100
AcDbVertex
100
AcDb3dPolylineVertex
 10
1404.000002826447
 20
207.9999938250985
 30
0.0
 70
    32
  0
SEQEND
  5
63A
330
633
100
AcDbEntity
  8
Y
  0
POLYLINE
  5
63B
330
54F
100
AcDbEntity
  8
Y
100
AcDb3dPolyline
 66
     1
 10
0.0
 20
0.0
 30
0.0
 70
     8
  0
VERTEX
  5
63C
330
63B
100
AcDbEntity
  8
Y
100
AcDbVertex
100
AcDb3dPolylineVertex
 10
1936.000002826447
 20
207.9999938250985
 30
0.0
 70
    32
  0
VERTEX
  5
63D
330
63B
100
AcDbEntity
  8
Y
100
AcDbVertex
100
AcDb3dPolylineVertex
 10
1936.000002826447
 20
211.9999938250985
 30
0.0
 70
    32
  0
VERTEX
  5
63E
330
63B
100
AcDbEntity
  8
Y
100
AcDbVertex
100
AcDb3dPolylineVertex
 10
1920.000002826447
 20
203.9999938250985
 30
0.0
 70
    32
  0
SEQEND
  5
63F
330
63B
100
AcDbEntity
  8
Y
  0
POLYLINE
  5
640
330
54F
100
AcDbEntity
  8
Y
100
AcDb3dPolyline
 66
     1
 10
0.0
 20
0.0
 30
0.0
 70
     8
  0
VERTEX
  5
641
330
640
100
AcDbEntity
  8
Y
100
AcDbVertex
100
AcDb3dPolylineVertex
 10
1936.000002826447
 20
207.9999938250985
 30
0.0
 70
    32
  0
VERTEX
  5
642
330
640
100
AcDbEntity
  8
Y
100
AcDbVertex
100
AcDb3dPolylineVertex
 10
1948.000002826448
 20
207.9999938250985
 30
0.0
 70
    32
  0
VERTEX
  5
643
330
640
100
AcDbEntity
  8
Y
100
AcDbVertex
100
AcDb3dPolylineVertex
 10
1948.000002826448
 20
211.9999938250985
 30
0.0
 70
    32
  0
VERTEX
  5
644
330
640
100
AcDbEntity
  8
Y
100
AcDbVertex
100
AcDb3dPolylineVertex
 10
1952.000002826448
 20
211.9999938250985
 30
0.0
 70
    32
  0
SEQEND
  5
645
330
640
100
AcDbEntity
  8
Y
  0
POLYLINE
  5
646
330
54F
100
AcDbEntity
  8
Y
100
AcDb3dPolyline
 66
     1
 10
0.0
 20
0.0
 30
0.0
 70
     8
  0
VERTEX
  5
647
330
646
100
AcDbEntity
  8
Y
100
AcDbVertex
100
AcDb3dPolylineVertex
 10
1404.000002826447
 20
207.9999938250985
 30
0.0
 70
    32
  0
VERTEX
  5
648
330
646
100
AcDbEntity
  8
Y
100
AcDbVertex
100
AcDb3dPolylineVertex
 10
1452.000002826447
 20
231.9999938250985
 30
0.0
 70
    32
  0
VERTEX
  5
649
330
646
100
AcDbEntity
  8
Y
100
AcDbVertex
100
AcDb3dPolylineVertex
 10
1528.000002826447
 20
291.9999938250985
 30
0.0
 70
    32
  0
VERTEX
  5
64A
330
646
100
AcDbEntity
  8
Y
100
AcDbVertex
100
AcDb3dPolylineVertex
 10
1544.000002826448
 20
323.9999938250985
 30
0.0
 70
    32
  0
VERTEX
  5
64B
330
646
100
AcDbEntity
  8
Y
100
AcDbVertex
100
AcDb3dPolylineVertex
 10
1512.000002826447
 20
343.9999938250985
 30
0.0
 70
    32
  0
VERTEX
  5
64C
330
646
100
AcDbEntity
  8
Y
100
AcDbVertex
100
AcDb3dPolylineVertex
 10
1380.000002826447
 20
343.9999938250985
 30
0.0
 70
    32
  0
VERTEX
  5
64D
330
646
100
AcDbEntity
  8
Y
100
AcDbVertex
100
AcDb3dPolylineVertex
 10
1224.000002826447
 20
315.9999938250985
 30
0.0
 70
    32
  0
VERTEX
  5
64E
330
646
100
AcDbEntity
  8
Y
100
AcDbVertex
100
AcDb3dPolylineVertex
 10
1180.000002826447
 20
439.9999938250984
 30
0.0
 70
    32
  0
VERTEX
  5
64F
330
646
100
AcDbEntity
  8
Y
100
AcDbVertex
100
AcDb3dPolylineVertex
 10
1156.000002826447
 20
459.9999938250984
 30
0.0
 70
    32
  0
VERTEX
  5
650
330
646
100
AcDbEntity
  8
Y
100
AcDbVertex
100
AcDb3dPolylineVertex
 10
1128.000002826447
 20
463.9999938250984
 30
0.0
 70
    32
  0
VERTEX
  5
651
330
646
100
AcDbEntity
  8
Y
100
AcDbVertex
100
AcDb3dPolylineVertex
 10
1112.000002826447
 20
439.9999938250984
 30
0.0
 70
    32
  0
VERTEX
  5
652
330
646
100
AcDbEntity
  8
Y
100
AcDbVertex
100
AcDb3dPolylineVertex
 10
1112.000002826447
 20
411.9999938250985
 30
0.0
 70
    32
  0
SEQEND
  5
653
330
646
100
AcDbEntity
  8
Y
  0
POLYLINE
  5
654
330
54F
100
AcDbEntity
  8
Y
100
AcDb3dPolyline
 66
     1
 10
0.0
 20
0.0
 30
0.0
 70
     8
  0
VERTEX
  5
655
330
654
100
AcDbEntity
  8
Y
100
AcDbVertex
100
AcDb3dPolylineVertex
 10
116.0000028264476
 20
235.9999938250985
 30
0.0
 70
    32
  0
VERTEX
  5
656
330
654
100
AcDbEntity
  8
Y
100
AcDbVertex
100
AcDb3dPolylineVertex
 10
116.0000028264476
 20
119.9999938250985
 30
0.0
 70
    32
  0
VERTEX
  5
657
330
654
100
AcDbEntity
  8
Y
100
AcDbVertex
100
AcDb3dPolylineVertex
 10
116.0000028264476
 20
19.9999938250985
 30
0.0
 70
    32
  0
VERTEX
  5
658
330
654
100
AcDbEntity
  8
Y
100
AcDbVertex
100
AcDb3dPolylineVertex
 10
120.0000028264476
 20
19.9999938250985
 30
0.0
 70
    32
  0
VERTEX
  5
659
330
654
100
AcDbEntity
  8
Y
100
AcDbVertex
100
AcDb3dPolylineVertex
 10
128.0000028264476
 20
-0.0000061749015003
 30
0.0
 70
    32
  0
VERTEX
  5
65A
330
654
100
AcDbEntity
  8
Y
100
AcDbVertex
100
AcDb3dPolylineVertex
 10
136.0000028264476
 20
-0.0000061749015003
 30
0.0
 70
    32
  0
VERTEX
  5
65B
330
654
100
AcDbEntity
  8
Y
100
AcDbVertex
100
AcDb3dPolylineVertex
 10
128.0000028264476
 20
27.9999938250985
 30
0.0
 70
    32
  0
VERTEX
  5
65C
330
654
100
AcDbEntity
  8
Y
100
AcDbVertex
100
AcDb3dPolylineVertex
 10
128.0000028264476
 20
243.9999938250985
 30
0.0
 70
    32
  0
SEQEND
  5
65D
330
654
100
AcDbEntity
  8
Y
  0
POLYLINE
  5
65E
330
54F
100
AcDbEntity
  8
Y
100
AcDb3dPolyline
 66
     1
 10
0.0
 20
0.0
 30
0.0
 70
     8
  0
VERTEX
  5
65F
330
65E
100
AcDbEntity
  8
Y
100
AcDbVertex
100
AcDb3dPolylineVertex
 10
1016.000002826447
 20
223.9999938250985
 30
0.0
 70
    32
  0
VERTEX
  5
660
330
65E
100
AcDbEntity
  8
Y
100
AcDbVertex
100
AcDb3dPolylineVertex
 10
1028.000002826447
 20
235.9999938250985
 30
0.0
 70
    32
  0
VERTEX
  5
661
330
65E
100
AcDbEntity
  8
Y
100
AcDbVertex
100
AcDb3dPolylineVertex
 10
1016.000002826447
 20
223.9999938250985
 30
0.0
 70
    32
  0
VERTEX
  5
662
330
65E
100
AcDbEntity
  8
Y
100
AcDbVertex
100
AcDb3dPolylineVertex
 10
996.0000028264476
 20
219.9999938250985
 30
0.0
 70
    32
  0
VERTEX
  5
663
330
65E
100
AcDbEntity
  8
Y
100
AcDbVertex
100
AcDb3dPolylineVertex
 10
908.0000028264477
 20
187.9999938250985
 30
0.0
 70
    32
  0
VERTEX
  5
664
330
65E
100
AcDbEntity
  8
Y
100
AcDbVertex
100
AcDb3dPolylineVertex
 10
896.0000028264476
 20
175.9999938250985
 30
0.0
 70
    32
  0
VERTEX
  5
665
330
65E
100
AcDbEntity
  8
Y
100
AcDbVertex
100
AcDb3dPolylineVertex
 10
856.0000028264475
 20
167.9999938250985
 30
0.0
 70
    32
  0
VERTEX
  5
666
330
65E
100
AcDbEntity
  8
Y
100
AcDbVertex
100
AcDb3dPolylineVertex
 10
844.0000028264476
 20
187.9999938250985
 30
0.0
 70
    32
  0
VERTEX
  5
667
330
65E
100
AcDbEntity
  8
Y
100
AcDbVertex
100
AcDb3dPolylineVertex
 10
916.0000028264475
 20
223.9999938250985
 30
0.0
 70
    32
  0
VERTEX
  5
668
330
65E
100
AcDbEntity
  8
Y
100
AcDbVertex
100
AcDb3dPolylineVertex
 10
984.0000028264476
 20
247.9999938250985
 30
0.0
 70
    32
  0
VERTEX
  5
669
330
65E
100
AcDbEntity
  8
Y
100
AcDbVertex
100
AcDb3dPolylineVertex
 10
1056.000002826447
 20
283.9999938250985
 30
0.0
 70
    32
  0
VERTEX
  5
66A
330
65E
100
AcDbEntity
  8
Y
100
AcDbVertex
100
AcDb3dPolylineVertex
 10
1069.332363878144
 20
281.9772388233687
 30
0.0
 70
    32
  0
VERTEX
  5
66B
330
65E
100
AcDbEntity
  8
Y
100
AcDbVertex
100
AcDb3dPolylineVertex
 10
1083.804262268822
 20
296.0762269653496
 30
0.0
 70
    32
  0
VERTEX
  5
66C
330
65E
100
AcDbEntity
  8
Y
100
AcDbVertex
100
AcDb3dPolylineVertex
 10
1120.000002826447
 20
307.9999938250985
 30
0.0
 70
    32
  0
VERTEX
  5
66D
330
65E
100
AcDbEntity
  8
Y
100
AcDbVertex
100
AcDb3dPolylineVertex
 10
1128.000002826447
 20
319.9999938250985
 30
0.0
 70
    32
  0
VERTEX
  5
66E
330
65E
100
AcDbEntity
  8
Y
100
AcDbVertex
100
AcDb3dPolylineVertex
 10
1144.000002826447
 20
323.9999938250985
 30
0.0
 70
    32
  0
VERTEX
  5
66F
330
65E
100
AcDbEntity
  8
Y
100
AcDbVertex
100
AcDb3dPolylineVertex
 10
1168.000002826447
 20
355.9999938250985
 30
0.0
 70
    32
  0
VERTEX
  5
670
330
65E
100
AcDbEntity
  8
Y
100
AcDbVertex
100
AcDb3dPolylineVertex
 10
1180.000002826447
 20
355.9999938250985
 30
0.0
 70
    32
  0
VERTEX
  5
671
330
65E
100
AcDbEntity
  8
Y
100
AcDbVertex
100
AcDb3dPolylineVertex
 10
1192.000002826447
 20
335.9999938250985
 30
0.0
 70
    32
  0
VERTEX
  5
672
330
65E
100
AcDbEntity
  8
Y
100
AcDbVertex
100
AcDb3dPolylineVertex
 10
1188.000002826447
 20
303.9999938250985
 30
0.0
 70
    32
  0
VERTEX
  5
673
330
65E
100
AcDbEntity
  8
Y
100
AcDbVertex
100
AcDb3dPolylineVertex
 10
1096.000002826447
 20
279.9999938250985
 30
0.0
 70
    32
  0
VERTEX
  5
674
330
65E
100
AcDbEntity
  8
Y
100
AcDbVertex
100
AcDb3dPolylineVertex
 10
1064.000002826447
 20
275.9999938250985
 30
0.0
 70
    32
  0
VERTEX
  5
675
330
65E
100
AcDbEntity
  8
Y
100
AcDbVertex
100
AcDb3dPolylineVertex
 10
1069.332363878144
 20
281.9772388233687
 30
0.0
 70
    32
  0
SEQEND
  5
676
330
65E
100
AcDbEntity
  8
Y
  0
POLYLINE
  5
677
330
54F
100
AcDbEntity
  8
Y
100
AcDb3dPolyline
 66
     1
 10
0.0
 20
0.0
 30
0.0
 70
     8
  0
VERTEX
  5
678
330
677
100
AcDbEntity
  8
Y
100
AcDbVertex
100
AcDb3dPolylineVertex
 10
1054.836736794677
 20
283.4183608092135
 30
0.0
 70
    32
  0
VERTEX
  5
679
330
677
100
AcDbEntity
  8
Y
100
AcDbVertex
100
AcDb3dPolylineVertex
 10
1148.000002826447
 20
367.9999938250985
 30
0.0
 70
    32
  0
VERTEX
  5
67A
330
677
100
AcDbEntity
  8
Y
100
AcDbVertex
100
AcDb3dPolylineVertex
 10
1104.000002826447
 20
359.9999938250985
 30
0.0
 70
    32
  0
VERTEX
  5
67B
330
677
100
AcDbEntity
  8
Y
100
AcDbVertex
100
AcDb3dPolylineVertex
 10
1040.000002826447
 20
319.9999938250985
 30
0.0
 70
    32
  0
VERTEX
  5
67C
330
677
100
AcDbEntity
  8
Y
100
AcDbVertex
100
AcDb3dPolylineVertex
 10
1016.000002826447
 20
287.9999938250985
 30
0.0
 70
    32
  0
VERTEX
  5
67D
330
677
100
AcDbEntity
  8
Y
100
AcDbVertex
100
AcDb3dPolylineVertex
 10
996.0000028264476
 20
291.9999938250985
 30
0.0
 70
    32
  0
VERTEX
  5
67E
330
677
100
AcDbEntity
  8
Y
100
AcDbVertex
100
AcDb3dPolylineVertex
 10
1004.000002826447
 20
319.9999938250985
 30
0.0
 70
    32
  0
VERTEX
  5
67F
330
677
100
AcDbEntity
  8
Y
100
AcDbVertex
100
AcDb3dPolylineVertex
 10
1048.000002826447
 20
355.9999938250985
 30
0.0
 70
    32
  0
VERTEX
  5
680
330
677
100
AcDbEntity
  8
Y
100
AcDbVertex
100
AcDb3dPolylineVertex
 10
1108.000002826448
 20
387.9999938250985
 30
0.0
 70
    32
  0
VERTEX
  5
681
330
677
100
AcDbEntity
  8
Y
100
AcDbVertex
100
AcDb3dPolylineVertex
 10
1156.000002826447
 20
399.9999938250985
 30
0.0
 70
    32
  0
VERTEX
  5
682
330
677
100
AcDbEntity
  8
Y
100
AcDbVertex
100
AcDb3dPolylineVertex
 10
1164.000002826447
 20
395.9999938250985
 30
0.0
 70
    32
  0
VERTEX
  5
683
330
677
100
AcDbEntity
  8
Y
100
AcDbVertex
100
AcDb3dPolylineVertex
 10
1152.000002826447
 20
423.9999938250985
 30
0.0
 70
    32
  0
VERTEX
  5
684
330
677
100
AcDbEntity
  8
Y
100
AcDbVertex
100
AcDb3dPolylineVertex
 10
1136.000002826447
 20
435.9999938250985
 30
0.0
 70
    32
  0
VERTEX
  5
685
330
677
100
AcDbEntity
  8
Y
100
AcDbVertex
100
AcDb3dPolylineVertex
 10
1112.000002826447
 20
411.9999938250985
 30
0.0
 70
    32
  0
SEQEND
  5
686
330
677
100
AcDbEntity
  8
Y
  0
POLYLINE
  5
687
330
54F
100
AcDbEntity
  8
Y
100
AcDb3dPolyline
 66
     1
 10
0.0
 20
0.0
 30
0.0
 70
     8
  0
VERTEX
  5
688
330
687
100
AcDbEntity
  8
Y
100
AcDbVertex
100
AcDb3dPolylineVertex
 10
112.0000028264476
 20
303.9999938250985
 30
0.0
 70
    32
  0
VERTEX
  5
689
330
687
100
AcDbEntity
  8
Y
100
AcDbVertex
100
AcDb3dPolylineVertex
 10
108.0000028264476
 20
299.9999938250985
 30
0.0
 70
    32
  0
SEQEND
  5
68A
330
687
100
AcDbEntity
  8
Y
  0
POLYLINE
  5
68B
330
54F
100
AcDbEntity
  8
Y
100
AcDb3dPolyline
 66
     1
 10
0.0
 20
0.0
 30
0.0
 70
     8
  0
VERTEX
  5
68C
330
68B
100
AcDbEntity
  8
Y
100
AcDbVertex
100
AcDb3dPolylineVertex
 10
1144.000002826447
 20
363.9999938250985
 30
0.0
 70
    32
  0
VERTEX
  5
68D
330
68B
100
AcDbEntity
  8
Y
100
AcDbVertex
100
AcDb3dPolylineVertex
 10
1148.000002826447
 20
363.9999938250985
 30
0.0
 70
    32
  0
SEQEND
  5
68E
330
68B
100
AcDbEntity
  8
Y
  0
HATCH
  5
68F
330
54F
100
AcDbEntity
  8
Y
  6
Continuous
100
AcDbHatch
 10
0.0
 20
0.0
 30
0.0
210
0.0
220
0.0
230
1.0
  2
SOLID
 70
     1
 71
     0
 91
        2
 92
        7
 72
     0
 73
     1
 93
       22
 10
828.0000028264476
 20
323.9999938250985
 10
884.0000028264476
 20
363.9999938250985
 10
896.0000028264476
 20
379.9999938250985
 10
936.0000028264476
 20
403.9999938250985
 10
964.0000028264475
 20
435.9999938250985
 10
1012.000002826447
 20
467.9999938250984
 10
1012.000002826447
 20
487.9999938250985
 10
1004.000002826447
 20
491.9999938250985
 10
976.0000028264476
 20
491.9999938250985
 10
928.0000028264476
 20
463.9999938250984
 10
840.0000028264475
 20
387.9999938250985
 10
840.0000028264475
 20
359.9999938250985
 10
796.0000028264476
 20
335.9999938250985
 10
780.0000028264475
 20
327.9999938250985
 10
768.0000028264475
 20
311.9999938250985
 10
788.0000028264475
 20
199.9999938250985
 10
800.0000028264476
 20
99.9999938250985
 10
828.0000028264476
 20
71.9999938250985
 10
848.0000028264475
 20
71.9999938250985
 10
844.0000028264476
 20
91.99999382509849
 10
824.0000028264475
 20
103.9999938250985
 10
800.0000028264476
 20
303.9999938250985
 97
        0
 92
       22
 72
     0
 73
     1
 93
        8
 10
900.0000028264476
 20
407.9999938250985
 10
912.0000028264476
 20
419.9999938250985
 10
940.0000028264475
 20
443.9999938250984
 10
956.0000028264475
 20
459.9999938250984
 10
968.0000028264476
 20
447.9999938250984
 10
944.0000028264476
 20
439.9999938250984
 10
940.0000028264475
 20
435.9999938250985
 10
908.0000028264477
 20
411.9999938250985
 97
        0
 75
     0
 76
     1
 47
0.142551884624916
 98
        2
 10
811.5639171323273
 20
326.539162439527
 10
811.5639171323273
 20
326.539162439527
450
        0
451
        0
460
0.0
461
0.0
452
        0
462
1.0
453
        2
463
0.0
 63
     5
421
      255
463
1.0
 63
     2
421
 16776960
470
LINEAR
1001
GradientColor1ACI
1070
     5
1001
GradientColor2ACI
1070
     2
1001
ACAD
1010
0.0
1020
0.0
1030
0.0
  0
POLYLINE
  5
690
330
54F
100
AcDbEntity
  8
Y
100
AcDb3dPolyline
 66
     1
 10
0.0
 20
0.0
 30
0.0
 70
     8
  0
VERTEX
  5
691
330
690
100
AcDbEntity
  8
Y
100
AcDbVertex
100
AcDb3dPolylineVertex
 10
908.0000028264477
 20
411.9999938250985
 30
0.0
 70
    32
  0
VERTEX
  5
692
330
690
100
AcDbEntity
  8
Y
100
AcDbVertex
100
AcDb3dPolylineVertex
 10
900.0000028264476
 20
407.9999938250985
 30
0.0
 70
    32
  0
VERTEX
  5
693
330
690
100
AcDbEntity
  8
Y
100
AcDbVertex
100
AcDb3dPolylineVertex
 10
912.0000028264476
 20
419.9999938250985
 30
0.0
 70
    32
  0
VERTEX
  5
694
330
690
100
AcDbEntity
  8
Y
100
AcDbVertex
100
AcDb3dPolylineVertex
 10
912.0000028264476
 20
419.9999938250985
 30
0.0
 70
    32
  0
VERTEX
  5
695
330
690
100
AcDbEntity
  8
Y
100
AcDbVertex
100
AcDb3dPolylineVertex
 10
912.0000028264476
 20
419.9999938250985
 30
0.0
 70
    32
  0
SEQEND
  5
696
330
690
100
AcDbEntity
  8
Y
  0
POLYLINE
  5
697
330
54F
100
AcDbEntity
  8
Y
100
AcDb3dPolyline
 66
     1
 10
0.0
 20
0.0
 30
0.0
 70
     8
  0
VERTEX
  5
698
330
697
100
AcDbEntity
  8
Y
100
AcDbVertex
100
AcDb3dPolylineVertex
 10
944.0000028264476
 20
439.9999938250984
 30
0.0
 70
    32
  0
VERTEX
  5
699
330
697
100
AcDbEntity
  8
Y
100
AcDbVertex
100
AcDb3dPolylineVertex
 10
968.0000028264476
 20
447.9999938250984
 30
0.0
 70
    32
  0
VERTEX
  5
69A
330
697
100
AcDbEntity
  8
Y
100
AcDbVertex
100
AcDb3dPolylineVertex
 10
956.0000028264475
 20
459.9999938250984
 30
0.0
 70
    32
  0
VERTEX
  5
69B
330
697
100
AcDbEntity
  8
Y
100
AcDbVertex
100
AcDb3dPolylineVertex
 10
940.0000028264475
 20
443.9999938250984
 30
0.0
 70
    32
  0
SEQEND
  5
69C
330
697
100
AcDbEntity
  8
Y
  0
POLYLINE
  5
69D
330
54F
100
AcDbEntity
  8
Y
100
AcDb3dPolyline
 66
     1
 10
0.0
 20
0.0
 30
0.0
 70
     8
  0
VERTEX
  5
69E
330
69D
100
AcDbEntity
  8
Y
100
AcDbVertex
100
AcDb3dPolylineVertex
 10
944.0000028264476
 20
439.9999938250984
 30
0.0
 70
    32
  0
VERTEX
  5
69F
330
69D
100
AcDbEntity
  8
Y
100
AcDbVertex
100
AcDb3dPolylineVertex
 10
940.0000028264475
 20
435.9999938250985
 30
0.0
 70
    32
  0
SEQEND
  5
6A0
330
69D
100
AcDbEntity
  8
Y
  0
POLYLINE
  5
6A1
330
54F
100
AcDbEntity
  8
Y
100
AcDb3dPolyline
 66
     1
 10
0.0
 20
0.0
 30
0.0
 70
     8
  0
VERTEX
  5
6A2
330
6A1
100
AcDbEntity
  8
Y
100
AcDbVertex
100
AcDb3dPolylineVertex
 10
284.0000028264476
 20
507.9999938250985
 30
0.0
 70
    32
  0
VERTEX
  5
6A3
330
6A1
100
AcDbEntity
  8
Y
100
AcDbVertex
100
AcDb3dPolylineVertex
 10
288.0000028264476
 20
503.9999938250985
 30
0.0
 70
    32
  0
SEQEND
  5
6A4
330
6A1
100
AcDbEntity
  8
Y
  0
POLYLINE
  5
6A5
330
54F
100
AcDbEntity
  8
Y
100
AcDb3dPolyline
 66
     1
 10
0.0
 20
0.0
 30
0.0
 70
     8
  0
VERTEX
  5
6A6
330
6A5
100
AcDbEntity
  8
Y
100
AcDbVertex
100
AcDb3dPolylineVertex
 10
828.0000028264476
 20
71.9999938250985
 30
0.0
 70
    32
  0
VERTEX
  5
6A7
330
6A5
100
AcDbEntity
  8
Y
100
AcDbVertex
100
AcDb3dPolylineVertex
 10
800.0000028264476
 20
99.9999938250985
 30
0.0
 70
    32
  0
VERTEX
  5
6A8
330
6A5
100
AcDbEntity
  8
Y
100
AcDbVertex
100
AcDb3dPolylineVertex
 10
788.0000028264475
 20
199.9999938250985
 30
0.0
 70
    32
  0
VERTEX
  5
6A9
330
6A5
100
AcDbEntity
  8
Y
100
AcDbVertex
100
AcDb3dPolylineVertex
 10
768.0000028264475
 20
311.9999938250985
 30
0.0
 70
    32
  0
VERTEX
  5
6AA
330
6A5
100
AcDbEntity
  8
Y
100
AcDbVertex
100
AcDb3dPolylineVertex
 10
780.0000028264475
 20
327.9999938250985
 30
0.0
 70
    32
  0
VERTEX
  5
6AB
330
6A5
100
AcDbEntity
  8
Y
100
AcDbVertex
100
AcDb3dPolylineVertex
 10
796.0000028264476
 20
335.9999938250985
 30
0.0
 70
    32
  0
VERTEX
  5
6AC
330
6A5
100
AcDbEntity
  8
Y
100
AcDbVertex
100
AcDb3dPolylineVertex
 10
840.0000028264475
 20
359.9999938250985
 30
0.0
 70
    32
  0
VERTEX
  5
6AD
330
6A5
100
AcDbEntity
  8
Y
100
AcDbVertex
100
AcDb3dPolylineVertex
 10
840.0000028264475
 20
387.9999938250985
 30
0.0
 70
    32
  0
VERTEX
  5
6AE
330
6A5
100
AcDbEntity
  8
Y
100
AcDbVertex
100
AcDb3dPolylineVertex
 10
928.0000028264476
 20
463.9999938250984
 30
0.0
 70
    32
  0
VERTEX
  5
6AF
330
6A5
100
AcDbEntity
  8
Y
100
AcDbVertex
100
AcDb3dPolylineVertex
 10
976.0000028264476
 20
491.9999938250985
 30
0.0
 70
    32
  0
VERTEX
  5
6B0
330
6A5
100
AcDbEntity
  8
Y
100
AcDbVertex
100
AcDb3dPolylineVertex
 10
1004.000002826447
 20
491.9999938250985
 30
0.0
 70
    32
  0
VERTEX
  5
6B1
330
6A5
100
AcDbEntity
  8
Y
100
AcDbVertex
100
AcDb3dPolylineVertex
 10
1012.000002826447
 20
487.9999938250985
 30
0.0
 70
    32
  0
VERTEX
  5
6B2
330
6A5
100
AcDbEntity
  8
Y
100
AcDbVertex
100
AcDb3dPolylineVertex
 10
1012.000002826447
 20
467.9999938250984
 30
0.0
 70
    32
  0
VERTEX
  5
6B3
330
6A5
100
AcDbEntity
  8
Y
100
AcDbVertex
100
AcDb3dPolylineVertex
 10
964.0000028264475
 20
435.9999938250985
 30
0.0
 70
    32
  0
VERTEX
  5
6B4
330
6A5
100
AcDbEntity
  8
Y
100
AcDbVertex
100
AcDb3dPolylineVertex
 10
936.0000028264476
 20
403.9999938250985
 30
0.0
 70
    32
  0
VERTEX
  5
6B5
330
6A5
100
AcDbEntity
  8
Y
100
AcDbVertex
100
AcDb3dPolylineVertex
 10
896.0000028264476
 20
379.9999938250985
 30
0.0
 70
    32
  0
VERTEX
  5
6B6
330
6A5
100
AcDbEntity
  8
Y
100
AcDbVertex
100
AcDb3dPolylineVertex
 10
884.0000028264476
 20
363.9999938250985
 30
0.0
 70
    32
  0
VERTEX
  5
6B7
330
6A5
100
AcDbEntity
  8
Y
100
AcDbVertex
100
AcDb3dPolylineVertex
 10
828.0000028264476
 20
323.9999938250985
 30
0.0
 70
    32
  0
VERTEX
  5
6B8
330
6A5
100
AcDbEntity
  8
Y
100
AcDbVertex
100
AcDb3dPolylineVertex
 10
800.0000028264476
 20
303.9999938250985
 30
0.0
 70
    32
  0
VERTEX
  5
6B9
330
6A5
100
AcDbEntity
  8
Y
100
AcDbVertex
100
AcDb3dPolylineVertex
 10
824.0000028264475
 20
103.9999938250985
 30
0.0
 70
    32
  0
VERTEX
  5
6BA
330
6A5
100
AcDbEntity
  8
Y
100
AcDbVertex
100
AcDb3dPolylineVertex
 10
844.0000028264476
 20
91.99999382509849
 30
0.0
 70
    32
  0
VERTEX
  5
6BB
330
6A5
100
AcDbEntity
  8
Y
100
AcDbVertex
100
AcDb3dPolylineVertex
 10
848.0000028264475
 20
71.9999938250985
 30
0.0
 70
    32
  0
VERTEX
  5
6BC
330
6A5
100
AcDbEntity
  8
Y
100
AcDbVertex
100
AcDb3dPolylineVertex
 10
828.0000028264476
 20
71.9999938250985
 30
0.0
 70
    32
  0
SEQEND
  5
6BD
330
6A5
100
AcDbEntity
  8
Y
  0
LINE
  5
6BE
330
54F
100
AcDbEntity
  8
Y
  6
Continuous
100
AcDbLine
 10
908.0000028264477
 20
411.9999938250985
 30
0.0
 11
940.0000028264475
 21
435.9999938250985
 31
0.0
  0
LINE
  5
6BF
330
54F
100
AcDbEntity
  8
Y
  6
Continuous
100
AcDbLine
 10
940.0000028264475
 20
443.9999938250984
 30
0.0
 11
912.0000028264476
 21
419.9999938250985
 31
0.0
  0
ENDBLK
  5
6C0
330
54F
100
AcDbEntity
  8
0
100
AcDbBlockEnd
  0
BLOCK
  5
9A7
330
9A5
100
AcDbEntity
  8
0
100
AcDbBlockBegin
  2
A$C24B21F5D
 70
     0
 10
0.0
 20
0.0
 30
0.0
  3
A$C24B21F5D
  1

  0
LINE
  5
9A8
330
9A5
100
AcDbEntity
  8
0
  6
Continuous
 62
     0
100
AcDbLine
 10
0.9545400174683891
 20
18.66902741510421
 30
0.0
 11
12.60583867609966
 21
6.613760763313621
 31
0.0
1001
AcDbBlockRepETag
1070
     1
1071
        0
1005
9A8
  0
LINE
  5
9A9
330
9A5
100
AcDbEntity
  8
0
  6
Continuous
 62
     0
100
AcDbLine
 10
2.162250344699714
 20
19.70813758997246
 30
0.0
 11
6.822411173547152
 21
8.959707011934369
 31
0.0
1001
AcDbBlockRepETag
1070
     1
1071
        1
1005
9A9
  0
LINE
  5
9AA
330
9A5
100
AcDbEntity
  8
0
  6
Continuous
 62
     0
100
AcDbLine
 10
3.971131713711656
 20
11.19672945654019
 30
0.0
 11
3.013567235844675
 21
15.16165558807552
 31
0.0
1001
AcDbBlockRepETag
1070
     1
1071
        2
1005
9AA
  0
LINE
  5
9AB
330
9A5
100
AcDbEntity
  8
0
  6
Continuous
 62
     0
100
AcDbLine
 10
7.513057617295999
 20
14.14793081907555
 30
0.0
 11
10.22486762126209
 21
9.061912775039672
 31
0.0
1001
AcDbBlockRepETag
1070
     1
1071
        3
1005
9AB
  0
LINE
  5
9AC
330
9A5
100
AcDbEntity
  8
0
  6
Continuous
 62
     0
100
AcDbLine
 10
5.828145558421965
 20
19.81976225739345
 30
0.0
 11
2.552976467239204
 21
12.29878994682804
 31
0.0
1001
AcDbBlockRepETag
1070
     1
1071
        4
1005
9AC
  0
LINE
  5
9AD
330
9A5
100
AcDbEntity
  8
0
  6
Continuous
 62
     0
100
AcDbLine
 10
12.64707627799362
 20
6.534103928133845
 30
0.0
 11
9.069420018233358
 21
13.44539682846516
 31
0.0
1001
AcDbBlockRepETag
1070
     1
1071
        5
1005
9AD
  0
LINE
  5
9AE
330
9A5
100
AcDbEntity
  8
0
  6
Continuous
 62
     0
100
AcDbLine
 10
2.176282437168993
 20
13.8687516413629
 30
0.0
 11
3.891849846753757
 21
6.984242676291614
 31
0.0
1001
AcDbBlockRepETag
1070
     1
1071
        6
1005
9AE
  0
LINE
  5
9AF
330
9A5
100
AcDbEntity
  8
0
  6
Continuous
 62
     0
100
AcDbLine
 10
4.0261483611539
 20
30.22731861099601
 30
0.0
 11
3.938260723021812
 21
4.709730110131204
 31
0.0
1001
AcDbBlockRepETag
1070
     1
1071
        7
1005
9AF
  0
LINE
  5
9B0
330
9A5
100
AcDbEntity
  8
0
  6
Continuous
 62
     0
100
AcDbLine
 10
10.22486762126209
 20
9.061912775039672
 30
0.0
 11
5.803373557166196
 21
11.37736990628764
 31
0.0
1001
AcDbBlockRepETag
1070
     1
1071
        8
1005
9B0
  0
LINE
  5
9B1
330
9A5
100
AcDbEntity
  8
0
  6
Continuous
 62
     0
100
AcDbLine
 10
6.771177485876251
 20
8.981041098944842
 30
0.0
 11
12.64707627799362
 21
6.534103928133845
 31
0.0
1001
AcDbBlockRepETag
1070
     1
1071
        9
1005
9B1
  0
LINE
  5
9B2
330
9A5
100
AcDbEntity
  8
0
  6
Continuous
 62
     0
100
AcDbLine
 10
3.891849846753757
 20
6.984242676291614
 30
0.0
 11
6.771177485876251
 21
8.981041098944842
 31
0.0
1001
AcDbBlockRepETag
1070
     1
1071
       10
1005
9B2
  0
LINE
  5
9B3
330
9A5
100
AcDbEntity
  8
0
  6
Continuous
 62
     0
100
AcDbLine
 10
5.803373557166196
 20
11.37736990628764
 30
0.0
 11
3.971131713711656
 21
11.19672945654019
 31
0.0
1001
AcDbBlockRepETag
1070
     1
1071
       11
1005
9B3
  0
LINE
  5
9B4
330
9A5
100
AcDbEntity
  8
0
  6
Continuous
 62
     0
100
AcDbLine
 10
9.069420018233358
 20
13.44539682846516
 30
0.0
 11
15.74343293101992
 21
15.52729118056595
 31
0.0
1001
AcDbBlockRepETag
1070
     1
1071
       12
1005
9B4
  0
LINE
  5
9B5
330
9A5
100
AcDbEntity
  8
0
  6
Continuous
 62
     0
100
AcDbLine
 10
15.75450404908042
 20
15.52516770688817
 30
0.0
 11
7.655875894299242
 21
17.07850699871778
 31
0.0
1001
AcDbBlockRepETag
1070
     1
1071
       13
1005
9B5
  0
LINE
  5
9B6
330
9A5
100
AcDbEntity
  8
0
  6
Continuous
 62
     0
100
AcDbLine
 10
4.020805956912226
 20
28.67619345616549
 30
0.0
 11
5.829700488480739
 21
19.81611941335723
 31
0.0
1001
AcDbBlockRepETag
1070
     1
1071
       14
1005
9B6
  0
LINE
  5
9B7
330
9A5
100
AcDbEntity
  8
0
  6
Continuous
 62
     0
100
AcDbLine
 10
2.171770616259891
 20
19.65458501130342
 30
0.0
 11
4.020805956912226
 21
28.67619345616549
 31
0.0
1001
AcDbBlockRepETag
1070
     1
1071
       15
1005
9B7
  0
LINE
  5
9B8
330
9A5
100
AcDbEntity
  8
0
  6
Continuous
 62
     0
100
AcDbLine
 10
7.66019089258043
 20
17.10750948544592
 30
0.0
 11
2.975534844736102
 21
15.14641181798651
 31
0.0
1001
AcDbBlockRepETag
1070
     1
1071
       16
1005
9B8
  0
LINE
  5
9B9
330
9A5
100
AcDbEntity
  8
0
  6
Continuous
 62
     0
100
AcDbLine
 10
2.665545204363297
 20
16.0921239098534
 30
0.0
 11
9.128998020780272
 21
13.44054888747632
 31
0.0
1001
AcDbBlockRepETag
1070
     1
1071
       17
1005
9B9
  0
LINE
  5
9BA
330
9A5
100
AcDbEntity
  8
0
  6
Continuous
 62
     0
100
AcDbLine
 10
6.772436779632698
 20
18.26281307730823
 30
0.0
 11
2.180513730854727
 21
13.85173463262617
 31
0.0
1001
AcDbBlockRepETag
1070
     1
1071
       18
1005
9BA
  0
LINE
  5
9BB
330
9A5
100
AcDbEntity
  8
0
  6
Continuous
 62
     0
100
AcDbLine
 10
3.967335775960236
 20
17.60336241871118
 30
0.0
 11
3.130481057567521
 21
17.4921139399521
 31
0.0
1001
AcDbBlockRepETag
1070
     1
1071
       19
1005
9BB
  0
LINE
  5
9BC
330
9A5
100
AcDbEntity
  8
0
  6
Continuous
 62
     0
100
AcDbLine
 10
2.866531990352086
 20
16.01462364709005
 30
0.0
 11
0.9429726341622881
 21
18.70529213733971
 31
0.0
1001
AcDbBlockRepETag
1070
     1
1071
       20
1005
9BC
  0
LINE
  5
9BD
330
9A5
100
AcDbEntity
  8
0
  6
Continuous
 62
     0
100
AcDbLine
 10
2.427852978871669
 20
15.57790603814646
 30
0.0
 11
2.866531990352086
 21
16.01462364709005
 31
0.0
1001
AcDbBlockRepETag
1070
     1
1071
       21
1005
9BD
  0
LINE
  5
9BE
330
9A5
100
AcDbEntity
  8
0
  6
Continuous
 62
     0
100
AcDbLine
 10
3.013567235844675
 20
15.16165558807552
 30
0.0
 11
2.427852978871669
 21
15.57790603814646
 31
0.0
1001
AcDbBlockRepETag
1070
     1
1071
       22
1005
9BE
  0
LINE
  5
9BF
330
9A5
100
AcDbEntity
  8
0
  6
Continuous
 62
     0
100
AcDbLine
 10
2.975636557268444
 20
15.14545897347852
 30
0.0
 11
2.176282437168993
 21
13.8687516413629
 31
0.0
1001
AcDbBlockRepETag
1070
     1
1071
       23
1005
9BF
  0
LINE
  5
9C0
330
9A5
100
AcDbEntity
  8
0
  6
Continuous
 62
     0
100
AcDbLine
 10
1.831267583649605
 20
15.55378105025738
 30
0.0
 11
2.975636557268444
 21
15.14545897347852
 31
0.0
1001
AcDbBlockRepETag
1070
     1
1071
       24
1005
9C0
  0
LINE
  5
9C1
330
9A5
100
AcDbEntity
  8
0
  6
Continuous
 62
     0
100
AcDbLine
 10
2.665545204363297
 20
16.0921239098534
 30
0.0
 11
1.831267583649605
 21
15.55378105025738
 31
0.0
1001
AcDbBlockRepETag
1070
     1
1071
       25
1005
9C1
  0
LINE
  5
9C2
330
9A5
100
AcDbEntity
  8
0
  6
Continuous
 62
     0
100
AcDbLine
 10
2.718716970528475
 20
16.88070433493703
 30
0.0
 11
2.665545204363297
 21
16.0921239098534
 31
0.0
1001
AcDbBlockRepETag
1070
     1
1071
       26
1005
9C2
  0
LINE
  5
9C3
330
9A5
100
AcDbEntity
  8
0
  6
Continuous
 62
     0
100
AcDbLine
 10
3.130481057567521
 20
17.4921139399521
 30
0.0
 11
2.718716970528475
 21
16.88070433493703
 31
0.0
1001
AcDbBlockRepETag
1070
     1
1071
       27
1005
9C3
  0
LINE
  5
9C4
330
9A5
100
AcDbEntity
  8
0
  6
Continuous
 62
     0
100
AcDbLine
 10
0.9429726341622881
 20
18.70529213733971
 30
0.0
 11
2.184754063084255
 21
19.72664489410817
 31
0.0
1001
AcDbBlockRepETag
1070
     1
1071
       28
1005
9C4
  0
LINE
  5
9C5
330
9A5
100
AcDbEntity
  8
0
  6
Continuous
 62
     0
100
AcDbLine
 10
5.829700488480739
 20
19.81611941335723
 30
0.0
 11
6.577168247546069
 21
18.06071743555367
 31
0.0
1001
AcDbBlockRepETag
1070
     1
1071
       29
1005
9C5
  0
LINE
  5
9C6
330
9A5
100
AcDbEntity
  8
0
  6
Continuous
 62
     0
100
AcDbLine
 10
6.772436779632698
 20
18.26281307730823
 30
0.0
 11
4.679848462052177
 21
17.18610469298437
 31
0.0
1001
AcDbBlockRepETag
1070
     1
1071
       30
1005
9C6
  0
LINE
  5
9C7
330
9A5
100
AcDbEntity
  8
0
  6
Continuous
 62
     0
100
AcDbLine
 10
4.679848462052177
 20
17.18610469298437
 30
0.0
 11
3.967335775960236
 21
17.60336241871118
 31
0.0
1001
AcDbBlockRepETag
1070
     1
1071
       31
1005
9C7
  0
LINE
  5
9C8
330
9A5
100
AcDbEntity
  8
0
  6
Continuous
 62
     0
100
AcDbLine
 10
6.953439969744067
 20
15.53970917826518
 30
0.0
 11
7.513057617295999
 21
14.14793081907555
 31
0.0
1001
AcDbBlockRepETag
1070
     1
1071
       32
1005
9C8
  0
LINE
  5
9C9
330
9A5
100
AcDbEntity
  8
0
  6
Continuous
 62
     0
100
AcDbLine
 10
6.59585505031282
 20
16.6918794317171
 30
0.0
 11
6.953439969744067
 21
15.53970917826518
 31
0.0
1001
AcDbBlockRepETag
1070
     1
1071
       33
1005
9C9
  0
LINE
  5
9CA
330
9A5
100
AcDbEntity
  8
0
  6
Continuous
 62
     0
100
AcDbLine
 10
6.577168247546069
 20
18.06071743555367
 30
0.0
 11
6.59585505031282
 21
16.6918794317171
 31
0.0
1001
AcDbBlockRepETag
1070
     1
1071
       34
1005
9CA
  0
LINE
  5
9CB
330
9A5
100
AcDbEntity
  8
0
  6
Continuous
 62
     0
100
AcDbLine
 10
7.655875894299242
 20
17.07850699871778
 30
0.0
 11
6.772436779632698
 21
18.26281307730823
 31
0.0
1001
AcDbBlockRepETag
1070
     1
1071
       35
1005
9CB
  0
LWPOLYLINE
  5
9CC
330
9A5
100
AcDbEntity
  8
0
  6
Continuous
 62
     0
100
AcDbPolyline
 90
        2
 70
     0
 43
0.0
 10
0.0000003352179192
 20
15.57949877623468
 10
17.74790492583997
 20
15.51829325361177
1001
AcDbBlockRepETag
1070
     1
1071
       36
1005
9CC
  0
TEXT
  5
9CD
330
9A5
100
AcDbEntity
  8
注释
 62
     0
100
AcDbText
 10
3.032357097254134
 20
31.29677384020761
 30
0.0
 40
2.123494005511767
  1
N
 50
359.9996932777716
 41
0.999999998653852
  7
1
100
AcDbText
1001
AcDbBlockRepETag
1070
     1
1071
       37
1005
9CD
  0
ENDBLK
  5
9D0
330
9A5
100
AcDbEntity
  8
0
100
AcDbBlockEnd
  0
BLOCK
  5
2EE
330
2EB
100
AcDbEntity
  8
0
100
AcDbBlockBegin
  2
T1-图例$0$A$C6C161DE2
 70
     0
 10
0.0
 20
0.0
 30
0.0
  3
T1-图例$0$A$C6C161DE2
  1

  0
LWPOLYLINE
  5
2EF
330
2EB
100
AcDbEntity
  8
T1-图例$0$A-Car-Stnd
100
AcDbPolyline
 90
        4
 70
     1
 43
0.0
 10
0.0
 20
5300.0
 10
0.0
 20
0.0
 10
2400.0
 20
0.0000002384185791
 10
2400.0
 20
5300.0
  0
LWPOLYLINE
  5
2F2
330
2EB
100
AcDbEntity
  8
9
100
AcDbPolyline
 90
        2
 70
     0
 43
0.0
 10
2400.0
 20
5300.0
 10
0.0
 20
0.0
  0
LWPOLYLINE
  5
2F3
330
2EB
100
AcDbEntity
  8
9
100
AcDbPolyline
 90
       35
 70
     1
 43
0.0
 10
571.5432949066162
 20
2693.288587093353
 10
609.3295583724975
 20
2826.905840873719
 10
679.0888028144836
 20
2931.475860595703
 10
751.7546925544738
 20
3001.189210891724
 10
853.4869313240051
 20
3056.378942251205
 10
827.2509818077088
 20
3172.935119867325
 10
684.8258481025696
 20
3111.935941696167
 10
562.7471652030944
 20
2987.032860517502
 10
487.174644947052
 20
2873.748668193817
 10
443.5751128196716
 20
2690.751130342484
 10
443.5751128196716
 20
2533.896096467972
 10
496.0374894142151
 20
2375.979341983795
 10
568.7033715248108
 20
2259.790428876877
 10
699.5019679069518
 20
2134.887347221375
 10
868.0868210792541
 20
2053.555107355118
 10
1123.870731353759
 20
2041.936213493347
 10
1356.401560783386
 20
2129.077900648117
 10
1456.318339824676
 20
2242.629191875458
 10
1531.890860080719
 20
2329.770874977112
 10
1581.303660869598
 20
2443.055066823959
 10
1598.743473529816
 20
2553.434533119202
 10
1610.370017528534
 20
2620.243158102036
 10
1479.571421146393
 20
2617.338436603546
 10
1470.851515293121
 20
2518.577860116959
 10
1441.785164833069
 20
2440.150341510773
 10
1389.46572637558
 20
2350.103936910629
 10
1319.706474781036
 20
2271.676418304443
 10
1200.534429550171
 20
2204.867793321609
 10
1072.642470836639
 20
2170.011120080948
 10
932.104266166687
 20
2181.670074224472
 10
795.492407798767
 20
2239.764530658722
 10
714.1066122055053
 20
2292.049540519714
 10
641.4407296180725
 20
2379.191227436066
 10
588.9831075668334
 20
2472.529654026032
 10
568.6366643905639
 20
2580.004399299621
  0
CIRCLE
  5
2F4
330
2EB
100
AcDbEntity
  8
9
100
AcDbCircle
 10
1037.824812412262
 20
3708.686202526093
 30
0.0
 40
157.5268662795972
  0
LWPOLYLINE
  5
2F5
330
2EB
100
AcDbEntity
  8
9
100
AcDbPolyline
 90
       29
 70
     1
 43
0.0
 10
970.9626688957214
 20
2667.593479394913
 10
1029.095376014709
 20
2644.355696201325
 10
1636.582167625427
 20
2644.355695962906
 10
1911.753442764282
 20
2124.410307645798
 10
1952.808464050293
 20
2085.854287147522
 10
2010.941171169281
 20
2080.044844388962
 10
2083.607053279877
 20
2114.901517629624
 10
2112.673410415649
 20
2164.281805992127
 10
2109.76677274704
 20
2225.280984163284
 10
1888.862488269806
 20
2812.034997463226
 10
1853.982862472534
 20
2861.415286064148
 10
1819.103236675262
 20
2881.748347759247
 10
1241.641888618469
 20
2878.843622446061
 10
1218.107664585113
 20
3059.958096027374
 10
1534.930920124054
 20
3065.767543077469
 10
1569.810545444488
 20
3109.338384151459
 10
1555.277370452881
 20
3155.81395149231
 10
1543.650826454162
 20
3176.147009372711
 10
1531.952826976776
 20
3197.454986572266
 10
1186.0632147789
 20
3197.454986572266
 10
1136.650413513183
 20
3429.832813262939
 10
1101.770795345306
 20
3482.117822885513
 10
1040.731450080871
 20
3519.879221677781
 10
979.6921048164367
 20
3522.783942937851
 10
892.4930477142334
 20
3496.641438245774
 10
845.9868779182434
 20
3450.165871620178
 10
834.3603405952453
 20
3415.309198141098
 10
834.3603405952453
 20
3354.31001996994
 10
944.8029494285583
 20
2711.16432094574
  0
LWPOLYLINE
  5
2F6
330
2EB
100
AcDbEntity
  8
T1-图例$0$A-Car-Stnd
100
AcDbPolyline
 90
        2
 70
     0
 43
0.0
 10
3450.0
 20
5107.143818378449
 10
3450.0
 20
4635.715726852416
  0
LWPOLYLINE
  5
2F7
330
2EB
100
AcDbEntity
  8
T1-图例$0$A-Car-Stnd
100
AcDbPolyline
 90
        2
 70
     0
 43
0.0
 10
2550.0
 20
2792.859544754028
 10
2550.0
 20
3133.325997829437
  0
LWPOLYLINE
  5
2F8
330
2EB
100
AcDbEntity
  8
T1-图例$0$A-Car-Stnd
100
AcDbPolyline
 90
        2
 70
     0
 43
0.0
 10
3450.0
 20
4033.325998067856
 10
3450.0
 20
3692.859544992447
  0
LWPOLYLINE
  5
2F9
330
2EB
100
AcDbEntity
  8
T1-图例$0$A-Car-Stnd
100
AcDbPolyline
 90
        3
 70
     0
 43
0.0
 10
2550.0
 20
4817.124020576478
 10
2550.0
 20
5150.0
 10
2882.875979423523
 20
5150.0
  0
LWPOLYLINE
  5
2FA
330
2EB
100
AcDbEntity
  8
T1-图例$0$A-Car-Stnd
100
AcDbPolyline
 90
        4
 70
     0
 43
0.0
 10
3450.0
 20
665.7299523353576
 10
3450.0
 20
150.0000002384186
 10
2934.270047664643
 20
150.0
 10
3450.0
 20
665.7299523353576
  0
LWPOLYLINE
  5
2FB
330
2EB
100
AcDbEntity
  8
T1-图例$0$A-Car-Stnd
100
AcDbPolyline
 90
        5
 70
     0
 43
0.0
 10
3449.999999523163
 20
1226.995959997177
 10
2550.0
 20
326.9959602355957
 10
2550.0
 20
888.2619676589966
 10
3450.0
 20
1788.261967420578
 10
3449.999999523163
 20
1226.995959997177
  0
LWPOLYLINE
  5
2FC
330
2EB
100
AcDbEntity
  8
T1-图例$0$A-Car-Stnd
100
AcDbPolyline
 90
        4
 70
     1
 43
0.0
 10
3450.0
 20
2910.793982982636
 10
3450.0
 20
2349.527975559235
 10
2550.0
 20
1449.527975320816
 10
2550.0
 20
2010.793982744217
  0
LWPOLYLINE
  5
2FD
330
2EB
100
AcDbEntity
  8
T1-图例$0$A-Car-Stnd
100
AcDbPolyline
 90
        4
 70
     1
 43
0.0
 10
3450.0
 20
4033.325998067856
 10
3450.0
 20
3472.059990406036
 10
2550.0
 20
2572.059990406037
 10
2550.0
 20
3133.325997829437
  0
LWPOLYLINE
  5
2FE
330
2EB
100
AcDbEntity
  8
T1-图例$0$A-Car-Stnd
100
AcDbPolyline
 90
        6
 70
     0
 43
0.0
 10
3444.141986846924
 20
5150.0
 10
3449.999999523163
 20
5149.999999761582
 10
3450.0
 20
4594.592005491256
 10
2550.0
 20
3694.592005491257
 10
2550.0
 20
4255.858012914657
 10
3444.141986846924
 20
5150.0
  0
LWPOLYLINE
  5
2FF
330
2EB
100
AcDbEntity
  8
T1-图例$0$A-Car-Stnd
100
AcDbPolyline
 90
        4
 70
     0
 43
0.0
 10
2882.875979423523
 20
5150.0
 10
2550.0
 20
4817.124020576478
 10
2550.0
 20
5150.0
 10
2882.875979423523
 20
5150.0
  0
LWPOLYLINE
  5
300
330
2EB
100
AcDbEntity
  8
T1-图例$0$A-Car-Stnd
100
AcDbPolyline
 90
        4
 70
     1
 43
0.0
 10
3600.0
 20
0.0
 10
2400.0
 20
0.0000002384185791
 10
2400.0
 20
5300.0
 10
3600.0
 20
5300.000000238418
  0
ENDBLK
  5
301
330
2EB
100
AcDbEntity
  8
0
100
AcDbBlockEnd
  0
BLOCK
  5
340
330
33D
100
AcDbEntity
  8
0
 48
2.5
100
AcDbBlockBegin
  2
A$C432F5CDB
 70
     0
 10
0.0
 20
0.0
 30
0.0
  3
A$C432F5CDB
  1

  0
LWPOLYLINE
  5
341
330
33D
100
AcDbEntity
  8
4
100
AcDbPolyline
 90
        2
 70
     0
 43
0.0
 10
175.048778095399
 20
142.2331027565524
 10
174.4770615884335
 20
163.4222026132047
1001
FS_KZMS
1000
控制模式=
1001
FS_SJLY
1000
数据来源=
1001
FS_BZ
1000
备注=
1001
FS_JSSX
1000
建设时序=
1001
FAPP_DLHX_KG
1000
道路红线=
  0
LWPOLYLINE
  5
342
330
33D
100
AcDbEntity
  8
4
 48
50.0
100
AcDbPolyline
 90
        2
 70
     0
 43
0.0
 10
174.4770615884335
 20
163.4222026132047
 10
260.2226631918457
 20
253.6133708842099
1001
FS_KZMS
1000
控制模式=
1001
FS_SJLY
1000
数据来源=
1001
FS_BZ
1000
备注=
1001
FS_JSSX
1000
建设时序=
1001
FAPP_DLHX_KG
1000
道路红线=
  0
LWPOLYLINE
  5
343
330
33D
100
AcDbEntity
  8
4
100
AcDbPolyline
 90
        4
 70
     0
 43
0.0
 10
362.3063423892018
 20
123.1690069455653
 10
261.6630862412276
 20
79.38450105162337
 10
237.0047139078379
 20
83.70154726272449
 10
175.048778095399
 20
142.2331027565524
1001
FS_KZMS
1000
控制模式=
1001
FS_SJLY
1000
数据来源=
1001
FS_BZ
1000
备注=
1001
FS_JSSX
1000
建设时序=
1001
FAPP_DLHX_KG
1000
道路红线=
  0
LWPOLYLINE
  5
344
330
33D
100
AcDbEntity
  8
4
 48
50.0
100
AcDbPolyline
 90
        2
 70
     0
 43
0.0
 10
138.6931951702572
 20
176.5792681653984
 10
57.15222324221395
 20
253.6133708842099
1001
FS_KZMS
1000
控制模式=
1001
FS_SJLY
1000
数据来源=
1001
FS_BZ
1000
备注=
1001
FS_JSSX
1000
建设时序=
1001
FAPP_DLHX_KG
1000
道路红线=
  0
LWPOLYLINE
  5
345
330
33D
100
AcDbEntity
  8
4
 48
50.0
100
AcDbPolyline
 90
        2
 70
     0
 43
0.0
 10
232.6269833936822
 20
253.6133708842099
 10
159.9659211775288
 20
177.1844922285527
1001
FS_KZMS
1000
控制模式=
1001
FS_SJLY
1000
数据来源=
1001
FS_BZ
1000
备注=
1001
FS_JSSX
1000
建设时序=
1001
FAPP_DLHX_KG
1000
道路红线=
  0
LWPOLYLINE
  5
346
330
33D
100
AcDbEntity
  8
4
100
AcDbPolyline
 90
        2
 70
     0
 43
0.0
 10
138.6931951702572
 20
176.5792681653984
 10
159.9658545177662
 20
177.18442211207
  0
LWPOLYLINE
  5
347
330
33D
100
AcDbEntity
  8
4
100
AcDbPolyline
 90
        5
 70
     0
 43
0.0
 10
106.4433536170982
 20
15.16315776854753
 10
214.0930936482036
 20
59.04816065449267
 10
217.0795802318025
 20
75.01167086185887
 10
30.50818915432319
 20
251.271033055149
 10
27.65090459899511
 20
253.6133708842099
  0
LWPOLYLINE
  5
348
330
33D
100
AcDbEntity
  8
4
100
AcDbPolyline
 90
        4
 70
     0
 43
0.0
 10
362.3063423894346
 20
101.3583165411837
 10
235.7091770711122
 20
46.28265083627775
 42
-0.0058133007094411
 10
234.2091861853841
 20
45.65072177164256
 10
122.2281441194936
 20
-0.0000002160668373
1001
DICAD_PRO_LHB_YJ_NEW
1000

  0
LWPOLYLINE
  5
349
330
33D
100
AcDbEntity
  8
4
  6
CENTER
 48
0.01
100
AcDbPolyline
 90
        2
 70
   128
 43
0.0
 10
245.8417107043788
 20
61.59612029418349
 10
42.59051821322645
 20
253.6133708842099
  0
LINE
  5
34A
330
33D
100
AcDbEntity
  8
4
  6
CENTER
 48
0.01
100
AcDbLine
 10
246.4249690086581
 20
253.6133708842099
 30
0.0
 11
149.9760996504919
 21
152.1631218213588
 31
0.0
1001
FAPP_DLZX
1000
道路中线=
1001
FS_DLMC
1000
道路名称=
1001
FS_TYPE
1000
道路等级=高速公路
1001
FS_DLXS
1000
道路形式=
1001
FS_DLBK
1000
道路板块=一板块
1001
FS_DLDM
1000
道路分幅=0+3.5+8+3.5+0
1001
FD_WIDTH
1000
道路红线宽度=15.00
1001
FD_DLCD
1000
道路长度=
1001
FN_SJCS
1000
设计车速=
1001
FN_ZLCDS
1000
主路车道数=
1001
FN_FLCDS
1000
辅路车道数=
1001
FS_SFSGJZYD
1000
是否设公交专用道=
1001
FS_SFSLD
1000
是否设绿道=
1001
FS_KZMS
1000
控制模式=
1001
FS_JSZT
1000
建设状态=
1001
FS_SJLY
1000
数据来源=
1001
FS_BZ
1000
备注=
1001
FS_JSSX
1000
建设时序=
1001
FS_DLZX
1000
道路走向=南～北
1001
~$FS_CROSS
1000
3:1:-1.00
1001
~$FS_DLHX
1000
0
1001
~$FD_LRWD
1000
7.50
1001
~$FD_RRWD
1000
7.50
1001
~$FD_MODE
1000
1
1001
FS_ENTCODE
1000
实体ID=521445-1CBD9B
  0
LWPOLYLINE
  5
34B
330
33D
100
AcDbEntity
  8
4
  6
CENTER
 48
0.01
100
AcDbPolyline
 90
        4
 70
   128
 43
0.0
 10
362.3063423892018
 20
112.2636617431417
 10
231.7198801996419
 20
55.45246601803228
 42
-0.0058133007085837
 10
230.4341737276409
 20
54.9108125353232
 10
114.3357488682959
 20
7.581578776240348
1001
DICAD_PRO_LHB_YJ_NEW
1000

  0
TEXT
  5
34C
330
33D
100
AcDbEntity
  8
JT-道路名称-BZ
  6
Continuous
100
AcDbText
 10
111.6596712779719
 20
35.74277348117903
 30
0.0
 40
5.0
  1
公园绿地
 50
25.0
100
AcDbText
  0
LWPOLYLINE
  5
34D
330
33D
100
AcDbEntity
  8
Z-道路中心线
  6
DOTE
 48
0.003
100
AcDbPolyline
 90
       10
 70
     1
 43
0.3
 10
203.3197159285192
 20
88.01091375621036
 10
82.00371592841111
 20
202.4299137559719
 10
0.1087159283924848
 20
116.2819137559272
 10
3.676715928479097
 20
113.1019137562252
 10
83.72071592847351
 20
37.48091375594959
 10
86.83871592837386
 20
38.9549137558788
 10
91.2567159285536
 20
41.06591375591233
 10
93.5287159284344
 20
42.1589137557894
 10
110.7037159283645
 20
50.69691375596448
 10
134.6087159283925
 20
60.99691375624388
  0
LWPOLYLINE
  5
34E
330
33D
100
AcDbEntity
  8
建筑
100
AcDbPolyline
 90
        4
 70
     1
 43
0.2
 10
9.549893048591911
 20
115.435293869581
 10
77.93319686525501
 20
50.93937338516116
 10
114.98404480319
 20
90.22339898254722
 10
46.60074098652694
 20
154.7193194669671
  0
LINE
  5
34F
330
33D
100
AcDbEntity
  8
4
  6
DASH
 48
5.0
100
AcDbLine
 10
98.09140976611525
 20
187.4232196728699
 30
0.0
 11
96.97372648702003
 21
186.2381699108518
 31
0.0
  0
ARC
  5
350
330
33D
100
AcDbEntity
  8
4
  6
DASH
 48
5.0
100
AcDbCircle
 10
97.70120844233316
 20
185.552043096628
 30
0.0
 40
1.000000000251571
100
AcDbArc
 50
136.6757107396939
 51
226.6757107962675
  0
LINE
  5
351
330
33D
100
AcDbEntity
  8
4
 48
5.0
100
AcDbLine
 10
97.015081628575
 20
184.8245611409657
 30
0.0
 11
169.7548127953196
 21
116.2313395678066
 31
0.0
  0
ARC
  5
352
330
33D
100
AcDbEntity
  8
4
 48
5.0
100
AcDbCircle
 10
170.4409396088449
 20
116.9588215234689
 30
0.0
 40
1.000000000026387
100
AcDbArc
 50
226.6757107962675
 51
316.6757107774096
  0
LINE
  5
353
330
33D
100
AcDbEntity
  8
4
 48
5.0
100
AcDbLine
 10
167.3939751333091
 20
112.2707499791868
 30
0.0
 11
172.2220708102686
 21
117.3898508953862
 31
0.0
  0
HATCH
  5
354
330
33D
100
AcDbEntity
  8
DIM_ELEV
100
AcDbHatch
 10
0.0
 20
0.0
 30
0.0
210
0.0
220
0.0
230
1.0
  2
SOLID
 70
     1
 71
     0
 91
        1
 92
        7
 72
     0
 73
     1
 93
        3
 10
180.4186076306505
 20
116.7992699975147
 10
182.5390717386035
 20
116.8595358016901
 10
180.3583418264752
 20
118.9197341054678
 97
        0
 75
     0
 76
     1
 47
0.0
 98
        1
 10
-342541.7552674359
 20
-1272532.733963937
450
        0
451
        0
460
0.0
461
0.0
452
        0
462
0.0
453
        0
470

  0
LWPOLYLINE
  5
355
330
33D
100
AcDbEntity
  8
建筑
100
AcDbPolyline
 90
        4
 70
     0
 43
0.2
 10
128.806201958796
 20
77.18698952207342
 10
131.7161297799321
 20
74.44248226843774
 10
118.7826393424766
 20
60.72944740671665
 10
115.8727115209913
 20
63.4739546617493
  0
LWPOLYLINE
  5
356
330
33D
100
AcDbEntity
  8
建筑
100
AcDbPolyline
 90
        6
 70
     0
 43
0.2
 10
128.8062019577482
 20
77.18698952253908
 10
122.2588643581839
 20
83.3621308458969
 10
101.1947711788816
 20
61.02843481162563
 10
105.3414183255518
 20
57.11751197371632
 42
0.4142135623649542
 10
110.0063272636616
 20
57.2539839418605
 10
115.8727115204092
 20
63.47395466128364
  0
INSERT
  5
357
330
33D
100
AcDbEntity
  8
0
100
AcDbBlockReference
  2
JHRTYJF
 10
-2263163.8796266
 20
-1422264.854732499
 30
0.0
 41
1.002713087290779
 42
1.002713087290779
 43
1.002713087290779
 50
317.3014590761614
  0
INSERT
  5
358
330
33D
100
AcDbEntity
  8
0
100
AcDbBlockReference
  2
JHRTYJF
 10
-2263159.514730509
 20
-1422268.971497491
 30
0.0
 41
1.002713087290779
 42
1.002713087290779
 43
1.002713087290779
 50
317.3014590761614
  0
INSERT
  5
359
330
33D
100
AcDbEntity
  8
0
100
AcDbBlockReference
  2
JHRTYJF
 10
-2263155.149834418
 20
-1422273.088262484
 30
0.0
 41
1.002713087290779
 42
1.002713087290779
 43
1.002713087290779
 50
317.3014590761614
  0
INSERT
  5
35A
330
33D
100
AcDbEntity
  8
0
100
AcDbBlockReference
  2
JHRTYJF
 10
-2263150.784938326
 20
-1422277.205027477
 30
0.0
 41
1.002713087290779
 42
1.002713087290779
 43
1.002713087290779
 50
317.3014590761614
  0
INSERT
  5
35B
330
33D
100
AcDbEntity
  8
0
100
AcDbBlockReference
  2
JHRTYJF
 10
-2263146.420042234
 20
-1422281.321792469
 30
0.0
 41
1.002713087290779
 42
1.002713087290779
 43
1.002713087290779
 50
317.3014590761614
  0
INSERT
  5
35C
330
33D
100
AcDbEntity
  8
0
100
AcDbBlockReference
  2
JHRTYJF
 10
-2263142.055146142
 20
-1422285.438557461
 30
0.0
 41
1.002713087290779
 42
1.002713087290779
 43
1.002713087290779
 50
317.3014590761614
  0
INSERT
  5
35D
330
33D
100
AcDbEntity
  8
0
100
AcDbBlockReference
  2
JHRTYJF
 10
-2263137.690250051
 20
-1422289.555322454
 30
0.0
 41
1.002713087290779
 42
1.002713087290779
 43
1.002713087290779
 50
317.3014590761614
  0
INSERT
  5
35E
330
33D
100
AcDbEntity
  8
0
100
AcDbBlockReference
  2
JHRTYJF
 10
-2263133.325353959
 20
-1422293.672087446
 30
0.0
 41
1.002713087290779
 42
1.002713087290779
 43
1.002713087290779
 50
317.3014590761614
  0
INSERT
  5
35F
330
33D
100
AcDbEntity
  8
0
100
AcDbBlockReference
  2
JHRTYJF
 10
-2263128.960457868
 20
-1422297.788852439
 30
0.0
 41
1.002713087290779
 42
1.002713087290779
 43
1.002713087290779
 50
317.3014590761614
  0
INSERT
  5
360
330
33D
100
AcDbEntity
  8
0
100
AcDbBlockReference
  2
JHRTYJF
 10
-2263124.595561776
 20
-1422301.905617431
 30
0.0
 41
1.002713087290779
 42
1.002713087290779
 43
1.002713087290779
 50
317.3014590761614
  0
INSERT
  5
361
330
33D
100
AcDbEntity
  8
0
100
AcDbBlockReference
  2
JHRTYJF
 10
-2263120.230665684
 20
-1422306.022382424
 30
0.0
 41
1.002713087290779
 42
1.002713087290779
 43
1.002713087290779
 50
317.3014590761614
  0
INSERT
  5
362
330
33D
100
AcDbEntity
  8
0
100
AcDbBlockReference
  2
JHRTYJF
 10
-2263115.865769592
 20
-1422310.139147416
 30
0.0
 41
1.002713087290779
 42
1.002713087290779
 43
1.002713087290779
 50
317.3014590761614
  0
INSERT
  5
363
330
33D
100
AcDbEntity
  8
0
100
AcDbBlockReference
  2
JHRTYJF
 10
-2263160.063116601
 20
-1422255.258081885
 30
0.0
 41
1.002713087290779
 42
1.002713087290779
 43
1.002713087290779
 50
317.3014590761614
  0
INSERT
  5
364
330
33D
100
AcDbEntity
  8
0
100
AcDbBlockReference
  2
JHRTYJF
 10
-2263155.69822051
 20
-1422259.374846877
 30
0.0
 41
1.002713087290779
 42
1.002713087290779
 43
1.002713087290779
 50
317.3014590761614
  0
INSERT
  5
365
330
33D
100
AcDbEntity
  8
0
100
AcDbBlockReference
  2
JHRTYJF
 10
-2263151.333324418
 20
-1422263.49161187
 30
0.0
 41
1.002713087290779
 42
1.002713087290779
 43
1.002713087290779
 50
317.3014590761614
  0
INSERT
  5
366
330
33D
100
AcDbEntity
  8
0
100
AcDbBlockReference
  2
JHRTYJF
 10
-2263146.968428327
 20
-1422267.608376862
 30
0.0
 41
1.002713087290779
 42
1.002713087290779
 43
1.002713087290779
 50
317.3014590761614
  0
INSERT
  5
367
330
33D
100
AcDbEntity
  8
0
100
AcDbBlockReference
  2
JHRTYJF
 10
-2263142.603532235
 20
-1422271.725141854
 30
0.0
 41
1.002713087290779
 42
1.002713087290779
 43
1.002713087290779
 50
317.3014590761614
  0
INSERT
  5
368
330
33D
100
AcDbEntity
  8
0
100
AcDbBlockReference
  2
JHRTYJF
 10
-2263138.238636144
 20
-1422275.841906847
 30
0.0
 41
1.002713087290779
 42
1.002713087290779
 43
1.002713087290779
 50
317.3014590761614
  0
INSERT
  5
369
330
33D
100
AcDbEntity
  8
0
100
AcDbBlockReference
  2
JHRTYJF
 10
-2263133.873740052
 20
-1422279.95867184
 30
0.0
 41
1.002713087290779
 42
1.002713087290779
 43
1.002713087290779
 50
317.3014590761614
  0
INSERT
  5
36A
330
33D
100
AcDbEntity
  8
0
100
AcDbBlockReference
  2
JHRTYJF
 10
-2263129.508843961
 20
-1422284.075436832
 30
0.0
 41
1.002713087290779
 42
1.002713087290779
 43
1.002713087290779
 50
317.3014590761614
  0
INSERT
  5
36B
330
33D
100
AcDbEntity
  8
0
100
AcDbBlockReference
  2
JHRTYJF
 10
-2263125.143947869
 20
-1422288.192201824
 30
0.0
 41
1.002713087290779
 42
1.002713087290779
 43
1.002713087290779
 50
317.3014590761614
  0
INSERT
  5
36C
330
33D
100
AcDbEntity
  8
0
100
AcDbBlockReference
  2
JHRTYJF
 10
-2263120.779051777
 20
-1422292.308966817
 30
0.0
 41
1.002713087290779
 42
1.002713087290779
 43
1.002713087290779
 50
317.3014590761614
  0
INSERT
  5
36D
330
33D
100
AcDbEntity
  8
0
100
AcDbBlockReference
  2
JHRTYJF
 10
-2263116.414155686
 20
-1422296.42573181
 30
0.0
 41
1.002713087290779
 42
1.002713087290779
 43
1.002713087290779
 50
317.3014590761614
  0
INSERT
  5
36E
330
33D
100
AcDbEntity
  8
0
100
AcDbBlockReference
  2
JHRTYJF
 10
-2263112.049278575
 20
-1422300.5424789
 30
0.0
 41
1.002713087290779
 42
1.002713087290779
 43
1.002713087290779
 50
317.3014590761614
  0
INSERT
  5
36F
330
33D
100
AcDbEntity
  8
0
100
AcDbBlockReference
  2
JHRTYJF
 10
-2263107.684382484
 20
-1422304.659243892
 30
0.0
 41
1.002713087290779
 42
1.002713087290779
 43
1.002713087290779
 50
317.3014590761614
  0
INSERT
  5
370
330
33D
100
AcDbEntity
  8
0
100
AcDbBlockReference
  2
JHRTYJF
 10
-2263103.319486392
 20
-1422308.776008885
 30
0.0
 41
1.002713087290779
 42
1.002713087290779
 43
1.002713087290779
 50
317.3014590761614
  0
INSERT
  5
371
330
33D
100
AcDbEntity
  8
0
100
AcDbBlockReference
  2
JHRTYJF
 10
-2263085.863166254
 20
-1422325.240053458
 30
0.0
 41
1.002713087290779
 42
1.002713087290779
 43
1.002713087290779
 50
317.3014590761614
  0
INSERT
  5
372
330
33D
100
AcDbEntity
  8
0
100
AcDbBlockReference
  2
JHRTYJF
 10
-2263090.224836079
 20
-1422321.12626806
 30
0.0
 41
1.002713087290779
 42
1.002713087290779
 43
1.002713087290779
 50
317.3014590761614
  0
INSERT
  5
373
330
33D
100
AcDbEntity
  8
0
100
AcDbBlockReference
  2
43TGTRHFD
 10
1381478.867643826
 20
-2244917.655239762
 30
0.0
 50
46.67571079169093
  0
INSERT
  5
374
330
33D
100
AcDbEntity
  8
0
100
AcDbBlockReference
  2
45TGHHSAAAA
 10
1381516.261346941
 20
-2244880.585729084
 30
0.0
 50
46.67571078562544
  0
INSERT
  5
375
330
33D
100
AcDbEntity
  8
0
100
AcDbBlockReference
  2
45TGHHSAAAA
 10
1381514.614642588
 20
-2244882.331685778
 30
0.0
 50
46.67571078562544
  0
INSERT
  5
376
330
33D
100
AcDbEntity
  8
0
100
AcDbBlockReference
  2
45TGHHSAAAA
 10
1381512.967938235
 20
-2244884.077642471
 30
0.0
 50
46.67571078562544
  0
INSERT
  5
377
330
33D
100
AcDbEntity
  8
0
100
AcDbBlockReference
  2
45TGHHSAAAA
 10
1381511.321233882
 20
-2244885.823599164
 30
0.0
 50
46.67571078562544
  0
INSERT
  5
378
330
33D
100
AcDbEntity
  8
0
100
AcDbBlockReference
  2
45TGHHSAAAA
 10
1381509.67452953
 20
-2244887.569555858
 30
0.0
 50
46.67571078562544
  0
INSERT
  5
379
330
33D
100
AcDbEntity
  8
0
100
AcDbBlockReference
  2
45TGHHSAAAA
 10
1381508.027825177
 20
-2244889.315512551
 30
0.0
 50
46.67571078562544
  0
INSERT
  5
37A
330
33D
100
AcDbEntity
  8
0
100
AcDbBlockReference
  2
45TGHHSAAAA
 10
1381506.381120824
 20
-2244891.061469244
 30
0.0
 50
46.67571078562544
  0
INSERT
  5
37B
330
33D
100
AcDbEntity
  8
0
100
AcDbBlockReference
  2
45TGHHSAAAA
 10
1381504.734416473
 20
-2244892.807425935
 30
0.0
 50
46.67571078562544
  0
INSERT
  5
37C
330
33D
100
AcDbEntity
  8
0
100
AcDbBlockReference
  2
45TGHHSAAAA
 10
1381503.087712121
 20
-2244894.553382628
 30
0.0
 50
46.67571078562544
  0
INSERT
  5
37D
330
33D
100
AcDbEntity
  8
0
100
AcDbBlockReference
  2
45TGHHSAAAA
 10
1381501.441007768
 20
-2244896.299339322
 30
0.0
 50
46.67571078562544
  0
INSERT
  5
37E
330
33D
100
AcDbEntity
  8
0
100
AcDbBlockReference
  2
45TGHHSAAAA
 10
1381499.794303416
 20
-2244898.045296014
 30
0.0
 50
46.67571078562544
  0
INSERT
  5
37F
330
33D
100
AcDbEntity
  8
0
100
AcDbBlockReference
  2
45TGHHSAAAA
 10
1381498.147599063
 20
-2244899.791252707
 30
0.0
 50
46.67571078562544
  0
INSERT
  5
380
330
33D
100
AcDbEntity
  8
0
100
AcDbBlockReference
  2
45TGHHSAAAA
 10
1381496.500894711
 20
-2244901.5372094
 30
0.0
 50
46.67571078562544
  0
INSERT
  5
381
330
33D
100
AcDbEntity
  8
0
100
AcDbBlockReference
  2
45TGHHSAAAA
 10
1381494.854190358
 20
-2244903.283166094
 30
0.0
 50
46.67571078562544
  0
INSERT
  5
382
330
33D
100
AcDbEntity
  8
0
100
AcDbBlockReference
  2
45TGHHSAAAA
 10
1381493.207486005
 20
-2244905.029122787
 30
0.0
 50
46.67571078562544
  0
INSERT
  5
383
330
33D
100
AcDbEntity
  8
0
100
AcDbBlockReference
  2
45TGHHSAAAA
 10
1381491.560781652
 20
-2244906.77507948
 30
0.0
 50
46.67571078562544
  0
HATCH
  5
384
330
33D
100
AcDbEntity
  8
9
  6
Continuous
100
AcDbHatch
 10
0.0
 20
0.0
 30
0.0
210
0.0
220
0.0
230
1.0
  2
CROSS
 70
     0
 71
     0
 91
        1
 92
        1
 93
        7
 72
     1
 10
174.1901314173592
 20
91.23573350999505
 11
156.8124098050175
 21
72.81059889961034
 72
     1
 10
156.8124098050175
 20
72.81059889961034
 11
153.3932446113322
 21
76.03539492655546
 72
     1
 10
153.3932446113322
 20
76.03539492655546
 11
146.806427204865
 21
69.05156815424561
 72
     1
 10
146.806427204865
 20
69.05156815424561
 11
144.1558264272753
 21
70.73939205473289
 72
     1
 10
144.1558264272753
 20
70.73939205473289
 11
146.0257057920098
 21
65.67638403084129
 72
     1
 10
146.0257057920098
 20
65.67638403084129
 11
185.0017763613723
 21
80.81978982314467
 72
     1
 10
185.0017763613723
 20
80.81978982314467
 11
174.1901314173592
 21
91.23573350999505
 97
        0
 75
     1
 76
     1
 52
0.0
 41
0.2
 77
     0
 78
     2
 53
0.0
 43
-685263.1372840716
 44
-2544651.79451931
 45
1.27
 46
1.27
 79
     2
 49
0.635
 49
-1.905
 53
90.0
 43
-685262.8197840715
 44
-2544652.11201931
 45
-1.27
 46
1.27
 79
     2
 49
0.635
 49
-1.905
 98
        1
 10
-685263.1372840716
 20
-2545183.047086244
1001
ACAD
1010
0.0
1020
0.0
1030
0.0
  0
LINE
  5
385
330
33D
100
AcDbEntity
  8
4
 48
5.0
100
AcDbLine
 10
89.25142451189458
 20
195.5400138809345
 30
0.0
 11
88.92898687801789
 21
195.2008313024416
 31
0.0
  0
LINE
  5
386
330
33D
100
AcDbEntity
  8
4
 48
5.0
100
AcDbLine
 10
86.10719153401442
 20
195.1238473663106
 30
0.0
 11
85.64881361706648
 21
195.5253553981892
 31
0.0
  0
ARC
  5
387
330
33D
100
AcDbEntity
  8
4
 48
5.0
100
AcDbCircle
 10
87.47944516129791
 20
196.5788112771697
 30
0.0
 40
2.0
100
AcDbArc
 50
226.6757107962675
 51
316.4497892815085
  0
INSERT
  5
388
330
33D
100
AcDbEntity
  8
0
100
AcDbBlockReference
  2
JHRTYJF
 10
-2263003.994792588
 20
-1422414.949651736
 30
0.0
 41
1.002713087290779
 42
1.002713087290779
 43
1.002713087290779
 50
317.30624363396
  0
INSERT
  5
389
330
33D
100
AcDbEntity
  8
0
100
AcDbBlockReference
  2
JHRTYJF
 10
-2262999.629552736
 20
-1422419.066052217
 30
0.0
 41
1.002713087290779
 42
1.002713087290779
 43
1.002713087290779
 50
317.30624363396
  0
INSERT
  5
38A
330
33D
100
AcDbEntity
  8
0
100
AcDbBlockReference
  2
JHRTYJF
 10
-2262995.264312884
 20
-1422423.182452698
 30
0.0
 41
1.002713087290779
 42
1.002713087290779
 43
1.002713087290779
 50
317.30624363396
  0
INSERT
  5
38B
330
33D
100
AcDbEntity
  8
0
100
AcDbBlockReference
  2
JHRTYJF
 10
-2262990.899073032
 20
-1422427.298853179
 30
0.0
 41
1.002713087290779
 42
1.002713087290779
 43
1.002713087290779
 50
317.30624363396
  0
INSERT
  5
38C
330
33D
100
AcDbEntity
  8
0
100
AcDbBlockReference
  2
JHRTYJF
 10
-2262986.53383318
 20
-1422431.415253661
 30
0.0
 41
1.002713087290779
 42
1.002713087290779
 43
1.002713087290779
 50
317.30624363396
  0
INSERT
  5
38D
330
33D
100
AcDbEntity
  8
0
100
AcDbBlockReference
  2
JHRTYJF
 10
-2262982.168612311
 20
-1422435.531636241
 30
0.0
 41
1.002713087290779
 42
1.002713087290779
 43
1.002713087290779
 50
317.30624363396
  0
INSERT
  5
38E
330
33D
100
AcDbEntity
  8
0
100
AcDbBlockReference
  2
JHRTYJF
 10
-2262977.803372459
 20
-1422439.648036723
 30
0.0
 41
1.002713087290779
 42
1.002713087290779
 43
1.002713087290779
 50
317.30624363396
  0
INSERT
  5
38F
330
33D
100
AcDbEntity
  8
0
100
AcDbBlockReference
  2
JHRTYJF
 10
-2262973.438132607
 20
-1422443.764437204
 30
0.0
 41
1.002713087290779
 42
1.002713087290779
 43
1.002713087290779
 50
317.30624363396
  0
INSERT
  5
390
330
33D
100
AcDbEntity
  8
0
100
AcDbBlockReference
  2
JHRTYJF
 10
-2262969.072892755
 20
-1422447.880837685
 30
0.0
 41
1.002713087290779
 42
1.002713087290779
 43
1.002713087290779
 50
317.30624363396
  0
INSERT
  5
391
330
33D
100
AcDbEntity
  8
0
100
AcDbBlockReference
  2
JHRTYJF
 10
-2262964.707652903
 20
-1422451.997238166
 30
0.0
 41
1.002713087290779
 42
1.002713087290779
 43
1.002713087290779
 50
317.30624363396
  0
INSERT
  5
392
330
33D
100
AcDbEntity
  8
0
100
AcDbBlockReference
  2
JHRTYJF
 10
-2262960.342413051
 20
-1422456.113638647
 30
0.0
 41
1.002713087290779
 42
1.002713087290779
 43
1.002713087290779
 50
317.30624363396
  0
INSERT
  5
393
330
33D
100
AcDbEntity
  8
0
100
AcDbBlockReference
  2
JHRTYJF
 10
-2262955.977173199
 20
-1422460.230039129
 30
0.0
 41
1.002713087290779
 42
1.002713087290779
 43
1.002713087290779
 50
317.30624363396
  0
INSERT
  5
394
330
33D
100
AcDbEntity
  8
0
100
AcDbBlockReference
  2
JHRTYJF
 10
-2262951.611933347
 20
-1422464.34643961
 30
0.0
 41
1.002713087290779
 42
1.002713087290779
 43
1.002713087290779
 50
317.30624363396
  0
INSERT
  5
395
330
33D
100
AcDbEntity
  8
0
100
AcDbBlockReference
  2
JHRTYJF
 10
-2262947.246693495
 20
-1422468.462840091
 30
0.0
 41
1.002713087290779
 42
1.002713087290779
 43
1.002713087290779
 50
317.30624363396
  0
INSERT
  5
396
330
33D
100
AcDbEntity
  8
0
100
AcDbBlockReference
  2
JHRTYJF
 10
-2262942.881453643
 20
-1422472.579240572
 30
0.0
 41
1.002713087290779
 42
1.002713087290779
 43
1.002713087290779
 50
317.30624363396
  0
INSERT
  5
397
330
33D
100
AcDbEntity
  8
0
100
AcDbBlockReference
  2
JHRTYJF
 10
-2262938.516213791
 20
-1422476.695641053
 30
0.0
 41
1.002713087290779
 42
1.002713087290779
 43
1.002713087290779
 50
317.30624363396
  0
LINE
  5
398
330
33D
100
AcDbEntity
  8
1绿地填充
  6
Continuous
100
AcDbLine
 10
85.176497419714
 20
38.16911834804341
 30
0.0
 11
85.17707508651074
 21
38.16857260139659
 31
0.0
  0
LWPOLYLINE
  5
399
330
33D
100
AcDbEntity
  8
建筑
100
AcDbPolyline
 90
        4
 70
     1
 43
0.2
 10
139.9496514813509
 20
83.17226579226554
 10
61.38160035002511
 20
157.2739616101607
 10
88.82667289650999
 20
186.3732398296706
 10
167.3939751333091
 20
112.2707499791868
  0
INSERT
  5
39A
330
33D
100
AcDbEntity
  8
0
100
AcDbBlockReference
  2
43TGTRHFD
 10
1381480.514348178
 20
-2244915.909283068
 30
0.0
 50
46.67571079169093
  0
INSERT
  5
39B
330
33D
100
AcDbEntity
  8
0
100
AcDbBlockReference
  2
43TGTRHFD
 10
1381482.16105253
 20
-2244914.163326374
 30
0.0
 50
46.67571079169093
  0
INSERT
  5
39C
330
33D
100
AcDbEntity
  8
0
100
AcDbBlockReference
  2
43TGTRHFD
 10
1381483.807756882
 20
-2244912.41736968
 30
0.0
 50
46.67571079169093
  0
HATCH
  5
3A1
330
33D
100
AcDbEntity
  8
DIM_ELEV
100
AcDbHatch
 10
0.0
 20
0.0
 30
0.0
210
0.0
220
0.0
230
1.0
  2
SOLID
 70
     1
 71
     0
 91
        1
 92
        7
 72
     0
 73
     1
 93
        3
 10
97.71889518026728
 20
195.2430833815597
 10
99.83935928822029
 20
195.303349185735
 10
97.65862937609199
 20
197.3635474895127
 97
        0
 75
     0
 76
     1
 47
0.0
 98
        1
 10
-342624.4549798862
 20
-1272454.290150553
450
        0
451
        0
460
0.0
461
0.0
452
        0
462
0.0
453
        0
470

  0
MTEXT
  5
3A8
102
{ACAD_XDICTIONARY
360
D75
102
}
330
33D
100
AcDbEntity
  8
0
  6
DASHED
100
AcDbMText
 10
122.0109854383627
 20
173.8172879419289
 30
-9994.400009999999
 40
4.0
 41
22.03576472913846
 46
43.15337259415535
 71
     1
 72
     1
  1
汇\P银\P二\P路
 11
0.7021292503865001
 21
0.7120495177666311
 31
0.0
 73
     1
 44
1.0
1001
ACAD
1000
ACAD_MTEXT_DEFINED_HEIGHT_BEGIN
1070
    46
1040
43.15337259415535
1000
ACAD_MTEXT_DEFINED_HEIGHT_END
  0
INSERT
  5
3A9
330
33D
100
AcDbEntity
  8
0
100
AcDbBlockReference
  2
JHRTYJF
 10
1413560.26320156
 20
-2268617.789776558
 30
0.0
 41
1.002713087290779
 42
1.002713087290779
 43
1.002713087290779
 50
47.07561434724278
  0
INSERT
  5
3AA
330
33D
100
AcDbEntity
  8
0
100
AcDbBlockReference
  2
JHRTYJF
 10
1413531.325622082
 20
-2268648.230152605
 30
0.0
 41
1.002713087290779
 42
1.002713087290779
 43
1.002713087290779
 50
47.07561434724278
  0
INSERT
  5
3AB
330
33D
100
AcDbEntity
  8
0
100
AcDbBlockReference
  2
JHRTYJF
 10
1413535.459562006
 20
-2268643.881527455
 30
0.0
 41
1.002713087290779
 42
1.002713087290779
 43
1.002713087290779
 50
47.07561434724278
  0
INSERT
  5
3AC
330
33D
100
AcDbEntity
  8
0
100
AcDbBlockReference
  2
JHRTYJF
 10
1413539.593501931
 20
-2268639.532902305
 30
0.0
 41
1.002713087290779
 42
1.002713087290779
 43
1.002713087290779
 50
47.07561434724278
  0
INSERT
  5
3AD
330
33D
100
AcDbEntity
  8
0
100
AcDbBlockReference
  2
JHRTYJF
 10
1413543.727474434
 20
-2268635.184308124
 30
0.0
 41
1.002713087290779
 42
1.002713087290779
 43
1.002713087290779
 50
47.07561434724278
  0
INSERT
  5
3AE
330
33D
100
AcDbEntity
  8
0
100
AcDbBlockReference
  2
JHRTYJF
 10
1413547.861425219
 20
-2268630.835693298
 30
0.0
 41
1.002713087290779
 42
1.002713087290779
 43
1.002713087290779
 50
47.07561434724278
  0
INSERT
  5
3AF
330
33D
100
AcDbEntity
  8
0
100
AcDbBlockReference
  2
JHRTYJF
 10
1413551.995376003
 20
-2268626.487078471
 30
0.0
 41
1.002713087290779
 42
1.002713087290779
 43
1.002713087290779
 50
47.07561434724278
  0
INSERT
  5
3B0
330
33D
100
AcDbEntity
  8
0
100
AcDbBlockReference
  2
JHRTYJF
 10
1413556.129326787
 20
-2268622.138463645
 30
0.0
 41
1.002713087290779
 42
1.002713087290779
 43
1.002713087290779
 50
47.07561434724278
  0
LWPOLYLINE
  5
3B1
330
33D
100
AcDbEntity
  8
PLAN_道路
  6
Continuous
100
AcDbPolyline
 90
       16
 70
     1
 43
0.0
 10
61.22884644847363
 20
163.7554411035962
 10
83.01793745718896
 20
186.8573652384802
 42
-0.231662148471927
 10
90.42735080688727
 20
189.6407691235654
 42
0.0915313803440746
 10
95.12974384706467
 20
190.0490830070339
 10
91.41845417220611
 20
193.5493801920675
 42
0.2441045659668169
 10
80.10803737258539
 20
189.6019019018858
 10
58.31908892700448
 20
166.5001289197244
 42
0.4142191544745625
 10
58.85653546382673
 20
148.123034351971
 10
130.1127249586861
 20
80.9175430200994
 42
0.4139695228770031
 10
148.4822031569201
 20
81.44728245958686
 10
177.5989980282029
 20
112.2675512772985
 10
174.6636843171436
 20
115.036771918647
 10
145.5797286522575
 20
84.1996804755181
 42
-0.4142142696238898
 10
132.857234818628
 20
83.82746839011089
 10
61.60104272409808
 20
151.0329621802084
 42
-0.4142195416219512
 10
61.22884644870646
 20
163.7554411035962
  0
INSERT
  5
3B2
330
33D
100
AcDbEntity
  8
T1-图例$0$A-Stnd
100
AcDbBlockReference
  2
T1-图例$0$A$C6C161DE2
 10
100.1104095261544
 20
52.15296683786437
 30
0.0
 41
0.001
 42
0.001
 43
0.001
 50
46.67571078596392
  0
INSERT
  5
3B3
330
33D
100
AcDbEntity
  8
T1-图例$0$A-Stnd
100
AcDbBlockReference
  2
T1-图例$0$A$C6C161DE2
 10
102.5804660550784
 20
54.77190187759697
 30
0.0
 41
0.001
 42
0.001
 43
0.001
 50
46.67571078596392
  0
INSERT
  5
3B4
330
33D
100
AcDbEntity
  8
0
100
AcDbBlockReference
  2
43TGTRHFD
 10
293490.8984584149
 20
-2619475.438531484
 30
0.0
 50
21.46147902869366
  0
INSERT
  5
3B5
330
33D
100
AcDbEntity
  8
0
100
AcDbBlockReference
  2
43TGTRHFD
 10
293477.4969002271
 20
-2619480.707140235
 30
0.0
 50
21.46147902869366
  0
INSERT
  5
3B6
330
33D
100
AcDbEntity
  8
0
100
AcDbBlockReference
  2
43TGTRHFD
 10
1381430.524201962
 20
-2244936.300240681
 30
0.0
 50
46.67571077331962
  0
INSERT
  5
3B7
330
33D
100
AcDbEntity
  8
0
100
AcDbBlockReference
  2
43TGTRHFD
 10
1381428.87749761
 20
-2244938.046197374
 30
0.0
 50
46.67571077331962
  0
INSERT
  5
3B8
330
33D
100
AcDbEntity
  8
0
100
AcDbBlockReference
  2
43TGTRHFD
 10
1381427.230793257
 20
-2244939.792154067
 30
0.0
 50
46.67571077331962
  0
INSERT
  5
3B9
330
33D
100
AcDbEntity
  8
0
100
AcDbBlockReference
  2
43TGTRHFD
 10
1381425.584088904
 20
-2244941.53811076
 30
0.0
 50
46.67571077331962
  0
INSERT
  5
3BA
330
33D
100
AcDbEntity
  8
0
100
AcDbBlockReference
  2
43TGTRHFD
 10
1381423.937384551
 20
-2244943.284067452
 30
0.0
 50
46.67571077331962
  0
INSERT
  5
3BB
330
33D
100
AcDbEntity
  8
0
100
AcDbBlockReference
  2
43TGTRHFD
 10
1381422.290680199
 20
-2244945.030024145
 30
0.0
 50
46.67571077331962
  0
INSERT
  5
3BC
330
33D
100
AcDbEntity
  8
0
100
AcDbBlockReference
  2
43TGTRHFD
 10
1381420.643975846
 20
-2244946.775980838
 30
0.0
 50
46.67571077331962
  0
INSERT
  5
3BD
330
33D
100
AcDbEntity
  8
0
100
AcDbBlockReference
  2
43TGTRHFD
 10
1379527.989769796
 20
-2246109.447963622
 30
0.0
 50
46.6275403398724
  0
INSERT
  5
3BE
330
33D
100
AcDbEntity
  8
0
100
AcDbBlockReference
  2
43TGTRHFD
 10
1379529.63794145
 20
-2246107.703391984
 30
0.0
 50
46.6275403398724
  0
INSERT
  5
3BF
330
33D
100
AcDbEntity
  8
0
100
AcDbBlockReference
  2
43TGTRHFD
 10
293479.7304932582
 20
-2619479.829038776
 30
0.0
 50
21.46147902869366
  0
INSERT
  5
3C0
330
33D
100
AcDbEntity
  8
0
100
AcDbBlockReference
  2
43TGTRHFD
 10
293481.9640862894
 20
-2619478.950937318
 30
0.0
 50
21.46147902869366
  0
INSERT
  5
3C1
330
33D
100
AcDbEntity
  8
0
100
AcDbBlockReference
  2
43TGTRHFD
 10
293484.1976793206
 20
-2619478.07283586
 30
0.0
 50
21.46147902869366
  0
INSERT
  5
3C2
330
33D
100
AcDbEntity
  8
0
100
AcDbBlockReference
  2
43TGTRHFD
 10
293486.4312723518
 20
-2619477.194734401
 30
0.0
 50
21.46147902869366
  0
INSERT
  5
3C3
330
33D
100
AcDbEntity
  8
0
100
AcDbBlockReference
  2
43TGTRHFD
 10
293488.664865383
 20
-2619476.316632943
 30
0.0
 50
21.46147902869366
  0
INSERT
  5
3C4
330
33D
100
AcDbEntity
  8
0
100
AcDbBlockReference
  2
JHRTYJF
 10
1413590.395240288
 20
-2268725.744767624
 30
0.0
 41
1.002713087290779
 42
1.002713087290779
 43
1.002713087290779
 50
47.07561434724278
  0
INSERT
  5
3C5
330
33D
100
AcDbEntity
  8
0
100
AcDbBlockReference
  2
JHRTYJF
 10
1413586.261300363
 20
-2268730.093392774
 30
0.0
 41
1.002713087290779
 42
1.002713087290779
 43
1.002713087290779
 50
47.07561434724278
  0
INSERT
  5
3C6
330
33D
100
AcDbEntity
  8
0
100
AcDbBlockReference
  2
JHRTYJF
 10
1413582.127349579
 20
-2268734.442007601
 30
0.0
 41
1.002713087290779
 42
1.002713087290779
 43
1.002713087290779
 50
47.07561434724278
  0
LINE
  5
3C7
330
33D
100
AcDbEntity
  8
4
 48
2.5
100
AcDbLine
 10
77.93319686525501
 20
50.93937338516116
 30
0.0
 11
73.94485695497133
 21
46.71768919564783
 31
0.0
  0
HATCH
  5
3C8
330
33D
100
AcDbEntity
  8
9
  6
Continuous
100
AcDbHatch
 10
0.0
 20
0.0
 30
0.0
210
0.0
220
0.0
230
1.0
  2
CROSS
 70
     0
 71
     0
 91
        1
 92
        1
 93
       17
 72
     2
 10
107.4974614722887
 20
59.99425211641938
 40
4.771187624261258
 50
226.7498723689081
 51
297.4049441474822
 73
     1
 72
     1
 10
109.6935265077045
 20
55.75850782450288
 11
109.9846146558411
 21
55.48077657772228
 72
     1
 10
109.9846146558411
 20
55.48077657772228
 11
111.7039015478221
 21
57.30369060207158
 72
     1
 10
111.7039015478221
 20
57.30369060207158
 11
111.558405156713
 21
57.44091596407816
 72
     1
 10
111.558405156713
 20
57.44091596407816
 11
112.1416129485005
 21
58.05927562620491
 72
     1
 10
112.1416129485005
 20
58.05927562620491
 11
112.2871093390276
 21
57.92205026419833
 72
     1
 10
112.2871093390276
 20
57.92205026419833
 11
114.0024263731902
 21
59.74075515102595
 72
     1
 10
114.0024263731902
 20
59.74075515102595
 11
113.8569299812661
 21
59.87798051396385
 72
     1
 10
113.8569299812661
 20
59.87798051396385
 11
115.9153104223078
 21
62.06042638048529
 72
     1
 10
115.9153104223078
 20
62.06042638048529
 11
118.5564502866473
 21
59.56942730443552
 72
     1
 10
118.5564502866473
 20
59.56942730443552
 11
128.4525605689268
 21
64.46339803840965
 72
     1
 10
128.4525605689268
 20
64.46339803840965
 11
130.5099647098686
 21
59.23005797388032
 72
     1
 10
130.5099647098686
 20
59.23005797388032
 11
110.7059880254091
 21
50.69602437037975
 72
     1
 10
110.7059880254091
 20
50.69602437037975
 11
93.52995968866162
 21
42.15899424441158
 72
     1
 10
93.52995968866162
 20
42.15899424441158
 11
88.64058371842839
 21
39.8153648483567
 72
     1
 10
88.64058371842839
 20
39.8153648483567
 11
88.58462577639148
 21
39.93247625883669
 72
     1
 10
88.58462577639148
 20
39.93247625883669
 11
104.2283171270974
 21
56.51906484132632
 97
        0
 75
     1
 76
     1
 52
0.0
 41
0.2
 77
     0
 78
     2
 53
0.0
 43
-685263.1372840716
 44
-2544651.79451931
 45
1.27
 46
1.27
 79
     2
 49
0.635
 49
-1.905
 53
90.0
 43
-685262.8197840715
 44
-2544652.11201931
 45
-1.27
 46
1.27
 79
     2
 49
0.635
 49
-1.905
 98
        1
 10
-685263.1360403113
 20
-2545183.047005755
1001
GradientColor1ACI
1070
     5
1001
GradientColor2ACI
1070
     2
1001
ACAD
1010
0.0
1020
0.0
1030
0.0
  0
LWPOLYLINE
  5
3C9
330
33D
100
AcDbEntity
  8
4
  6
Continuous
100
AcDbPolyline
 90
       16
 70
     1
 43
0.0
 10
128.4512057923712
 20
64.46460549067706
 10
118.5550955072976
 20
59.57063475856557
 10
115.913955643191
 20
62.06163383508101
 10
113.8555752021493
 20
59.87918796855956
 10
114.0010715937242
 20
59.74196260515601
 10
112.2857545599108
 20
57.92325771879404
 10
112.1402581690345
 20
58.06048308080062
 10
111.5570503774797
 20
57.44212341867387
 10
111.7025467684725
 20
57.3048980566673
 10
109.9832598764915
 20
55.481984032318
 10
109.6921717285877
 20
55.7597152790986
 42
-0.3184440741276161
 10
104.2269623464672
 20
56.52027229731903
 10
88.58327099715825
 20
39.9336837134324
 10
88.63937302085105
 20
39.81664136564359
 10
110.7036049093585
 20
50.69820169918239
 10
130.5086099306354
 20
59.23126542847604
  0
HATCH
  5
3CA
330
33D
100
AcDbEntity
  8
9
  6
Continuous
100
AcDbHatch
 10
0.0
 20
0.0
 30
0.0
210
0.0
220
0.0
230
1.0
  2
AR-CONC
 70
     0
 71
     0
 91
        1
 92
        1
 93
        4
 72
     1
 10
144.0863570113433
 20
70.61131569975987
 11
128.4512057923712
 21
64.46460549114272
 72
     1
 10
128.4512057923712
 20
64.46460549114272
 11
130.4993320499779
 21
59.2548652132973
 72
     1
 10
130.4993320499779
 20
59.2548652132973
 11
146.0909552806988
 21
65.51252466673031
 72
     1
 10
146.0909552806988
 20
65.51252466673031
 11
144.0863570113433
 21
70.61131569975987
 97
        0
 75
     1
 76
     1
 52
0.0
 41
1.2
 77
     0
 78
    13
 53
50.0
 43
-685263.1373950906
 44
-2545183.045798301
 45
2.186216027952048
 46
-0.1912690264668369
 79
     2
 49
0.2286
 49
-2.5146
 53
355.0
 43
-685263.1373950906
 44
-2545183.045798301
 45
-0.4229139117080038
 46
2.29267971458616
 79
     2
 49
0.18288
 49
-2.01168
 53
100.451
 43
-685262.9552110904
 44
-2545183.061737301
 45
1.763310019991511
 46
2.101400253843503
 79
     2
 49
0.19428
 49
-2.13708
 53
46.18420000000001
 43
-685263.1373950906
 44
-2545182.436198301
 45
3.252948490705559
 46
-0.5045079351927257
 79
     2
 49
0.3428999999999994
 49
-3.771899999999995
 53
96.6356
 43
-685262.8663162906
 44
-2545182.478240301
 45
2.848850813594846
 46
2.969106670680591
 79
     2
 49
0.2914200000000001
 49
-3.20562
 53
351.184
 43
-685263.1373950906
 44
-2545182.436198301
 45
2.848855269767207
 46
2.969101414327173
 79
     2
 49
0.2743200000000001
 49
-3.01752
 53
21.0
 43
-685262.8325950906
 44
-2545182.588598301
 45
1.819378558024599
 46
-1.22718622220115
 79
     2
 49
0.2286
 49
-2.5146
 53
326.0
 43
-685262.8325950906
 44
-2545182.588598301
 45
0.7416243401717651
 46
2.210255593467831
 79
     2
 49
0.18288
 49
-2.01168
 53
71.45140000000001
 43
-685262.6809810906
 44
-2545182.690863501
 45
2.560997889241493
 46
0.9830742925926895
 79
     2
 49
0.19428
 49
-2.13708
 53
37.5
 43
-685263.1373950906
 44
-2545183.045798301
 45
0.0370632390071019
 46
1.014660466477837
 79
     6
 49
0.0
 49
-1.987296
 49
0.0
 49
-2.04216
 49
0.0
 49
-2.0193
 53
7.499999999999999
 43
-685263.1373950906
 44
-2545183.045798301
 45
0.8018359501236689
 46
1.202166897817434
 79
     6
 49
0.0
 49
-1.164336
 49
0.0
 49
-1.941576
 49
0.0
 49
-0.7696200000000001
 53
327.5
 43
-685263.8170990906
 44
-2545183.045798301
 45
1.627087142002457
 46
-0.0687449279120812
 79
     6
 49
0.0
 49
-0.7620000000000001
 49
0.0
 49
-2.37744
 49
0.0
 49
-3.15468
 53
317.5
 43
-685264.1218990907
 44
-2545183.045798301
 45
1.777550176632216
 46
0.3051178923999964
 79
     6
 49
0.0
 49
-0.9906000000000002
 49
0.0
 49
-1.578864
 49
0.0
 49
-2.24028
 98
        1
 10
-685263.8819261037
 20
-2545183.338498785
1001
GradientColor1ACI
1070
     5
1001
GradientColor2ACI
1070
     2
1001
ACAD
1010
0.0
1020
0.0
1030
0.0
  0
HATCH
  5
3CB
330
33D
100
AcDbEntity
  8
9
  6
Continuous
100
AcDbHatch
 10
0.0
 20
0.0
 30
0.0
210
0.0
220
0.0
230
1.0
  2
AR-CONC
 70
     0
 71
     0
 91
        1
 92
        1
 93
        5
 72
     1
 10
183.1720770854736
 20
100.7590508754365
 11
186.2474728358211
 21
104.1125737386755
 72
     1
 10
186.2474728358211
 20
104.1125737386755
 11
203.313847108162
 21
88.01772845722735
 72
     1
 10
203.313847108162
 20
88.01772845722735
 11
185.0017763613723
 21
80.81978982314467
 72
     1
 10
185.0017763613723
 20
80.81978982314467
 11
174.1901314173592
 21
91.23573350999505
 72
     1
 10
174.1901314173592
 20
91.23573350999505
 11
183.1720770854736
 21
100.7590508754365
 97
        0
 75
     1
 76
     1
 52
0.0
 41
1.2
 77
     0
 78
    13
 53
50.0
 43
-685263.1373950906
 44
-2545183.045798301
 45
2.186216027952048
 46
-0.1912690264668369
 79
     2
 49
0.2286
 49
-2.5146
 53
355.0
 43
-685263.1373950906
 44
-2545183.045798301
 45
-0.4229139117080038
 46
2.29267971458616
 79
     2
 49
0.18288
 49
-2.01168
 53
100.451
 43
-685262.9552110904
 44
-2545183.061737301
 45
1.763310019991511
 46
2.101400253843503
 79
     2
 49
0.19428
 49
-2.13708
 53
46.18420000000001
 43
-685263.1373950906
 44
-2545182.436198301
 45
3.252948490705559
 46
-0.5045079351927257
 79
     2
 49
0.3428999999999994
 49
-3.771899999999995
 53
96.6356
 43
-685262.8663162906
 44
-2545182.478240301
 45
2.848850813594846
 46
2.969106670680591
 79
     2
 49
0.2914200000000001
 49
-3.20562
 53
351.184
 43
-685263.1373950906
 44
-2545182.436198301
 45
2.848855269767207
 46
2.969101414327173
 79
     2
 49
0.2743200000000001
 49
-3.01752
 53
21.0
 43
-685262.8325950906
 44
-2545182.588598301
 45
1.819378558024599
 46
-1.22718622220115
 79
     2
 49
0.2286
 49
-2.5146
 53
326.0
 43
-685262.8325950906
 44
-2545182.588598301
 45
0.7416243401717651
 46
2.210255593467831
 79
     2
 49
0.18288
 49
-2.01168
 53
71.45140000000001
 43
-685262.6809810906
 44
-2545182.690863501
 45
2.560997889241493
 46
0.9830742925926895
 79
     2
 49
0.19428
 49
-2.13708
 53
37.5
 43
-685263.1373950906
 44
-2545183.045798301
 45
0.0370632390071019
 46
1.014660466477837
 79
     6
 49
0.0
 49
-1.987296
 49
0.0
 49
-2.04216
 49
0.0
 49
-2.0193
 53
7.499999999999999
 43
-685263.1373950906
 44
-2545183.045798301
 45
0.8018359501236689
 46
1.202166897817434
 79
     6
 49
0.0
 49
-1.164336
 49
0.0
 49
-1.941576
 49
0.0
 49
-0.7696200000000001
 53
327.5
 43
-685263.8170990906
 44
-2545183.045798301
 45
1.627087142002457
 46
-0.0687449279120812
 79
     6
 49
0.0
 49
-0.7620000000000001
 49
0.0
 49
-2.37744
 49
0.0
 49
-3.15468
 53
317.5
 43
-685264.1218990907
 44
-2545183.045798301
 45
1.777550176632216
 46
0.3051178923999964
 79
     6
 49
0.0
 49
-0.9906000000000002
 49
0.0
 49
-1.578864
 49
0.0
 49
-2.24028
 98
        1
 10
-685263.1373950906
 20
-2545183.045798301
1001
GradientColor1ACI
1070
     5
1001
GradientColor2ACI
1070
     2
1001
ACAD
1010
0.0
1020
0.0
1030
0.0
  0
HATCH
  5
3CC
330
33D
100
AcDbEntity
  8
9
  6
Continuous
100
AcDbHatch
 10
0.0
 20
0.0
 30
0.0
210
0.0
220
0.0
230
1.0
  2
AR-CONC
 70
     0
 71
     0
 91
        1
 92
        1
 93
        8
 72
     1
 10
105.0503145238617
 20
57.39325064281001
 11
88.58327099715825
 21
39.9336837134324
 72
     1
 10
88.58327099715825
 20
39.9336837134324
 11
87.1470293222228
 21
41.28827940626069
 72
     1
 10
87.1470293222228
 20
41.28827940626069
 11
83.85068601509557
 21
37.79913613013923
 72
     1
 10
83.85068601509557
 20
37.79913613013923
 11
79.99809031526092
 21
41.43884853133932
 72
     1
 10
79.99809031526092
 20
41.43884853133932
 11
83.29443362203893
 21
44.9279918083921
 72
     1
 10
83.29443362203893
 20
44.9279918083921
 11
84.72953508235514
 21
43.57218990474939
 72
     1
 10
84.72953508235514
 20
43.57218990474939
 11
101.1946601601084
 21
61.02972275484353
 72
     1
 10
101.1946601601084
 20
61.02972275484353
 11
105.0503145238617
 21
57.39325064281001
 97
        0
 75
     1
 76
     1
 52
0.0
 41
1.2
 77
     0
 78
    13
 53
50.0
 43
-685263.1373950906
 44
-2545183.045798301
 45
2.186216027952048
 46
-0.1912690264668369
 79
     2
 49
0.2286
 49
-2.5146
 53
355.0
 43
-685263.1373950906
 44
-2545183.045798301
 45
-0.4229139117080038
 46
2.29267971458616
 79
     2
 49
0.18288
 49
-2.01168
 53
100.451
 43
-685262.9552110904
 44
-2545183.061737301
 45
1.763310019991511
 46
2.101400253843503
 79
     2
 49
0.19428
 49
-2.13708
 53
46.18420000000001
 43
-685263.1373950906
 44
-2545182.436198301
 45
3.252948490705559
 46
-0.5045079351927257
 79
     2
 49
0.3428999999999994
 49
-3.771899999999995
 53
96.6356
 43
-685262.8663162906
 44
-2545182.478240301
 45
2.848850813594846
 46
2.969106670680591
 79
     2
 49
0.2914200000000001
 49
-3.20562
 53
351.184
 43
-685263.1373950906
 44
-2545182.436198301
 45
2.848855269767207
 46
2.969101414327173
 79
     2
 49
0.2743200000000001
 49
-3.01752
 53
21.0
 43
-685262.8325950906
 44
-2545182.588598301
 45
1.819378558024599
 46
-1.22718622220115
 79
     2
 49
0.2286
 49
-2.5146
 53
326.0
 43
-685262.8325950906
 44
-2545182.588598301
 45
0.7416243401717651
 46
2.210255593467831
 79
     2
 49
0.18288
 49
-2.01168
 53
71.45140000000001
 43
-685262.6809810906
 44
-2545182.690863501
 45
2.560997889241493
 46
0.9830742925926895
 79
     2
 49
0.19428
 49
-2.13708
 53
37.5
 43
-685263.1373950906
 44
-2545183.045798301
 45
0.0370632390071019
 46
1.014660466477837
 79
     6
 49
0.0
 49
-1.987296
 49
0.0
 49
-2.04216
 49
0.0
 49
-2.0193
 53
7.499999999999999
 43
-685263.1373950906
 44
-2545183.045798301
 45
0.8018359501236689
 46
1.202166897817434
 79
     6
 49
0.0
 49
-1.164336
 49
0.0
 49
-1.941576
 49
0.0
 49
-0.7696200000000001
 53
327.5
 43
-685263.8170990906
 44
-2545183.045798301
 45
1.627087142002457
 46
-0.0687449279120812
 79
     6
 49
0.0
 49
-0.7620000000000001
 49
0.0
 49
-2.37744
 49
0.0
 49
-3.15468
 53
317.5
 43
-685264.1218990907
 44
-2545183.045798301
 45
1.777550176632216
 46
0.3051178923999964
 79
     6
 49
0.0
 49
-0.9906000000000002
 49
0.0
 49
-1.578864
 49
0.0
 49
-2.24028
 98
        1
 10
-685263.1373950906
 20
-2545183.045798301
1001
GradientColor1ACI
1070
     5
1001
GradientColor2ACI
1070
     2
1001
ACAD
1010
0.0
1020
0.0
1030
0.0
  0
HATCH
  5
3CD
330
33D
100
AcDbEntity
  8
9
  6
Continuous
100
AcDbHatch
 10
0.0
 20
0.0
 30
0.0
210
0.0
220
0.0
230
1.0
  2
AR-CONC
 70
     0
 71
     0
 91
        1
 92
        1
 93
       17
 72
     1
 10
9.549782029469497
 20
115.4365818137303
 11
77.9330858461326
 21
50.94066132931039
 72
     1
 10
77.9330858461326
 20
50.94066132931039
 11
101.9124589972198
 21
76.36535094073042
 72
     1
 10
101.9124589972198
 20
76.36535094073042
 11
114.2627416425384
 21
89.46002614032478
 72
     1
 10
114.2627416425384
 20
89.46002614032478
 11
117.206600928097
 21
93.08999306010083
 72
     1
 10
117.206600928097
 20
93.08999306010083
 11
124.7353212351445
 21
85.98925765836611
 72
     1
 10
124.7353212351445
 20
85.98925765836611
 11
101.194660159992
 21
61.02972275577485
 72
     1
 10
101.194660159992
 20
61.02972275577485
 11
84.72761663328856
 21
43.57015582732856
 72
     1
 10
84.72761663328856
 20
43.57015582732856
 11
83.2944336219225
 21
44.92799180932343
 72
     1
 10
83.2944336219225
 20
44.92799180932343
 11
79.99809031421318
 21
41.43884853320196
 72
     1
 10
79.99809031421318
 20
41.43884853320196
 11
79.77853129885625
 21
41.20644772099331
 72
     1
 10
79.77853129885625
 20
41.20644772099331
 11
73.94771052349824
 21
46.71507419971749
 72
     1
 10
73.94771052349824
 20
46.71507419971749
 11
76.56083221931476
 21
49.48569741891697
 72
     1
 10
76.56083221931476
 20
49.48569741891697
 11
5.267600580817088
 21
116.7261251569725
 72
     1
 10
5.267600580817088
 20
116.7261251569725
 11
6.650668867863714
 21
118.1925700246356
 72
     1
 10
6.650668867863714
 20
118.1925700246356
 11
43.69070214603562
 21
157.4651146642864
 72
     1
 10
43.69070214603562
 20
157.4651146642864
 11
46.60062996752095
 21
154.720607410185
 72
     1
 10
46.60062996752095
 20
154.720607410185
 11
9.549782029469497
 21
115.4365818137303
 97
        0
 75
     1
 76
     1
 52
0.0
 41
1.2
 77
     0
 78
    13
 53
50.0
 43
-685263.1373950906
 44
-2545183.045798301
 45
2.186216027952048
 46
-0.1912690264668369
 79
     2
 49
0.2286
 49
-2.5146
 53
355.0
 43
-685263.1373950906
 44
-2545183.045798301
 45
-0.4229139117080038
 46
2.29267971458616
 79
     2
 49
0.18288
 49
-2.01168
 53
100.451
 43
-685262.9552110904
 44
-2545183.061737301
 45
1.763310019991511
 46
2.101400253843503
 79
     2
 49
0.19428
 49
-2.13708
 53
46.18420000000001
 43
-685263.1373950906
 44
-2545182.436198301
 45
3.252948490705559
 46
-0.5045079351927257
 79
     2
 49
0.3428999999999994
 49
-3.771899999999995
 53
96.6356
 43
-685262.8663162906
 44
-2545182.478240301
 45
2.848850813594846
 46
2.969106670680591
 79
     2
 49
0.2914200000000001
 49
-3.20562
 53
351.184
 43
-685263.1373950906
 44
-2545182.436198301
 45
2.848855269767207
 46
2.969101414327173
 79
     2
 49
0.2743200000000001
 49
-3.01752
 53
21.0
 43
-685262.8325950906
 44
-2545182.588598301
 45
1.819378558024599
 46
-1.22718622220115
 79
     2
 49
0.2286
 49
-2.5146
 53
326.0
 43
-685262.8325950906
 44
-2545182.588598301
 45
0.7416243401717651
 46
2.210255593467831
 79
     2
 49
0.18288
 49
-2.01168
 53
71.45140000000001
 43
-685262.6809810906
 44
-2545182.690863501
 45
2.560997889241493
 46
0.9830742925926895
 79
     2
 49
0.19428
 49
-2.13708
 53
37.5
 43
-685263.1373950906
 44
-2545183.045798301
 45
0.0370632390071019
 46
1.014660466477837
 79
     6
 49
0.0
 49
-1.987296
 49
0.0
 49
-2.04216
 49
0.0
 49
-2.0193
 53
7.499999999999999
 43
-685263.1373950906
 44
-2545183.045798301
 45
0.8018359501236689
 46
1.202166897817434
 79
     6
 49
0.0
 49
-1.164336
 49
0.0
 49
-1.941576
 49
0.0
 49
-0.7696200000000001
 53
327.5
 43
-685263.8170990906
 44
-2545183.045798301
 45
1.627087142002457
 46
-0.0687449279120812
 79
     6
 49
0.0
 49
-0.7620000000000001
 49
0.0
 49
-2.37744
 49
0.0
 49
-3.15468
 53
317.5
 43
-685264.1218990907
 44
-2545183.045798301
 45
1.777550176632216
 46
0.3051178923999964
 79
     6
 49
0.0
 49
-0.9906000000000002
 49
0.0
 49
-1.578864
 49
0.0
 49
-2.24028
 98
        1
 10
-685263.1373950906
 20
-2545183.045798301
1001
ACAD
1010
0.0
1020
0.0
1030
0.0
  0
HATCH
  5
3CE
330
33D
100
AcDbEntity
  8
9
  6
Continuous
100
AcDbHatch
 10
0.0
 20
0.0
 30
0.0
210
0.0
220
0.0
230
1.0
  2
AR-CONC
 70
     0
 71
     0
 91
        1
 92
        1
 93
        5
 72
     1
 10
138.7099342839792
 20
68.49766093259678
 11
128.4512057950487
 21
64.46460548881441
 72
     1
 10
128.4512057950487
 20
64.46460548881441
 11
118.5550955072976
 21
59.57063475856557
 72
     1
 10
118.5550955072976
 20
59.57063475856557
 11
118.7825283234706
 21
60.73073534993454
 72
     1
 10
118.7825283234706
 20
60.73073534993454
 11
131.7160187609261
 21
74.44377021165564
 72
     1
 10
131.7160187609261
 20
74.44377021165564
 11
138.7099342839792
 21
68.49766093259678
 97
        0
 75
     1
 76
     1
 52
0.0
 41
1.2
 77
     0
 78
    13
 53
50.0
 43
-685263.1373950906
 44
-2545183.045798301
 45
2.186216027952048
 46
-0.1912690264668369
 79
     2
 49
0.2286
 49
-2.5146
 53
355.0
 43
-685263.1373950906
 44
-2545183.045798301
 45
-0.4229139117080038
 46
2.29267971458616
 79
     2
 49
0.18288
 49
-2.01168
 53
100.451
 43
-685262.9552110904
 44
-2545183.061737301
 45
1.763310019991511
 46
2.101400253843503
 79
     2
 49
0.19428
 49
-2.13708
 53
46.18420000000001
 43
-685263.1373950906
 44
-2545182.436198301
 45
3.252948490705559
 46
-0.5045079351927257
 79
     2
 49
0.3428999999999994
 49
-3.771899999999995
 53
96.6356
 43
-685262.8663162906
 44
-2545182.478240301
 45
2.848850813594846
 46
2.969106670680591
 79
     2
 49
0.2914200000000001
 49
-3.20562
 53
351.184
 43
-685263.1373950906
 44
-2545182.436198301
 45
2.848855269767207
 46
2.969101414327173
 79
     2
 49
0.2743200000000001
 49
-3.01752
 53
21.0
 43
-685262.8325950906
 44
-2545182.588598301
 45
1.819378558024599
 46
-1.22718622220115
 79
     2
 49
0.2286
 49
-2.5146
 53
326.0
 43
-685262.8325950906
 44
-2545182.588598301
 45
0.7416243401717651
 46
2.210255593467831
 79
     2
 49
0.18288
 49
-2.01168
 53
71.45140000000001
 43
-685262.6809810906
 44
-2545182.690863501
 45
2.560997889241493
 46
0.9830742925926895
 79
     2
 49
0.19428
 49
-2.13708
 53
37.5
 43
-685263.1373950906
 44
-2545183.045798301
 45
0.0370632390071019
 46
1.014660466477837
 79
     6
 49
0.0
 49
-1.987296
 49
0.0
 49
-2.04216
 49
0.0
 49
-2.0193
 53
7.499999999999999
 43
-685263.1373950906
 44
-2545183.045798301
 45
0.8018359501236689
 46
1.202166897817434
 79
     6
 49
0.0
 49
-1.164336
 49
0.0
 49
-1.941576
 49
0.0
 49
-0.7696200000000001
 53
327.5
 43
-685263.8170990906
 44
-2545183.045798301
 45
1.627087142002457
 46
-0.0687449279120812
 79
     6
 49
0.0
 49
-0.7620000000000001
 49
0.0
 49
-2.37744
 49
0.0
 49
-3.15468
 53
317.5
 43
-685264.1218990907
 44
-2545183.045798301
 45
1.777550176632216
 46
0.3051178923999964
 79
     6
 49
0.0
 49
-0.9906000000000002
 49
0.0
 49
-1.578864
 49
0.0
 49
-2.24028
 98
        1
 10
-685727.6080920252
 20
-2545183.045798301
1001
ACAD
1010
0.0
1020
0.0
1030
0.0
  0
HATCH
  5
3CF
330
33D
100
AcDbEntity
  8
9
  6
Continuous
100
AcDbHatch
 10
0.0
 20
0.0
 30
0.0
210
0.0
220
0.0
230
1.0
  2
AR-CONC
 70
     0
 71
     0
 91
        1
 92
        1
 93
        7
 72
     1
 10
186.2937669923995
 20
104.0689114755951
 11
158.4591141577111
 21
74.55655559292063
 72
     1
 10
158.4591141577111
 20
74.55655559292063
 11
156.8124098050175
 21
72.81059889961034
 72
     1
 10
156.8124098050175
 20
72.81059889961034
 11
153.4218849565368
 21
76.03321509342641
 72
     1
 10
153.4218849565368
 20
76.03321509342641
 11
146.8350675480906
 21
69.0493883183226
 72
     1
 10
146.8350675480906
 20
69.0493883183226
 11
142.9793613043148
 21
72.68590808939189
 72
     1
 10
142.9793613043148
 20
72.68590808939189
 11
179.1017134817084
 21
110.7931000357494
 72
     1
 10
179.1017134817084
 20
110.7931000357494
 11
186.2937669923995
 21
104.0689114755951
 97
        0
 75
     1
 76
     1
 52
0.0
 41
1.2
 77
     0
 78
    13
 53
50.0
 43
-685263.1373950906
 44
-2545183.045798301
 45
2.186216027952048
 46
-0.1912690264668369
 79
     2
 49
0.2286
 49
-2.5146
 53
355.0
 43
-685263.1373950906
 44
-2545183.045798301
 45
-0.4229139117080038
 46
2.29267971458616
 79
     2
 49
0.18288
 49
-2.01168
 53
100.451
 43
-685262.9552110904
 44
-2545183.061737301
 45
1.763310019991511
 46
2.101400253843503
 79
     2
 49
0.19428
 49
-2.13708
 53
46.18420000000001
 43
-685263.1373950906
 44
-2545182.436198301
 45
3.252948490705559
 46
-0.5045079351927257
 79
     2
 49
0.3428999999999994
 49
-3.771899999999995
 53
96.6356
 43
-685262.8663162906
 44
-2545182.478240301
 45
2.848850813594846
 46
2.969106670680591
 79
     2
 49
0.2914200000000001
 49
-3.20562
 53
351.184
 43
-685263.1373950906
 44
-2545182.436198301
 45
2.848855269767207
 46
2.969101414327173
 79
     2
 49
0.2743200000000001
 49
-3.01752
 53
21.0
 43
-685262.8325950906
 44
-2545182.588598301
 45
1.819378558024599
 46
-1.22718622220115
 79
     2
 49
0.2286
 49
-2.5146
 53
326.0
 43
-685262.8325950906
 44
-2545182.588598301
 45
0.7416243401717651
 46
2.210255593467831
 79
     2
 49
0.18288
 49
-2.01168
 53
71.45140000000001
 43
-685262.6809810906
 44
-2545182.690863501
 45
2.560997889241493
 46
0.9830742925926895
 79
     2
 49
0.19428
 49
-2.13708
 53
37.5
 43
-685263.1373950906
 44
-2545183.045798301
 45
0.0370632390071019
 46
1.014660466477837
 79
     6
 49
0.0
 49
-1.987296
 49
0.0
 49
-2.04216
 49
0.0
 49
-2.0193
 53
7.499999999999999
 43
-685263.1373950906
 44
-2545183.045798301
 45
0.8018359501236689
 46
1.202166897817434
 79
     6
 49
0.0
 49
-1.164336
 49
0.0
 49
-1.941576
 49
0.0
 49
-0.7696200000000001
 53
327.5
 43
-685263.8170990906
 44
-2545183.045798301
 45
1.627087142002457
 46
-0.0687449279120812
 79
     6
 49
0.0
 49
-0.7620000000000001
 49
0.0
 49
-2.37744
 49
0.0
 49
-3.15468
 53
317.5
 43
-685264.1218990907
 44
-2545183.045798301
 45
1.777550176632216
 46
0.3051178923999964
 79
     6
 49
0.0
 49
-0.9906000000000002
 49
0.0
 49
-1.578864
 49
0.0
 49
-2.24028
 98
        1
 10
-685264.5923121618
 20
-2545181.673595489
1001
ACAD
1010
0.0
1020
0.0
1030
0.0
  0
LWPOLYLINE
  5
3D0
330
33D
100
AcDbEntity
  8
PLAN_道路
  6
Continuous
100
AcDbPolyline
 90
        5
 70
     1
 43
0.0
 10
138.3284379810793
 20
68.34594168281182
 10
128.4525605742819
 20
64.4633980342187
 10
118.5564502865309
 20
59.56942730396986
 10
118.7838831027038
 20
60.72952789533883
 10
131.7173735401593
 20
74.44256275705993
  0
LWPOLYLINE
  5
3D1
330
33D
100
AcDbEntity
  8
4
100
AcDbPolyline
 90
        5
 70
     1
 43
0.0
 10
175.6105494003277
 20
89.8673021751456
 10
175.6105494003277
 20
89.8673021751456
 10
185.0017763613723
 20
80.81978982314467
 10
185.0017763613723
 20
80.81978982314467
 10
174.1901314173592
 20
91.23573350999505
  0
HATCH
  5
3D2
330
33D
100
AcDbEntity
  8
9
  6
Continuous
100
AcDbHatch
 10
0.0
 20
0.0
 30
0.0
210
0.0
220
0.0
230
1.0
  2
AR-CONC
 70
     0
 71
     0
 91
        1
 92
        1
 93
        5
 72
     1
 10
171.7747103761649
 20
116.9155265735462
 11
170.4889331402955
 21
115.5522513058968
 72
     1
 10
170.4889331402955
 20
115.5522513058968
 11
96.96671042579692
 21
184.7746524158865
 72
     1
 10
96.96671042579692
 20
184.7746524158865
 11
98.6130249677226
 21
186.5204703900963
 72
     1
 10
98.6130249677226
 20
186.5204703900963
 11
172.2220708102686
 21
117.3898508953862
 72
     1
 10
172.2220708102686
 20
117.3898508953862
 11
171.7747103761649
 21
116.9155265735462
 97
        0
 75
     1
 76
     1
 52
0.0
 41
1.2
 77
     0
 78
    13
 53
50.0
 43
-685263.1373950906
 44
-2545183.045798301
 45
2.186216027952048
 46
-0.1912690264668369
 79
     2
 49
0.2286
 49
-2.5146
 53
355.0
 43
-685263.1373950906
 44
-2545183.045798301
 45
-0.4229139117080038
 46
2.29267971458616
 79
     2
 49
0.18288
 49
-2.01168
 53
100.451
 43
-685262.9552110904
 44
-2545183.061737301
 45
1.763310019991511
 46
2.101400253843503
 79
     2
 49
0.19428
 49
-2.13708
 53
46.18420000000001
 43
-685263.1373950906
 44
-2545182.436198301
 45
3.252948490705559
 46
-0.5045079351927257
 79
     2
 49
0.3428999999999994
 49
-3.771899999999995
 53
96.6356
 43
-685262.8663162906
 44
-2545182.478240301
 45
2.848850813594846
 46
2.969106670680591
 79
     2
 49
0.2914200000000001
 49
-3.20562
 53
351.184
 43
-685263.1373950906
 44
-2545182.436198301
 45
2.848855269767207
 46
2.969101414327173
 79
     2
 49
0.2743200000000001
 49
-3.01752
 53
21.0
 43
-685262.8325950906
 44
-2545182.588598301
 45
1.819378558024599
 46
-1.22718622220115
 79
     2
 49
0.2286
 49
-2.5146
 53
326.0
 43
-685262.8325950906
 44
-2545182.588598301
 45
0.7416243401717651
 46
2.210255593467831
 79
     2
 49
0.18288
 49
-2.01168
 53
71.45140000000001
 43
-685262.6809810906
 44
-2545182.690863501
 45
2.560997889241493
 46
0.9830742925926895
 79
     2
 49
0.19428
 49
-2.13708
 53
37.5
 43
-685263.1373950906
 44
-2545183.045798301
 45
0.0370632390071019
 46
1.014660466477837
 79
     6
 49
0.0
 49
-1.987296
 49
0.0
 49
-2.04216
 49
0.0
 49
-2.0193
 53
7.499999999999999
 43
-685263.1373950906
 44
-2545183.045798301
 45
0.8018359501236689
 46
1.202166897817434
 79
     6
 49
0.0
 49
-1.164336
 49
0.0
 49
-1.941576
 49
0.0
 49
-0.7696200000000001
 53
327.5
 43
-685263.8170990906
 44
-2545183.045798301
 45
1.627087142002457
 46
-0.0687449279120812
 79
     6
 49
0.0
 49
-0.7620000000000001
 49
0.0
 49
-2.37744
 49
0.0
 49
-3.15468
 53
317.5
 43
-685264.1218990907
 44
-2545183.045798301
 45
1.777550176632216
 46
0.3051178923999964
 79
     6
 49
0.0
 49
-0.9906000000000002
 49
0.0
 49
-1.578864
 49
0.0
 49
-2.24028
 98
        1
 10
-685263.1373950906
 20
-2545183.045798301
1001
ACAD
1010
0.0
1020
0.0
1030
0.0
  0
HATCH
  5
3D3
330
33D
100
AcDbEntity
  8
9
  6
Continuous
100
AcDbHatch
 10
0.0
 20
0.0
 30
0.0
210
0.0
220
0.0
230
1.0
  2
AR-CONC
 70
     0
 71
     0
 91
        1
 92
        1
 93
        6
 72
     1
 10
167.3938641143031
 20
112.2720379224047
 11
171.1369106388883
 21
116.2406665710732
 72
     2
 10
170.4094286833424
 20
116.9267933871597
 40
1.000000001698962
 50
43.32428931506146
 51
133.3242891073493
 73
     0
 72
     1
 10
169.7233018699335
 20
116.199311429169
 11
169.7061932259239
 21
116.1811587321572
 72
     1
 10
169.7061932259239
 20
116.1811587321572
 11
96.96731965977233
 21
184.7735715918243
 72
     1
 10
96.96731965977233
 20
184.7735715918243
 11
93.93400415708311
 21
181.5574280894361
 72
     1
 10
93.93400415708311
 20
181.5574280894361
 11
167.3938641143031
 21
112.2720379224047
 97
        0
 75
     1
 76
     1
 52
0.0
 41
1.2
 77
     0
 78
    13
 53
50.0
 43
-685263.1373950906
 44
-2545183.045798301
 45
2.186216027952048
 46
-0.1912690264668369
 79
     2
 49
0.2286
 49
-2.5146
 53
355.0
 43
-685263.1373950906
 44
-2545183.045798301
 45
-0.4229139117080038
 46
2.29267971458616
 79
     2
 49
0.18288
 49
-2.01168
 53
100.451
 43
-685262.9552110904
 44
-2545183.061737301
 45
1.763310019991511
 46
2.101400253843503
 79
     2
 49
0.19428
 49
-2.13708
 53
46.18420000000001
 43
-685263.1373950906
 44
-2545182.436198301
 45
3.252948490705559
 46
-0.5045079351927257
 79
     2
 49
0.3428999999999994
 49
-3.771899999999995
 53
96.6356
 43
-685262.8663162906
 44
-2545182.478240301
 45
2.848850813594846
 46
2.969106670680591
 79
     2
 49
0.2914200000000001
 49
-3.20562
 53
351.184
 43
-685263.1373950906
 44
-2545182.436198301
 45
2.848855269767207
 46
2.969101414327173
 79
     2
 49
0.2743200000000001
 49
-3.01752
 53
21.0
 43
-685262.8325950906
 44
-2545182.588598301
 45
1.819378558024599
 46
-1.22718622220115
 79
     2
 49
0.2286
 49
-2.5146
 53
326.0
 43
-685262.8325950906
 44
-2545182.588598301
 45
0.7416243401717651
 46
2.210255593467831
 79
     2
 49
0.18288
 49
-2.01168
 53
71.45140000000001
 43
-685262.6809810906
 44
-2545182.690863501
 45
2.560997889241493
 46
0.9830742925926895
 79
     2
 49
0.19428
 49
-2.13708
 53
37.5
 43
-685263.1373950906
 44
-2545183.045798301
 45
0.0370632390071019
 46
1.014660466477837
 79
     6
 49
0.0
 49
-1.987296
 49
0.0
 49
-2.04216
 49
0.0
 49
-2.0193
 53
7.499999999999999
 43
-685263.1373950906
 44
-2545183.045798301
 45
0.8018359501236689
 46
1.202166897817434
 79
     6
 49
0.0
 49
-1.164336
 49
0.0
 49
-1.941576
 49
0.0
 49
-0.7696200000000001
 53
327.5
 43
-685263.8170990906
 44
-2545183.045798301
 45
1.627087142002457
 46
-0.0687449279120812
 79
     6
 49
0.0
 49
-0.7620000000000001
 49
0.0
 49
-2.37744
 49
0.0
 49
-3.15468
 53
317.5
 43
-685264.1218990907
 44
-2545183.045798301
 45
1.777550176632216
 46
0.3051178923999964
 79
     6
 49
0.0
 49
-0.9906000000000002
 49
0.0
 49
-1.578864
 49
0.0
 49
-2.24028
 98
        1
 10
-685263.1373950906
 20
-2545183.045798301
1001
ACAD
1010
0.0
1020
0.0
1030
0.0
  0
LINE
  5
3D4
330
33D
100
AcDbEntity
  8
4
  6
DASH
 48
5.0
100
AcDbLine
 10
98.66164252080489
 20
186.570653129369
 30
0.0
 11
93.93299664824736
 21
181.5570975770242
 31
0.0
  0
HATCH
  5
3D5
330
33D
100
AcDbEntity
  8
9
  6
Continuous
100
AcDbHatch
 10
0.0
 20
0.0
 30
0.0
210
0.0
220
0.0
230
1.0
  2
CROSS
 70
     0
 71
     0
 91
        1
 92
        1
 93
        7
 72
     1
 10
79.99637999583502
 20
41.437207180541
 11
79.77682098047807
 21
41.20480636833235
 72
     1
 10
79.77682098047807
 20
41.20480636833235
 11
83.71889459097292
 21
37.48056034743786
 72
     1
 10
83.71889459097292
 20
37.48056034743786
 11
88.63802006840705
 21
39.8142544622533
 72
     1
 10
88.63802006840705
 20
39.8142544622533
 11
88.5815606790129
 21
39.93204236077145
 72
     1
 10
88.5815606790129
 20
39.93204236077145
 11
87.14531900372822
 21
41.28663805453107
 72
     1
 10
87.14531900372822
 20
41.28663805453107
 11
83.84897569660097
 21
37.7974947784096
 72
     1
 10
83.84897569660097
 20
37.7974947784096
 11
79.99637999583502
 21
41.437207180541
 97
        0
 75
     1
 76
     1
 52
10.0
 41
0.2
 77
     0
 78
     2
 53
10.0
 43
-685263.1372840716
 44
-2544651.79451931
 45
1.030172660688502
 46
1.471239031962505
 79
     2
 49
0.6349999999999989
 49
-1.904999999999997
 53
99.99999999999994
 43
-685262.7694743135
 44
-2544652.052062475
 45
-1.471239031962505
 46
1.030172660688502
 79
     2
 49
0.6349999999999998
 49
-1.904999999999999
 98
        1
 10
-685263.1391054091
 20
-2545183.047439653
1001
GradientColor1ACI
1070
     5
1001
GradientColor2ACI
1070
     2
1001
ACAD
1010
0.0
1020
0.0
1030
0.0
  0
LWPOLYLINE
  5
3D6
330
33D
100
AcDbEntity
  8
4
 48
2.5
100
AcDbPolyline
 90
        3
 70
     0
 43
0.0
 10
43.81423884420655
 20
157.3477572323754
 10
49.66625780018512
 20
163.5036852988414
 10
50.8378482820699
 20
162.3899345151149
  0
HATCH
  5
3D7
330
33D
100
AcDbEntity
  8
9
  6
Continuous
100
AcDbHatch
 10
0.0
 20
0.0
 30
0.0
210
0.0
220
0.0
230
1.0
  2
CROSS
 70
     0
 71
     0
 91
        1
 92
        1
 93
       14
 72
     1
 10
76.56020402512513
 20
49.48240400943905
 11
5.266972386394627
 21
116.7228317474946
 72
     1
 10
5.266972386394627
 20
116.7228317474946
 11
49.51763082528486
 21
163.641087017022
 72
     1
 10
49.51763082528486
 20
163.641087017022
 11
50.83722008799668
 21
162.3866411070339
 72
     1
 10
50.83722008799668
 20
162.3866411070339
 11
83.91833964956459
 21
197.1855670060031
 72
     1
 10
83.91833964956459
 20
197.1855670060031
 11
86.10645232070238
 21
195.1218419009819
 72
     2
 10
87.47870594798587
 20
196.576805811841
 40
1.999999999873765
 50
226.675710782262
 51
316.4497892934749
 73
     1
 72
     1
 10
88.92824766470585
 20
195.1988258371129
 11
89.36673518223688
 21
195.6629670043476
 72
     1
 10
89.36673518223688
 20
195.6629670043476
 11
83.09013300260994
 21
201.3944233092479
 72
     1
 10
83.09013300260994
 20
201.3944233092479
 11
82.00297671509906
 21
202.4279082906432
 72
     1
 10
82.00297671509906
 20
202.4279082906432
 11
0.10797671508044
 21
116.2799082905985
 72
     1
 10
0.10797671508044
 20
116.2799082905985
 11
3.675976715167053
 21
113.0999082908966
 72
     1
 10
3.675976715167053
 20
113.0999082908966
 11
73.94708232930861
 21
46.71178079023957
 72
     1
 10
73.94708232930861
 20
46.71178079023957
 11
74.16413855995052
 21
46.94191972073167
 72
     1
 10
74.16413855995052
 20
46.94191972073167
 11
76.56020402512513
 21
49.48240400943905
 97
        0
 75
     1
 76
     1
 52
0.0
 41
0.2
 77
     0
 78
     2
 53
0.0
 43
-685263.1372840716
 44
-2544651.79451931
 45
1.27
 46
1.27
 79
     2
 49
0.635
 49
-1.905
 53
90.0
 43
-685262.8197840715
 44
-2544652.11201931
 45
-1.27
 46
1.27
 79
     2
 49
0.635
 49
-1.905
 98
        1
 10
-685263.1380232849
 20
-2545183.04909171
1001
GradientColor1ACI
1070
     5
1001
GradientColor2ACI
1070
     2
1001
ACAD
1010
0.0
1020
0.0
1030
0.0
  0
LWPOLYLINE
  5
3D8
102
{ACAD_REACTORS
330
3D9
102
}
330
33D
100
AcDbEntity
  8
1绿地填充
  6
Continuous
100
AcDbPolyline
 90
        4
 70
     1
 43
0.0
 10
117.5696601020172
 20
63.52299790689722
 10
126.7979681056458
 20
73.30752668343484
 10
127.9619392340537
 20
72.20972378225997
 10
118.7336312304251
 20
62.42519500525668
  0
HATCH
  5
3D9
330
33D
100
AcDbEntity
  8
PUB_DIM
  6
Continuous
 62
     8
100
AcDbHatch
 10
0.0
 20
0.0
 30
0.0
210
0.0
220
0.0
230
1.0
  2
ANGLE
 70
     0
 71
     1
 91
        1
 92
        1
 93
        4
 72
     1
 10
117.5696601020172
 20
63.52299790689722
 11
126.7979681056458
 21
73.30752668343484
 72
     1
 10
126.7979681056458
 20
73.30752668343484
 11
127.9619392340537
 21
72.20972378225997
 72
     1
 10
127.9619392340537
 20
72.20972378225997
 11
118.7336312304251
 21
62.42519500525668
 72
     1
 10
118.7336312304251
 20
62.42519500525668
 11
117.5696601020172
 21
63.52299790689722
 97
        1
330
3D8
 75
     1
 76
     1
 52
0.0
 41
0.27648
 77
     0
 78
     2
 53
0.0
 43
-685263.1366660133
 44
-2545183.047669169
 45
0.0
 46
0.9656064
 79
     2
 49
0.7022592
 49
-0.2633472
 53
90.0
 43
-685263.1366660133
 44
-2545183.047669169
 45
-0.9656064
 46
0.0000000000000001
 79
     2
 49
0.7022592
 49
-0.2633472
 98
        1
 10
-685263.1366660133
 20
-2545183.047669169
1001
GradientColor1ACI
1070
     5
1001
GradientColor2ACI
1070
     2
1001
ACAD
1010
0.0
1020
0.0
1030
0.0
  0
LINE
  5
3DA
330
33D
100
AcDbEntity
  8
4
 48
2.5
100
AcDbLine
 10
175.8848598905606
 20
107.6071741255
 30
0.0
 11
179.0189474369399
 21
110.9301796122454
 31
0.0
  0
LINE
  5
3DB
330
33D
100
AcDbEntity
  8
4
 48
2.5
100
AcDbLine
 10
122.2588643581839
 20
83.3621308458969
 30
0.0
 11
124.7360228605103
 21
85.98859591828659
 31
0.0
  0
LINE
  5
3DC
330
33D
100
AcDbEntity
  8
PLAN_道路
  6
Continuous
100
AcDbLine
 10
9.55113669950515
 20
115.435374462977
 30
0.0
 11
9.551136808702722
 21
115.4353743591346
 31
0.0
  0
LINE
  5
3DD
330
33D
100
AcDbEntity
  8
PLAN_道路
  6
Continuous
100
AcDbLine
 10
9.551136808702722
 20
115.4353743591346
 30
0.0
 11
77.93444062536583
 21
50.93945387471467
 31
0.0
  0
LINE
  5
3DE
330
33D
100
AcDbEntity
  8
PLAN_道路
  6
Continuous
100
AcDbLine
 10
77.93444062536583
 20
50.93945387471467
 30
0.0
 11
101.913813776453
 21
76.3641434861347
 31
0.0
  0
LINE
  5
3DF
330
33D
100
AcDbEntity
  8
PLAN_道路
  6
Continuous
100
AcDbLine
 10
101.913813776453
 20
76.3641434861347
 30
0.0
 11
101.913813776453
 21
76.3641434861347
 31
0.0
  0
LINE
  5
3E0
330
33D
100
AcDbEntity
  8
PLAN_道路
  6
Continuous
100
AcDbLine
 10
101.913813776453
 20
76.3641434861347
 30
0.0
 11
114.2640964217717
 21
89.45881868572906
 31
0.0
  0
LINE
  5
3E1
330
33D
100
AcDbEntity
  8
PLAN_道路
  6
Continuous
100
AcDbLine
 10
114.2640964217717
 20
89.45881868572906
 30
0.0
 11
114.2640964217717
 21
89.45881868572906
 31
0.0
  0
LINE
  5
3E2
330
33D
100
AcDbEntity
  8
PLAN_道路
  6
Continuous
100
AcDbLine
 10
114.2640964217717
 20
89.45881868572906
 30
0.0
 11
114.9852885633008
 21
90.22347947210073
 31
0.0
  0
LINE
  5
3E3
330
33D
100
AcDbEntity
  8
PLAN_道路
  6
Continuous
100
AcDbLine
 10
122.2601081182947
 20
83.36221133545041
 30
0.0
 11
101.1960149392252
 21
61.02851530117914
 31
0.0
  0
LINE
  5
3E4
330
33D
100
AcDbEntity
  8
PLAN_道路
  6
Continuous
100
AcDbLine
 10
101.1960149392252
 20
61.02851530117914
 30
0.0
 11
84.72897141252179
 21
43.56894837273284
 31
0.0
  0
LINE
  5
3E5
330
33D
100
AcDbEntity
  8
PLAN_道路
  6
Continuous
100
AcDbLine
 10
84.72897141252179
 20
43.56894837273284
 30
0.0
 11
83.29578840115573
 21
44.92678435472771
 31
0.0
  0
LINE
  5
3E6
330
33D
100
AcDbEntity
  8
PLAN_道路
  6
Continuous
100
AcDbLine
 10
83.29578840115573
 20
44.92678435472771
 30
0.0
 11
79.99944509344641
 21
41.43764107860625
 31
0.0
  0
LINE
  5
3E7
330
33D
100
AcDbEntity
  8
PLAN_道路
  6
Continuous
100
AcDbLine
 10
79.99944509344641
 20
41.43764107860625
 30
0.0
 11
79.77988607808947
 21
41.20524026639759
 31
0.0
  0
LINE
  5
3E8
330
33D
100
AcDbEntity
  8
PLAN_道路
  6
Continuous
100
AcDbLine
 10
79.77988607808947
 20
41.20524026639759
 30
0.0
 11
73.94906530273146
 21
46.71386674512177
 31
0.0
  0
LINE
  5
3E9
330
33D
100
AcDbEntity
  8
PLAN_道路
  6
Continuous
100
AcDbLine
 10
73.94906530273146
 20
46.71386674512177
 30
0.0
 11
76.56218699854798
 21
49.48448996432126
 31
0.0
  0
LINE
  5
3EA
330
33D
100
AcDbEntity
  8
PLAN_道路
  6
Continuous
100
AcDbLine
 10
76.56218699854798
 20
49.48448996432126
 30
0.0
 11
5.231099487864412
 21
116.7609046860598
 31
0.0
  0
LINE
  5
3EB
330
33D
100
AcDbEntity
  8
PLAN_道路
  6
Continuous
100
AcDbLine
 10
5.231099487864412
 20
116.7609046860598
 30
0.0
 11
8.542412592913024
 21
120.2441820702515
 31
0.0
  0
LINE
  5
3EC
330
33D
100
AcDbEntity
  8
PLAN_道路
  6
Continuous
100
AcDbLine
 10
8.542412592913024
 20
120.2441820702515
 30
0.0
 11
43.81423884420655
 21
157.3477572323754
 31
0.0
  0
LINE
  5
3ED
330
33D
100
AcDbEntity
  8
PLAN_道路
  6
Continuous
100
AcDbLine
 10
43.81423884420655
 20
157.3477572323754
 30
0.0
 11
46.60198474675417
 21
154.7193999555893
 31
0.0
  0
LINE
  5
3EE
330
33D
100
AcDbEntity
  8
PLAN_道路
  6
Continuous
100
AcDbLine
 10
46.60198474675417
 20
154.7193999555893
 30
0.0
 11
9.551136808819137
 21
115.4353743582032
 31
0.0
  0
LINE
  5
3EF
330
33D
100
AcDbEntity
  8
PLAN_道路
  6
Continuous
100
AcDbLine
 10
9.551136808819137
 20
115.4353743582032
 30
0.0
 11
9.551136699039489
 21
115.4353744625114
 31
0.0
  0
LINE
  5
3F0
330
33D
100
AcDbEntity
  8
PLAN_道路
  6
Continuous
100
AcDbLine
 10
9.551136699039489
 20
115.4353744625114
 30
0.0
 11
9.55113669950515
 21
115.435374462977
 31
0.0
  0
HATCH
  5
3F1
330
33D
100
AcDbEntity
  8
9
  6
Continuous
100
AcDbHatch
 10
0.0
 20
0.0
 30
0.0
210
0.0
220
0.0
230
1.0
  2
AR-CONC
 70
     0
 71
     0
 91
        3
 92
        1
 93
        4
 72
     1
 10
138.3041940637631
 20
81.42639764491468
 11
129.5744803334819
 21
89.65985363675281
 72
     1
 10
129.5744803334819
 20
89.65985363675281
 11
131.2211339317728
 21
91.40585819818079
 72
     1
 10
131.2211339317728
 20
91.40585819818079
 11
139.9508952414617
 21
83.17234628088773
 72
     1
 10
139.9508952414617
 20
83.17234628088773
 11
138.3041940637631
 21
81.42639764491468
 97
        0
 92
        1
 93
        4
 72
     1
 10
120.8446573398541
 20
97.8934016362764
 11
122.4913585176691
 21
99.63935027224943
 72
     1
 10
122.4913585176691
 20
99.63935027224943
 11
61.38284209091216
 21
157.2740440028719
 72
     1
 10
61.38284209091216
 20
157.2740440028719
 11
59.73619051196147
 21
155.5280375373549
 72
     1
 10
59.73619051196147
 20
155.5280375373549
 11
120.8446573398541
 21
97.8934016362764
 97
        0
 92
       33
 93
        4
 72
     1
 10
108.2983697786694
 20
96.53026721253992
 11
109.9450753170531
 21
98.27621174091474
 72
     1
 10
109.9450753170531
 20
98.27621174091474
 11
57.56633209134452
 21
147.6773933884687
 72
     1
 10
57.56633209134452
 20
147.6773933884687
 11
55.91962539847009
 21
145.9314389037899
 72
     1
 10
55.91962539847009
 20
145.9314389037899
 11
108.2983642646577
 21
96.53026136616245
 97
        0
 75
     1
 76
     1
 52
0.0
 41
1.2
 77
     0
 78
    13
 53
50.0
 43
-685263.1360403113
 44
-2545183.047005755
 45
2.186216027952048
 46
-0.1912690264668369
 79
     2
 49
0.2286
 49
-2.5146
 53
355.0
 43
-685263.1360403113
 44
-2545183.047005755
 45
-0.4229139117080038
 46
2.29267971458616
 79
     2
 49
0.18288
 49
-2.01168
 53
100.451
 43
-685262.9538563113
 44
-2545183.062944756
 45
1.763310019991511
 46
2.101400253843503
 79
     2
 49
0.19428
 49
-2.13708
 53
46.18420000000001
 43
-685263.1360403113
 44
-2545182.437405756
 45
3.252948490705559
 46
-0.5045079351927257
 79
     2
 49
0.3428999999999997
 49
-3.771899999999997
 53
96.6356
 43
-685262.8649615114
 44
-2545182.479447756
 45
2.848850813594846
 46
2.969106670680591
 79
     2
 49
0.2914200000000001
 49
-3.20562
 53
351.184
 43
-685263.1360403113
 44
-2545182.437405756
 45
2.848855269767207
 46
2.969101414327173
 79
     2
 49
0.2743200000000001
 49
-3.01752
 53
21.0
 43
-685262.8312403112
 44
-2545182.589805755
 45
1.819378558024599
 46
-1.22718622220115
 79
     2
 49
0.2286
 49
-2.5146
 53
326.0
 43
-685262.8312403112
 44
-2545182.589805755
 45
0.7416243401717651
 46
2.210255593467831
 79
     2
 49
0.18288
 49
-2.01168
 53
71.45140000000001
 43
-685262.6796263113
 44
-2545182.692070956
 45
2.560997889241493
 46
0.9830742925926895
 79
     2
 49
0.19428
 49
-2.13708
 53
37.5
 43
-685263.1360403113
 44
-2545183.047005755
 45
0.0370632390071019
 46
1.014660466477837
 79
     6
 49
0.0
 49
-1.987296
 49
0.0
 49
-2.04216
 49
0.0
 49
-2.0193
 53
7.499999999999999
 43
-685263.1360403113
 44
-2545183.047005755
 45
0.8018359501236689
 46
1.202166897817434
 79
     6
 49
0.0
 49
-1.164336
 49
0.0
 49
-1.941576
 49
0.0
 49
-0.7696200000000001
 53
327.5
 43
-685263.8157443114
 44
-2545183.047005755
 45
1.627087142002457
 46
-0.0687449279120812
 79
     6
 49
0.0
 49
-0.7620000000000001
 49
0.0
 49
-2.37744
 49
0.0
 49
-3.15468
 53
317.5
 43
-685264.1205443113
 44
-2545183.047005755
 45
1.777550176632216
 46
0.3051178923999964
 79
     6
 49
0.0
 49
-0.9906000000000002
 49
0.0
 49
-1.578864
 49
0.0
 49
-2.24028
 98
        1
 10
-685263.1360403113
 20
-2545183.047005755
1001
ACAD
1010
0.0
1020
0.0
1030
0.0
  0
HATCH
  5
3F2
330
33D
100
AcDbEntity
  8
9
  6
Continuous
100
AcDbHatch
 10
0.0
 20
0.0
 30
0.0
210
0.0
220
0.0
230
1.0
  2
AR-CONC
 70
     0
 71
     0
 91
        1
 92
        1
 93
        4
 72
     1
 10
85.6501683962997
 20
195.5241479440592
 11
52.57864899164997
 21
160.7351467474364
 72
     1
 10
52.57864899164997
 20
160.7351467474364
 11
50.83920306130313
 21
162.3887270609848
 72
     1
 10
50.83920306130313
 20
162.3887270609848
 11
83.91080933599733
 21
197.1776456753723
 72
     1
 10
83.91080933599733
 20
197.1776456753723
 11
85.6501683962997
 21
195.5241479440592
 97
        0
 75
     1
 76
     1
 52
0.0
 41
1.2
 77
     0
 78
    13
 53
50.0
 43
-685263.1360403113
 44
-2545183.047005755
 45
2.186216027952048
 46
-0.1912690264668369
 79
     2
 49
0.2286
 49
-2.5146
 53
355.0
 43
-685263.1360403113
 44
-2545183.047005755
 45
-0.4229139117080038
 46
2.29267971458616
 79
     2
 49
0.18288
 49
-2.01168
 53
100.451
 43
-685262.9538563113
 44
-2545183.062944756
 45
1.763310019991511
 46
2.101400253843503
 79
     2
 49
0.19428
 49
-2.13708
 53
46.18420000000001
 43
-685263.1360403113
 44
-2545182.437405756
 45
3.252948490705559
 46
-0.5045079351927257
 79
     2
 49
0.3428999999999997
 49
-3.771899999999997
 53
96.6356
 43
-685262.8649615114
 44
-2545182.479447756
 45
2.848850813594846
 46
2.969106670680591
 79
     2
 49
0.2914200000000001
 49
-3.20562
 53
351.184
 43
-685263.1360403113
 44
-2545182.437405756
 45
2.848855269767207
 46
2.969101414327173
 79
     2
 49
0.2743200000000001
 49
-3.01752
 53
21.0
 43
-685262.8312403112
 44
-2545182.589805755
 45
1.819378558024599
 46
-1.22718622220115
 79
     2
 49
0.2286
 49
-2.5146
 53
326.0
 43
-685262.8312403112
 44
-2545182.589805755
 45
0.7416243401717651
 46
2.210255593467831
 79
     2
 49
0.18288
 49
-2.01168
 53
71.45140000000001
 43
-685262.6796263113
 44
-2545182.692070956
 45
2.560997889241493
 46
0.9830742925926895
 79
     2
 49
0.19428
 49
-2.13708
 53
37.5
 43
-685263.1360403113
 44
-2545183.047005755
 45
0.0370632390071019
 46
1.014660466477837
 79
     6
 49
0.0
 49
-1.987296
 49
0.0
 49
-2.04216
 49
0.0
 49
-2.0193
 53
7.499999999999999
 43
-685263.1360403113
 44
-2545183.047005755
 45
0.8018359501236689
 46
1.202166897817434
 79
     6
 49
0.0
 49
-1.164336
 49
0.0
 49
-1.941576
 49
0.0
 49
-0.7696200000000001
 53
327.5
 43
-685263.8157443114
 44
-2545183.047005755
 45
1.627087142002457
 46
-0.0687449279120812
 79
     6
 49
0.0
 49
-0.7620000000000001
 49
0.0
 49
-2.37744
 49
0.0
 49
-3.15468
 53
317.5
 43
-685264.1205443113
 44
-2545183.047005755
 45
1.777550176632216
 46
0.3051178923999964
 79
     6
 49
0.0
 49
-0.9906000000000002
 49
0.0
 49
-1.578864
 49
0.0
 49
-2.24028
 98
        1
 10
-685260.5993466086
 20
-2545185.458475236
1001
GradientColor1ACI
1070
     5
1001
GradientColor2ACI
1070
     2
1001
ACAD
1010
0.0
1020
0.0
1030
0.0
  0
HATCH
  5
3F3
330
33D
100
AcDbEntity
  8
9
  6
Continuous
100
AcDbHatch
 10
0.0
 20
0.0
 30
0.0
210
0.0
220
0.0
230
1.0
  2
AR-CONC
 70
     0
 71
     0
 91
        1
 92
        1
 93
       34
 72
     1
 10
43.69205692526884
 20
157.4639072096906
 11
49.51961379882414
 21
163.6431729709729
 72
     1
 10
49.51961379882414
 20
163.6431729709729
 11
52.44318848242983
 21
160.863920415286
 72
     1
 10
52.44318848242983
 20
160.863920415286
 11
52.5786489918828
 21
160.7351467474364
 72
     1
 10
52.5786489918828
 20
160.7351467474364
 11
85.65016839618328
 21
195.5241479440592
 72
     1
 10
85.65016839618328
 20
195.5241479440592
 11
85.66517605446279
 21
195.541989151854
 72
     1
 10
85.66517605446279
 20
195.541989151854
 11
85.71241615188773
 21
195.4974345108494
 72
     1
 10
85.71241615188773
 20
195.4974345108494
 11
85.69627343770116
 21
195.480318821501
 72
     1
 10
85.69627343770116
 20
195.480318821501
 11
80.10918409167789
 21
189.6031081727706
 72
     1
 10
80.10918409167789
 20
189.6031081727706
 11
58.32023564609698
 21
166.5013351906091
 72
     2
 10
67.77733076689765
 20
157.5815060446038
 40
13.0000000045306
 50
136.6746168397116
 51
226.6757107645066
 73
     1
 72
     1
 10
58.85768218291923
 20
148.1242406228557
 11
124.7377828651806
 21
85.98922376707196
 72
     1
 10
124.7377828651806
 20
85.98922376707196
 11
122.2601081184111
 21
83.36221133451909
 72
     1
 10
122.2601081184111
 20
83.36221133451909
 11
114.9852885634172
 21
90.22347947116941
 72
     1
 10
114.9852885634172
 20
90.22347947116941
 11
108.2983697786694
 21
96.53026721253992
 72
     1
 10
108.2983697786694
 20
96.53026721253992
 11
109.945082851802
 21
98.27621568599717
 72
     1
 10
109.945082851802
 20
98.27621568599717
 11
57.56633209320717
 21
147.6773933903314
 72
     1
 10
57.56633209320717
 20
147.6773933903314
 11
55.92153881757986
 21
145.9296342553571
 72
     1
 10
55.92153881757986
 20
145.9296342553571
 11
46.60198474675417
 21
154.7193999555893
 72
     1
 10
46.60198474675417
 20
154.7193999555893
 11
9.55113669950515
 21
115.435374462977
 72
     1
 10
9.551136808702722
 20
115.4353743591346
 11
77.93444062536583
 21
50.93945387471467
 72
     1
 10
77.93444062536583
 20
50.93945387471467
 11
101.913813776453
 21
76.3641434861347
 72
     1
 10
101.913813776453
 20
76.3641434861347
 11
114.2640964217717
 21
89.45881868572906
 72
     1
 10
114.2640964217717
 20
89.45881868572906
 11
114.9852885633008
 21
90.22347947210073
 72
     1
 10
114.9852885633008
 20
90.22347947210073
 11
122.2601081182947
 21
83.36221133545041
 72
     1
 10
122.2601081182947
 20
83.36221133545041
 11
101.1960149392252
 21
61.02851530117914
 72
     1
 10
101.1960149392252
 20
61.02851530117914
 11
84.72897141252179
 21
43.56894837273284
 72
     1
 10
84.72897141252179
 20
43.56894837273284
 11
83.29578840115573
 21
44.92678435472771
 72
     1
 10
83.29578840115573
 20
44.92678435472771
 11
79.99944509344641
 21
41.43764107860625
 72
     1
 10
79.99944509344641
 20
41.43764107860625
 11
79.77988607808947
 21
41.20524026639759
 72
     1
 10
79.77988607808947
 20
41.20524026639759
 11
73.94906530273146
 21
46.71386674512177
 72
     1
 10
73.94906530273146
 20
46.71386674512177
 11
76.56218699854798
 21
49.48448996432126
 72
     1
 10
76.56218699854798
 20
49.48448996432126
 11
5.268955360050313
 21
116.7249177023768
 72
     1
 10
5.268955360050313
 20
116.7249177023768
 11
6.652023647096939
 21
118.1913625700399
 72
     1
 10
6.652023647096939
 20
118.1913625700399
 11
43.69205692526884
 21
157.4639072096906
 97
        0
 75
     1
 76
     1
 52
0.0
 41
1.2
 77
     0
 78
    13
 53
50.0
 43
-685263.1360403113
 44
-2545183.047005755
 45
2.186216027952048
 46
-0.1912690264668369
 79
     2
 49
0.2286
 49
-2.5146
 53
355.0
 43
-685263.1360403113
 44
-2545183.047005755
 45
-0.4229139117080038
 46
2.29267971458616
 79
     2
 49
0.18288
 49
-2.01168
 53
100.451
 43
-685262.9538563113
 44
-2545183.062944756
 45
1.763310019991511
 46
2.101400253843503
 79
     2
 49
0.19428
 49
-2.13708
 53
46.18420000000001
 43
-685263.1360403113
 44
-2545182.437405756
 45
3.252948490705559
 46
-0.5045079351927257
 79
     2
 49
0.3428999999999997
 49
-3.771899999999997
 53
96.6356
 43
-685262.8649615114
 44
-2545182.479447756
 45
2.848850813594846
 46
2.969106670680591
 79
     2
 49
0.2914200000000001
 49
-3.20562
 53
351.184
 43
-685263.1360403113
 44
-2545182.437405756
 45
2.848855269767207
 46
2.969101414327173
 79
     2
 49
0.2743200000000001
 49
-3.01752
 53
21.0
 43
-685262.8312403112
 44
-2545182.589805755
 45
1.819378558024599
 46
-1.22718622220115
 79
     2
 49
0.2286
 49
-2.5146
 53
326.0
 43
-685262.8312403112
 44
-2545182.589805755
 45
0.7416243401717651
 46
2.210255593467831
 79
     2
 49
0.18288
 49
-2.01168
 53
71.45140000000001
 43
-685262.6796263113
 44
-2545182.692070956
 45
2.560997889241493
 46
0.9830742925926895
 79
     2
 49
0.19428
 49
-2.13708
 53
37.5
 43
-685263.1360403113
 44
-2545183.047005755
 45
0.0370632390071019
 46
1.014660466477837
 79
     6
 49
0.0
 49
-1.987296
 49
0.0
 49
-2.04216
 49
0.0
 49
-2.0193
 53
7.499999999999999
 43
-685263.1360403113
 44
-2545183.047005755
 45
0.8018359501236689
 46
1.202166897817434
 79
     6
 49
0.0
 49
-1.164336
 49
0.0
 49
-1.941576
 49
0.0
 49
-0.7696200000000001
 53
327.5
 43
-685263.8157443114
 44
-2545183.047005755
 45
1.627087142002457
 46
-0.0687449279120812
 79
     6
 49
0.0
 49
-0.7620000000000001
 49
0.0
 49
-2.37744
 49
0.0
 49
-3.15468
 53
317.5
 43
-685264.1205443113
 44
-2545183.047005755
 45
1.777550176632216
 46
0.3051178923999964
 79
     6
 49
0.0
 49
-0.9906000000000002
 49
0.0
 49
-1.578864
 49
0.0
 49
-2.24028
 98
        1
 10
-685263.1360403113
 20
-2545183.047005755
1001
ACAD
1010
0.0
1020
0.0
1030
0.0
  0
LINE
  5
D23
330
33D
100
AcDbEntity
  8
DIM_ELEV
100
AcDbLine
 10
61.23196365649346
 20
84.76488660555332
 30
0.0
 11
59.73196365649346
 21
86.26488660555333
 31
0.0
  0
LINE
  5
D24
330
33D
100
AcDbEntity
  8
DIM_ELEV
100
AcDbLine
 10
61.23196365649346
 20
84.76488660555332
 30
0.0
 11
62.73196365649346
 21
86.26488660555333
 31
0.0
  0
LINE
  5
D25
330
33D
100
AcDbEntity
  8
DIM_ELEV
100
AcDbLine
 10
59.73196365649346
 20
86.26488660555333
 30
0.0
 11
74.29781986493617
 21
86.26488660555333
 31
0.0
  0
TEXT
  5
D26
330
33D
100
AcDbEntity
  8
DIM_ELEV
 62
     7
100
AcDbText
 10
62.04992956957752
 20
92.06488660555333
 30
0.0
 40
1.51054852320675
  1
1#车间（丁类）
 41
0.8
  7
-宋
100
AcDbText
  0
TEXT
  5
D27
330
33D
100
AcDbEntity
  8
DIM_ELEV
 62
     7
100
AcDbText
 10
68.09887471725684
 20
89.46488660555333
 30
0.0
 40
1.51054852320675
  1
H=20.75
 41
0.8
  7
-宋
100
AcDbText
  0
TEXT
  5
D28
330
33D
100
AcDbEntity
  8
DIM_ELEV
 62
     7
100
AcDbText
 10
63.56216585649736
 20
86.86488660555331
 30
0.0
 40
1.51054852320675
  1
%%p0.000(5.45)
 41
0.8
  7
-宋
100
AcDbText
  0
LINE
  5
D29
330
33D
100
AcDbEntity
  8
DIM_ELEV
100
AcDbLine
 10
104.0701336706988
 20
135.614927789662
 30
0.0
 11
102.5701336706988
 21
137.114927789662
 31
0.0
  0
LINE
  5
D2A
330
33D
100
AcDbEntity
  8
DIM_ELEV
100
AcDbLine
 10
104.0701336706988
 20
135.614927789662
 30
0.0
 11
105.5701336706988
 21
137.114927789662
 31
0.0
  0
LINE
  5
D2B
330
33D
100
AcDbEntity
  8
DIM_ELEV
100
AcDbLine
 10
102.5701336706988
 20
137.114927789662
 30
0.0
 11
117.1359898791415
 21
137.114927789662
 31
0.0
  0
TEXT
  5
D2C
330
33D
100
AcDbEntity
  8
DIM_ELEV
 62
     7
100
AcDbText
 10
104.8880995837829
 20
142.914927789662
 30
0.0
 40
1.51054852320675
  1
2#车间（丁类）
 41
0.8
  7
-宋
100
AcDbText
  0
TEXT
  5
D2D
330
33D
100
AcDbEntity
  8
DIM_ELEV
 62
     7
100
AcDbText
 10
110.9370447314622
 20
140.314927789662
 30
0.0
 40
1.51054852320675
  1
H=20.75
 41
0.8
  7
-宋
100
AcDbText
  0
TEXT
  5
D2E
330
33D
100
AcDbEntity
  8
DIM_ELEV
 62
     7
100
AcDbText
 10
106.4003358707027
 20
137.714927789662
 30
0.0
 40
1.51054852320675
  1
%%p0.000(5.45)
 41
0.8
  7
-宋
100
AcDbText
  0
LINE
  5
D2F
330
33D
100
AcDbEntity
  8
DIM_ELEV
100
AcDbLine
 10
110.4366493405541
 20
64.75112769426778
 30
0.0
 11
108.9366493405541
 21
66.25112769426777
 31
0.0
  0
LINE
  5
D30
330
33D
100
AcDbEntity
  8
DIM_ELEV
100
AcDbLine
 10
110.4366493405541
 20
64.75112769426778
 30
0.0
 11
111.9366493405541
 21
66.25112769426777
 31
0.0
  0
LINE
  5
D31
330
33D
100
AcDbEntity
  8
DIM_ELEV
100
AcDbLine
 10
108.9366493405541
 20
66.25112769426777
 30
0.0
 11
123.5025055489968
 21
66.25112769426777
 31
0.0
  0
TEXT
  5
D32
330
33D
100
AcDbEntity
  8
DIM_ELEV
 62
     7
100
AcDbText
 10
116.4394253802204
 20
72.05112769426778
 30
0.0
 40
1.51054852320675
  1
3#综合楼
 41
0.8
  7
-宋
100
AcDbText
  0
TEXT
  5
D33
330
33D
100
AcDbEntity
  8
DIM_ELEV
 62
     7
100
AcDbText
 10
117.3035604013175
 20
69.45112769426778
 30
0.0
 40
1.51054852320675
  1
H=22.50
 41
0.8
  7
-宋
100
AcDbText
  0
TEXT
  5
D34
330
33D
100
AcDbEntity
  8
DIM_ELEV
 62
     7
100
AcDbText
 10
112.766851540558
 20
66.85112769426777
 30
0.0
 40
1.51054852320675
  1
%%p0.000(5.45)
 41
0.8
  7
-宋
100
AcDbText
  0
TEXT
  5
D35
330
33D
100
AcDbEntity
  8
TWT_TEXT
100
AcDbText
 10
179.7537796113174
 20
121.2585813263431
 30
0.0
 40
1.321729957805907
  1
厂区出入口
 50
316.6279676469691
 41
0.8
  7
-宋
100
AcDbText
  0
TEXT
  5
D36
330
33D
100
AcDbEntity
  8
TWT_TEXT
100
AcDbText
 10
97.0540671609342
 20
199.702394710388
 30
0.0
 40
1.321729957805907
  1
厂区出入口
 50
316.6279676469691
 41
0.8
  7
-宋
100
AcDbText
  0
LINE
  5
D37
330
33D
100
AcDbEntity
  8
TWT_ELEV
100
AcDbLine
 10
190.921132237534
 20
86.16481849737466
 30
0.0
 11
189.421132237534
 21
87.66481849737465
 31
0.0
  0
LINE
  5
D38
330
33D
100
AcDbEntity
  8
TWT_ELEV
100
AcDbLine
 10
190.921132237534
 20
86.16481849737466
 30
0.0
 11
192.421132237534
 21
87.66481849737465
 31
0.0
  0
LINE
  5
D39
330
33D
100
AcDbEntity
  8
TWT_ELEV
100
AcDbLine
 10
189.421132237534
 20
87.66481849737465
 30
0.0
 11
192.421132237534
 21
87.66481849737465
 31
0.0
  0
HATCH
  5
D3A
330
33D
100
AcDbEntity
  8
TWT_ELEV
100
AcDbHatch
 10
0.0
 20
0.0
 30
0.0
210
0.0
220
0.0
230
1.0
  2
SOLID
 70
     1
 71
     0
 91
        1
 92
        7
 72
     0
 73
     1
 93
        3
 10
190.921132237534
 20
86.16481849737466
 10
189.421132237534
 20
87.66481849737465
 10
192.421132237534
 20
87.66481849737465
 97
        0
 75
     0
 76
     1
 47
0.0
 98
        1
 10
0.0
 20
0.0
450
        0
451
        0
460
0.0
461
0.0
452
        0
462
0.0
453
        0
470

  0
TEXT
  5
D3B
330
33D
100
AcDbEntity
  8
TWT_ELEV
 62
     7
100
AcDbText
 10
189.3456035657641
 20
88.18981849737467
 30
0.0
 40
1.321729957805907
  1
5.30
 41
0.8
  7
-宋
100
AcDbText
  0
LINE
  5
D3C
330
33D
100
AcDbEntity
  8
TWT_ELEV
100
AcDbLine
 10
101.7887916796608
 20
109.3130765259266
 30
0.0
 11
100.2887916796608
 21
110.8130765259266
 31
0.0
  0
LINE
  5
D3D
330
33D
100
AcDbEntity
  8
TWT_ELEV
100
AcDbLine
 10
101.7887916796608
 20
109.3130765259266
 30
0.0
 11
103.2887916796608
 21
110.8130765259266
 31
0.0
  0
LINE
  5
D3E
330
33D
100
AcDbEntity
  8
TWT_ELEV
100
AcDbLine
 10
100.2887916796608
 20
110.8130765259266
 30
0.0
 11
103.2887916796608
 21
110.8130765259266
 31
0.0
  0
HATCH
  5
D3F
330
33D
100
AcDbEntity
  8
TWT_ELEV
100
AcDbHatch
 10
0.0
 20
0.0
 30
0.0
210
0.0
220
0.0
230
1.0
  2
SOLID
 70
     1
 71
     0
 91
        1
 92
        7
 72
     0
 73
     1
 93
        3
 10
101.7887916796608
 20
109.3130765259266
 10
100.2887916796608
 20
110.8130765259266
 10
103.2887916796608
 20
110.8130765259266
 97
        0
 75
     0
 76
     1
 47
0.0
 98
        1
 10
0.0
 20
0.0
450
        0
451
        0
460
0.0
461
0.0
452
        0
462
0.0
453
        0
470

  0
TEXT
  5
D40
330
33D
100
AcDbEntity
  8
TWT_ELEV
 62
     7
100
AcDbText
 10
100.2132630078909
 20
111.3380765259266
 30
0.0
 40
1.321729957805907
  1
5.30
 41
0.8
  7
-宋
100
AcDbText
  0
LINE
  5
D41
330
33D
100
AcDbEntity
  8
TWT_ELEV
100
AcDbLine
 10
57.23924331984017
 20
158.1486258534714
 30
0.0
 11
55.73924331984017
 21
159.6486258534714
 31
0.0
  0
LINE
  5
D42
330
33D
100
AcDbEntity
  8
TWT_ELEV
100
AcDbLine
 10
57.23924331984017
 20
158.1486258534714
 30
0.0
 11
58.73924331984017
 21
159.6486258534714
 31
0.0
  0
LINE
  5
D43
330
33D
100
AcDbEntity
  8
TWT_ELEV
100
AcDbLine
 10
55.73924331984017
 20
159.6486258534714
 30
0.0
 11
58.73924331984017
 21
159.6486258534714
 31
0.0
  0
HATCH
  5
D44
330
33D
100
AcDbEntity
  8
TWT_ELEV
100
AcDbHatch
 10
0.0
 20
0.0
 30
0.0
210
0.0
220
0.0
230
1.0
  2
SOLID
 70
     1
 71
     0
 91
        1
 92
        7
 72
     0
 73
     1
 93
        3
 10
57.23924331984017
 20
158.1486258534714
 10
55.73924331984017
 20
159.6486258534714
 10
58.73924331984017
 20
159.6486258534714
 97
        0
 75
     0
 76
     1
 47
0.0
 98
        1
 10
0.0
 20
0.0
450
        0
451
        0
460
0.0
461
0.0
452
        0
462
0.0
453
        0
470

  0
TEXT
  5
D45
330
33D
100
AcDbEntity
  8
TWT_ELEV
 62
     7
100
AcDbText
 10
55.6637146480703
 20
160.1736258534714
 30
0.0
 40
1.321729957805907
  1
5.30
 41
0.8
  7
-宋
100
AcDbText
  0
LINE
  5
D46
330
33D
100
AcDbEntity
  8
TWT_ELEV
100
AcDbLine
 10
91.15523251367267
 20
58.79241225449368
 30
0.0
 11
89.65523251367267
 21
60.29241225449368
 31
0.0
  0
LINE
  5
D47
330
33D
100
AcDbEntity
  8
TWT_ELEV
100
AcDbLine
 10
91.15523251367267
 20
58.79241225449368
 30
0.0
 11
92.65523251367268
 21
60.29241225449368
 31
0.0
  0
LINE
  5
D48
330
33D
100
AcDbEntity
  8
TWT_ELEV
100
AcDbLine
 10
89.65523251367267
 20
60.29241225449368
 30
0.0
 11
92.65523251367268
 21
60.29241225449368
 31
0.0
  0
HATCH
  5
D49
330
33D
100
AcDbEntity
  8
TWT_ELEV
100
AcDbHatch
 10
0.0
 20
0.0
 30
0.0
210
0.0
220
0.0
230
1.0
  2
SOLID
 70
     1
 71
     0
 91
        1
 92
        7
 72
     0
 73
     1
 93
        3
 10
91.15523251367267
 20
58.79241225449368
 10
89.65523251367267
 20
60.29241225449368
 10
92.65523251367268
 20
60.29241225449368
 97
        0
 75
     0
 76
     1
 47
0.0
 98
        1
 10
0.0
 20
0.0
450
        0
451
        0
460
0.0
461
0.0
452
        0
462
0.0
453
        0
470

  0
TEXT
  5
D4A
330
33D
100
AcDbEntity
  8
TWT_ELEV
 62
     7
100
AcDbText
 10
89.5797038419028
 20
60.81741225449368
 30
0.0
 40
1.321729957805907
  1
5.30
 41
0.8
  7
-宋
100
AcDbText
  0
LINE
  5
D4B
330
33D
100
AcDbEntity
  8
TWT_ELEV
100
AcDbLine
 10
159.4817713395459
 20
94.69600283540785
 30
0.0
 11
157.9817713395459
 21
96.19600283540785
 31
0.0
  0
LINE
  5
D4C
330
33D
100
AcDbEntity
  8
TWT_ELEV
100
AcDbLine
 10
159.4817713395459
 20
94.69600283540785
 30
0.0
 11
160.9817713395459
 21
96.19600283540785
 31
0.0
  0
LINE
  5
D4D
330
33D
100
AcDbEntity
  8
TWT_ELEV
100
AcDbLine
 10
157.9817713395459
 20
96.19600283540785
 30
0.0
 11
160.9817713395459
 21
96.19600283540785
 31
0.0
  0
HATCH
  5
D4E
330
33D
100
AcDbEntity
  8
TWT_ELEV
100
AcDbHatch
 10
0.0
 20
0.0
 30
0.0
210
0.0
220
0.0
230
1.0
  2
SOLID
 70
     1
 71
     0
 91
        1
 92
        7
 72
     0
 73
     1
 93
        3
 10
159.4817713395459
 20
94.69600283540785
 10
157.9817713395459
 20
96.19600283540785
 10
160.9817713395459
 20
96.19600283540785
 97
        0
 75
     0
 76
     1
 47
0.0
 98
        1
 10
0.0
 20
0.0
450
        0
451
        0
460
0.0
461
0.0
452
        0
462
0.0
453
        0
470

  0
TEXT
  5
D4F
330
33D
100
AcDbEntity
  8
TWT_ELEV
 62
     7
100
AcDbText
 10
157.906242667776
 20
96.72100283540785
 30
0.0
 40
1.321729957805907
  1
5.30
 41
0.8
  7
-宋
100
AcDbText
  0
LINE
  5
D50
330
33D
100
AcDbEntity
  8
TWT_ELEV
100
AcDbLine
 10
54.6976204313105
 20
167.5606543691829
 30
0.0
 11
53.19762043131049
 21
169.0606543691829
 31
0.0
  0
LINE
  5
D51
330
33D
100
AcDbEntity
  8
TWT_ELEV
100
AcDbLine
 10
54.6976204313105
 20
167.5606543691829
 30
0.0
 11
56.1976204313105
 21
169.0606543691829
 31
0.0
  0
LINE
  5
D52
330
33D
100
AcDbEntity
  8
TWT_ELEV
100
AcDbLine
 10
53.19762043131049
 20
169.0606543691829
 30
0.0
 11
56.1976204313105
 21
169.0606543691829
 31
0.0
  0
HATCH
  5
D53
330
33D
100
AcDbEntity
  8
TWT_ELEV
100
AcDbHatch
 10
0.0
 20
0.0
 30
0.0
210
0.0
220
0.0
230
1.0
  2
SOLID
 70
     1
 71
     0
 91
        1
 92
        7
 72
     0
 73
     1
 93
        3
 10
54.6976204313105
 20
167.5606543691829
 10
53.19762043131049
 20
169.0606543691829
 10
56.1976204313105
 20
169.0606543691829
 97
        0
 75
     0
 76
     1
 47
0.0
 98
        1
 10
0.0
 20
0.0
450
        0
451
        0
460
0.0
461
0.0
452
        0
462
0.0
453
        0
470

  0
TEXT
  5
D54
330
33D
100
AcDbEntity
  8
TWT_ELEV
 62
     7
100
AcDbText
 10
53.24129549817603
 20
169.5856543691829
 30
0.0
 40
1.321729957805907
  1
5.00
 41
0.8
  7
-宋
100
AcDbText
  0
LINE
  5
D55
330
33D
100
AcDbEntity
  8
TWT_ELEV
100
AcDbLine
 10
8.304358163033612
 20
109.5936360014602
 30
0.0
 11
6.804358163033612
 21
111.0936360014602
 31
0.0
  0
LINE
  5
D56
330
33D
100
AcDbEntity
  8
TWT_ELEV
100
AcDbLine
 10
8.304358163033612
 20
109.5936360014602
 30
0.0
 11
9.804358163033612
 21
111.0936360014602
 31
0.0
  0
LINE
  5
D57
330
33D
100
AcDbEntity
  8
TWT_ELEV
100
AcDbLine
 10
6.804358163033612
 20
111.0936360014602
 30
0.0
 11
9.804358163033612
 21
111.0936360014602
 31
0.0
  0
HATCH
  5
D58
330
33D
100
AcDbEntity
  8
TWT_ELEV
100
AcDbHatch
 10
0.0
 20
0.0
 30
0.0
210
0.0
220
0.0
230
1.0
  2
SOLID
 70
     1
 71
     0
 91
        1
 92
        7
 72
     0
 73
     1
 93
        3
 10
8.304358163033612
 20
109.5936360014602
 10
6.804358163033612
 20
111.0936360014602
 10
9.804358163033612
 20
111.0936360014602
 97
        0
 75
     0
 76
     1
 47
0.0
 98
        1
 10
0.0
 20
0.0
450
        0
451
        0
460
0.0
461
0.0
452
        0
462
0.0
453
        0
470

  0
TEXT
  5
D59
330
33D
100
AcDbEntity
  8
TWT_ELEV
 62
     7
100
AcDbText
 10
6.84803322989914
 20
111.6186360014602
 30
0.0
 40
1.321729957805907
  1
5.00
 41
0.8
  7
-宋
100
AcDbText
  0
LINE
  5
D5A
330
33D
100
AcDbEntity
  8
TWT_ELEV
100
AcDbLine
 10
110.2031518858857
 20
51.2516414374113
 30
0.0
 11
108.7031518858857
 21
52.75164143741131
 31
0.0
  0
LINE
  5
D5B
330
33D
100
AcDbEntity
  8
TWT_ELEV
100
AcDbLine
 10
110.2031518858857
 20
51.2516414374113
 30
0.0
 11
111.7031518858857
 21
52.75164143741131
 31
0.0
  0
LINE
  5
D5C
330
33D
100
AcDbEntity
  8
TWT_ELEV
100
AcDbLine
 10
108.7031518858857
 20
52.75164143741131
 30
0.0
 11
111.7031518858857
 21
52.75164143741131
 31
0.0
  0
HATCH
  5
D5D
330
33D
100
AcDbEntity
  8
TWT_ELEV
100
AcDbHatch
 10
0.0
 20
0.0
 30
0.0
210
0.0
220
0.0
230
1.0
  2
SOLID
 70
     1
 71
     0
 91
        1
 92
        7
 72
     0
 73
     1
 93
        3
 10
110.2031518858857
 20
51.2516414374113
 10
108.7031518858857
 20
52.75164143741131
 10
111.7031518858857
 20
52.75164143741131
 97
        0
 75
     0
 76
     1
 47
0.0
 98
        1
 10
0.0
 20
0.0
450
        0
451
        0
460
0.0
461
0.0
452
        0
462
0.0
453
        0
470

  0
TEXT
  5
D5E
330
33D
100
AcDbEntity
  8
TWT_ELEV
 62
     7
100
AcDbText
 10
108.7468269527513
 20
53.27664143741131
 30
0.0
 40
1.321729957805907
  1
5.00
 41
0.8
  7
-宋
100
AcDbText
  0
LINE
  5
D5F
330
33D
100
AcDbEntity
  8
TWT_ELEV
100
AcDbLine
 10
175.9173875171691
 20
78.47553524142131
 30
0.0
 11
174.4173875171691
 21
79.97553524142131
 31
0.0
  0
LINE
  5
D60
330
33D
100
AcDbEntity
  8
TWT_ELEV
100
AcDbLine
 10
175.9173875171691
 20
78.47553524142131
 30
0.0
 11
177.4173875171691
 21
79.97553524142131
 31
0.0
  0
LINE
  5
D61
330
33D
100
AcDbEntity
  8
TWT_ELEV
100
AcDbLine
 10
174.4173875171691
 20
79.97553524142131
 30
0.0
 11
177.4173875171691
 21
79.97553524142131
 31
0.0
  0
HATCH
  5
D62
330
33D
100
AcDbEntity
  8
TWT_ELEV
100
AcDbHatch
 10
0.0
 20
0.0
 30
0.0
210
0.0
220
0.0
230
1.0
  2
SOLID
 70
     1
 71
     0
 91
        1
 92
        7
 72
     0
 73
     1
 93
        3
 10
175.9173875171691
 20
78.47553524142131
 10
174.4173875171691
 20
79.97553524142131
 10
177.4173875171691
 20
79.97553524142131
 97
        0
 75
     0
 76
     1
 47
0.0
 98
        1
 10
0.0
 20
0.0
450
        0
451
        0
460
0.0
461
0.0
452
        0
462
0.0
453
        0
470

  0
TEXT
  5
D63
330
33D
100
AcDbEntity
  8
TWT_ELEV
 62
     7
100
AcDbText
 10
174.4610625840346
 20
80.50053524142132
 30
0.0
 40
1.321729957805907
  1
5.00
 41
0.8
  7
-宋
100
AcDbText
  0
LINE
  5
D64
330
33D
100
AcDbEntity
  8
TWT_ELEV
100
AcDbLine
 10
67.34322619589511
 20
53.75454159546643
 30
0.0
 11
65.84322619589511
 21
55.25454159546644
 31
0.0
  0
LINE
  5
D65
330
33D
100
AcDbEntity
  8
TWT_ELEV
100
AcDbLine
 10
67.34322619589511
 20
53.75454159546643
 30
0.0
 11
68.84322619589511
 21
55.25454159546644
 31
0.0
  0
LINE
  5
D66
330
33D
100
AcDbEntity
  8
TWT_ELEV
100
AcDbLine
 10
65.84322619589511
 20
55.25454159546644
 30
0.0
 11
68.84322619589511
 21
55.25454159546644
 31
0.0
  0
HATCH
  5
D67
330
33D
100
AcDbEntity
  8
TWT_ELEV
100
AcDbHatch
 10
0.0
 20
0.0
 30
0.0
210
0.0
220
0.0
230
1.0
  2
SOLID
 70
     1
 71
     0
 91
        1
 92
        7
 72
     0
 73
     1
 93
        3
 10
67.34322619589511
 20
53.75454159546643
 10
65.84322619589511
 20
55.25454159546644
 10
68.84322619589511
 20
55.25454159546644
 97
        0
 75
     0
 76
     1
 47
0.0
 98
        1
 10
0.0
 20
0.0
450
        0
451
        0
460
0.0
461
0.0
452
        0
462
0.0
453
        0
470

  0
TEXT
  5
D68
330
33D
100
AcDbEntity
  8
TWT_ELEV
 62
     7
100
AcDbText
 10
65.88690126276064
 20
55.77954159546643
 30
0.0
 40
1.321729957805907
  1
5.00
 41
0.8
  7
-宋
100
AcDbText
  0
ENDBLK
  5
3F9
330
33D
100
AcDbEntity
  8
0
 48
2.5
100
AcDbBlockEnd
  0
BLOCK
  5
3FE
330
3FB
100
AcDbEntity
  8
0
100
AcDbBlockBegin
  2
A$C6E845CED
 70
     0
 10
0.0
 20
0.0
 30
0.0
  3
A$C6E845CED
  1

  0
HATCH
  5
D69
330
3FB
100
AcDbEntity
  8
TWT_SYMB
100
AcDbHatch
 10
0.0
 20
0.0
 30
0.0
210
0.0
220
0.0
230
1.0
  2
SOLID
 70
     1
 71
     0
 91
        1
 92
        7
 72
     0
 73
     1
 93
        3
 10
6.713497186101449
 20
2.499999536932591
 10
3.713497186101449
 20
2.499999536932592
 10
3.713497186101449
 20
2.899999536932591
 97
        0
 75
     0
 76
     1
 47
0.0
 98
        1
 10
0.0
 20
0.0
450
        0
451
        0
460
0.0
461
0.0
452
        0
462
0.0
453
        0
470

  0
LWPOLYLINE
  5
D6A
330
3FB
100
AcDbEntity
  8
TWT_SYMB
100
AcDbPolyline
 90
        2
 70
     0
 43
0.0
 10
0.0
 20
2.499999536932591
 10
6.713497186101449
 20
2.499999536932591
  0
HATCH
  5
D6B
330
3FB
100
AcDbEntity
  8
TWT_SYMB
100
AcDbHatch
 10
0.0
 20
0.0
 30
0.0
210
0.0
220
0.0
230
1.0
  2
SOLID
 70
     1
 71
     0
 91
        1
 92
        7
 72
     0
 73
     1
 93
        3
 10
6.713497186101449
 20
-0.0000004630674084
 10
3.713497186101449
 20
-0.0000004630674081
 10
3.713497186101449
 20
0.399999536932592
 97
        0
 75
     0
 76
     1
 47
0.0
 98
        1
 10
0.0
 20
0.0
450
        0
451
        0
460
0.0
461
0.0
452
        0
462
0.0
453
        0
470

  0
LWPOLYLINE
  5
D6C
330
3FB
100
AcDbEntity
  8
TWT_SYMB
100
AcDbPolyline
 90
        2
 70
     0
 43
0.0
 10
0.0
 20
-0.0000004630674084
 10
6.713497186101449
 20
-0.0000004630674084
  0
ENDBLK
  5
401
330
3FB
100
AcDbEntity
  8
0
100
AcDbBlockEnd
  0
BLOCK
  5
40D
330
40A
100
AcDbEntity
  8
0
 48
2.5
100
AcDbBlockBegin
  2
A$C7CC90291
 70
     0
 10
0.0
 20
0.0
 30
0.0
  3
A$C7CC90291
  1

  0
INSERT
  5
40E
330
40A
100
AcDbEntity
  8
2
100
AcDbBlockReference
  2
A$C6E845CED
 10
1.449064334155991
 20
0.8572082635946571
 30
0.0
 41
0.35
 42
0.35
 43
0.35
 50
46.44978928577383
  0
INSERT
  5
40F
330
40A
100
AcDbEntity
  8
2
100
AcDbBlockReference
  2
A$C6E845CED
 10
2.337569111492484
 20
1.791855183895677
 30
0.0
 41
-0.35
 42
0.35
 43
0.35
 50
46.4497892590827
  0
ENDBLK
  5
410
330
40A
100
AcDbEntity
  8
0
 48
2.5
100
AcDbBlockEnd
  0
BLOCK
  5
A88
330
A87
100
AcDbEntity
  8
0
 48
2.5
100
AcDbBlockBegin
  2
*D22
 70
     1
 10
0.0
 20
0.0
 30
0.0
  3
*D22
  1

  0
LINE
  5
A89
330
A87
100
AcDbEntity
  8
TWT_DIM
 62
     0
440
 16777216
370
    -2
100
AcDbLine
 10
-556.6639256296618
 20
-34.46170775186784
 30
0.0
 11
-553.7905218306475
 21
-34.46170775186784
 31
0.0
  0
LINE
  5
A8A
330
A87
100
AcDbEntity
  8
TWT_DIM
 62
     0
440
 16777216
370
    -2
100
AcDbLine
 10
-556.6639256296618
 20
-32.10934956577785
 30
0.0
 11
-553.7905218306475
 21
-32.10934956577785
 31
0.0
  0
LINE
  5
A8B
330
A87
100
AcDbEntity
  8
TWT_DIM
 62
     0
440
 16777216
370
    -2
100
AcDbLine
 10
-556.2905218306475
 20
-34.46170775186784
 30
0.0
 11
-556.2905218306475
 21
-35.46170775186784
 31
0.0
  0
LINE
  5
A8C
330
A87
100
AcDbEntity
  8
TWT_DIM
 62
     0
440
 16777216
370
    -2
100
AcDbLine
 10
-556.2905218306475
 20
-32.10934956577785
 30
0.0
 11
-556.2905218306475
 21
-31.10934956577784
 31
0.0
  0
MTEXT
  5
A8D
330
A87
100
AcDbEntity
  8
TWT_DIM
 62
     7
440
 16777216
100
AcDbMText
 10
-555.4822727492644
 20
-28.63855413012516
 30
0.0
 40
2.975
 41
0.0
 46
0.0
 71
     5
 72
     1
  1
\A1;0.15
  7
_TCH_DIM_T3
 11
0.0000000000000001
 21
1.0
 31
0.0
 73
     1
 44
1.0
  0
LINE
  5
A8F
330
A87
100
AcDbEntity
  8
TWT_DIM
 62
     0
440
 16777216
370
    -2
100
AcDbLine
 10
-556.2905218306475
 20
-34.46170775186784
 30
0.0
 11
-556.2905218306475
 21
-32.10934956577785
 31
0.0
  0
INSERT
  5
A90
330
A87
100
AcDbEntity
  8
TWT_DIM
 62
     0
440
 16777216
370
    -2
100
AcDbBlockReference
  2
_ArchTick
 10
-556.2905218306475
 20
-34.46170775186784
 30
0.0
 50
90.0
  0
INSERT
  5
A95
330
A87
100
AcDbEntity
  8
TWT_DIM
 62
     0
440
 16777216
370
    -2
100
AcDbBlockReference
  2
_ArchTick
 10
-556.2905218306475
 20
-32.10934956577785
 30
0.0
 50
270.0
  0
POINT
  5
A96
330
A87
100
AcDbEntity
  8
Defpoints
 62
     0
440
 16777216
100
AcDbPoint
 10
-559.6639256296619
 20
-34.46170775186784
 30
0.0
  0
POINT
  5
A98
330
A87
100
AcDbEntity
  8
Defpoints
 62
     0
440
 16777216
100
AcDbPoint
 10
-559.6639256296619
 20
-32.10934956577785
 30
0.0
  0
POINT
  5
A99
330
A87
100
AcDbEntity
  8
Defpoints
 62
     0
440
 16777216
100
AcDbPoint
 10
-556.2905218306475
 20
-32.10934956577785
 30
0.0
  0
ENDBLK
  5
A9A
330
A87
100
AcDbEntity
  8
0
 48
2.5
100
AcDbBlockEnd
  0
BLOCK
  5
AEE
330
AED
100
AcDbEntity
  8
0
100
AcDbBlockBegin
  2
_AXISO
 70
     2
 10
0.0
 20
0.0
 30
0.0
  3
_AXISO
  1

  0
CIRCLE
  5
AEF
330
AED
100
AcDbEntity
  8
0
100
AcDbCircle
 10
0.0
 20
0.0
 30
0.0
 40
0.5
  0
ATTDEF
  5
AF0
330
AED
100
AcDbEntity
  8
AXIS_TEXT
100
AcDbText
 10
-0.25
 20
-0.28
 30
0.0
 40
0.5600000000000001
  1

 41
1.041666666666666
  7
COMPLEX
 72
     5
 11
0.25
 21
-0.28
 31
0.0
100
AcDbAttributeDefinition
280
     0
  3

  2
A
 70
     0
280
     0
  0
ENDBLK
  5
AF3
330
AED
100
AcDbEntity
  8
0
100
AcDbBlockEnd
  0
ENDSEC
  0
SECTION
  2
ENTITIES
  0
TEXT
  5
F
330
2
100
AcDbEntity
  8
PUB_TEXT
100
AcDbText
 10
685351.6111680072
 20
2545534.824030284
 30
0.0
 40
1.036799999999999
  1
非机动车位(每个1.6平方米)
 41
0.7
  7
黑体
100
AcDbText
  0
TEXT
  5
13
330
2
100
AcDbEntity
  8
PUB_TEXT
100
AcDbText
 10
685351.576849456
 20
2545574.558615192
 30
0.0
 40
1.036799999999999
  1
建筑设计高度(m)
 41
0.7
  7
黑体
100
AcDbText
  0
TEXT
  5
14
330
2
100
AcDbEntity
  8
PUB_TEXT
100
AcDbText
 10
685351.7402750719
 20
2545558.822547573
 30
0.0
 40
1.036799999999999
  1
净用地范围线
 41
0.7
  7
黑体
100
AcDbText
  0
TEXT
  5
15
330
2
100
AcDbEntity
  8
PUB_TEXT
100
AcDbText
 10
685351.5768494542
 20
2545566.676909747
 30
0.0
 40
1.036799999999999
  1
建筑室内地平%%P0.000设计标高(m)
 41
0.7
  7
黑体
100
AcDbText
  0
TEXT
  5
16
330
2
100
AcDbEntity
  8
PUB_TEXT
100
AcDbText
 10
685351.631862535
 20
2545561.455833452
 30
0.0
 40
1.036799999999999
  1
室外地坪设计标高(m)
 41
0.7
  7
黑体
100
AcDbText
  0
TEXT
  5
17
330
2
100
AcDbEntity
  8
PUB_TEXT
100
AcDbText
 10
685351.7402725327
 20
2545556.229632782
 30
0.0
 40
1.036799999999999
  1
拟建建筑外轮廓线
 41
0.7
  7
黑体
100
AcDbText
  0
TEXT
  5
18
330
2
100
AcDbEntity
  8
PUB_TEXT
100
AcDbText
 10
685351.7102055637
 20
2545550.969463284
 30
0.0
 40
1.036799999999999
  1
建筑单体出入口
 41
0.7
  7
黑体
100
AcDbText
  0
TEXT
  5
19
330
2
100
AcDbEntity
  8
PUB_TEXT
100
AcDbText
 10
685351.6525623653
 20
2545548.368788967
 30
0.0
 40
1.036799999999999
  1
车道
 41
0.7
  7
黑体
100
AcDbText
  0
LWPOLYLINE
  5
1A
330
2
100
AcDbEntity
  8
Z-道路中心线
  6
ACAD_ISO04W100
 48
0.05
100
AcDbPolyline
 90
        2
 70
     0
 43
0.0
 10
685342.0509973358
 20
2545548.559816158
 10
685342.0509973358
 20
2545547.504964785
  0
LWPOLYLINE
  5
1F
330
2
100
AcDbEntity
  8
Z-道路中心线
  6
ACAD_ISO04W100
 48
0.05
100
AcDbPolyline
 90
        2
 70
     0
 43
0.0
 10
685344.4843569764
 20
2545549.828209612
 10
685344.4843569764
 20
2545548.559816158
  0
LWPOLYLINE
  5
20
330
2
100
AcDbEntity
  8
A-SITE-ROAD
  6
Continuous
100
AcDbPolyline
 90
        2
 70
   128
 43
0.0
 10
685344.1231002186
 20
2545549.828209612
 10
685344.1231002186
 20
2545549.726216158
  0
LWPOLYLINE
  5
24
330
2
100
AcDbEntity
  8
a08
  6
DASH
 48
5.0
100
AcDbPolyline
 90
        2
 70
   128
 43
0.0
 10
685344.8456137337
 20
2545549.726216158
 42
0.4142135623730951
 10
685345.4288137339
 20
2545549.143016158
  0
LWPOLYLINE
  5
29
330
2
100
AcDbEntity
  8
a08
  6
DASH
 48
5.0
100
AcDbPolyline
 90
        2
 70
   128
 43
0.0
 10
685344.8456137337
 20
2545549.828209612
 10
685344.8456137337
 20
2545549.726216158
  0
LWPOLYLINE
  5
2A
330
2
100
AcDbEntity
  8
a08
  6
DASH
 48
5.0
100
AcDbPolyline
 90
        2
 70
   128
 43
0.0
 10
685345.4288137339
 20
2545549.143016158
 10
685346.0381526658
 20
2545549.143016158
  0
LWPOLYLINE
  5
2B
330
2
100
AcDbEntity
  8
a08
  6
DASH
 48
5.0
100
AcDbPolyline
 90
        2
 70
   128
 43
0.0
 10
685341.7069635856
 20
2545547.685016158
 10
685341.7069635856
 20
2545547.504964785
  0
LWPOLYLINE
  5
2C
330
2
100
AcDbEntity
  8
a08
  6
DASH
 48
5.0
100
AcDbPolyline
 90
        2
 70
   128
 43
0.0
 10
685342.3950310861
 20
2545547.685016158
 10
685342.3950310861
 20
2545547.504964785
  0
LWPOLYLINE
  5
2D
330
2
100
AcDbEntity
  8
a08
  6
DASH
 48
5.0
100
AcDbPolyline
 90
        2
 70
   128
 43
0.0
 10
685342.6866310861
 20
2545547.976616158
 42
0.4142135623730951
 10
685342.3950310861
 20
2545547.685016158
  0
LWPOLYLINE
  5
2E
330
2
100
AcDbEntity
  8
a08
  6
DASH
 48
5.0
100
AcDbPolyline
 90
        2
 70
   128
 43
0.0
 10
685342.6866310861
 20
2545547.976616158
 10
685346.0381526659
 20
2545547.976616158
  0
LWPOLYLINE
  5
2F
330
2
100
AcDbEntity
  8
a08
  6
DASH
 48
5.0
100
AcDbPolyline
 90
        2
 70
   128
 43
0.0
 10
685341.7069635856
 20
2545547.685016158
 42
0.4142135623730951
 10
685341.4153635856
 20
2545547.976616158
  0
LWPOLYLINE
  5
30
330
2
100
AcDbEntity
  8
a08
  6
DASH
 48
5.0
100
AcDbPolyline
 90
        2
 70
   128
 43
0.0
 10
685340.6172480276
 20
2545547.976616158
 10
685341.4153635856
 20
2545547.976616158
  0
LWPOLYLINE
  5
31
330
2
100
AcDbEntity
  8
a08
  6
DASH
 48
5.0
100
AcDbPolyline
 90
        2
 70
   128
 43
0.0
 10
685343.5399002188
 20
2545549.143016158
 42
0.4142135623730951
 10
685344.1231002186
 20
2545549.726216158
  0
LWPOLYLINE
  5
32
330
2
100
AcDbEntity
  8
a08
  6
DASH
 48
5.0
100
AcDbPolyline
 90
        2
 70
   128
 43
0.0
 10
685340.6172480276
 20
2545549.143016158
 10
685343.5399002188
 20
2545549.143016158
  0
LWPOLYLINE
  5
33
330
2
100
AcDbEntity
  8
PUB_TEXT
100
AcDbPolyline
 90
        2
 70
   128
 43
0.0
 10
685338.0668357054
 20
2545576.28540109
 10
685338.0668357035
 20
2545526.101999709
  0
LWPOLYLINE
  5
34
330
2
100
AcDbEntity
  8
PUB_TEXT
100
AcDbPolyline
 90
        2
 70
   128
 43
0.0
 10
685369.8039710754
 20
2545576.285401086
 10
685369.8039710696
 20
2545526.101999704
  0
LWPOLYLINE
  5
35
330
2
100
AcDbEntity
  8
PUB_TEXT
100
AcDbPolyline
 90
        2
 70
   128
 43
0.0
 10
685349.7308357065
 20
2545576.285401089
 10
685349.7308357003
 20
2545528.726399708
  0
LWPOLYLINE
  5
36
330
2
100
AcDbEntity
  8
PUB_TEXT
100
AcDbPolyline
 90
        2
 70
   128
 43
0.0
 10
685338.0668357056
 20
2545573.66100109
 10
685369.8039710753
 20
2545573.661001087
  0
TEXT
  5
37
330
2
100
AcDbEntity
  8
Z-文字
100
AcDbText
 10
685342.1440032142
 20
2545574.654484773
 30
0.0
 40
0.8
  1
H=100.00M
 41
0.8
  7
黑体
100
AcDbText
  0
LWPOLYLINE
  5
3A
330
2
100
AcDbEntity
  8
PUB_TEXT
100
AcDbPolyline
 90
        2
 70
   128
 43
0.0
 10
685338.0668357039
 20
2545563.163401091
 10
685369.8039710735
 20
2545563.163401086
  0
LWPOLYLINE
  5
3B
330
2
100
AcDbEntity
  8
PUB_TEXT
100
AcDbPolyline
 90
        2
 70
   128
 43
0.0
 10
685338.0668357037
 20
2545560.53900109
 10
685369.8039710734
 20
2545560.539001086
  0
LWPOLYLINE
  5
3C
330
2
100
AcDbEntity
  8
PUB_TEXT
100
AcDbPolyline
 90
        2
 70
   128
 43
0.0
 10
685338.0668357051
 20
2545560.53900109
 10
685369.8039710744
 20
2545560.539001086
  0
LWPOLYLINE
  5
3D
330
2
100
AcDbEntity
  8
PUB_TEXT
100
AcDbPolyline
 90
        2
 70
   128
 43
0.0
 10
685338.0668357051
 20
2545560.53900109
 10
685369.8039710744
 20
2545560.539001086
  0
LWPOLYLINE
  5
3E
330
2
100
AcDbEntity
  8
PUB_TEXT
100
AcDbPolyline
 90
        2
 70
   128
 43
0.0
 10
685338.0668357044
 20
2545560.53900109
 10
685369.8039710741
 20
2545560.539001086
  0
LWPOLYLINE
  5
3F
330
2
100
AcDbEntity
  8
PUB_TEXT
100
AcDbPolyline
 90
        2
 70
   128
 43
0.0
 10
685338.0668357039
 20
2545557.91460109
 10
685369.803971074
 20
2545557.914601087
  0
LWPOLYLINE
  5
40
330
2
100
AcDbEntity
  8
PUB_TEXT
100
AcDbPolyline
 90
        2
 70
   128
 43
0.0
 10
685338.0668357044
 20
2545555.29020109
 10
685369.8039710744
 20
2545555.290201084
  0
LWPOLYLINE
  5
41
330
2
100
AcDbEntity
  8
PUB_TEXT
100
AcDbPolyline
 90
        2
 70
   128
 43
0.0
 10
685338.0668357044
 20
2545552.665801089
 10
685369.8039710741
 20
2545552.665801085
  0
LWPOLYLINE
  5
42
330
2
100
AcDbEntity
  8
PUB_TEXT
100
AcDbPolyline
 90
        2
 70
   128
 43
0.0
 10
685338.0668357042
 20
2545550.04140109
 10
685369.8039710735
 20
2545550.041401085
  0
LWPOLYLINE
  5
43
330
2
100
AcDbEntity
  8
PUB_TEXT
100
AcDbPolyline
 90
        2
 70
   128
 43
0.0
 10
685338.0668357039
 20
2545547.417001089
 10
685369.8039710734
 20
2545547.417001085
  0
TEXT
  5
44
330
2
100
AcDbEntity
  8
PUB_TEXT
100
AcDbText
 10
685351.5768494538
 20
2545564.052509747
 30
0.0
 40
1.036799999999999
  1
=绝对标高7.40m
 41
0.7
  7
黑体
100
AcDbText
  0
LINE
  5
45
330
2
100
AcDbEntity
  8
PUB_TEXT
100
AcDbLine
 10
685338.0668357056
 20
2545576.28540109
 30
0.0
 11
685369.8039710753
 21
2545576.285401086
 31
0.0
  0
LWPOLYLINE
  5
46
330
2
100
AcDbEntity
  8
PUB_TEXT
100
AcDbPolyline
 90
        2
 70
   128
 43
0.0
 10
685338.0668357056
 20
2545576.28540109
 10
685369.8039710753
 20
2545576.285401086
  0
LWPOLYLINE
  5
47
330
2
100
AcDbEntity
  8
PUB_TEXT
100
AcDbPolyline
 90
        2
 70
   128
 43
0.0
 10
685338.0668357056
 20
2545576.28540109
 10
685369.8039710753
 20
2545576.285401086
  0
TEXT
  5
48
330
2
100
AcDbEntity
  8
PUB_TEXT
100
AcDbText
 10
685339.9466796817
 20
2545577.226732361
 30
0.0
 40
3.110399999999998
  1
图 例
 41
0.7
  7
黑体
100
AcDbText
  0
LWPOLYLINE
  5
49
330
2
100
AcDbEntity
  8
Z-道路中心线
  6
ACAD_ISO04W100
 48
0.05
100
AcDbPolyline
 90
        2
 70
     0
 43
0.0
 10
685340.6172480032
 20
2545548.559816158
 10
685346.0381526658
 20
2545548.559816158
  0
LWPOLYLINE
  5
4A
330
2
100
AcDbEntity
  8
PUB_TEXT
100
AcDbPolyline
 90
        2
 70
   128
 43
0.0
 10
685338.0668357042
 20
2545555.290201091
 10
685369.803971074
 20
2545555.290201087
  0
INSERT
  5
4B
102
{ACAD_XDICTIONARY
360
4C
102
}
330
2
100
AcDbEntity
  8
A-DIM-SYMB
100
AcDbBlockReference
  2
*U3
 10
685343.7049467392
 20
2545553.471435376
 30
0.0
 41
-0.2916
 42
0.2916
 43
0.2916
  0
LWPOLYLINE
  5
74
330
2
100
AcDbEntity
  8
PUB_TEXT
100
AcDbPolyline
 90
        2
 70
   128
 43
0.0
 10
685338.0668317226
 20
2545547.417001089
 10
685369.8039670923
 20
2545547.417001085
  0
LWPOLYLINE
  5
75
330
2
100
AcDbEntity
  8
PUB_TEXT
100
AcDbPolyline
 90
        2
 70
   128
 43
0.0
 10
685338.0668357003
 20
2545547.417001089
 10
685369.80397107
 20
2545547.417001085
  0
LWPOLYLINE
  5
76
330
2
100
AcDbEntity
  8
PUB_TEXT
100
AcDbPolyline
 90
        2
 70
   128
 43
0.0
 10
685338.0668317221
 20
2545541.84839971
 10
685369.8039670916
 20
2545541.848399707
  0
LWPOLYLINE
  5
77
330
2
100
AcDbEntity
  8
PUB_TEXT
100
AcDbPolyline
 90
        2
 70
   128
 43
0.0
 10
685338.0668356996
 20
2545541.84839971
 10
685369.8039710694
 20
2545541.848399707
  0
LWPOLYLINE
  5
78
330
2
100
AcDbEntity
  8
PUB_TEXT
100
AcDbPolyline
 90
        2
 70
   128
 43
0.0
 10
685338.0668356996
 20
2545541.84839971
 10
685369.8039710694
 20
2545541.848399707
  0
LWPOLYLINE
  5
79
330
2
100
AcDbEntity
  8
PUB_TEXT
100
AcDbPolyline
 90
        2
 70
   128
 43
0.0
 10
685338.0668317264
 20
2545541.84839971
 10
685369.8039670961
 20
2545541.848399707
  0
LWPOLYLINE
  5
7A
330
2
100
AcDbEntity
  8
PUB_TEXT
100
AcDbPolyline
 90
        2
 70
   128
 43
0.0
 10
685338.0668357042
 20
2545541.84839971
 10
685369.8039710739
 20
2545541.848399707
  0
TEXT
  5
7B
330
2
100
AcDbEntity
  8
PUB_TEXT
100
AcDbText
 10
685351.6111680041
 20
2545545.641431663
 30
0.0
 40
1.036799999999999
  1
平行布置机动车车位
 41
0.7
  7
黑体
100
AcDbText
  0
LWPOLYLINE
  5
7C
330
2
100
AcDbEntity
  8
PUB_TEXT
100
AcDbPolyline
 90
        2
 70
   128
 43
0.0
 10
685338.0668317264
 20
2545541.84839971
 10
685369.8039670961
 20
2545541.848399707
  0
LWPOLYLINE
  5
7D
330
2
100
AcDbEntity
  8
PUB_TEXT
100
AcDbPolyline
 90
        2
 70
   128
 43
0.0
 10
685338.0668357037
 20
2545539.223999711
 10
685369.8039710732
 20
2545539.223999707
  0
LINE
  5
7E
330
2
100
AcDbEntity
  8
DIM_ELEV
100
AcDbLine
 10
685342.1046873215
 20
2545565.100922014
 30
0.0
 11
685341.1326873215
 21
2545566.072922014
 31
0.0
  0
LINE
  5
80
330
2
100
AcDbEntity
  8
DIM_ELEV
100
AcDbLine
 10
685342.1046873215
 20
2545565.100922014
 30
0.0
 11
685343.0766873216
 21
2545566.072922014
 31
0.0
  0
LINE
  5
81
330
2
100
AcDbEntity
  8
DIM_ELEV
100
AcDbLine
 10
685341.1326873215
 20
2545566.072922014
 30
0.0
 11
685346.0037229812
 21
2545566.072922014
 31
0.0
  0
TEXT
  5
82
330
2
100
AcDbEntity
  8
DIM_ELEV
 62
     7
100
AcDbText
 10
685343.1825274192
 20
2545564.851604247
 30
0.0
 40
0.6083544303797469
  1
(%%P0.000)
  7
黑体
100
AcDbText
  0
TEXT
  5
83
330
2
100
AcDbEntity
  8
PUB_TEXT
100
AcDbText
 10
685351.7102055637
 20
2545553.403546879
 30
0.0
 40
1.036799999999999
  1
厂区出入口
 41
0.7
  7
黑体
100
AcDbText
  0
LWPOLYLINE
  5
84
330
2
100
AcDbEntity
  8
PUB_TEXT
100
AcDbPolyline
 90
        2
 70
   128
 43
0.0
 10
685338.0668357032
 20
2545555.29020109
 10
685369.803971073
 20
2545555.290201087
  0
LWPOLYLINE
  5
85
330
2
100
AcDbEntity
  8
PUB_TEXT
100
AcDbPolyline
 90
        2
 70
   128
 43
0.0
 10
685338.0668357051
 20
2545568.41220109
 10
685369.8039710748
 20
2545568.412201085
  0
LWPOLYLINE
  5
86
330
2
100
AcDbEntity
  8
PUB_TEXT
100
AcDbPolyline
 90
        2
 70
   128
 43
0.0
 10
685338.0668357053
 20
2545573.66100109
 10
685369.8039710749
 20
2545573.661001087
  0
TEXT
  5
87
330
2
100
AcDbEntity
  8
PUB_TEXT
100
AcDbText
 10
685351.5768494554
 20
2545571.934215193
 30
0.0
 40
1.036799999999999
  1
建筑防火设计高度(m)
 41
0.7
  7
黑体
100
AcDbText
  0
TEXT
  5
88
330
2
100
AcDbEntity
  8
Z-文字
100
AcDbText
 10
685342.1440032136
 20
2545572.030084773
 30
0.0
 40
0.8
  1
HF=23.50M
 41
0.8
  7
黑体
100
AcDbText
  0
LWPOLYLINE
  5
89
102
{ACAD_REACTORS
330
90
102
}
330
2
100
AcDbEntity
  8
k-绿地填充
 62
    81
100
AcDbPolyline
 90
        4
 70
   129
 43
0.0
 10
685341.3281120684
 20
2545530.650542416
 10
685345.7825751448
 20
2545530.650542416
 10
685345.7825751448
 20
2545529.39704076
 10
685341.3281120687
 20
2545529.39704076
  0
TEXT
  5
8D
330
2
100
AcDbEntity
  8
PUB_TEXT
100
AcDbText
 10
685351.6111719827
 20
2545529.575230283
 30
0.0
 40
1.036799999999999
  1
绿地
 41
0.7
  7
黑体
100
AcDbText
  0
LWPOLYLINE
  5
8E
330
2
100
AcDbEntity
  8
PUB_TEXT
100
AcDbPolyline
 90
        2
 70
   128
 43
0.0
 10
685338.0668357011
 20
2545531.350799709
 10
685369.8039710709
 20
2545531.350799705
  0
LWPOLYLINE
  5
8F
330
2
100
AcDbEntity
  8
PUB_TEXT
100
AcDbPolyline
 90
        2
 70
   128
 43
0.0
 10
685338.0668396785
 20
2545528.726399709
 10
685369.803975048
 20
2545528.726399704
  0
HATCH
  5
90
330
2
100
AcDbEntity
  8
1绿地填充
  6
Continuous
100
AcDbHatch
 10
0.0
 20
0.0
 30
0.0
210
0.0
220
0.0
230
1.0
  2
CROSS
 70
     0
 71
     1
 91
        1
 92
        1
 93
        4
 72
     1
 10
685341.3281120684
 20
2545530.650542416
 11
685345.7825751448
 21
2545530.650542416
 72
     1
 10
685345.7825751448
 20
2545530.650542416
 11
685345.7825751448
 21
2545529.39704076
 72
     1
 10
685345.7825751448
 20
2545529.39704076
 11
685341.3281120687
 21
2545529.39704076
 72
     1
 10
685341.3281120687
 20
2545529.39704076
 11
685341.3281120684
 21
2545530.650542416
 97
        1
330
89
 75
     1
 76
     1
 52
-1.165078314214383
 41
0.3
 77
     0
 78
     2
 53
358.8349216857856
 43
-9582.741187603678
 44
-32127.99725275068
 45
0.4858351567800494
 46
0.4664679254102095
 79
     2
 49
0.238125
 49
-0.714375
 53
88.83492168578561
 43
-9582.624570622341
 44
-32128.11871154001
 45
-0.4664679254102095
 46
0.4858351567800494
 79
     2
 49
0.238125
 49
-0.714375
 98
        1
 10
400077.6054073625
 20
1051232.146682306
1001
ACAD
1010
0.0
1020
0.0
1030
0.0
  0
HATCH
  5
92
330
2
100
AcDbEntity
  8
PLAN_机动车位
100
AcDbHatch
 10
0.0
 20
0.0
 30
0.0
210
0.0
220
0.0
230
1.0
  2
ANSI37
 70
     0
 71
     0
 91
        1
 92
        1
 93
        6
 72
     1
 10
685342.4728437953
 20
2545535.904760278
 11
685343.6248437953
 21
2545535.904760278
 72
     1
 10
685343.6248437953
 20
2545535.904760278
 11
685344.7624437953
 21
2545535.904760278
 72
     1
 10
685344.7624437953
 20
2545535.904760278
 11
685344.7624437953
 21
2545535.328760278
 72
     1
 10
685344.7624437953
 20
2545535.328760278
 11
685344.7624437953
 21
2545535.040760278
 72
     1
 10
685344.7624437953
 20
2545535.040760278
 11
685342.4728437953
 21
2545535.040760278
 72
     1
 10
685342.4728437953
 20
2545535.040760278
 11
685342.4728437953
 21
2545535.904760278
 97
        0
 75
     0
 76
     1
 52
0.0
 41
0.2304
 77
     0
 78
     2
 53
44.99999999999998
 43
284810.2041873924
 44
1051238.193242307
 45
-0.2586313762867916
 46
0.2586313762867914
 79
     0
 53
135.0
 43
284810.2041873924
 44
1051238.193242307
 45
-0.2586313762867917
 46
-0.2586313762867914
 79
     0
 98
        1
 10
284810.2041873924
 20
1051238.193242307
1001
ACAD
1010
0.0
1020
0.0
1030
0.0
  0
LWPOLYLINE
  5
94
330
2
100
AcDbEntity
  8
PUB_DIM
100
AcDbPolyline
 90
        4
 70
     1
 43
0.3234816000000001
 10
685291.039997235
 20
2545528.071992041
 10
685325.9347285136
 20
2545528.071992041
 10
685325.9347285136
 20
2545574.653342428
 10
685291.039997235
 20
2545574.653342428
  0
LWPOLYLINE
  5
96
330
2
100
AcDbEntity
  8
PUB_DIM
100
AcDbPolyline
 90
        2
 70
     0
 43
0.0
 10
685291.039997235
 20
2545570.771563231
 10
685325.9347285136
 20
2545570.771563231
  0
LWPOLYLINE
  5
97
330
2
100
AcDbEntity
  8
PUB_DIM
100
AcDbPolyline
 90
        2
 70
     0
 43
0.0
 10
685291.039997235
 20
2545566.889784028
 10
685325.9347285136
 20
2545566.889784028
  0
LWPOLYLINE
  5
98
330
2
100
AcDbEntity
  8
PUB_DIM
100
AcDbPolyline
 90
        2
 70
     0
 43
0.0
 10
685291.039997235
 20
2545563.008004828
 10
685325.9347285136
 20
2545563.008004828
  0
LWPOLYLINE
  5
99
330
2
100
AcDbEntity
  8
PUB_DIM
100
AcDbPolyline
 90
        2
 70
     0
 43
0.0
 10
685291.039997235
 20
2545559.12622563
 10
685325.9347285136
 20
2545559.12622563
  0
LWPOLYLINE
  5
9A
330
2
100
AcDbEntity
  8
PUB_DIM
100
AcDbPolyline
 90
        2
 70
     0
 43
0.0
 10
685291.039997235
 20
2545555.244446428
 10
685325.9347285136
 20
2545555.244446428
  0
LWPOLYLINE
  5
9B
330
2
100
AcDbEntity
  8
PUB_DIM
100
AcDbPolyline
 90
        2
 70
     0
 43
0.0
 10
685291.039997235
 20
2545547.480888031
 10
685325.9347285136
 20
2545547.480888031
  0
LWPOLYLINE
  5
9C
330
2
100
AcDbEntity
  8
PUB_DIM
100
AcDbPolyline
 90
        2
 70
     0
 43
0.0
 10
685291.039997235
 20
2545543.599108826
 10
685325.9347285136
 20
2545543.599108826
  0
LWPOLYLINE
  5
9D
330
2
100
AcDbEntity
  8
PUB_DIM
100
AcDbPolyline
 90
        2
 70
     0
 43
0.0
 10
685291.039997235
 20
2545539.717329632
 10
685325.9347285136
 20
2545539.717329632
  0
LWPOLYLINE
  5
9E
330
2
100
AcDbEntity
  8
PUB_DIM
100
AcDbPolyline
 90
        2
 70
     0
 43
0.0
 10
685308.4292648036
 20
2545574.653342428
 10
685308.4292648036
 20
2545531.953771226
  0
TEXT
  5
9F
330
2
100
AcDbEntity
  8
PUB_DIM
100
AcDbText
 10
685297.9029653948
 20
2545575.682196551
 30
0.0
 40
3.558297600000001
  1
主要经济技术指标
 41
0.8
  7
天正
100
AcDbText
  0
TEXT
  5
A2
330
2
100
AcDbEntity
  8
PUB_DIM
100
AcDbText
 10
685292.5148113482
 20
2545571.418526428
 30
0.0
 40
2.5878528
  1
规划用地总面积
 41
0.8
  7
天正
100
AcDbText
  0
TEXT
  5
A3
330
2
100
AcDbEntity
  8
PUB_DIM
100
AcDbText
 10
685292.4822084782
 20
2545567.536747234
 30
0.0
 40
2.5878528
  1
建筑基底总面积
 41
0.8
  7
天正
100
AcDbText
  0
TEXT
  5
A4
330
2
100
AcDbEntity
  8
PUB_DIM
100
AcDbText
 10
685295.5713304031
 20
2545552.00963043
 30
0.0
 40
2.5878528
  1
建筑密度
 41
0.8
  7
天正
100
AcDbText
  0
TEXT
  5
A5
330
2
100
AcDbEntity
  8
PUB_DIM
100
AcDbText
 10
685296.6146222406
 20
2545548.127851227
 30
0.0
 40
2.5878528
  1
容积率
 41
0.8
  7
天正
100
AcDbText
  0
TEXT
  5
A6
330
2
100
AcDbEntity
  8
PUB_DIM
100
AcDbText
 10
685296.6390743927
 20
2545544.246072032
 30
0.0
 40
2.5878528
  1
绿地面积
 41
0.8
  7
天正
100
AcDbText
  0
TEXT
  5
A7
330
2
100
AcDbEntity
  8
PUB_DIM
100
AcDbText
 10
685314.7309652219
 20
2545552.268415712
 30
0.0
 40
2.07028224
  1
58.70
 41
0.6
  7
天正
100
AcDbText
  0
TEXT
  5
A8
330
2
100
AcDbEntity
  8
PUB_DIM
100
AcDbText
 10
685320.2704479649
 20
2545552.268415712
 30
0.0
 40
2.07028224
  1
%
 41
0.6
  7
天正
100
AcDbText
  0
TEXT
  5
A9
330
2
100
AcDbEntity
  8
PUB_DIM
100
AcDbText
 10
685294.6339978931
 20
2545563.65496803
 30
0.0
 40
2.5878528
  1
总建筑面积
 41
0.8
  7
天正
100
AcDbText
  0
TEXT
  5
AA
330
2
100
AcDbEntity
  8
PUB_DIM
100
AcDbText
 10
685294.5932443053
 20
2545559.773188828
 30
0.0
 40
2.5878528
  1
计容总面积
 41
0.8
  7
天正
100
AcDbText
  0
TEXT
  5
AB
330
2
100
AcDbEntity
  8
PUB_DIM
100
AcDbText
 10
685293.5173495978
 20
2545555.891409633
 30
0.0
 40
2.5878528
  1
不计容总面积
 41
0.8
  7
天正
100
AcDbText
  0
LWPOLYLINE
  5
AC
330
2
100
AcDbEntity
  8
PUB_DIM
100
AcDbPolyline
 90
        2
 70
     0
 43
0.0
 10
685291.039997235
 20
2545551.362667234
 10
685325.9347285136
 20
2545551.362667234
  0
TEXT
  5
AD
330
2
100
AcDbEntity
  8
PUB_DIM
100
AcDbText
 10
685293.6577875962
 20
2545536.482513634
 30
0.0
 40
2.5878528
  1
小汽车停车位
 41
0.8
  7
天正
100
AcDbText
  0
TEXT
  5
AE
330
2
100
AcDbEntity
  8
PUB_DIM
100
AcDbText
 10
685315.2545110581
 20
2545536.741298916
 30
0.0
 40
2.07028224
  1
78个
 41
0.6
  7
天正
100
AcDbText
  0
TEXT
  5
AF
330
2
100
AcDbEntity
  8
PUB_DIM
100
AcDbText
 10
685296.6390743927
 20
2545540.364292828
 30
0.0
 40
2.5878528
  1
绿地率
 41
0.8
  7
天正
100
AcDbText
  0
TEXT
  5
B0
330
2
100
AcDbEntity
  8
PUB_DIM
100
AcDbText
 10
685320.6587547841
 20
2545540.623078111
 30
0.0
 40
2.07028224
  1
%
 41
0.6
  7
天正
100
AcDbText
  0
LWPOLYLINE
  5
B1
330
2
100
AcDbEntity
  8
PUB_DIM
100
AcDbPolyline
 90
        2
 70
     0
 43
0.0
 10
685291.039997235
 20
2545535.835550429
 10
685325.9347285136
 20
2545535.835550429
  0
TEXT
  5
B2
330
2
100
AcDbEntity
  8
PUB_DIM
100
AcDbText
 10
685293.6577875962
 20
2545532.731029966
 30
0.0
 40
2.5878528
  1
非机动车位
 41
0.8
  7
天正
100
AcDbText
  0
LWPOLYLINE
  5
B3
330
2
100
AcDbEntity
  8
PUB_DIM
100
AcDbPolyline
 90
        7
 70
     0
 10
685267.1857389698
 20
2545530.720659086
 40
0.2695680000000001
 41
0.2695680000000001
 10
685267.1857389701
 20
2545530.720659086
 40
0.2695680000000001
 41
0.2695680000000001
 10
685267.1857389698
 20
2545553.456603336
 40
0.2695680000000001
 41
0.2695680000000001
 10
685267.1857389696
 20
2545553.456603336
 40
0.2695680000000001
 41
0.2695680000000001
 10
685118.9352695738
 20
2545553.456603337
 40
0.2695680000000001
 41
0.2695680000000001
 10
685118.9352695738
 20
2545530.720659086
 40
0.2695680000000001
 41
0.2695680000000001
 10
685267.1857389698
 20
2545530.720659087
 40
0.0
 41
0.0
  0
LWPOLYLINE
  5
B4
330
2
100
AcDbEntity
  8
PUB_DIM
100
AcDbPolyline
 90
        2
 70
     0
 43
0.0
 10
685118.9352695738
 20
2545540.425107077
 10
685184.3125783111
 20
2545540.425107077
  0
LWPOLYLINE
  5
B5
330
2
100
AcDbEntity
  8
PUB_DIM
100
AcDbPolyline
 90
        2
 70
     0
 43
0.0
 10
685135.6346693612
 20
2545553.456603337
 10
685135.6346693612
 20
2545530.720659086
  0
LWPOLYLINE
  5
B6
330
2
100
AcDbEntity
  8
PUB_DIM
100
AcDbPolyline
 90
        2
 70
     0
 43
0.0
 10
685142.5795041696
 20
2545553.456603337
 10
685142.5795041696
 20
2545530.720659086
  0
LWPOLYLINE
  5
B7
330
2
100
AcDbEntity
  8
PUB_DIM
100
AcDbPolyline
 90
        2
 70
     0
 43
0.0
 10
685155.5139882465
 20
2545553.456603337
 10
685155.5139882465
 20
2545530.720659086
  0
LWPOLYLINE
  5
B8
330
2
100
AcDbEntity
  8
PUB_DIM
100
AcDbPolyline
 90
        2
 70
     0
 43
0.0
 10
685168.3188789062
 20
2545553.456603337
 10
685168.3188789062
 20
2545530.720659086
  0
TEXT
  5
B9
330
2
100
AcDbEntity
  8
PUB_DIM
100
AcDbText
 10
685156.5507782936
 20
2545554.941253388
 30
0.0
 40
4.447872000000001
  1
建 筑 物 一 览 表
 41
0.8
  7
天正
100
AcDbText
  0
TEXT
  5
BA
330
2
100
AcDbEntity
  8
PUB_DIM
100
AcDbText
 10
685122.2988167444
 20
2545550.668691081
 30
0.0
 40
2.156544
  1
建筑物名称
 41
0.8
  7
天正
100
AcDbText
  0
TEXT
  5
BB
330
2
100
AcDbEntity
  8
PUB_DIM
100
AcDbText
 10
685137.6416835832
 20
2545550.668691081
 30
0.0
 40
2.156544
  1
层数
 41
0.8
  7
天正
100
AcDbText
  0
TEXT
  5
BC
330
2
100
AcDbEntity
  8
PUB_DIM
100
AcDbText
 10
685143.4090190401
 20
2545550.668691081
 30
0.0
 40
2.156544
  1
基底面积（
 41
0.8
  7
天正
100
AcDbText
  0
TEXT
  5
BD
330
2
100
AcDbEntity
  8
PUB_DIM
100
AcDbText
 10
685152.0351950398
 20
2545550.668691081
 30
0.0
 40
1.7252352
  1
m
 41
0.6
  7
天正
100
AcDbText
  0
TEXT
  5
BE
330
2
100
AcDbEntity
  8
PUB_DIM
100
AcDbText
 10
685153.859015109
 20
2545550.668691081
 30
0.0
 40
2.156544
  1
）
 41
0.8
  7
天正
100
AcDbText
  0
TEXT
  5
BF
330
2
100
AcDbEntity
  8
PUB_DIM
100
AcDbText
 10
685155.8337921949
 20
2545550.668691081
 30
0.0
 40
2.156544
  1
建筑面积（
 41
0.8
  7
天正
100
AcDbText
  0
TEXT
  5
C0
330
2
100
AcDbEntity
  8
PUB_DIM
100
AcDbText
 10
685164.4599681944
 20
2545550.668691081
 30
0.0
 40
1.7252352
  1
m
 41
0.6
  7
天正
100
AcDbText
  0
TEXT
  5
C1
330
2
100
AcDbEntity
  8
PUB_DIM
100
AcDbText
 10
685166.2837882634
 20
2545550.668691081
 30
0.0
 40
2.156544
  1
）
 41
0.8
  7
天正
100
AcDbText
  0
TEXT
  5
C2
330
2
100
AcDbEntity
  8
PUB_DIM
100
AcDbText
 10
685168.9030194378
 20
2545550.668691081
 30
0.0
 40
2.156544
  1
计容建筑面积（
 41
0.8
  7
天正
100
AcDbText
  0
TEXT
  5
C3
330
2
100
AcDbEntity
  8
PUB_DIM
100
AcDbText
 10
685180.4930437355
 20
2545550.668691081
 30
0.0
 40
1.7252352
  1
m
 41
0.6
  7
天正
100
AcDbText
  0
TEXT
  5
C4
330
2
100
AcDbEntity
  8
PUB_DIM
100
AcDbText
 10
685181.5789445915
 20
2545550.668691081
 30
0.0
 40
2.156544
  1
）
 41
0.8
  7
天正
100
AcDbText
  0
LWPOLYLINE
  5
C5
330
2
100
AcDbEntity
  8
PUB_DIM
100
AcDbPolyline
 90
        2
 70
     0
 43
0.0
 10
685118.9352695738
 20
2545540.425107077
 10
685184.3125783111
 20
2545540.425107077
  0
TEXT
  5
C6
330
2
100
AcDbEntity
  8
PUB_DIM
100
AcDbText
 10
685233.3052437948
 20
2545550.732870458
 30
0.0
 40
2.156544
  1
耐火等级
 41
0.8
  7
天正
100
AcDbText
  0
LWPOLYLINE
  5
C7
330
2
100
AcDbEntity
  8
PUB_DIM
100
AcDbPolyline
 90
        2
 70
     0
 43
0.0
 10
685240.4865545101
 20
2545553.520782714
 10
685240.4865545101
 20
2545530.720659087
  0
TEXT
  5
C8
330
2
100
AcDbEntity
  8
PUB_DIM
100
AcDbText
 10
685241.003312132
 20
2545550.732870458
 30
0.0
 40
2.156544
  1
火灾危险性分类
 41
0.8
  7
天正
100
AcDbText
  0
LWPOLYLINE
  5
C9
330
2
100
AcDbEntity
  8
PUB_DIM
100
AcDbPolyline
 90
        2
 70
     0
 43
0.0
 10
685253.2188462785
 20
2545553.520782714
 10
685253.2188462785
 20
2545530.720659087
  0
TEXT
  5
CA
330
2
100
AcDbEntity
  8
PUB_DIM
100
AcDbText
 10
685262.5603185676
 20
2545550.732870458
 30
0.0
 40
2.156544
  1
备注
 41
0.8
  7
天正
100
AcDbText
  0
TEXT
  5
CB
330
2
100
AcDbEntity
  8
PUB_DIM
100
AcDbText
 10
685262.5641022055
 20
2545545.465050375
 30
0.0
 40
2.156544
  1
拟建
 41
0.8
  7
天正
100
AcDbText
  0
LWPOLYLINE
  5
CC
330
2
100
AcDbEntity
  8
PUB_DIM
100
AcDbPolyline
 90
        2
 70
     0
 43
0.0
 10
685118.9352695738
 20
2545540.425107084
 10
685267.1857389701
 20
2545540.425107084
  0
LWPOLYLINE
  5
CD
330
2
100
AcDbEntity
  8
PUB_DIM
100
AcDbPolyline
 90
        2
 70
     0
 43
0.0
 10
685184.3125783109
 20
2545543.659923079
 10
685260.3533934402
 20
2545543.659923079
  0
LWPOLYLINE
  5
CE
330
2
100
AcDbEntity
  8
PUB_DIM
100
AcDbPolyline
 90
        2
 70
     0
 43
0.0
 10
685118.9352695738
 20
2545543.659923079
 10
685260.3533934402
 20
2545543.659923079
  0
LWPOLYLINE
  5
CF
330
2
100
AcDbEntity
  8
PUB_DIM
100
AcDbPolyline
 90
        2
 70
     0
 43
0.0
 10
685184.3125783109
 20
2545546.894739074
 10
685260.3533934402
 20
2545546.894739074
  0
LWPOLYLINE
  5
D0
330
2
100
AcDbEntity
  8
PUB_DIM
100
AcDbPolyline
 90
        2
 70
     0
 43
0.0
 10
685118.9352695738
 20
2545550.129555081
 10
685182.4056236842
 20
2545550.129555081
  0
LWPOLYLINE
  5
D1
330
2
100
AcDbEntity
  8
PUB_DIM
100
AcDbPolyline
 90
        2
 70
     0
 43
0.0
 10
685118.9352695738
 20
2545546.894739081
 10
685184.3125783111
 20
2545546.894739081
  0
LWPOLYLINE
  5
D2
330
2
100
AcDbEntity
  8
PUB_DIM
100
AcDbPolyline
 90
        2
 70
     0
 43
0.0
 10
685118.9352695738
 20
2545550.129555081
 10
685267.1857389698
 20
2545550.129555081
  0
LWPOLYLINE
  5
D3
330
2
100
AcDbEntity
  8
PUB_DIM
100
AcDbPolyline
 90
        2
 70
     0
 43
0.0
 10
685118.9352695738
 20
2545546.894739081
 10
685260.3533934402
 20
2545546.894739081
  0
LWPOLYLINE
  5
D4
330
2
100
AcDbEntity
  8
PUB_DIM
100
AcDbPolyline
 90
        2
 70
     0
 43
0.0
 10
685184.3125783109
 20
2545550.129555076
 10
685205.2107283355
 20
2545550.129555076
  0
LWPOLYLINE
  5
D5
330
2
100
AcDbEntity
  8
PUB_DIM
100
AcDbPolyline
 90
        2
 70
     0
 43
0.0
 10
685260.3533934402
 20
2545553.520782714
 10
685260.3533934402
 20
2545530.720659087
  0
TEXT
  5
D6
330
2
100
AcDbEntity
  8
PUB_DIM
100
AcDbText
 10
685253.5538392974
 20
2545550.732870458
 30
0.0
 40
2.156544
  1
结构形式
 41
0.8
  7
天正
100
AcDbText
  0
TEXT
  5
D7
330
2
100
AcDbEntity
  8
PUB_DIM
100
AcDbText
 10
685123.895895973
 20
2545547.43387508
 30
0.0
 40
2.156544
  1
1#厂房
 41
0.8
  7
天正
100
AcDbText
  0
TEXT
  5
D8
330
2
100
AcDbEntity
  8
PUB_DIM
100
AcDbText
 10
685146.6995801256
 20
2545547.649529481
 30
0.0
 40
1.7252352
  1
5076.00
 41
0.6
  7
天正
100
AcDbText
  0
TEXT
  5
D9
330
2
100
AcDbEntity
  8
PUB_DIM
100
AcDbText
 10
685234.6933899696
 20
2545547.574179102
 30
0.0
 40
2.156544
  1
二级
 41
0.8
  7
天正
100
AcDbText
  0
TEXT
  5
DA
330
2
100
AcDbEntity
  8
PUB_DIM
100
AcDbText
 10
685254.9419854705
 20
2545547.574179102
 30
0.0
 40
2.156544
  1
框架
 41
0.8
  7
天正
100
AcDbText
  0
TEXT
  5
DB
330
2
100
AcDbEntity
  8
PUB_DIM
100
AcDbText
 10
685244.7482235418
 20
2545547.481946847
 30
0.0
 40
2.156544
  1
丁类
 41
0.8
  7
天正
100
AcDbText
  0
INSERT
  5
DC
330
2
100
AcDbEntity
  8
PLAN_道路
  6
Continuous
100
AcDbBlockReference
  2
111111
 10
21628.14327978226
 20
69245.74128916114
 30
0.0
 41
0.9599999999999999
 42
0.9599999999999999
 43
0.9599999999999999
  0
TEXT
  5
EA
330
2
100
AcDbEntity
  8
PUB_TEXT
100
AcDbText
 10
685343.5136104263
 20
2545561.625337441
 30
0.0
 40
0.7344
  1
5.40
 41
0.7058823529411766
  7
_TCH_DIM
100
AcDbText
  0
LWPOLYLINE
  5
EC
330
2
100
AcDbEntity
  8
PUB_TEXT
100
AcDbPolyline
 90
        2
 70
   128
 43
0.0
 10
685338.0668396784
 20
2545526.101999709
 10
685369.8039750478
 20
2545526.101999704
  0
TEXT
  5
ED
330
2
100
AcDbEntity
  8
PUB_TEXT
100
AcDbText
 10
685351.6525663384
 20
2545527.053787586
 30
0.0
 40
1.036799999999999
  1
消防车道
 41
0.7
  7
黑体
100
AcDbText
  0
HATCH
  5
EE
330
2
100
AcDbEntity
  8
PLAN_道路
  6
Continuous
 62
   251
100
AcDbHatch
 10
0.0
 20
0.0
 30
0.0
210
0.0
220
0.0
230
1.0
  2
松散材料
 70
     0
 71
     0
 91
        4
 92
        7
 72
     1
 73
     1
 93
        6
 10
685346.038156639
 20
2545527.828014775
 42
0.0
 10
685345.4288177063
 20
2545527.828014775
 42
-0.4142135621172064
 10
685344.8456177066
 20
2545528.411214775
 42
0.0
 10
685344.4843609493
 20
2545528.411214775
 42
0.0
 10
685344.4843609493
 20
2545527.244814775
 42
0.0
 10
685346.038156639
 20
2545527.244814775
 42
0.0
 97
        0
 92
        7
 72
     1
 73
     1
 93
        6
 10
685344.4843609493
 20
2545528.411214775
 42
0.0
 10
685344.1231041912
 20
2545528.411214775
 42
-0.4142135624243952
 10
685343.5399041915
 20
2545527.828014775
 42
0.0
 10
685340.6172520005
 20
2545527.828014775
 42
0.0
 10
685340.6172520006
 20
2545527.244814775
 42
0.0
 10
685344.4843609493
 20
2545527.244814775
 42
0.0
 97
        0
 92
        7
 72
     1
 73
     1
 93
        6
 10
685342.0510013086
 20
2545527.244814775
 42
0.0
 10
685342.0510013086
 20
2545526.370014775
 42
0.0
 10
685342.3950350592
 20
2545526.370014775
 42
-0.4142135614227034
 10
685342.6866350587
 20
2545526.661614774
 42
0.0
 10
685346.038156639
 20
2545526.661614774
 42
0.0
 10
685346.038156639
 20
2545527.244814775
 42
0.0
 97
        0
 92
        7
 72
     1
 73
     1
 93
        6
 10
685342.0510013086
 20
2545527.244814775
 42
0.0
 10
685340.6172520006
 20
2545527.244814775
 42
0.0
 10
685340.6172520006
 20
2545526.661614775
 42
0.0
 10
685341.4153675593
 20
2545526.661614774
 42
-0.4142135619247
 10
685341.7069675586
 20
2545526.370014775
 42
0.0
 10
685342.0510013086
 20
2545526.370014775
 42
0.0
 97
        0
 75
     0
 76
     1
 52
0.0
 41
0.096
 77
     0
 78
     1
 53
0.0
 43
21628.1434182598
 44
68746.01310472237
 45
0.09
 46
0.18
 79
     2
 49
0.0
 49
-0.18
 47
0.0165637116431085
 98
        4
 10
685344.9178547468
 20
2545527.510808561
 10
685343.9630399653
 20
2545527.622119279
 10
685343.5333726377
 20
2545527.017873895
 10
685341.7510521616
 20
2545526.890665916
1001
ACAD
1010
0.0
1020
0.0
1030
0.0
  0
LWPOLYLINE
  5
EF
330
2
100
AcDbEntity
  8
Z-道路中心线
  6
ACAD_ISO04W100
 48
0.05
100
AcDbPolyline
 90
        2
 70
     0
 43
0.0
 10
685342.0510013089
 20
2545527.244814777
 10
685342.0510013089
 20
2545526.189963403
  0
LWPOLYLINE
  5
F0
330
2
100
AcDbEntity
  8
Z-道路中心线
  6
ACAD_ISO04W100
 48
0.05
100
AcDbPolyline
 90
        2
 70
     0
 43
0.0
 10
685344.4843609496
 20
2545528.51320823
 10
685344.4843609496
 20
2545527.244814777
  0
LWPOLYLINE
  5
F1
330
2
100
AcDbEntity
  8
PLAN_道路
  6
Continuous
100
AcDbPolyline
 90
        2
 70
   128
 43
0.0
 10
685344.8456177068
 20
2545528.411214776
 42
0.4142135623730951
 10
685345.4288177069
 20
2545527.828014776
  0
LWPOLYLINE
  5
F2
330
2
100
AcDbEntity
  8
PLAN_道路
  6
Continuous
100
AcDbPolyline
 90
        2
 70
   128
 43
0.0
 10
685345.4288177069
 20
2545527.828014776
 10
685346.038156639
 20
2545527.828014776
  0
LWPOLYLINE
  5
F3
330
2
100
AcDbEntity
  8
PLAN_道路
  6
Continuous
100
AcDbPolyline
 90
        2
 70
   128
 43
0.0
 10
685342.6866350592
 20
2545526.661614776
 42
0.4142135623730951
 10
685342.3950350592
 20
2545526.370014776
  0
LWPOLYLINE
  5
F4
330
2
100
AcDbEntity
  8
PLAN_道路
  6
Continuous
100
AcDbPolyline
 90
        2
 70
   128
 43
0.0
 10
685342.6866350592
 20
2545526.661614776
 10
685346.038156639
 20
2545526.661614776
  0
LWPOLYLINE
  5
F5
330
2
100
AcDbEntity
  8
PLAN_道路
  6
Continuous
100
AcDbPolyline
 90
        2
 70
   128
 43
0.0
 10
685341.7069675586
 20
2545526.370014776
 42
0.4142135623730951
 10
685341.415367559
 20
2545526.661614776
  0
LWPOLYLINE
  5
F6
330
2
100
AcDbEntity
  8
PLAN_道路
  6
Continuous
100
AcDbPolyline
 90
        2
 70
   128
 43
0.0
 10
685340.6172520006
 20
2545526.661614776
 10
685341.415367559
 20
2545526.661614776
  0
LWPOLYLINE
  5
F7
330
2
100
AcDbEntity
  8
PLAN_道路
  6
Continuous
100
AcDbPolyline
 90
        2
 70
   128
 43
0.0
 10
685343.5399041919
 20
2545527.828014776
 42
0.4142135623730951
 10
685344.1231041917
 20
2545528.411214776
  0
LWPOLYLINE
  5
F8
330
2
100
AcDbEntity
  8
PLAN_道路
  6
Continuous
100
AcDbPolyline
 90
        2
 70
   128
 43
0.0
 10
685340.6172520006
 20
2545527.828014776
 10
685343.5399041919
 20
2545527.828014776
  0
LWPOLYLINE
  5
F9
330
2
100
AcDbEntity
  8
Z-道路中心线
  6
ACAD_ISO04W100
 48
0.05
100
AcDbPolyline
 90
        2
 70
     0
 43
0.0
 10
685340.6172519763
 20
2545527.244814777
 10
685346.038156639
 20
2545527.244814777
  0
INSERT
  5
FA
330
2
100
AcDbEntity
  8
cdz
100
AcDbBlockReference
  2
A$C5D0344E3
 10
685343.9465413015
 20
2545540.892586929
 30
0.0
 41
0.6
 42
0.6
 43
0.6
 50
89.99999999365442
  0
INSERT
  5
103
330
2
100
AcDbEntity
  8
车位
100
AcDbBlockReference
  2
frewrtret
 10
685342.3735524481
 20
2545541.604078574
 30
0.0
 41
-0.0006
 42
0.0006
 43
0.0006
 50
359.9999999936543
  0
LWPOLYLINE
  5
10D
330
2
100
AcDbEntity
  8
PUB_TEXT
100
AcDbPolyline
 90
        2
 70
   128
 43
0.0
 10
685338.0668357011
 20
2545533.97519971
 10
685369.8039710704
 20
2545533.975199706
  0
TEXT
  5
10E
330
2
100
AcDbEntity
  8
PUB_TEXT
100
AcDbText
 10
685351.4583326928
 20
2545539.994633366
 30
0.0
 40
1.036799999999999
  1
充电桩停车位
 41
0.7
  7
黑体
100
AcDbText
  0
LWPOLYLINE
  5
10F
102
{ACAD_REACTORS
330
111
102
}
330
2
100
AcDbEntity
  8
k-绿地填充
 62
    81
100
AcDbPolyline
 90
        4
 70
   129
 43
0.0
 10
685341.3281080911
 20
2545533.274942417
 10
685345.7825711673
 20
2545533.274942417
 10
685345.7825711673
 20
2545532.02144076
 10
685341.3281080912
 20
2545532.02144076
  0
TEXT
  5
110
330
2
100
AcDbEntity
  8
PUB_TEXT
100
AcDbText
 10
685351.6111680052
 20
2545532.199630283
 30
0.0
 40
1.036799999999999
  1
车位植草砖
 41
0.7
  7
黑体
100
AcDbText
  0
HATCH
  5
111
330
2
100
AcDbEntity
  8
1绿地填充
  6
Continuous
100
AcDbHatch
 10
0.0
 20
0.0
 30
0.0
210
0.0
220
0.0
230
1.0
  2
松散材料
 70
     0
 71
     1
 91
        1
 92
        1
 93
        4
 72
     1
 10
685341.3281080911
 20
2545533.274942417
 11
685345.7825711673
 21
2545533.274942417
 72
     1
 10
685345.7825711673
 20
2545533.274942417
 11
685345.7825711673
 21
2545532.02144076
 72
     1
 10
685345.7825711673
 20
2545532.02144076
 11
685341.3281080912
 21
2545532.02144076
 72
     1
 10
685341.3281080912
 20
2545532.02144076
 11
685341.3281080911
 21
2545533.274942417
 97
        1
330
10F
 75
     1
 76
     1
 52
0.0
 41
0.2
 77
     0
 78
     1
 53
0.0
 43
-9582.741191580891
 44
-32122.74845275004
 45
0.1875
 46
0.375
 79
     2
 49
0.0
 49
-0.375
 98
        1
 10
400077.6054033852
 20
1051234.771082306
1001
ACAD
1010
0.0
1020
0.0
1030
0.0
  0
LWPOLYLINE
  5
112
330
2
100
AcDbEntity
  8
PUB_TEXT
100
AcDbPolyline
 90
        2
 70
   128
 43
0.0
 10
685338.0668317185
 20
2545544.835475132
 10
685369.8039670881
 20
2545544.835475128
  0
TEXT
  5
113
330
2
100
AcDbEntity
  8
PUB_TEXT
100
AcDbText
 10
685351.6111680036
 20
2545542.654356242
 30
0.0
 40
1.036799999999999
  1
垂直布置机动车车位
 41
0.7
  7
黑体
100
AcDbText
  0
TEXT
  5
115
330
2
100
AcDbEntity
  8
PUB_DIM
100
AcDbText
 10
685137.1176593367
 20
2545547.649529481
 30
0.0
 40
1.7252352
  1
1F
 41
0.6
  7
天正
100
AcDbText
  0
LWPOLYLINE
  5
116
330
2
100
AcDbEntity
  8
PUB_DIM
100
AcDbPolyline
 90
        2
 70
     0
 43
0.0
 10
685184.3125783111
 20
2545530.720659086
 10
685184.3125783111
 20
2545553.456603337
  0
TEXT
  5
117
330
2
100
AcDbEntity
  8
PUB_DIM
100
AcDbText
 10
685153.489955752
 20
2545551.750012422
 30
0.0
 40
0.6
  1
2
 41
0.6
  7
天正
100
AcDbText
  0
TEXT
  5
118
330
2
100
AcDbEntity
  8
PUB_DIM
100
AcDbText
 10
685165.8453209103
 20
2545551.905902431
 30
0.0
 40
0.6
  1
2
 41
0.6
  7
天正
100
AcDbText
  0
TEXT
  5
119
330
2
100
AcDbEntity
  8
PUB_DIM
100
AcDbText
 10
685181.7666395128
 20
2545551.799702192
 30
0.0
 40
0.6
  1
2
 41
0.6
  7
天正
100
AcDbText
  0
LWPOLYLINE
  5
11A
330
2
100
AcDbEntity
  8
PUB_DIM
100
AcDbPolyline
 90
        2
 70
     0
 43
0.0
 10
685232.8469290997
 20
2545553.520782714
 10
685232.8469290997
 20
2545530.720659087
  0
LWPOLYLINE
  5
11B
330
2
100
AcDbEntity
  8
PUB_DIM
100
AcDbPolyline
 90
        2
 70
     0
 43
0.0
 10
685291.039997235
 20
2545528.071992041
 10
685325.9347285136
 20
2545528.071992041
  0
LWPOLYLINE
  5
11D
330
2
100
AcDbEntity
  8
PUB_DIM
100
AcDbPolyline
 90
        2
 70
     0
 43
0.0
 10
685291.039997235
 20
2545531.953771226
 10
685325.9347285136
 20
2545531.953771226
  0
TEXT
  5
11F
330
2
100
AcDbEntity
  8
PUB_DIM
100
AcDbText
 10
685123.895895973
 20
2545544.199059078
 30
0.0
 40
2.156544
  1
2#厂房
 41
0.8
  7
天正
100
AcDbText
  0
TEXT
  5
120
330
2
100
AcDbEntity
  8
PUB_DIM
100
AcDbText
 10
685146.6995801256
 20
2545544.414713479
 30
0.0
 40
1.7252352
  1
4320.00
 41
0.6
  7
天正
100
AcDbText
  0
TEXT
  5
121
330
2
100
AcDbEntity
  8
PUB_DIM
100
AcDbText
 10
685234.6933899696
 20
2545544.3393631
 30
0.0
 40
2.156544
  1
二级
 41
0.8
  7
天正
100
AcDbText
  0
TEXT
  5
122
330
2
100
AcDbEntity
  8
PUB_DIM
100
AcDbText
 10
685254.9419854705
 20
2545544.3393631
 30
0.0
 40
2.156544
  1
框架
 41
0.8
  7
天正
100
AcDbText
  0
TEXT
  5
123
330
2
100
AcDbEntity
  8
PUB_DIM
100
AcDbText
 10
685244.7482235418
 20
2545544.247130845
 30
0.0
 40
2.156544
  1
丁类
 41
0.8
  7
天正
100
AcDbText
  0
TEXT
  5
124
330
2
100
AcDbEntity
  8
PUB_DIM
100
AcDbText
 10
685137.1176593367
 20
2545544.414713479
 30
0.0
 40
1.7252352
  1
2F
 41
0.6
  7
天正
100
AcDbText
  0
TEXT
  5
125
330
2
100
AcDbEntity
  8
PUB_DIM
100
AcDbText
 10
685123.895895973
 20
2545540.964243075
 30
0.0
 40
2.156544
  1
3#综合楼
 41
0.8
  7
天正
100
AcDbText
  0
TEXT
  5
126
330
2
100
AcDbEntity
  8
PUB_DIM
100
AcDbText
 10
685146.6995801256
 20
2545541.179897476
 30
0.0
 40
1.7252352
  1
349.36
 41
0.6
  7
天正
100
AcDbText
  0
TEXT
  5
127
330
2
100
AcDbEntity
  8
PUB_DIM
100
AcDbText
 10
685234.6933899696
 20
2545541.104547098
 30
0.0
 40
2.156544
  1
二级
 41
0.8
  7
天正
100
AcDbText
  0
TEXT
  5
128
330
2
100
AcDbEntity
  8
PUB_DIM
100
AcDbText
 10
685254.9419854705
 20
2545541.104547098
 30
0.0
 40
2.156544
  1
框架
 41
0.8
  7
天正
100
AcDbText
  0
TEXT
  5
129
330
2
100
AcDbEntity
  8
PUB_DIM
100
AcDbText
 10
685244.7482235418
 20
2545541.012314842
 30
0.0
 40
2.156544
  1
- -
 41
0.8
  7
天正
100
AcDbText
  0
TEXT
  5
12A
330
2
100
AcDbEntity
  8
PUB_DIM
100
AcDbText
 10
685137.1176593367
 20
2545541.179897476
 30
0.0
 40
1.7252352
  1
6F
 41
0.6
  7
天正
100
AcDbText
  0
LWPOLYLINE
  5
12B
330
2
100
AcDbEntity
  8
PUB_TEXT
100
AcDbPolyline
 90
        2
 70
   128
 43
0.0
 10
685338.0668357035
 20
2545536.599599711
 10
685369.8039710728
 20
2545536.599599707
  0
TEXT
  5
12C
330
2
100
AcDbEntity
  8
PUB_TEXT
100
AcDbText
 10
685351.6111680031
 20
2545537.405556242
 30
0.0
 40
1.036799999999999
  1
双层机械停车架
 41
0.7
  7
黑体
100
AcDbText
  0
LWPOLYLINE
  5
12D
330
2
100
AcDbEntity
  8
PUB_TEXT
100
AcDbPolyline
 90
        2
 70
   128
 43
0.0
 10
685338.0668357054
 20
2545571.03660109
 10
685369.8039710751
 20
2545571.036601087
  0
TEXT
  5
12E
330
2
100
AcDbEntity
  8
PUB_TEXT
100
AcDbText
 10
685351.5768494552
 20
2545569.309815193
 30
0.0
 40
1.036799999999999
  1
建筑最高点设计高度(m)
 41
0.7
  7
黑体
100
AcDbText
  0
TEXT
  5
12F
330
2
100
AcDbEntity
  8
Z-文字
100
AcDbText
 10
685342.1440032133
 20
2545569.405684773
 30
0.0
 40
0.8
  1
HG=23.50M
 41
0.8
  7
黑体
100
AcDbText
  0
INSERT
  5
130
330
2
100
AcDbEntity
  8
PLAN_道路
  6
Continuous
100
AcDbBlockReference
  2
111111
 10
21628.67337939551
 20
69255.57453710911
 30
0.0
 41
0.9599999999999999
 42
0.9599999999999999
 43
0.9599999999999999
  0
LWPOLYLINE
  5
131
330
2
100
AcDbEntity
  8
PUB_DIM
100
AcDbPolyline
 90
        2
 70
     0
 43
0.0
 10
685197.7998502004
 20
2545530.720659087
 10
685197.7998502004
 20
2545553.456603337
  0
LWPOLYLINE
  5
133
330
2
100
AcDbEntity
  8
PUB_DIM
100
AcDbPolyline
 90
        2
 70
     0
 43
0.0
 10
685213.9776224311
 20
2545530.720659087
 10
685213.9776224311
 20
2545553.456603337
  0
LWPOLYLINE
  5
148
330
2
100
AcDbEntity
  8
PUB_DIM
100
AcDbPolyline
 90
        2
 70
     0
 43
0.0
 10
685126.2222136151
 20
2545533.955475082
 10
685267.1857389701
 20
2545533.955475082
  0
LWPOLYLINE
  5
149
330
2
100
AcDbEntity
  8
PUB_DIM
100
AcDbPolyline
 90
        2
 70
     0
 43
0.0
 10
685122.4804384649
 20
2545530.720659086
 10
685267.1857389701
 20
2545530.720659086
  0
LWPOLYLINE
  5
14A
330
2
100
AcDbEntity
  8
PUB_DIM
100
AcDbPolyline
 90
        2
 70
     0
 43
0.0
 10
685126.2222136151
 20
2545537.190291088
 10
685267.1857389701
 20
2545537.190291088
  0
LWPOLYLINE
  5
14B
330
2
100
AcDbEntity
  8
PUB_DIM
100
AcDbPolyline
 90
        2
 70
     0
 43
0.0
 10
685126.2222136151
 20
2545540.398395666
 10
685126.2222136151
 20
2545530.693947676
  0
TEXT
  5
14C
330
2
100
AcDbEntity
  8
PUB_DIM
100
AcDbText
 10
685121.5779749553
 20
2545535.378388844
 30
0.0
 40
2.156544
  1
其中
 41
0.8
  7
天正
100
AcDbText
  0
TEXT
  5
14D
330
2
100
AcDbEntity
  8
PUB_DIM
100
AcDbText
 10
685126.5718570072
 20
2545537.79415479
 30
0.0
 40
2.156544
  1
活动室
 41
0.8
  7
天正
100
AcDbText
  0
TEXT
  5
14E
330
2
100
AcDbEntity
  8
PUB_DIM
100
AcDbText
 10
685126.5718570072
 20
2545534.559338785
 30
0.0
 40
2.156544
  1
宿舍
 41
0.8
  7
天正
100
AcDbText
  0
TEXT
  5
14F
330
2
100
AcDbEntity
  8
PUB_DIM
100
AcDbText
 10
685234.6933899696
 20
2545537.869731109
 30
0.0
 40
2.156544
  1
二级
 41
0.8
  7
天正
100
AcDbText
  0
TEXT
  5
150
330
2
100
AcDbEntity
  8
PUB_DIM
100
AcDbText
 10
685244.7482235418
 20
2545537.777498854
 30
0.0
 40
2.156544
  1
- -
 41
0.8
  7
天正
100
AcDbText
  0
TEXT
  5
151
330
2
100
AcDbEntity
  8
PUB_DIM
100
AcDbText
 10
685137.1176593367
 20
2545537.945081488
 30
0.0
 40
1.7252352
  1
1F
 41
0.6
  7
天正
100
AcDbText
  0
TEXT
  5
154
330
2
100
AcDbEntity
  8
PUB_DIM
100
AcDbText
 10
685234.6933899696
 20
2545534.634915104
 30
0.0
 40
2.156544
  1
二级
 41
0.8
  7
天正
100
AcDbText
  0
TEXT
  5
155
330
2
100
AcDbEntity
  8
PUB_DIM
100
AcDbText
 10
685244.7482235418
 20
2545534.542682848
 30
0.0
 40
2.156544
  1
- -
 41
0.8
  7
天正
100
AcDbText
  0
TEXT
  5
156
330
2
100
AcDbEntity
  8
PUB_DIM
100
AcDbText
 10
685137.1176593367
 20
2545534.710265482
 30
0.0
 40
1.7252352
  1
2-6F
 41
0.6
  7
天正
100
AcDbText
  0
TEXT
  5
159
330
2
100
AcDbEntity
  8
PUB_DIM
100
AcDbText
 10
685254.9419854705
 20
2545537.869731102
 30
0.0
 40
2.156544
  1
框架
 41
0.8
  7
天正
100
AcDbText
  0
TEXT
  5
15A
330
2
100
AcDbEntity
  8
PUB_DIM
100
AcDbText
 10
685254.9419854705
 20
2545534.634915096
 30
0.0
 40
2.156544
  1
框架
 41
0.8
  7
天正
100
AcDbText
  0
TEXT
  5
15B
330
2
100
AcDbEntity
  8
PUB_DIM
100
AcDbText
 10
685261.2353535085
 20
2545534.515663432
 30
0.0
 40
2.156544
  1
35户
 41
0.8
  7
天正
100
AcDbText
  0
INSERT
  5
15C
330
2
100
AcDbEntity
  8
YSPOINT
100
AcDbBlockReference
  2
雨水井
 10
685352.7660000001
 20
2545375.488
 30
4.793999999999999
 41
0.5
 42
0.5
 43
0.5
1001
GXDATA
1000
＃检查井＃
1001
物探点号
1000
YS24L1054
1001
特征点
1000

1001
附属物
1000
检查井
1001
井深
1000
2.55
1001
备注
1000

1001
立管高度
1000

1001
立管管径
1000

1001
立管材质
1000

1001
权属单位
1000
市政管网
1001
探测单位
1000

1001
探测日期
1000
2024
1001
建设年代
1000

1001
旋转角
1000
0
1001
标识码
1000

1001
代码
1000
YS
1001
X坐标
1000
2545375.488
1001
Y坐标
1000
685352.766
1001
地面高程
1000
4.794
1001
图上点号
1000
3YS24L1054
1001
图幅号
1000

1001
井底高程
1000

1001
泥深
1000
0
1001
偏心井
1000

1001
行政区
1000
三水区
1001
所在道路
1000
汇银二路
1001
管类
1000
雨水
1001
水深
1000
0
1001
PointID
1000

1001
物探点号坐标
1000
685347.391,2545376.464
  0
INSERT
  5
188
330
2
100
AcDbEntity
  8
YSPOINT
100
AcDbBlockReference
  2
雨水井
 10
685449.353
 20
2545283.991
 30
5.142
 41
0.5
 42
0.5
 43
0.5
1001
GXDATA
1000
＃检查井＃
1001
物探点号
1000
YS24L1068
1001
特征点
1000

1001
附属物
1000
检查井
1001
井深
1000
3.05
1001
备注
1000

1001
立管高度
1000

1001
立管管径
1000

1001
立管材质
1000

1001
权属单位
1000
市政管网
1001
探测单位
1000

1001
探测日期
1000
2024
1001
建设年代
1000

1001
旋转角
1000
0
1001
标识码
1000

1001
代码
1000
YS
1001
X坐标
1000
2545283.991
1001
Y坐标
1000
685449.353
1001
地面高程
1000
5.142
1001
图上点号
1000
3YS24L1068
1001
图幅号
1000

1001
井底高程
1000

1001
泥深
1000
0
1001
偏心井
1000

1001
行政区
1000
三水区
1001
所在道路
1000
汇银二路
1001
管类
1000
雨水
1001
水深
1000
0
1001
PointID
1000

1001
物探点号坐标
1000
685450.328,2545284.645
  0
INSERT
  5
189
330
2
100
AcDbEntity
  8
WSPOINT
100
AcDbBlockReference
  2
污水井
 10
685446.6850000001
 20
2545286.527
 30
5.134
 41
0.5
 42
0.5
 43
0.5
1001
GXDATA
1000
＃检查井＃
1001
物探点号
1000
WS24L1562
1001
特征点
1000

1001
附属物
1000
检查井
1001
井深
1000
1.96
1001
备注
1000
满水
1001
立管高度
1000

1001
立管管径
1000

1001
立管材质
1000

1001
权属单位
1000
市政管网
1001
探测单位
1000

1001
探测日期
1000
2024
1001
建设年代
1000

1001
旋转角
1000
0
1001
标识码
1000

1001
代码
1000
WS
1001
X坐标
1000
2545286.527
1001
Y坐标
1000
685446.685
1001
地面高程
1000
5.134
1001
图上点号
1000
3WS24L1562
1001
图幅号
1000

1001
井底高程
1000

1001
泥深
1000
0
1001
偏心井
1000

1001
行政区
1000
三水区
1001
所在道路
1000
汇银二路
1001
管类
1000
污水
1001
水深
1000
0.51
1001
PointID
1000

1001
物探点号坐标
1000
685440.848,2545288.930
  0
LWPOLYLINE
  5
238
330
2
100
AcDbEntity
  8
4
100
AcDbPolyline
 90
        2
 70
     0
 43
0.0
 10
685438.186062167
 20
2544794.027622067
 10
685437.6143456599
 20
2544815.216721923
1001
FS_KZMS
1000
控制模式=
1001
FS_SJLY
1000
数据来源=
1001
FS_BZ
1000
备注=
1001
FS_JSSX
1000
建设时序=
1001
FAPP_DLHX_KG
1000
道路红线=
  0
LWPOLYLINE
  5
23E
330
2
100
AcDbEntity
  8
4
 48
50.0
100
AcDbPolyline
 90
        2
 70
     0
 43
0.0
 10
685437.6143456599
 20
2544815.216721923
 10
685523.3599472633
 20
2544905.407890194
1001
FS_KZMS
1000
控制模式=
1001
FS_SJLY
1000
数据来源=
1001
FS_BZ
1000
备注=
1001
FS_JSSX
1000
建设时序=
1001
FAPP_DLHX_KG
1000
道路红线=
  0
LWPOLYLINE
  5
23F
330
2
100
AcDbEntity
  8
4
100
AcDbPolyline
 90
        4
 70
     0
 43
0.0
 10
685625.4436264608
 20
2544774.963526255
 10
685524.8003703128
 20
2544731.179020362
 10
685500.1419979794
 20
2544735.496066573
 10
685438.186062167
 20
2544794.027622067
1001
FS_KZMS
1000
控制模式=
1001
FS_SJLY
1000
数据来源=
1001
FS_BZ
1000
备注=
1001
FS_JSSX
1000
建设时序=
1001
FAPP_DLHX_KG
1000
道路红线=
  0
LWPOLYLINE
  5
240
330
2
100
AcDbEntity
  8
4
 48
50.0
100
AcDbPolyline
 90
        2
 70
     0
 43
0.0
 10
685401.8304792418
 20
2544828.373787475
 10
685320.2895073137
 20
2544905.407890194
1001
FS_KZMS
1000
控制模式=
1001
FS_SJLY
1000
数据来源=
1001
FS_BZ
1000
备注=
1001
FS_JSSX
1000
建设时序=
1001
FAPP_DLHX_KG
1000
道路红线=
  0
LWPOLYLINE
  5
241
330
2
100
AcDbEntity
  8
4
 48
50.0
100
AcDbPolyline
 90
        2
 70
     0
 43
0.0
 10
685495.7642674652
 20
2544905.407890194
 10
685423.103205249
 20
2544828.979011538
1001
FS_KZMS
1000
控制模式=
1001
FS_SJLY
1000
数据来源=
1001
FS_BZ
1000
备注=
1001
FS_JSSX
1000
建设时序=
1001
FAPP_DLHX_KG
1000
道路红线=
  0
LWPOLYLINE
  5
242
330
2
100
AcDbEntity
  8
4
100
AcDbPolyline
 90
        2
 70
     0
 43
0.0
 10
685401.8304792418
 20
2544828.373787475
 10
685423.1031385893
 20
2544828.978941422
  0
LWPOLYLINE
  5
243
330
2
100
AcDbEntity
  8
4
100
AcDbPolyline
 90
        5
 70
     0
 43
0.0
 10
685369.5806376887
 20
2544666.957677078
 10
685477.2303777197
 20
2544710.842679965
 10
685480.2168643033
 20
2544726.806190172
 10
685293.6454732258
 20
2544903.065552365
 10
685290.7881886706
 20
2544905.407890194
  0
LWPOLYLINE
  5
244
330
2
100
AcDbEntity
  8
4
100
AcDbPolyline
 90
        4
 70
     0
 43
0.0
 10
685625.443626461
 20
2544753.152835852
 10
685498.8464611427
 20
2544698.077170146
 42
-0.0058133007094411
 10
685497.346470257
 20
2544697.445241081
 10
685385.365428191
 20
2544651.794519094
1001
DICAD_PRO_LHB_YJ_NEW
1000

  0
LWPOLYLINE
  5
246
330
2
100
AcDbEntity
  8
4
  6
CENTER
 48
0.01
100
AcDbPolyline
 90
        2
 70
   128
 43
0.0
 10
685508.9789947759
 20
2544713.390639604
 10
685305.7278022848
 20
2544905.407890194
  0
LINE
  5
248
330
2
100
AcDbEntity
  8
4
  6
CENTER
 48
0.01
100
AcDbLine
 10
685509.5622530803
 20
2544905.407890194
 30
0.0
 11
685413.1133837221
 21
2544803.957641131
 31
0.0
1001
FAPP_DLZX
1000
道路中线=
1001
FS_DLMC
1000
道路名称=
1001
FS_TYPE
1000
道路等级=高速公路
1001
FS_DLXS
1000
道路形式=
1001
FS_DLBK
1000
道路板块=一板块
1001
FS_DLDM
1000
道路分幅=0+3.5+8+3.5+0
1001
FD_WIDTH
1000
道路红线宽度=15.00
1001
FD_DLCD
1000
道路长度=
1001
FN_SJCS
1000
设计车速=
1001
FN_ZLCDS
1000
主路车道数=
1001
FN_FLCDS
1000
辅路车道数=
1001
FS_SFSGJZYD
1000
是否设公交专用道=
1001
FS_SFSLD
1000
是否设绿道=
1001
FS_KZMS
1000
控制模式=
1001
FS_JSZT
1000
建设状态=
1001
FS_SJLY
1000
数据来源=
1001
FS_BZ
1000
备注=
1001
FS_JSSX
1000
建设时序=
1001
FS_DLZX
1000
道路走向=南～北
1001
~$FS_CROSS
1000
3:1:-1.00
1001
~$FS_DLHX
1000
0
1001
~$FD_LRWD
1000
7.50
1001
~$FD_RRWD
1000
7.50
1001
~$FD_MODE
1000
1
1001
FS_ENTCODE
1000
实体ID=521445-1CBD9B
  0
LWPOLYLINE
  5
25E
330
2
100
AcDbEntity
  8
4
  6
CENTER
 48
0.01
100
AcDbPolyline
 90
        4
 70
   128
 43
0.0
 10
685625.4436264608
 20
2544764.058181053
 10
685494.8571642712
 20
2544707.246985328
 42
-0.0058133007085837
 10
685493.5714577992
 20
2544706.705331845
 10
685377.4730329398
 20
2544659.376098086
1001
DICAD_PRO_LHB_YJ_NEW
1000

  0
TEXT
  5
25F
330
2
100
AcDbEntity
  8
JT-道路名称-BZ
  6
Continuous
100
AcDbText
 10
685374.7969553495
 20
2544687.537292791
 30
0.0
 40
5.0
  1
公园绿地
 50
25.0
100
AcDbText
  0
LWPOLYLINE
  5
264
330
2
100
AcDbEntity
  8
Z-道路中心线
  6
DOTE
 48
0.003
100
AcDbPolyline
 90
       10
 70
     1
 43
0.3
 10
685466.4570000001
 20
2544739.805433066
 10
685345.1409999999
 20
2544854.224433066
 10
685263.2459999999
 20
2544768.076433066
 10
685266.814
 20
2544764.896433066
 10
685346.8580000001
 20
2544689.275433066
 10
685349.976
 20
2544690.749433066
 10
685354.3940000001
 20
2544692.860433066
 10
685356.666
 20
2544693.953433066
 10
685373.841
 20
2544702.491433066
 10
685397.746
 20
2544712.791433066
  0
LWPOLYLINE
  5
266
330
2
100
AcDbEntity
  8
建筑
100
AcDbPolyline
 90
        4
 70
     1
 43
0.2
 10
685272.6871771202
 20
2544767.229813179
 10
685341.0704809369
 20
2544702.733892695
 10
685378.1213288748
 20
2544742.017918292
 10
685309.7380250581
 20
2544806.513838777
  0
LINE
  5
269
330
2
100
AcDbEntity
  8
4
  6
DASH
 48
5.0
100
AcDbLine
 10
685361.2286938377
 20
2544839.217738983
 30
0.0
 11
685360.1110105586
 21
2544838.032689221
 31
0.0
  0
ARC
  5
26A
330
2
100
AcDbEntity
  8
4
  6
DASH
 48
5.0
100
AcDbCircle
 10
685360.8384925138
 20
2544837.346562407
 30
0.0
 40
1.000000000251571
100
AcDbArc
 50
136.6757107396939
 51
226.6757107962675
  0
LINE
  5
26B
330
2
100
AcDbEntity
  8
4
 48
5.0
100
AcDbLine
 10
685360.1523657001
 20
2544836.619080451
 30
0.0
 11
685432.8920968669
 21
2544768.025858878
 31
0.0
  0
ARC
  5
26C
330
2
100
AcDbEntity
  8
4
 48
5.0
100
AcDbCircle
 10
685433.5782236804
 20
2544768.753340834
 30
0.0
 40
1.000000000026387
100
AcDbArc
 50
226.6757107962675
 51
316.6757107774096
  0
LINE
  5
26D
330
2
100
AcDbEntity
  8
4
 48
5.0
100
AcDbLine
 10
685430.531259205
 20
2544764.065269289
 30
0.0
 11
685435.3593548818
 21
2544769.184370205
 31
0.0
  0
HATCH
  5
26E
330
2
100
AcDbEntity
  8
DIM_ELEV
100
AcDbHatch
 10
0.0
 20
0.0
 30
0.0
210
0.0
220
0.0
230
1.0
  2
SOLID
 70
     1
 71
     0
 91
        1
 92
        7
 72
     0
 73
     1
 93
        3
 10
685443.5558917022
 20
2544768.593789307
 10
685445.6763558101
 20
2544768.654055112
 10
685443.495625898
 20
2544770.714253415
 97
        0
 75
     0
 76
     1
 47
0.0
 98
        1
 10
342721.3820166357
 20
1272119.060555372
450
        0
451
        0
460
0.0
461
0.0
452
        0
462
0.0
453
        0
470

  0
LWPOLYLINE
  5
272
330
2
100
AcDbEntity
  8
建筑
100
AcDbPolyline
 90
        4
 70
     0
 43
0.2
 10
685391.9434860303
 20
2544728.981508832
 10
685394.8534138514
 20
2544726.237001579
 10
685381.9199234141
 20
2544712.523966717
 10
685379.0099955926
 20
2544715.268473972
  0
LWPOLYLINE
  5
273
330
2
100
AcDbEntity
  8
建筑
100
AcDbPolyline
 90
        6
 70
     0
 43
0.2
 10
685391.9434860293
 20
2544728.981508832
 10
685385.3961484297
 20
2544735.156650156
 10
685364.3320552504
 20
2544712.822954121
 10
685368.4787023971
 20
2544708.912031284
 42
0.4142135623649542
 10
685373.1436113353
 20
2544709.048503252
 10
685379.009995592
 20
2544715.268473971
  0
INSERT
  5
274
330
2
100
AcDbEntity
  8
0
100
AcDbBlockReference
  2
JHRTYJF
 10
-1577900.742342529
 20
1122386.93978681
 30
0.0
 41
1.002713087290779
 42
1.002713087290779
 43
1.002713087290779
 50
317.3014590761614
  0
INSERT
  5
27C
330
2
100
AcDbEntity
  8
0
100
AcDbBlockReference
  2
JHRTYJF
 10
-1577896.377446437
 20
1122382.823021818
 30
0.0
 41
1.002713087290779
 42
1.002713087290779
 43
1.002713087290779
 50
317.3014590761614
  0
INSERT
  5
27D
330
2
100
AcDbEntity
  8
0
100
AcDbBlockReference
  2
JHRTYJF
 10
-1577892.012550346
 20
1122378.706256826
 30
0.0
 41
1.002713087290779
 42
1.002713087290779
 43
1.002713087290779
 50
317.3014590761614
  0
INSERT
  5
27E
330
2
100
AcDbEntity
  8
0
100
AcDbBlockReference
  2
JHRTYJF
 10
-1577887.647654254
 20
1122374.589491833
 30
0.0
 41
1.002713087290779
 42
1.002713087290779
 43
1.002713087290779
 50
317.3014590761614
  0
INSERT
  5
27F
330
2
100
AcDbEntity
  8
0
100
AcDbBlockReference
  2
JHRTYJF
 10
-1577883.282758162
 20
1122370.472726841
 30
0.0
 41
1.002713087290779
 42
1.002713087290779
 43
1.002713087290779
 50
317.3014590761614
  0
INSERT
  5
280
330
2
100
AcDbEntity
  8
0
100
AcDbBlockReference
  2
JHRTYJF
 10
-1577878.91786207
 20
1122366.355961848
 30
0.0
 41
1.002713087290779
 42
1.002713087290779
 43
1.002713087290779
 50
317.3014590761614
  0
INSERT
  5
281
330
2
100
AcDbEntity
  8
0
100
AcDbBlockReference
  2
JHRTYJF
 10
-1577874.552965979
 20
1122362.239196856
 30
0.0
 41
1.002713087290779
 42
1.002713087290779
 43
1.002713087290779
 50
317.3014590761614
  0
INSERT
  5
282
330
2
100
AcDbEntity
  8
0
100
AcDbBlockReference
  2
JHRTYJF
 10
-1577870.188069887
 20
1122358.122431863
 30
0.0
 41
1.002713087290779
 42
1.002713087290779
 43
1.002713087290779
 50
317.3014590761614
  0
INSERT
  5
283
330
2
100
AcDbEntity
  8
0
100
AcDbBlockReference
  2
JHRTYJF
 10
-1577865.823173796
 20
1122354.005666871
 30
0.0
 41
1.002713087290779
 42
1.002713087290779
 43
1.002713087290779
 50
317.3014590761614
  0
INSERT
  5
284
330
2
100
AcDbEntity
  8
0
100
AcDbBlockReference
  2
JHRTYJF
 10
-1577861.458277704
 20
1122349.888901878
 30
0.0
 41
1.002713087290779
 42
1.002713087290779
 43
1.002713087290779
 50
317.3014590761614
  0
INSERT
  5
285
330
2
100
AcDbEntity
  8
0
100
AcDbBlockReference
  2
JHRTYJF
 10
-1577857.093381612
 20
1122345.772136886
 30
0.0
 41
1.002713087290779
 42
1.002713087290779
 43
1.002713087290779
 50
317.3014590761614
  0
INSERT
  5
286
330
2
100
AcDbEntity
  8
0
100
AcDbBlockReference
  2
JHRTYJF
 10
-1577852.728485521
 20
1122341.655371893
 30
0.0
 41
1.002713087290779
 42
1.002713087290779
 43
1.002713087290779
 50
317.3014590761614
  0
INSERT
  5
287
330
2
100
AcDbEntity
  8
0
100
AcDbBlockReference
  2
JHRTYJF
 10
-1577896.925832529
 20
1122396.536437425
 30
0.0
 41
1.002713087290779
 42
1.002713087290779
 43
1.002713087290779
 50
317.3014590761614
  0
INSERT
  5
288
330
2
100
AcDbEntity
  8
0
100
AcDbBlockReference
  2
JHRTYJF
 10
-1577892.560936438
 20
1122392.419672432
 30
0.0
 41
1.002713087290779
 42
1.002713087290779
 43
1.002713087290779
 50
317.3014590761614
  0
INSERT
  5
289
330
2
100
AcDbEntity
  8
0
100
AcDbBlockReference
  2
JHRTYJF
 10
-1577888.196040346
 20
1122388.30290744
 30
0.0
 41
1.002713087290779
 42
1.002713087290779
 43
1.002713087290779
 50
317.3014590761614
  0
INSERT
  5
28A
330
2
100
AcDbEntity
  8
0
100
AcDbBlockReference
  2
JHRTYJF
 10
-1577883.831144255
 20
1122384.186142447
 30
0.0
 41
1.002713087290779
 42
1.002713087290779
 43
1.002713087290779
 50
317.3014590761614
  0
INSERT
  5
28B
330
2
100
AcDbEntity
  8
0
100
AcDbBlockReference
  2
JHRTYJF
 10
-1577879.466248163
 20
1122380.069377455
 30
0.0
 41
1.002713087290779
 42
1.002713087290779
 43
1.002713087290779
 50
317.3014590761614
  0
INSERT
  5
28C
330
2
100
AcDbEntity
  8
0
100
AcDbBlockReference
  2
JHRTYJF
 10
-1577875.101352072
 20
1122375.952612463
 30
0.0
 41
1.002713087290779
 42
1.002713087290779
 43
1.002713087290779
 50
317.3014590761614
  0
INSERT
  5
28D
330
2
100
AcDbEntity
  8
0
100
AcDbBlockReference
  2
JHRTYJF
 10
-1577870.73645598
 20
1122371.83584747
 30
0.0
 41
1.002713087290779
 42
1.002713087290779
 43
1.002713087290779
 50
317.3014590761614
  0
INSERT
  5
28E
330
2
100
AcDbEntity
  8
0
100
AcDbBlockReference
  2
JHRTYJF
 10
-1577866.371559889
 20
1122367.719082477
 30
0.0
 41
1.002713087290779
 42
1.002713087290779
 43
1.002713087290779
 50
317.3014590761614
  0
INSERT
  5
28F
330
2
100
AcDbEntity
  8
0
100
AcDbBlockReference
  2
JHRTYJF
 10
-1577862.006663797
 20
1122363.602317485
 30
0.0
 41
1.002713087290779
 42
1.002713087290779
 43
1.002713087290779
 50
317.3014590761614
  0
INSERT
  5
290
330
2
100
AcDbEntity
  8
0
100
AcDbBlockReference
  2
JHRTYJF
 10
-1577857.641767706
 20
1122359.485552492
 30
0.0
 41
1.002713087290779
 42
1.002713087290779
 43
1.002713087290779
 50
317.3014590761614
  0
INSERT
  5
291
330
2
100
AcDbEntity
  8
0
100
AcDbBlockReference
  2
JHRTYJF
 10
-1577853.276871614
 20
1122355.3687875
 30
0.0
 41
1.002713087290779
 42
1.002713087290779
 43
1.002713087290779
 50
317.3014590761614
  0
INSERT
  5
292
330
2
100
AcDbEntity
  8
0
100
AcDbBlockReference
  2
JHRTYJF
 10
-1577848.911994504
 20
1122351.252040409
 30
0.0
 41
1.002713087290779
 42
1.002713087290779
 43
1.002713087290779
 50
317.3014590761614
  0
INSERT
  5
293
330
2
100
AcDbEntity
  8
0
100
AcDbBlockReference
  2
JHRTYJF
 10
-1577844.547098412
 20
1122347.135275417
 30
0.0
 41
1.002713087290779
 42
1.002713087290779
 43
1.002713087290779
 50
317.3014590761614
  0
INSERT
  5
294
330
2
100
AcDbEntity
  8
0
100
AcDbBlockReference
  2
JHRTYJF
 10
-1577840.18220232
 20
1122343.018510425
 30
0.0
 41
1.002713087290779
 42
1.002713087290779
 43
1.002713087290779
 50
317.3014590761614
  0
INSERT
  5
295
330
2
100
AcDbEntity
  8
0
100
AcDbBlockReference
  2
JHRTYJF
 10
-1577822.725882182
 20
1122326.554465851
 30
0.0
 41
1.002713087290779
 42
1.002713087290779
 43
1.002713087290779
 50
317.3014590761614
  0
INSERT
  5
296
330
2
100
AcDbEntity
  8
0
100
AcDbBlockReference
  2
JHRTYJF
 10
-1577827.087552007
 20
1122330.66825125
 30
0.0
 41
1.002713087290779
 42
1.002713087290779
 43
1.002713087290779
 50
317.3014590761614
  0
INSERT
  5
297
330
2
100
AcDbEntity
  8
0
100
AcDbBlockReference
  2
43TGTRHFD
 10
2066742.004927898
 20
299734.1392795481
 30
0.0
 50
46.67571079169093
  0
INSERT
  5
29D
330
2
100
AcDbEntity
  8
0
100
AcDbBlockReference
  2
45TGHHSAAAA
 10
2066779.398631013
 20
299771.2087902255
 30
0.0
 50
46.67571078562544
  0
INSERT
  5
2A3
330
2
100
AcDbEntity
  8
0
100
AcDbBlockReference
  2
45TGHHSAAAA
 10
2066777.75192666
 20
299769.4628335322
 30
0.0
 50
46.67571078562544
  0
INSERT
  5
2A4
330
2
100
AcDbEntity
  8
0
100
AcDbBlockReference
  2
45TGHHSAAAA
 10
2066776.105222307
 20
299767.7168768388
 30
0.0
 50
46.67571078562544
  0
INSERT
  5
2A5
330
2
100
AcDbEntity
  8
0
100
AcDbBlockReference
  2
45TGHHSAAAA
 10
2066774.458517954
 20
299765.9709201455
 30
0.0
 50
46.67571078562544
  0
INSERT
  5
2A6
330
2
100
AcDbEntity
  8
0
100
AcDbBlockReference
  2
45TGHHSAAAA
 10
2066772.811813601
 20
299764.2249634522
 30
0.0
 50
46.67571078562544
  0
INSERT
  5
2A7
330
2
100
AcDbEntity
  8
0
100
AcDbBlockReference
  2
45TGHHSAAAA
 10
2066771.165109249
 20
299762.4790067589
 30
0.0
 50
46.67571078562544
  0
INSERT
  5
2A8
330
2
100
AcDbEntity
  8
0
100
AcDbBlockReference
  2
45TGHHSAAAA
 10
2066769.518404896
 20
299760.7330500656
 30
0.0
 50
46.67571078562544
  0
INSERT
  5
2A9
330
2
100
AcDbEntity
  8
0
100
AcDbBlockReference
  2
45TGHHSAAAA
 10
2066767.871700545
 20
299758.9870933751
 30
0.0
 50
46.67571078562544
  0
INSERT
  5
2AA
330
2
100
AcDbEntity
  8
0
100
AcDbBlockReference
  2
45TGHHSAAAA
 10
2066766.224996193
 20
299757.2411366813
 30
0.0
 50
46.67571078562544
  0
INSERT
  5
2AB
330
2
100
AcDbEntity
  8
0
100
AcDbBlockReference
  2
45TGHHSAAAA
 10
2066764.57829184
 20
299755.495179988
 30
0.0
 50
46.67571078562544
  0
INSERT
  5
2AC
330
2
100
AcDbEntity
  8
0
100
AcDbBlockReference
  2
45TGHHSAAAA
 10
2066762.931587488
 20
299753.7492232965
 30
0.0
 50
46.67571078562544
  0
INSERT
  5
2AD
330
2
100
AcDbEntity
  8
0
100
AcDbBlockReference
  2
45TGHHSAAAA
 10
2066761.284883136
 20
299752.0032666028
 30
0.0
 50
46.67571078562544
  0
INSERT
  5
2AE
330
2
100
AcDbEntity
  8
0
100
AcDbBlockReference
  2
45TGHHSAAAA
 10
2066759.638178782
 20
299750.2573099095
 30
0.0
 50
46.67571078562544
  0
INSERT
  5
2AF
330
2
100
AcDbEntity
  8
0
100
AcDbBlockReference
  2
45TGHHSAAAA
 10
2066757.99147443
 20
299748.5113532162
 30
0.0
 50
46.67571078562544
  0
INSERT
  5
2B0
330
2
100
AcDbEntity
  8
0
100
AcDbBlockReference
  2
45TGHHSAAAA
 10
2066756.344770077
 20
299746.7653965228
 30
0.0
 50
46.67571078562544
  0
INSERT
  5
2B1
330
2
100
AcDbEntity
  8
0
100
AcDbBlockReference
  2
45TGHHSAAAA
 10
2066754.698065724
 20
299745.0194398295
 30
0.0
 50
46.67571078562544
  0
HATCH
  5
2B2
330
2
100
AcDbEntity
  8
9
  6
Continuous
100
AcDbHatch
 10
0.0
 20
0.0
 30
0.0
210
0.0
220
0.0
230
1.0
  2
CROSS
 70
     0
 71
     0
 91
        1
 92
        1
 93
        7
 72
     1
 10
685437.3274154889
 20
2544743.03025282
 11
685419.9496938766
 21
2544724.60511821
 72
     1
 10
685419.9496938766
 20
2544724.60511821
 11
685416.5305286828
 21
2544727.829914236
 72
     1
 10
685416.5305286828
 20
2544727.829914236
 11
685409.9437112764
 21
2544720.846087464
 72
     1
 10
685409.9437112764
 20
2544720.846087464
 11
685407.2931104989
 21
2544722.533911365
 72
     1
 10
685407.2931104989
 20
2544722.533911365
 11
685409.1629898636
 21
2544717.470903341
 72
     1
 10
685409.1629898636
 20
2544717.470903341
 11
685448.1390604329
 21
2544732.614309133
 72
     1
 10
685448.1390604329
 20
2544732.614309133
 11
685437.3274154889
 21
2544743.03025282
 97
        0
 75
     1
 76
     1
 52
0.0
 41
0.2
 77
     0
 78
     2
 53
0.0
 43
0.0
 44
0.0
 45
1.27
 46
1.27
 79
     2
 49
0.635
 49
-1.905
 53
90.0
 43
0.3175
 44
-0.3175
 45
-1.27
 46
1.27
 79
     2
 49
0.635
 49
-1.905
 98
        1
 10
0.0
 20
-531.2525669340975
1001
ACAD
1010
0.0
1020
0.0
1030
0.0
  0
LINE
  5
2B4
330
2
100
AcDbEntity
  8
4
 48
5.0
100
AcDbLine
 10
685352.3887085835
 20
2544847.334533191
 30
0.0
 11
685352.0662709496
 21
2544846.995350613
 31
0.0
  0
LINE
  5
2B5
330
2
100
AcDbEntity
  8
4
 48
5.0
100
AcDbLine
 10
685349.2444756056
 20
2544846.918366676
 30
0.0
 11
685348.7860976887
 21
2544847.319874708
 31
0.0
  0
ARC
  5
2B6
330
2
100
AcDbEntity
  8
4
 48
5.0
100
AcDbCircle
 10
685350.6167292329
 20
2544848.373330587
 30
0.0
 40
2.0
100
AcDbArc
 50
226.6757107962675
 51
316.4497892815085
  0
INSERT
  5
2B7
330
2
100
AcDbEntity
  8
0
100
AcDbBlockReference
  2
JHRTYJF
 10
-1577740.857508516
 20
1122236.844867574
 30
0.0
 41
1.002713087290779
 42
1.002713087290779
 43
1.002713087290779
 50
317.30624363396
  0
INSERT
  5
2B8
330
2
100
AcDbEntity
  8
0
100
AcDbBlockReference
  2
JHRTYJF
 10
-1577736.492268664
 20
1122232.728467092
 30
0.0
 41
1.002713087290779
 42
1.002713087290779
 43
1.002713087290779
 50
317.30624363396
  0
INSERT
  5
2B9
330
2
100
AcDbEntity
  8
0
100
AcDbBlockReference
  2
JHRTYJF
 10
-1577732.127028812
 20
1122228.612066611
 30
0.0
 41
1.002713087290779
 42
1.002713087290779
 43
1.002713087290779
 50
317.30624363396
  0
INSERT
  5
2BA
330
2
100
AcDbEntity
  8
0
100
AcDbBlockReference
  2
JHRTYJF
 10
-1577727.76178896
 20
1122224.49566613
 30
0.0
 41
1.002713087290779
 42
1.002713087290779
 43
1.002713087290779
 50
317.30624363396
  0
INSERT
  5
2BB
330
2
100
AcDbEntity
  8
0
100
AcDbBlockReference
  2
JHRTYJF
 10
-1577723.396549108
 20
1122220.379265649
 30
0.0
 41
1.002713087290779
 42
1.002713087290779
 43
1.002713087290779
 50
317.30624363396
  0
INSERT
  5
2BC
330
2
100
AcDbEntity
  8
0
100
AcDbBlockReference
  2
JHRTYJF
 10
-1577719.031328239
 20
1122216.262883068
 30
0.0
 41
1.002713087290779
 42
1.002713087290779
 43
1.002713087290779
 50
317.30624363396
  0
INSERT
  5
2BD
330
2
100
AcDbEntity
  8
0
100
AcDbBlockReference
  2
JHRTYJF
 10
-1577714.666088387
 20
1122212.146482587
 30
0.0
 41
1.002713087290779
 42
1.002713087290779
 43
1.002713087290779
 50
317.30624363396
  0
INSERT
  5
2BE
330
2
100
AcDbEntity
  8
0
100
AcDbBlockReference
  2
JHRTYJF
 10
-1577710.300848535
 20
1122208.030082106
 30
0.0
 41
1.002713087290779
 42
1.002713087290779
 43
1.002713087290779
 50
317.30624363396
  0
INSERT
  5
2BF
330
2
100
AcDbEntity
  8
0
100
AcDbBlockReference
  2
JHRTYJF
 10
-1577705.935608683
 20
1122203.913681625
 30
0.0
 41
1.002713087290779
 42
1.002713087290779
 43
1.002713087290779
 50
317.30624363396
  0
INSERT
  5
2C0
330
2
100
AcDbEntity
  8
0
100
AcDbBlockReference
  2
JHRTYJF
 10
-1577701.570368831
 20
1122199.797281143
 30
0.0
 41
1.002713087290779
 42
1.002713087290779
 43
1.002713087290779
 50
317.30624363396
  0
INSERT
  5
2C1
330
2
100
AcDbEntity
  8
0
100
AcDbBlockReference
  2
JHRTYJF
 10
-1577697.205128979
 20
1122195.680880662
 30
0.0
 41
1.002713087290779
 42
1.002713087290779
 43
1.002713087290779
 50
317.30624363396
  0
INSERT
  5
2C2
330
2
100
AcDbEntity
  8
0
100
AcDbBlockReference
  2
JHRTYJF
 10
-1577692.839889127
 20
1122191.564480181
 30
0.0
 41
1.002713087290779
 42
1.002713087290779
 43
1.002713087290779
 50
317.30624363396
  0
INSERT
  5
2C3
330
2
100
AcDbEntity
  8
0
100
AcDbBlockReference
  2
JHRTYJF
 10
-1577688.474649275
 20
1122187.4480797
 30
0.0
 41
1.002713087290779
 42
1.002713087290779
 43
1.002713087290779
 50
317.30624363396
  0
INSERT
  5
2C4
330
2
100
AcDbEntity
  8
0
100
AcDbBlockReference
  2
JHRTYJF
 10
-1577684.109409423
 20
1122183.331679218
 30
0.0
 41
1.002713087290779
 42
1.002713087290779
 43
1.002713087290779
 50
317.30624363396
  0
INSERT
  5
2C5
330
2
100
AcDbEntity
  8
0
100
AcDbBlockReference
  2
JHRTYJF
 10
-1577679.744169571
 20
1122179.215278737
 30
0.0
 41
1.002713087290779
 42
1.002713087290779
 43
1.002713087290779
 50
317.30624363396
  0
INSERT
  5
2C6
330
2
100
AcDbEntity
  8
0
100
AcDbBlockReference
  2
JHRTYJF
 10
-1577675.378929719
 20
1122175.098878256
 30
0.0
 41
1.002713087290779
 42
1.002713087290779
 43
1.002713087290779
 50
317.30624363396
  0
LINE
  5
2C7
330
2
100
AcDbEntity
  8
1绿地填充
  6
Continuous
100
AcDbLine
 10
685348.3137814912
 20
2544689.963637658
 30
0.0
 11
685348.3143591581
 21
2544689.963091911
 31
0.0
  0
LWPOLYLINE
  5
2C8
330
2
100
AcDbEntity
  8
建筑
100
AcDbPolyline
 90
        4
 70
     1
 43
0.2
 10
685403.0869355529
 20
2544734.966785102
 10
685324.5188844216
 20
2544809.06848092
 10
685351.963956968
 20
2544838.16775914
 10
685430.531259205
 20
2544764.065269289
  0
INSERT
  5
2C9
330
2
100
AcDbEntity
  8
0
100
AcDbBlockReference
  2
43TGTRHFD
 10
2066743.65163225
 20
299735.8852362419
 30
0.0
 50
46.67571079169093
  0
INSERT
  5
2CA
330
2
100
AcDbEntity
  8
0
100
AcDbBlockReference
  2
43TGTRHFD
 10
2066745.298336602
 20
299737.6311929357
 30
0.0
 50
46.67571079169093
  0
INSERT
  5
2CB
330
2
100
AcDbEntity
  8
0
100
AcDbBlockReference
  2
43TGTRHFD
 10
2066746.945040954
 20
299739.3771496295
 30
0.0
 50
46.67571079169093
  0
INSERT
  5
2CE
330
2
100
AcDbEntity
  8
PLAN_道路
  6
Continuous
100
AcDbBlockReference
  2
111111
 10
21558.43613850128
 20
68470.13379676361
 30
0.0
 41
0.9599999999999999
 42
0.9599999999999999
 43
0.9599999999999999
  0
HATCH
  5
2D3
330
2
100
AcDbEntity
  8
DIM_ELEV
100
AcDbHatch
 10
0.0
 20
0.0
 30
0.0
210
0.0
220
0.0
230
1.0
  2
SOLID
 70
     1
 71
     0
 91
        1
 92
        7
 72
     0
 73
     1
 93
        3
 10
685360.8561792518
 20
2544847.037602691
 10
685362.9766433598
 20
2544847.097868496
 10
685360.7959134476
 20
2544849.1580668
 97
        0
 75
     0
 76
     1
 47
0.0
 98
        1
 10
342638.6823041853
 20
1272197.504368756
450
        0
451
        0
460
0.0
461
0.0
452
        0
462
0.0
453
        0
470

  0
MTEXT
  5
2DC
102
{ACAD_XDICTIONARY
360
D73
102
}
330
2
100
AcDbEntity
  8
0
  6
DASHED
100
AcDbMText
 10
685385.1482695098
 20
2544825.611807252
 30
-9994.400009999999
 40
4.0
 41
22.03576472913846
 46
43.15337259415535
 71
     1
 72
     1
  1
汇\P银\P二\P路
 11
0.7021292503865001
 21
0.7120495177666311
 31
0.0
 73
     1
 44
1.0
1001
ACAD
1000
ACAD_MTEXT_DEFINED_HEIGHT_BEGIN
1070
    46
1040
43.15337259415535
1000
ACAD_MTEXT_DEFINED_HEIGHT_END
  0
INSERT
  5
2DE
330
2
100
AcDbEntity
  8
0
100
AcDbBlockReference
  2
JHRTYJF
 10
2098823.400485632
 20
276034.0047427523
 30
0.0
 41
1.002713087290779
 42
1.002713087290779
 43
1.002713087290779
 50
47.07561434724278
  0
INSERT
  5
2DF
330
2
100
AcDbEntity
  8
0
100
AcDbBlockReference
  2
JHRTYJF
 10
2098794.462906154
 20
276003.5643667053
 30
0.0
 41
1.002713087290779
 42
1.002713087290779
 43
1.002713087290779
 50
47.07561434724278
  0
INSERT
  5
2E0
330
2
100
AcDbEntity
  8
0
100
AcDbBlockReference
  2
JHRTYJF
 10
2098798.596846078
 20
276007.9129918553
 30
0.0
 41
1.002713087290779
 42
1.002713087290779
 43
1.002713087290779
 50
47.07561434724278
  0
INSERT
  5
2E1
330
2
100
AcDbEntity
  8
0
100
AcDbBlockReference
  2
JHRTYJF
 10
2098802.730786003
 20
276012.2616170054
 30
0.0
 41
1.002713087290779
 42
1.002713087290779
 43
1.002713087290779
 50
47.07561434724278
  0
INSERT
  5
2E2
330
2
100
AcDbEntity
  8
0
100
AcDbBlockReference
  2
JHRTYJF
 10
2098806.864758505
 20
276016.6102111857
 30
0.0
 41
1.002713087290779
 42
1.002713087290779
 43
1.002713087290779
 50
47.07561434724278
  0
INSERT
  5
2E3
330
2
100
AcDbEntity
  8
0
100
AcDbBlockReference
  2
JHRTYJF
 10
2098810.99870929
 20
276020.958826012
 30
0.0
 41
1.002713087290779
 42
1.002713087290779
 43
1.002713087290779
 50
47.07561434724278
  0
INSERT
  5
2E4
330
2
100
AcDbEntity
  8
0
100
AcDbBlockReference
  2
JHRTYJF
 10
2098815.132660075
 20
276025.3074408388
 30
0.0
 41
1.002713087290779
 42
1.002713087290779
 43
1.002713087290779
 50
47.07561434724278
  0
INSERT
  5
2E5
330
2
100
AcDbEntity
  8
0
100
AcDbBlockReference
  2
JHRTYJF
 10
2098819.266610859
 20
276029.6560556656
 30
0.0
 41
1.002713087290779
 42
1.002713087290779
 43
1.002713087290779
 50
47.07561434724278
  0
LWPOLYLINE
  5
2E6
330
2
100
AcDbEntity
  8
PLAN_道路
  6
Continuous
100
AcDbPolyline
 90
       16
 70
     1
 43
0.0
 10
685324.3661305199
 20
2544815.549960413
 10
685346.1552215287
 20
2544838.651884548
 42
-0.231662148471927
 10
685353.5646348785
 20
2544841.435288434
 42
0.0915313803440746
 10
685358.2670279187
 20
2544841.843602317
 10
685354.5557382438
 20
2544845.343899502
 42
0.2441045659668169
 10
685343.2453214441
 20
2544841.396421212
 10
685321.4563729986
 20
2544818.29464823
 42
0.4142191544745625
 10
685321.9938195355
 20
2544799.917553662
 10
685393.2500090301
 20
2544732.71206233
 42
0.4139695228770031
 10
685411.6194872284
 20
2544733.24180177
 10
685440.7362820997
 20
2544764.062070588
 10
685437.8009683887
 20
2544766.831291229
 10
685408.7170127238
 20
2544735.994199785
 42
-0.4142142696238898
 10
685395.9945188901
 20
2544735.6219877
 10
685324.7383267957
 20
2544802.82748149
 42
-0.4142195416219512
 10
685324.3661305203
 20
2544815.549960413
  0
HATCH
  5
2E7
330
2
100
AcDbEntity
  8
9
  6
Continuous
100
AcDbHatch
 10
0.0
 20
0.0
 30
0.0
210
0.0
220
0.0
230
1.0
  2
AR-CONC
 70
     0
 71
     1
 91
        3
 92
        1
 93
        4
 72
     1
 10
685401.4414781353
 20
2544733.220916955
 11
685392.7117644051
 21
2544741.454372947
 72
     1
 10
685392.7117644051
 20
2544741.454372947
 11
685394.3584180034
 21
2544743.200377508
 72
     1
 10
685394.3584180034
 20
2544743.200377508
 11
685403.088179313
 21
2544734.966865591
 72
     1
 10
685403.088179313
 20
2544734.966865591
 11
685401.4414781353
 21
2544733.220916955
 97
        0
 92
        1
 93
        4
 72
     1
 10
685383.9819414114
 20
2544749.687920946
 11
685385.6286425892
 21
2544751.433869582
 72
     1
 10
685385.6286425892
 20
2544751.433869582
 11
685324.5201261625
 21
2544809.068563313
 72
     1
 10
685324.5201261625
 20
2544809.068563313
 11
685322.8734745835
 21
2544807.322556847
 72
     1
 10
685322.8734745835
 20
2544807.322556847
 11
685383.9819414114
 21
2544749.687920946
 97
        0
 92
       33
 93
        4
 72
     1
 10
685371.4356538502
 20
2544748.324786522
 11
685373.0823593886
 21
2544750.070731051
 72
     1
 10
685373.0823593886
 20
2544750.070731051
 11
685320.7036161629
 21
2544799.471912698
 72
     1
 10
685320.7036161629
 20
2544799.471912698
 11
685319.0569094699
 21
2544797.725958214
 72
     1
 10
685319.0569094699
 20
2544797.725958214
 11
685371.4356483362
 21
2544748.324780676
 97
        0
 75
     1
 76
     1
 52
0.0
 41
1.2
 77
     0
 78
    13
 53
50.0
 43
0.0012437602272257
 44
-531.2524864454753
 45
2.186216027952048
 46
-0.1912690264668369
 79
     2
 49
0.2286
 49
-2.5146
 53
355.0
 43
0.0012437602272257
 44
-531.2524864454753
 45
-0.4229139117080038
 46
2.29267971458616
 79
     2
 49
0.18288
 49
-2.01168
 53
100.451
 43
0.1834277602611109
 44
-531.268425445538
 45
1.763310019991511
 46
2.101400253843503
 79
     2
 49
0.19428
 49
-2.13708
 53
46.18420000000001
 43
0.0012437602272257
 44
-530.6428864453919
 45
3.252948490705559
 46
-0.5045079351927257
 79
     2
 49
0.3428999999999998
 49
-3.771899999999999
 53
96.6356
 43
0.2723225601948798
 44
-530.6849284456111
 45
2.848850813594846
 46
2.969106670680591
 79
     2
 49
0.2914200000000001
 49
-3.20562
 53
351.184
 43
0.0012437602272257
 44
-530.6428864453919
 45
2.848855269767207
 46
2.969101414327173
 79
     2
 49
0.2743200000000001
 49
-3.01752
 53
21.0
 43
0.306043760268949
 44
-530.7952864454128
 45
1.819378558024599
 46
-1.22718622220115
 79
     2
 49
0.2286
 49
-2.5146
 53
326.0
 43
0.306043760268949
 44
-530.7952864454128
 45
0.7416243401717651
 46
2.210255593467831
 79
     2
 49
0.18288
 49
-2.01168
 53
71.45140000000001
 43
0.4576577602420003
 44
-530.8975516455247
 45
2.560997889241493
 46
0.9830742925926895
 79
     2
 49
0.19428
 49
-2.13708
 53
37.5
 43
0.0012437602272257
 44
-531.2524864454753
 45
0.0370632390071019
 46
1.014660466477837
 79
     6
 49
0.0
 49
-1.987296
 49
0.0
 49
-2.04216
 49
0.0
 49
-2.0193
 53
7.499999999999999
 43
0.0012437602272257
 44
-531.2524864454753
 45
0.8018359501236689
 46
1.202166897817434
 79
     6
 49
0.0
 49
-1.164336
 49
0.0
 49
-1.941576
 49
0.0
 49
-0.7696200000000001
 53
327.5
 43
-0.6784602397819981
 44
-531.2524864454753
 45
1.627087142002457
 46
-0.0687449279120812
 79
     6
 49
0.0
 49
-0.7620000000000001
 49
0.0
 49
-2.37744
 49
0.0
 49
-3.15468
 53
317.5
 43
-0.9832602398237213
 44
-531.2524864454753
 45
1.777550176632216
 46
0.3051178923999964
 79
     6
 49
0.0
 49
-0.9906000000000002
 49
0.0
 49
-1.578864
 49
0.0
 49
-2.24028
 98
        1
 10
0.0012437602272257
 20
-531.2524864454753
1001
ACAD
1010
0.0
1020
0.0
1030
0.0
  0
INSERT
  5
2E8
330
2
100
AcDbEntity
  8
T1-图例$0$A-Stnd
100
AcDbBlockReference
  2
T1-图例$0$A$C6C161DE2
 10
685363.2476935977
 20
2544703.947486148
 30
0.0
 41
0.001
 42
0.001
 43
0.001
 50
46.67571078596392
  0
INSERT
  5
302
330
2
100
AcDbEntity
  8
T1-图例$0$A-Stnd
100
AcDbBlockReference
  2
T1-图例$0$A$C6C161DE2
 10
685365.7177501266
 20
2544706.566421188
 30
0.0
 41
0.001
 42
0.001
 43
0.001
 50
46.67571078596392
  0
INSERT
  5
303
330
2
100
AcDbEntity
  8
0
100
AcDbBlockReference
  2
43TGTRHFD
 10
978754.0357424864
 20
-74823.6440121741
 30
0.0
 50
21.46147902869366
  0
INSERT
  5
304
330
2
100
AcDbEntity
  8
0
100
AcDbBlockReference
  2
43TGTRHFD
 10
978740.6341842986
 20
-74828.91262092488
 30
0.0
 50
21.46147902869366
  0
INSERT
  5
305
330
2
100
AcDbEntity
  8
0
100
AcDbBlockReference
  2
43TGTRHFD
 10
2066693.661486034
 20
299715.4942786289
 30
0.0
 50
46.67571077331962
  0
INSERT
  5
306
330
2
100
AcDbEntity
  8
0
100
AcDbBlockReference
  2
43TGTRHFD
 10
2066692.014781681
 20
299713.748321936
 30
0.0
 50
46.67571077331962
  0
INSERT
  5
307
330
2
100
AcDbEntity
  8
0
100
AcDbBlockReference
  2
43TGTRHFD
 10
2066690.368077328
 20
299712.0023652432
 30
0.0
 50
46.67571077331962
  0
INSERT
  5
308
330
2
100
AcDbEntity
  8
0
100
AcDbBlockReference
  2
43TGTRHFD
 10
2066688.721372976
 20
299710.2564085503
 30
0.0
 50
46.67571077331962
  0
INSERT
  5
309
330
2
100
AcDbEntity
  8
0
100
AcDbBlockReference
  2
43TGTRHFD
 10
2066687.074668623
 20
299708.5104518575
 30
0.0
 50
46.67571077331962
  0
INSERT
  5
30A
330
2
100
AcDbEntity
  8
0
100
AcDbBlockReference
  2
43TGTRHFD
 10
2066685.427964271
 20
299706.7644951647
 30
0.0
 50
46.67571077331962
  0
INSERT
  5
30B
330
2
100
AcDbEntity
  8
0
100
AcDbBlockReference
  2
43TGTRHFD
 10
2066683.781259918
 20
299705.0185384718
 30
0.0
 50
46.67571077331962
  0
INSERT
  5
30C
330
2
100
AcDbEntity
  8
0
100
AcDbBlockReference
  2
43TGTRHFD
 10
2064791.127053868
 20
298542.3465556875
 30
0.0
 50
46.6275403398724
  0
INSERT
  5
30D
330
2
100
AcDbEntity
  8
0
100
AcDbBlockReference
  2
43TGTRHFD
 10
2064792.775225522
 20
298544.0911273258
 30
0.0
 50
46.6275403398724
  0
INSERT
  5
30E
330
2
100
AcDbEntity
  8
0
100
AcDbBlockReference
  2
43TGTRHFD
 10
978742.8677773299
 20
-74828.03451946657
 30
0.0
 50
21.46147902869366
  0
INSERT
  5
30F
330
2
100
AcDbEntity
  8
0
100
AcDbBlockReference
  2
43TGTRHFD
 10
978745.1013703609
 20
-74827.15641800826
 30
0.0
 50
21.46147902869366
  0
INSERT
  5
310
330
2
100
AcDbEntity
  8
0
100
AcDbBlockReference
  2
43TGTRHFD
 10
978747.3349633922
 20
-74826.27831654996
 30
0.0
 50
21.46147902869366
  0
INSERT
  5
311
330
2
100
AcDbEntity
  8
0
100
AcDbBlockReference
  2
43TGTRHFD
 10
978749.5685564234
 20
-74825.40021509165
 30
0.0
 50
21.46147902869366
  0
INSERT
  5
312
330
2
100
AcDbEntity
  8
0
100
AcDbBlockReference
  2
43TGTRHFD
 10
978751.8021494546
 20
-74824.52211363334
 30
0.0
 50
21.46147902869366
  0
INSERT
  5
313
330
2
100
AcDbEntity
  8
0
100
AcDbBlockReference
  2
JHRTYJF
 10
2098853.532524359
 20
275926.0497516859
 30
0.0
 41
1.002713087290779
 42
1.002713087290779
 43
1.002713087290779
 50
47.07561434724278
  0
INSERT
  5
314
330
2
100
AcDbEntity
  8
0
100
AcDbBlockReference
  2
JHRTYJF
 10
2098849.398584435
 20
275921.7011265359
 30
0.0
 41
1.002713087290779
 42
1.002713087290779
 43
1.002713087290779
 50
47.07561434724278
  0
INSERT
  5
315
330
2
100
AcDbEntity
  8
0
100
AcDbBlockReference
  2
JHRTYJF
 10
2098845.264633651
 20
275917.3525117091
 30
0.0
 41
1.002713087290779
 42
1.002713087290779
 43
1.002713087290779
 50
47.07561434724278
  0
LINE
  5
316
330
2
100
AcDbEntity
  8
4
 48
2.5
100
AcDbLine
 10
685341.0704809369
 20
2544702.733892695
 30
0.0
 11
685337.0821410265
 21
2544698.512208506
 31
0.0
  0
HATCH
  5
317
330
2
100
AcDbEntity
  8
9
  6
Continuous
100
AcDbHatch
 10
0.0
 20
0.0
 30
0.0
210
0.0
220
0.0
230
1.0
  2
CROSS
 70
     0
 71
     0
 91
        1
 92
        1
 93
       17
 72
     2
 10
685370.6347455439
 20
2544711.788771426
 40
4.771187624261258
 50
226.7498723689081
 51
297.4049441474822
 73
     1
 72
     1
 10
685372.8308105792
 20
2544707.553027135
 11
685373.1218987274
 21
2544707.275295888
 72
     1
 10
685373.1218987274
 20
2544707.275295888
 11
685374.8411856193
 21
2544709.098209912
 72
     1
 10
685374.8411856193
 20
2544709.098209912
 11
685374.6956892283
 21
2544709.235435274
 72
     1
 10
685374.6956892283
 20
2544709.235435274
 11
685375.2788970201
 21
2544709.853794936
 72
     1
 10
685375.2788970201
 20
2544709.853794936
 11
685375.4243934105
 21
2544709.716569574
 72
     1
 10
685375.4243934105
 20
2544709.716569574
 11
685377.1397104448
 21
2544711.535274461
 72
     1
 10
685377.1397104448
 20
2544711.535274461
 11
685376.9942140528
 21
2544711.672499824
 72
     1
 10
685376.9942140528
 20
2544711.672499824
 11
685379.0525944939
 21
2544713.85494569
 72
     1
 10
685379.0525944939
 20
2544713.85494569
 11
685381.6937343582
 21
2544711.363946615
 72
     1
 10
685381.6937343582
 20
2544711.363946615
 11
685391.5898446405
 21
2544716.257917349
 72
     1
 10
685391.5898446405
 20
2544716.257917349
 11
685393.6472487814
 21
2544711.024577284
 72
     1
 10
685393.6472487814
 20
2544711.024577284
 11
685373.843272097
 21
2544702.49054368
 72
     1
 10
685373.843272097
 20
2544702.49054368
 11
685356.6672437603
 21
2544693.953513554
 72
     1
 10
685356.6672437603
 20
2544693.953513554
 11
685351.77786779
 21
2544691.609884158
 72
     1
 10
685351.77786779
 20
2544691.609884158
 11
685351.7219098479
 21
2544691.726995569
 72
     1
 10
685351.7219098479
 20
2544691.726995569
 11
685367.3656011986
 21
2544708.313584151
 97
        0
 75
     1
 76
     1
 52
0.0
 41
0.2
 77
     0
 78
     2
 53
0.0
 43
0.0
 44
0.0
 45
1.27
 46
1.27
 79
     2
 49
0.635
 49
-1.905
 53
90.0
 43
0.3175
 44
-0.3175
 45
-1.27
 46
1.27
 79
     2
 49
0.635
 49
-1.905
 98
        1
 10
0.0012437602272257
 20
-531.2524864454753
1001
GradientColor1ACI
1070
     5
1001
GradientColor2ACI
1070
     2
1001
ACAD
1010
0.0
1020
0.0
1030
0.0
  0
LWPOLYLINE
  5
318
330
2
100
AcDbEntity
  8
4
  6
Continuous
100
AcDbPolyline
 90
       16
 70
     1
 43
0.0
 10
685391.5884898639
 20
2544716.259124801
 10
685381.6923795789
 20
2544711.365154069
 10
685379.0512397146
 20
2544713.856153145
 10
685376.9928592737
 20
2544711.673707279
 10
685377.1383556654
 20
2544711.536481915
 10
685375.4230386314
 20
2544709.717777029
 10
685375.2775422406
 20
2544709.855002391
 10
685374.6943344491
 20
2544709.236642729
 10
685374.83983084
 20
2544709.099417367
 10
685373.120543948
 20
2544707.276503342
 10
685372.8294558002
 20
2544707.554234589
 42
-0.3184440741276161
 10
685367.364246418
 20
2544708.314791607
 10
685351.7205550687
 20
2544691.728203023
 10
685351.7766570924
 20
2544691.611160676
 10
685373.8408889809
 20
2544702.492721009
 10
685393.6458940022
 20
2544711.025784739
  0
HATCH
  5
319
330
2
100
AcDbEntity
  8
9
  6
Continuous
100
AcDbHatch
 10
0.0
 20
0.0
 30
0.0
210
0.0
220
0.0
230
1.0
  2
AR-CONC
 70
     0
 71
     0
 91
        1
 92
        1
 93
        4
 72
     1
 10
685407.2236410829
 20
2544722.40583501
 11
685391.5884898639
 21
2544716.259124801
 72
     1
 10
685391.5884898639
 20
2544716.259124801
 11
685393.6366161216
 21
2544711.049384523
 72
     1
 10
685393.6366161216
 20
2544711.049384523
 11
685409.2282393523
 21
2544717.307043977
 72
     1
 10
685409.2282393523
 20
2544717.307043977
 11
685407.2236410829
 21
2544722.40583501
 97
        0
 75
     1
 76
     1
 52
0.0
 41
1.2
 77
     0
 78
    13
 53
50.0
 43
-0.000111019005999
 44
-531.2512789908796
 45
2.186216027952048
 46
-0.1912690264668369
 79
     2
 49
0.2286
 49
-2.5146
 53
355.0
 43
-0.000111019005999
 44
-531.2512789908796
 45
-0.4229139117080038
 46
2.29267971458616
 79
     2
 49
0.18288
 49
-2.01168
 53
100.451
 43
0.1820729810278863
 44
-531.2672179909423
 45
1.763310019991511
 46
2.101400253843503
 79
     2
 49
0.19428
 49
-2.13708
 53
46.18420000000001
 43
-0.000111019005999
 44
-530.6416789907962
 45
3.252948490705559
 46
-0.5045079351927257
 79
     2
 49
0.3428999999999998
 49
-3.771899999999999
 53
96.6356
 43
0.2709677809616551
 44
-530.6837209910154
 45
2.848850813594846
 46
2.969106670680591
 79
     2
 49
0.2914200000000001
 49
-3.20562
 53
351.184
 43
-0.000111019005999
 44
-530.6416789907962
 45
2.848855269767207
 46
2.969101414327173
 79
     2
 49
0.2743200000000001
 49
-3.01752
 53
21.0
 43
0.3046889810357243
 44
-530.7940789908171
 45
1.819378558024599
 46
-1.22718622220115
 79
     2
 49
0.2286
 49
-2.5146
 53
326.0
 43
0.3046889810357243
 44
-530.7940789908171
 45
0.7416243401717651
 46
2.210255593467831
 79
     2
 49
0.18288
 49
-2.01168
 53
71.45140000000001
 43
0.4563029810087756
 44
-530.896344190929
 45
2.560997889241493
 46
0.9830742925926895
 79
     2
 49
0.19428
 49
-2.13708
 53
37.5
 43
-0.000111019005999
 44
-531.2512789908796
 45
0.0370632390071019
 46
1.014660466477837
 79
     6
 49
0.0
 49
-1.987296
 49
0.0
 49
-2.04216
 49
0.0
 49
-2.0193
 53
7.499999999999999
 43
-0.000111019005999
 44
-531.2512789908796
 45
0.8018359501236689
 46
1.202166897817434
 79
     6
 49
0.0
 49
-1.164336
 49
0.0
 49
-1.941576
 49
0.0
 49
-0.7696200000000001
 53
327.5
 43
-0.6798150190152228
 44
-531.2512789908796
 45
1.627087142002457
 46
-0.0687449279120812
 79
     6
 49
0.0
 49
-0.7620000000000001
 49
0.0
 49
-2.37744
 49
0.0
 49
-3.15468
 53
317.5
 43
-0.984615019056946
 44
-531.2512789908796
 45
1.777550176632216
 46
0.3051178923999964
 79
     6
 49
0.0
 49
-0.9906000000000002
 49
0.0
 49
-1.578864
 49
0.0
 49
-2.24028
 98
        1
 10
-0.744642032077536
 20
-531.543979474809
1001
GradientColor1ACI
1070
     5
1001
GradientColor2ACI
1070
     2
1001
ACAD
1010
0.0
1020
0.0
1030
0.0
  0
HATCH
  5
31A
330
2
100
AcDbEntity
  8
9
  6
Continuous
100
AcDbHatch
 10
0.0
 20
0.0
 30
0.0
210
0.0
220
0.0
230
1.0
  2
AR-CONC
 70
     0
 71
     1
 91
        1
 92
        1
 93
        5
 72
     1
 10
685446.7620984078
 20
2544752.126569674
 11
685449.8837622784
 21
2544755.436386592
 72
     1
 10
685449.8837622784
 20
2544755.436386592
 11
685466.4511311797
 21
2544739.812247768
 72
     1
 10
685466.4511311797
 20
2544739.812247768
 11
685448.1390604329
 21
2544732.614309133
 72
     1
 10
685448.1390604329
 20
2544732.614309133
 11
685437.7801527387
 21
2544742.603252309
 72
     1
 10
685437.7801527387
 20
2544742.603252309
 11
685446.7620984078
 21
2544752.126569674
 97
        0
 75
     1
 76
     1
 52
0.0
 41
1.2
 77
     0
 78
    13
 53
50.0
 43
-0.000111019005999
 44
-531.2512789908796
 45
2.186216027952048
 46
-0.1912690264668369
 79
     2
 49
0.2286
 49
-2.5146
 53
355.0
 43
-0.000111019005999
 44
-531.2512789908796
 45
-0.4229139117080038
 46
2.29267971458616
 79
     2
 49
0.18288
 49
-2.01168
 53
100.451
 43
0.1820729810278863
 44
-531.2672179909423
 45
1.763310019991511
 46
2.101400253843503
 79
     2
 49
0.19428
 49
-2.13708
 53
46.18420000000001
 43
-0.000111019005999
 44
-530.6416789907962
 45
3.252948490705559
 46
-0.5045079351927257
 79
     2
 49
0.3428999999999998
 49
-3.771899999999999
 53
96.6356
 43
0.2709677809616551
 44
-530.6837209910154
 45
2.848850813594846
 46
2.969106670680591
 79
     2
 49
0.2914200000000001
 49
-3.20562
 53
351.184
 43
-0.000111019005999
 44
-530.6416789907962
 45
2.848855269767207
 46
2.969101414327173
 79
     2
 49
0.2743200000000001
 49
-3.01752
 53
21.0
 43
0.3046889810357243
 44
-530.7940789908171
 45
1.819378558024599
 46
-1.22718622220115
 79
     2
 49
0.2286
 49
-2.5146
 53
326.0
 43
0.3046889810357243
 44
-530.7940789908171
 45
0.7416243401717651
 46
2.210255593467831
 79
     2
 49
0.18288
 49
-2.01168
 53
71.45140000000001
 43
0.4563029810087756
 44
-530.896344190929
 45
2.560997889241493
 46
0.9830742925926895
 79
     2
 49
0.19428
 49
-2.13708
 53
37.5
 43
-0.000111019005999
 44
-531.2512789908796
 45
0.0370632390071019
 46
1.014660466477837
 79
     6
 49
0.0
 49
-1.987296
 49
0.0
 49
-2.04216
 49
0.0
 49
-2.0193
 53
7.499999999999999
 43
-0.000111019005999
 44
-531.2512789908796
 45
0.8018359501236689
 46
1.202166897817434
 79
     6
 49
0.0
 49
-1.164336
 49
0.0
 49
-1.941576
 49
0.0
 49
-0.7696200000000001
 53
327.5
 43
-0.6798150190152228
 44
-531.2512789908796
 45
1.627087142002457
 46
-0.0687449279120812
 79
     6
 49
0.0
 49
-0.7620000000000001
 49
0.0
 49
-2.37744
 49
0.0
 49
-3.15468
 53
317.5
 43
-0.984615019056946
 44
-531.2512789908796
 45
1.777550176632216
 46
0.3051178923999964
 79
     6
 49
0.0
 49
-0.9906000000000002
 49
0.0
 49
-1.578864
 49
0.0
 49
-2.24028
 98
        1
 10
-0.000111019005999
 20
-531.2512789908796
1001
GradientColor1ACI
1070
     5
1001
GradientColor2ACI
1070
     2
1001
ACAD
1010
0.0
1020
0.0
1030
0.0
  0
HATCH
  5
31B
330
2
100
AcDbEntity
  8
9
  6
Continuous
100
AcDbHatch
 10
0.0
 20
0.0
 30
0.0
210
0.0
220
0.0
230
1.0
  2
AR-CONC
 70
     0
 71
     1
 91
        1
 92
        1
 93
        8
 72
     1
 10
685368.1875985954
 20
2544709.187769953
 11
685351.7205550687
 21
2544691.728203023
 72
     1
 10
685351.7205550687
 20
2544691.728203023
 11
685350.2843133938
 21
2544693.082798716
 72
     1
 10
685350.2843133938
 20
2544693.082798716
 11
685346.9879700867
 21
2544689.59365544
 72
     1
 10
685346.9879700867
 20
2544689.59365544
 11
685343.1353743868
 21
2544693.233367841
 72
     1
 10
685343.1353743868
 20
2544693.233367841
 11
685346.4317176936
 21
2544696.722511119
 72
     1
 10
685346.4317176936
 20
2544696.722511119
 11
685347.8668191539
 21
2544695.366709215
 72
     1
 10
685347.8668191539
 20
2544695.366709215
 11
685364.3319442316
 21
2544712.824242065
 72
     1
 10
685364.3319442316
 20
2544712.824242065
 11
685368.1875985954
 21
2544709.187769953
 97
        0
 75
     1
 76
     1
 52
0.0
 41
1.2
 77
     0
 78
    13
 53
50.0
 43
-0.000111019005999
 44
-531.2512789908796
 45
2.186216027952048
 46
-0.1912690264668369
 79
     2
 49
0.2286
 49
-2.5146
 53
355.0
 43
-0.000111019005999
 44
-531.2512789908796
 45
-0.4229139117080038
 46
2.29267971458616
 79
     2
 49
0.18288
 49
-2.01168
 53
100.451
 43
0.1820729810278863
 44
-531.2672179909423
 45
1.763310019991511
 46
2.101400253843503
 79
     2
 49
0.19428
 49
-2.13708
 53
46.18420000000001
 43
-0.000111019005999
 44
-530.6416789907962
 45
3.252948490705559
 46
-0.5045079351927257
 79
     2
 49
0.3428999999999998
 49
-3.771899999999999
 53
96.6356
 43
0.2709677809616551
 44
-530.6837209910154
 45
2.848850813594846
 46
2.969106670680591
 79
     2
 49
0.2914200000000001
 49
-3.20562
 53
351.184
 43
-0.000111019005999
 44
-530.6416789907962
 45
2.848855269767207
 46
2.969101414327173
 79
     2
 49
0.2743200000000001
 49
-3.01752
 53
21.0
 43
0.3046889810357243
 44
-530.7940789908171
 45
1.819378558024599
 46
-1.22718622220115
 79
     2
 49
0.2286
 49
-2.5146
 53
326.0
 43
0.3046889810357243
 44
-530.7940789908171
 45
0.7416243401717651
 46
2.210255593467831
 79
     2
 49
0.18288
 49
-2.01168
 53
71.45140000000001
 43
0.4563029810087756
 44
-530.896344190929
 45
2.560997889241493
 46
0.9830742925926895
 79
     2
 49
0.19428
 49
-2.13708
 53
37.5
 43
-0.000111019005999
 44
-531.2512789908796
 45
0.0370632390071019
 46
1.014660466477837
 79
     6
 49
0.0
 49
-1.987296
 49
0.0
 49
-2.04216
 49
0.0
 49
-2.0193
 53
7.499999999999999
 43
-0.000111019005999
 44
-531.2512789908796
 45
0.8018359501236689
 46
1.202166897817434
 79
     6
 49
0.0
 49
-1.164336
 49
0.0
 49
-1.941576
 49
0.0
 49
-0.7696200000000001
 53
327.5
 43
-0.6798150190152228
 44
-531.2512789908796
 45
1.627087142002457
 46
-0.0687449279120812
 79
     6
 49
0.0
 49
-0.7620000000000001
 49
0.0
 49
-2.37744
 49
0.0
 49
-3.15468
 53
317.5
 43
-0.984615019056946
 44
-531.2512789908796
 45
1.777550176632216
 46
0.3051178923999964
 79
     6
 49
0.0
 49
-0.9906000000000002
 49
0.0
 49
-1.578864
 49
0.0
 49
-2.24028
 98
        1
 10
-0.000111019005999
 20
-531.2512789908796
1001
GradientColor1ACI
1070
     5
1001
GradientColor2ACI
1070
     2
1001
ACAD
1010
0.0
1020
0.0
1030
0.0
  0
HATCH
  5
31C
330
2
100
AcDbEntity
  8
9
  6
Continuous
100
AcDbHatch
 10
0.0
 20
0.0
 30
0.0
210
0.0
220
0.0
230
1.0
  2
AR-CONC
 70
     0
 71
     1
 91
        1
 92
        1
 93
       17
 72
     1
 10
685272.687066101
 20
2544767.231101124
 11
685341.0703699177
 21
2544702.735180639
 72
     1
 10
685341.0703699177
 20
2544702.735180639
 11
685365.0497430688
 21
2544728.159870251
 72
     1
 10
685365.0497430688
 20
2544728.159870251
 11
685377.4000257141
 21
2544741.25454545
 72
     1
 10
685377.4000257141
 20
2544741.25454545
 11
685378.1212178557
 21
2544742.019206237
 72
     1
 10
685378.1212178557
 20
2544742.019206237
 11
685385.3960374106
 21
2544735.1579381
 72
     1
 10
685385.3960374106
 20
2544735.1579381
 11
685364.3319442316
 21
2544712.824242066
 72
     1
 10
685364.3319442316
 20
2544712.824242066
 11
685347.8649007048
 21
2544695.364675138
 72
     1
 10
685347.8649007048
 20
2544695.364675138
 11
685346.4317176935
 21
2544696.722511119
 72
     1
 10
685346.4317176935
 20
2544696.722511119
 11
685343.1353743857
 21
2544693.233367843
 72
     1
 10
685343.1353743857
 20
2544693.233367843
 11
685342.9158153705
 21
2544693.000967031
 72
     1
 10
685342.9158153705
 20
2544693.000967031
 11
685337.084994595
 21
2544698.509593509
 72
     1
 10
685337.084994595
 20
2544698.509593509
 11
685339.6981162909
 21
2544701.280216729
 72
     1
 10
685339.6981162909
 20
2544701.280216729
 11
685268.4048846524
 21
2544768.520644467
 72
     1
 10
685268.4048846524
 20
2544768.520644467
 11
685269.7879529394
 21
2544769.987089335
 72
     1
 10
685269.7879529394
 20
2544769.987089335
 11
685306.8279862175
 21
2544809.259633974
 72
     1
 10
685306.8279862175
 20
2544809.259633974
 11
685309.7379140391
 21
2544806.51512672
 72
     1
 10
685309.7379140391
 20
2544806.51512672
 11
685272.6870661012
 21
2544767.231101123
 97
        0
 75
     1
 76
     1
 52
0.0
 41
1.2
 77
     0
 78
    13
 53
50.0
 43
-0.000111019005999
 44
-531.2512789908796
 45
2.186216027952048
 46
-0.1912690264668369
 79
     2
 49
0.2286
 49
-2.5146
 53
355.0
 43
-0.000111019005999
 44
-531.2512789908796
 45
-0.4229139117080038
 46
2.29267971458616
 79
     2
 49
0.18288
 49
-2.01168
 53
100.451
 43
0.1820729810278863
 44
-531.2672179909423
 45
1.763310019991511
 46
2.101400253843503
 79
     2
 49
0.19428
 49
-2.13708
 53
46.18420000000001
 43
-0.000111019005999
 44
-530.6416789907962
 45
3.252948490705559
 46
-0.5045079351927257
 79
     2
 49
0.3428999999999998
 49
-3.771899999999999
 53
96.6356
 43
0.2709677809616551
 44
-530.6837209910154
 45
2.848850813594846
 46
2.969106670680591
 79
     2
 49
0.2914200000000001
 49
-3.20562
 53
351.184
 43
-0.000111019005999
 44
-530.6416789907962
 45
2.848855269767207
 46
2.969101414327173
 79
     2
 49
0.2743200000000001
 49
-3.01752
 53
21.0
 43
0.3046889810357243
 44
-530.7940789908171
 45
1.819378558024599
 46
-1.22718622220115
 79
     2
 49
0.2286
 49
-2.5146
 53
326.0
 43
0.3046889810357243
 44
-530.7940789908171
 45
0.7416243401717651
 46
2.210255593467831
 79
     2
 49
0.18288
 49
-2.01168
 53
71.45140000000001
 43
0.4563029810087756
 44
-530.896344190929
 45
2.560997889241493
 46
0.9830742925926895
 79
     2
 49
0.19428
 49
-2.13708
 53
37.5
 43
-0.000111019005999
 44
-531.2512789908796
 45
0.0370632390071019
 46
1.014660466477837
 79
     6
 49
0.0
 49
-1.987296
 49
0.0
 49
-2.04216
 49
0.0
 49
-2.0193
 53
7.499999999999999
 43
-0.000111019005999
 44
-531.2512789908796
 45
0.8018359501236689
 46
1.202166897817434
 79
     6
 49
0.0
 49
-1.164336
 49
0.0
 49
-1.941576
 49
0.0
 49
-0.7696200000000001
 53
327.5
 43
-0.6798150190152228
 44
-531.2512789908796
 45
1.627087142002457
 46
-0.0687449279120812
 79
     6
 49
0.0
 49
-0.7620000000000001
 49
0.0
 49
-2.37744
 49
0.0
 49
-3.15468
 53
317.5
 43
-0.984615019056946
 44
-531.2512789908796
 45
1.777550176632216
 46
0.3051178923999964
 79
     6
 49
0.0
 49
-0.9906000000000002
 49
0.0
 49
-1.578864
 49
0.0
 49
-2.24028
 98
        1
 10
-0.000111019005999
 20
-531.2512789908796
1001
ACAD
1010
0.0
1020
0.0
1030
0.0
  0
HATCH
  5
31D
330
2
100
AcDbEntity
  8
9
  6
Continuous
100
AcDbHatch
 10
0.0
 20
0.0
 30
0.0
210
0.0
220
0.0
230
1.0
  2
AR-CONC
 70
     0
 71
     1
 91
        1
 92
        1
 93
        5
 72
     1
 10
685401.8472183556
 20
2544720.292180242
 11
685391.5884898666
 21
2544716.259124799
 72
     1
 10
685391.5884898666
 20
2544716.259124799
 11
685381.6923795789
 21
2544711.365154069
 72
     1
 10
685381.6923795789
 20
2544711.365154069
 11
685381.919812395
 21
2544712.52525466
 72
     1
 10
685381.919812395
 20
2544712.52525466
 11
685394.8533028326
 21
2544726.238289522
 72
     1
 10
685394.8533028326
 20
2544726.238289522
 11
685401.8472183556
 21
2544720.292180242
 97
        0
 75
     1
 76
     1
 52
0.0
 41
1.2
 77
     0
 78
    13
 53
50.0
 43
-0.000111019005999
 44
-531.2512789908796
 45
2.186216027952048
 46
-0.1912690264668369
 79
     2
 49
0.2286
 49
-2.5146
 53
355.0
 43
-0.000111019005999
 44
-531.2512789908796
 45
-0.4229139117080038
 46
2.29267971458616
 79
     2
 49
0.18288
 49
-2.01168
 53
100.451
 43
0.1820729810278863
 44
-531.2672179909423
 45
1.763310019991511
 46
2.101400253843503
 79
     2
 49
0.19428
 49
-2.13708
 53
46.18420000000001
 43
-0.000111019005999
 44
-530.6416789907962
 45
3.252948490705559
 46
-0.5045079351927257
 79
     2
 49
0.3428999999999998
 49
-3.771899999999999
 53
96.6356
 43
0.2709677809616551
 44
-530.6837209910154
 45
2.848850813594846
 46
2.969106670680591
 79
     2
 49
0.2914200000000001
 49
-3.20562
 53
351.184
 43
-0.000111019005999
 44
-530.6416789907962
 45
2.848855269767207
 46
2.969101414327173
 79
     2
 49
0.2743200000000001
 49
-3.01752
 53
21.0
 43
0.3046889810357243
 44
-530.7940789908171
 45
1.819378558024599
 46
-1.22718622220115
 79
     2
 49
0.2286
 49
-2.5146
 53
326.0
 43
0.3046889810357243
 44
-530.7940789908171
 45
0.7416243401717651
 46
2.210255593467831
 79
     2
 49
0.18288
 49
-2.01168
 53
71.45140000000001
 43
0.4563029810087756
 44
-530.896344190929
 45
2.560997889241493
 46
0.9830742925926895
 79
     2
 49
0.19428
 49
-2.13708
 53
37.5
 43
-0.000111019005999
 44
-531.2512789908796
 45
0.0370632390071019
 46
1.014660466477837
 79
     6
 49
0.0
 49
-1.987296
 49
0.0
 49
-2.04216
 49
0.0
 49
-2.0193
 53
7.499999999999999
 43
-0.000111019005999
 44
-531.2512789908796
 45
0.8018359501236689
 46
1.202166897817434
 79
     6
 49
0.0
 49
-1.164336
 49
0.0
 49
-1.941576
 49
0.0
 49
-0.7696200000000001
 53
327.5
 43
-0.6798150190152228
 44
-531.2512789908796
 45
1.627087142002457
 46
-0.0687449279120812
 79
     6
 49
0.0
 49
-0.7620000000000001
 49
0.0
 49
-2.37744
 49
0.0
 49
-3.15468
 53
317.5
 43
-0.984615019056946
 44
-531.2512789908796
 45
1.777550176632216
 46
0.3051178923999964
 79
     6
 49
0.0
 49
-0.9906000000000002
 49
0.0
 49
-1.578864
 49
0.0
 49
-2.24028
 98
        1
 10
-464.4708079536212
 20
-531.2512789908796
1001
ACAD
1010
0.0
1020
0.0
1030
0.0
  0
HATCH
  5
31E
330
2
100
AcDbEntity
  8
9
  6
Continuous
100
AcDbHatch
 10
0.0
 20
0.0
 30
0.0
210
0.0
220
0.0
230
1.0
  2
AR-CONC
 70
     0
 71
     0
 91
        1
 92
        1
 93
        7
 72
     1
 10
685446.2969635176
 20
2544752.540425299
 11
685421.5963982293
 21
2544726.351074903
 72
     1
 10
685421.5963982293
 20
2544726.351074903
 11
685419.9496938766
 21
2544724.60511821
 72
     1
 10
685419.9496938766
 20
2544724.60511821
 11
685416.5591690281
 21
2544727.827734404
 72
     1
 10
685416.5591690281
 20
2544727.827734404
 11
685409.9723516196
 21
2544720.843907628
 72
     1
 10
685409.9723516196
 20
2544720.843907628
 11
685406.1166453759
 21
2544724.480427399
 72
     1
 10
685406.1166453759
 20
2544724.480427399
 11
685439.0508389748
 21
2544759.399460768
 72
     1
 10
685439.0508389748
 20
2544759.399460768
 11
685446.2969635176
 21
2544752.540425299
 97
        0
 75
     1
 76
     1
 52
0.0
 41
1.2
 77
     0
 78
    13
 53
50.0
 43
-0.000111019005999
 44
-531.2512789908796
 45
2.186216027952048
 46
-0.1912690264668369
 79
     2
 49
0.2286
 49
-2.5146
 53
355.0
 43
-0.000111019005999
 44
-531.2512789908796
 45
-0.4229139117080038
 46
2.29267971458616
 79
     2
 49
0.18288
 49
-2.01168
 53
100.451
 43
0.1820729810278863
 44
-531.2672179909423
 45
1.763310019991511
 46
2.101400253843503
 79
     2
 49
0.19428
 49
-2.13708
 53
46.18420000000001
 43
-0.000111019005999
 44
-530.6416789907962
 45
3.252948490705559
 46
-0.5045079351927257
 79
     2
 49
0.3428999999999999
 49
-3.771899999999999
 53
96.6356
 43
0.2709677809616551
 44
-530.6837209910154
 45
2.848850813594846
 46
2.969106670680591
 79
     2
 49
0.2914200000000001
 49
-3.20562
 53
351.184
 43
-0.000111019005999
 44
-530.6416789907962
 45
2.848855269767207
 46
2.969101414327173
 79
     2
 49
0.2743200000000001
 49
-3.01752
 53
21.0
 43
0.3046889810357243
 44
-530.7940789908171
 45
1.819378558024599
 46
-1.22718622220115
 79
     2
 49
0.2286
 49
-2.5146
 53
326.0
 43
0.3046889810357243
 44
-530.7940789908171
 45
0.7416243401717651
 46
2.210255593467831
 79
     2
 49
0.18288
 49
-2.01168
 53
71.45140000000001
 43
0.4563029810087756
 44
-530.896344190929
 45
2.560997889241493
 46
0.9830742925926895
 79
     2
 49
0.19428
 49
-2.13708
 53
37.5
 43
-0.000111019005999
 44
-531.2512789908796
 45
0.0370632390071019
 46
1.014660466477837
 79
     6
 49
0.0
 49
-1.987296
 49
0.0
 49
-2.04216
 49
0.0
 49
-2.0193
 53
7.499999999999999
 43
-0.000111019005999
 44
-531.2512789908796
 45
0.8018359501236689
 46
1.202166897817434
 79
     6
 49
0.0
 49
-1.164336
 49
0.0
 49
-1.941576
 49
0.0
 49
-0.7696200000000001
 53
327.5
 43
-0.6798150190152228
 44
-531.2512789908796
 45
1.627087142002457
 46
-0.0687449279120812
 79
     6
 49
0.0
 49
-0.7620000000000001
 49
0.0
 49
-2.37744
 49
0.0
 49
-3.15468
 53
317.5
 43
-0.984615019056946
 44
-531.2512789908796
 45
1.777550176632216
 46
0.3051178923999964
 79
     6
 49
0.0
 49
-0.9906000000000002
 49
0.0
 49
-1.578864
 49
0.0
 49
-2.24028
 98
        1
 10
-1.45502809016034
 20
-529.8790761786513
1001
ACAD
1010
0.0
1020
0.0
1030
0.0
  0
LWPOLYLINE
  5
31F
330
2
100
AcDbEntity
  8
PLAN_道路
  6
Continuous
100
AcDbPolyline
 90
        4
 70
     1
 43
0.0
 10
686834.2562695518
 20
2545195.640567206
 10
686832.7745033898
 20
2545185.346198799
 10
686842.6746715091
 20
2545183.921106418
 10
686844.1542590897
 20
2545194.215855617
  0
LWPOLYLINE
  5
320
330
2
100
AcDbEntity
  8
PLAN_道路
  6
Continuous
100
AcDbPolyline
 90
        4
 70
     1
 43
0.0
 10
687038.2525725289
 20
2545209.137547195
 10
687039.9213820681
 20
2545220.722169396
 10
687033.9811806916
 20
2545221.577145641
 10
687032.3137788064
 20
2545209.992374149
  0
LWPOLYLINE
  5
321
330
2
100
AcDbEntity
  8
PLAN_道路
  6
Continuous
100
AcDbPolyline
 90
        4
 70
     0
 43
0.0
 10
686850.0845851816
 20
2545172.767005933
 10
686850.2120125976
 20
2545173.549478892
 42
-0.4115626650586349
 10
686853.6283659899
 20
2545176.032514543
 10
687014.6070677963
 20
2545151.311635205
  0
LWPOLYLINE
  5
322
330
2
100
AcDbEntity
  8
PLAN_道路
  6
Continuous
100
AcDbPolyline
 90
       16
 70
     1
 43
0.0
 10
687009.8004590293
 20
2545152.708509113
 42
0.4140614830367669
 10
687024.628457154
 20
2545163.569216361
 10
687031.7736943295
 20
2545208.153349286
 42
0.4140614829941928
 10
687020.7910267144
 20
2545222.891242706
 10
686853.9857729482
 20
2545246.804398894
 42
0.4140614829909098
 10
686837.2999946453
 20
2545239.096656505
 10
686831.7175865032
 20
2545221.540678312
 42
-0.4142135623803145
 10
686820.4097712781
 20
2545215.698305948
 10
686800.1112680379
 20
2545222.167057912
 10
686798.5262131596
 20
2545218.473980341
 10
686806.0857420329
 20
2545216.064900388
 10
686819.1952284203
 20
2545211.887153151
 42
-0.4142135623707944
 10
686825.037600784
 20
2545200.579337926
 10
686824.0319190372
 20
2545197.423577076
 10
686822.5732683447
 20
2545194.55101418
 42
0.4698844523151341
 10
686835.3403933942
 20
2545179.136868744
  0
LWPOLYLINE
  5
323
330
2
100
AcDbEntity
  8
PLAN_道路
  6
Continuous
100
AcDbPolyline
 90
        8
 70
     1
 43
0.0
 10
686835.3403933929
 20
2545183.136869523
 10
687010.4099436277
 20
2545156.66180249
 42
0.4139938972243246
 10
687020.6751630064
 20
2545164.178701072
 10
687027.8155072819
 20
2545208.730198743
 42
0.4139938972256529
 10
687020.214177151
 20
2545218.933054887
 10
686852.6051525549
 20
2545243.050216249
 42
0.4139938972521535
 10
686841.0541780223
 20
2545237.716035846
 10
686826.347143769
 20
2545192.136866992
 42
0.4139938972542458
  0
LWPOLYLINE
  5
324
330
2
100
AcDbEntity
  8
PLAN_道路
  6
Continuous
100
AcDbPolyline
 90
        4
 70
     1
 43
0.0
 10
686812.8514691408
 20
2545180.822600873
 10
686850.4112229175
 20
2545175.055028053
 10
686849.6523317571
 20
2545170.112955188
 10
686812.0925779805
 20
2545175.880528007
  0
LWPOLYLINE
  5
325
330
2
100
AcDbEntity
  8
PLAN_道路
  6
Continuous
100
AcDbPolyline
 90
        4
 70
     1
 43
0.0
 10
686833.6996391263
 20
2545191.780025333
 10
686843.5997536288
 20
2545190.354560072
 10
686842.674617892
 20
2545183.920733538
 10
686832.7745033898
 20
2545185.346198799
  0
LWPOLYLINE
  5
326
330
2
100
AcDbEntity
  8
PLAN_道路
  6
Continuous
100
AcDbPolyline
 90
        2
 70
   128
 43
0.0
 10
686982.8101266202
 20
2545260.429188733
 42
0.4142135623730951
 10
686983.5799506204
 20
2545259.659364733
  0
LWPOLYLINE
  5
327
330
2
100
AcDbEntity
  8
PLAN_道路
  6
Continuous
100
AcDbPolyline
 90
        2
 70
   128
 43
0.0
 10
686983.5799506204
 20
2545259.659364733
 10
686984.384278011
 20
2545259.659364733
  0
LWPOLYLINE
  5
328
330
2
100
AcDbEntity
  8
PLAN_道路
  6
Continuous
100
AcDbPolyline
 90
        2
 70
   128
 43
0.0
 10
686979.9602695254
 20
2545258.119716733
 42
0.4142135623730951
 10
686979.5753575255
 20
2545257.734804733
  0
LWPOLYLINE
  5
329
330
2
100
AcDbEntity
  8
PLAN_道路
  6
Continuous
100
AcDbPolyline
 90
        2
 70
   128
 43
0.0
 10
686979.9602695254
 20
2545258.119716733
 10
686984.384278011
 20
2545258.119716733
  0
LWPOLYLINE
  5
32A
330
2
100
AcDbEntity
  8
PLAN_道路
  6
Continuous
100
AcDbPolyline
 90
        2
 70
   128
 43
0.0
 10
686978.6671084246
 20
2545257.734804733
 42
0.4142135623730951
 10
686978.2821964253
 20
2545258.119716733
  0
LWPOLYLINE
  5
32B
330
2
100
AcDbEntity
  8
PLAN_道路
  6
Continuous
100
AcDbPolyline
 90
        2
 70
   128
 43
0.0
 10
686977.228683888
 20
2545258.119716733
 10
686978.2821964253
 20
2545258.119716733
  0
LWPOLYLINE
  5
32C
330
2
100
AcDbEntity
  8
PLAN_道路
  6
Continuous
100
AcDbPolyline
 90
        2
 70
   128
 43
0.0
 10
686981.0865847807
 20
2545259.659364733
 42
0.4142135623730951
 10
686981.8564087804
 20
2545260.429188733
  0
LWPOLYLINE
  5
32D
330
2
100
AcDbEntity
  8
PLAN_道路
  6
Continuous
100
AcDbPolyline
 90
        2
 70
   128
 43
0.0
 10
686977.228683888
 20
2545259.659364733
 10
686981.0865847807
 20
2545259.659364733
  0
LWPOLYLINE
  5
32E
330
2
100
AcDbEntity
  8
PLAN_道路
  6
Continuous
100
AcDbPolyline
 90
       22
 70
     1
 43
0.0
 10
685272.6884207711
 20
2544767.229893773
 10
685272.6884208802
 20
2544767.229893669
 10
685341.0717246969
 20
2544702.733973185
 10
685365.0510978479
 20
2544728.158662796
 10
685365.0510978479
 20
2544728.158662796
 10
685377.4013804933
 20
2544741.253337996
 10
685377.4013804933
 20
2544741.253337996
 10
685378.1225726348
 20
2544742.017998782
 10
685385.3973921899
 20
2544735.156730645
 10
685364.3332990107
 20
2544712.823034611
 10
685347.8662554841
 20
2544695.363467683
 10
685346.4330724728
 20
2544696.721303665
 10
685343.136729165
 20
2544693.232160389
 10
685342.9171701496
 20
2544692.999759576
 10
685337.0863493743
 20
2544698.508386055
 10
685339.6994710701
 20
2544701.279009274
 10
685268.3683835595
 20
2544768.555423996
 10
685271.6796966645
 20
2544772.03870138
 10
685306.9515229157
 20
2544809.142276542
 10
685309.7392688183
 20
2544806.513919266
 10
685272.6884208803
 20
2544767.229893668
 10
685272.6884207706
 20
2544767.229893773
  0
LWPOLYLINE
  5
32F
330
2
100
AcDbEntity
  8
PLAN_道路
  6
Continuous
100
AcDbPolyline
 90
        5
 70
     1
 43
0.0
 10
685401.4657220526
 20
2544720.140460993
 10
685391.5898446458
 20
2544716.257917344
 10
685381.693734358
 20
2544711.363946614
 10
685381.9211671742
 20
2544712.524047205
 10
685394.8546576117
 20
2544726.237082067
  0
LWPOLYLINE
  5
330
330
2
100
AcDbEntity
  8
4
100
AcDbPolyline
 90
        5
 70
     1
 43
0.0
 10
685446.9178468917
 20
2544753.198734561
 10
685449.4310159724
 20
2544755.863393579
 10
685466.4511311797
 20
2544739.812247768
 10
685448.1390604329
 20
2544732.614309133
 10
685437.3274154889
 20
2544743.03025282
  0
LINE
  5
331
330
2
100
AcDbEntity
  8
2
 48
2.5
100
AcDbLine
 10
685446.2969635176
 20
2544752.540425299
 30
0.0
 11
685449.431051064
 21
2544755.863430786
 31
0.0
  0
HATCH
  5
332
330
2
100
AcDbEntity
  8
9
  6
Continuous
100
AcDbHatch
 10
0.0
 20
0.0
 30
0.0
210
0.0
220
0.0
230
1.0
  2
AR-CONC
 70
     0
 71
     1
 91
        1
 92
        1
 93
        5
 72
     1
 10
685431.5941157949
 20
2544772.452600067
 11
685429.9475604211
 21
2544770.706513926
 72
     1
 10
685429.9475604211
 20
2544770.706513926
 11
685360.1039944973
 21
2544836.569171726
 72
     1
 10
685360.1039944973
 20
2544836.569171726
 11
685361.7503090394
 21
2544838.3149897
 72
     1
 10
685361.7503090394
 20
2544838.3149897
 11
685431.5938685856
 21
2544772.452337915
 72
     1
 10
685431.5938685856
 20
2544772.452337915
 11
685431.5941157949
 21
2544772.452600067
 97
        0
 75
     1
 76
     1
 52
0.0
 41
1.2
 77
     0
 78
    13
 53
50.0
 43
-0.000111019005999
 44
-531.2512789908796
 45
2.186216027952048
 46
-0.1912690264668369
 79
     2
 49
0.2286
 49
-2.5146
 53
355.0
 43
-0.000111019005999
 44
-531.2512789908796
 45
-0.4229139117080038
 46
2.29267971458616
 79
     2
 49
0.18288
 49
-2.01168
 53
100.451
 43
0.1820729810278863
 44
-531.2672179909423
 45
1.763310019991511
 46
2.101400253843503
 79
     2
 49
0.19428
 49
-2.13708
 53
46.18420000000001
 43
-0.000111019005999
 44
-530.6416789907962
 45
3.252948490705559
 46
-0.5045079351927257
 79
     2
 49
0.3428999999999998
 49
-3.771899999999999
 53
96.6356
 43
0.2709677809616551
 44
-530.6837209910154
 45
2.848850813594846
 46
2.969106670680591
 79
     2
 49
0.2914200000000001
 49
-3.20562
 53
351.184
 43
-0.000111019005999
 44
-530.6416789907962
 45
2.848855269767207
 46
2.969101414327173
 79
     2
 49
0.2743200000000001
 49
-3.01752
 53
21.0
 43
0.3046889810357243
 44
-530.7940789908171
 45
1.819378558024599
 46
-1.22718622220115
 79
     2
 49
0.2286
 49
-2.5146
 53
326.0
 43
0.3046889810357243
 44
-530.7940789908171
 45
0.7416243401717651
 46
2.210255593467831
 79
     2
 49
0.18288
 49
-2.01168
 53
71.45140000000001
 43
0.4563029810087756
 44
-530.896344190929
 45
2.560997889241493
 46
0.9830742925926895
 79
     2
 49
0.19428
 49
-2.13708
 53
37.5
 43
-0.000111019005999
 44
-531.2512789908796
 45
0.0370632390071019
 46
1.014660466477837
 79
     6
 49
0.0
 49
-1.987296
 49
0.0
 49
-2.04216
 49
0.0
 49
-2.0193
 53
7.499999999999999
 43
-0.000111019005999
 44
-531.2512789908796
 45
0.8018359501236689
 46
1.202166897817434
 79
     6
 49
0.0
 49
-1.164336
 49
0.0
 49
-1.941576
 49
0.0
 49
-0.7696200000000001
 53
327.5
 43
-0.6798150190152228
 44
-531.2512789908796
 45
1.627087142002457
 46
-0.0687449279120812
 79
     6
 49
0.0
 49
-0.7620000000000001
 49
0.0
 49
-2.37744
 49
0.0
 49
-3.15468
 53
317.5
 43
-0.984615019056946
 44
-531.2512789908796
 45
1.777550176632216
 46
0.3051178923999964
 79
     6
 49
0.0
 49
-0.9906000000000002
 49
0.0
 49
-1.578864
 49
0.0
 49
-2.24028
 98
        1
 10
-0.000111019005999
 20
-531.2512789908796
1001
ACAD
1010
0.0
1020
0.0
1030
0.0
  0
HATCH
  5
333
330
2
100
AcDbEntity
  8
9
  6
Continuous
100
AcDbHatch
 10
0.0
 20
0.0
 30
0.0
210
0.0
220
0.0
230
1.0
  2
AR-CONC
 70
     0
 71
     1
 91
        1
 92
        1
 93
        6
 72
     1
 10
685430.5311481859
 20
2544764.066557232
 11
685434.2741947104
 21
2544768.035185881
 72
     2
 10
685433.5467127549
 20
2544768.721312697
 40
1.000000001698962
 50
43.32428931506146
 51
133.3242891073493
 73
     0
 72
     1
 10
685432.8605859414
 20
2544767.993830739
 11
685432.8434772975
 21
2544767.975678042
 72
     1
 10
685432.8434772975
 20
2544767.975678042
 11
685360.1046037313
 21
2544836.568090902
 72
     1
 10
685360.1046037313
 20
2544836.568090902
 11
685357.0712882286
 21
2544833.351947399
 72
     1
 10
685357.0712882286
 20
2544833.351947399
 11
685430.5311481859
 21
2544764.066557232
 97
        0
 75
     1
 76
     1
 52
0.0
 41
1.2
 77
     0
 78
    13
 53
50.0
 43
-0.000111019005999
 44
-531.2512789908796
 45
2.186216027952048
 46
-0.1912690264668369
 79
     2
 49
0.2286
 49
-2.5146
 53
355.0
 43
-0.000111019005999
 44
-531.2512789908796
 45
-0.4229139117080038
 46
2.29267971458616
 79
     2
 49
0.18288
 49
-2.01168
 53
100.451
 43
0.1820729810278863
 44
-531.2672179909423
 45
1.763310019991511
 46
2.101400253843503
 79
     2
 49
0.19428
 49
-2.13708
 53
46.18420000000001
 43
-0.000111019005999
 44
-530.6416789907962
 45
3.252948490705559
 46
-0.5045079351927257
 79
     2
 49
0.3428999999999998
 49
-3.771899999999999
 53
96.6356
 43
0.2709677809616551
 44
-530.6837209910154
 45
2.848850813594846
 46
2.969106670680591
 79
     2
 49
0.2914200000000001
 49
-3.20562
 53
351.184
 43
-0.000111019005999
 44
-530.6416789907962
 45
2.848855269767207
 46
2.969101414327173
 79
     2
 49
0.2743200000000001
 49
-3.01752
 53
21.0
 43
0.3046889810357243
 44
-530.7940789908171
 45
1.819378558024599
 46
-1.22718622220115
 79
     2
 49
0.2286
 49
-2.5146
 53
326.0
 43
0.3046889810357243
 44
-530.7940789908171
 45
0.7416243401717651
 46
2.210255593467831
 79
     2
 49
0.18288
 49
-2.01168
 53
71.45140000000001
 43
0.4563029810087756
 44
-530.896344190929
 45
2.560997889241493
 46
0.9830742925926895
 79
     2
 49
0.19428
 49
-2.13708
 53
37.5
 43
-0.000111019005999
 44
-531.2512789908796
 45
0.0370632390071019
 46
1.014660466477837
 79
     6
 49
0.0
 49
-1.987296
 49
0.0
 49
-2.04216
 49
0.0
 49
-2.0193
 53
7.499999999999999
 43
-0.000111019005999
 44
-531.2512789908796
 45
0.8018359501236689
 46
1.202166897817434
 79
     6
 49
0.0
 49
-1.164336
 49
0.0
 49
-1.941576
 49
0.0
 49
-0.7696200000000001
 53
327.5
 43
-0.6798150190152228
 44
-531.2512789908796
 45
1.627087142002457
 46
-0.0687449279120812
 79
     6
 49
0.0
 49
-0.7620000000000001
 49
0.0
 49
-2.37744
 49
0.0
 49
-3.15468
 53
317.5
 43
-0.984615019056946
 44
-531.2512789908796
 45
1.777550176632216
 46
0.3051178923999964
 79
     6
 49
0.0
 49
-0.9906000000000002
 49
0.0
 49
-1.578864
 49
0.0
 49
-2.24028
 98
        1
 10
-0.000111019005999
 20
-531.2512789908796
1001
ACAD
1010
0.0
1020
0.0
1030
0.0
  0
LINE
  5
334
330
2
100
AcDbEntity
  8
4
  6
DASH
 48
5.0
100
AcDbLine
 10
685361.7989265924
 20
2544838.365172439
 30
0.0
 11
685357.0702807198
 21
2544833.351616887
 31
0.0
  0
HATCH
  5
335
330
2
100
AcDbEntity
  8
9
  6
Continuous
100
AcDbHatch
 10
0.0
 20
0.0
 30
0.0
210
0.0
220
0.0
230
1.0
  2
AR-CONC
 70
     0
 71
     1
 91
        1
 92
        1
 93
        4
 72
     1
 10
685348.7860976887
 20
2544847.319874709
 11
685315.7145782839
 21
2544812.530873512
 72
     1
 10
685315.7145782839
 20
2544812.530873512
 11
685313.9751323536
 21
2544814.184453826
 72
     1
 10
685313.9751323536
 20
2544814.184453826
 11
685347.0467386284
 21
2544848.97337244
 72
     1
 10
685347.0467386284
 20
2544848.97337244
 11
685348.7860976887
 21
2544847.319874709
 97
        0
 75
     1
 76
     1
 52
0.0
 41
1.2
 77
     0
 78
    13
 53
50.0
 43
-0.000111019005999
 44
-531.2512789908796
 45
2.186216027952048
 46
-0.1912690264668369
 79
     2
 49
0.2286
 49
-2.5146
 53
355.0
 43
-0.000111019005999
 44
-531.2512789908796
 45
-0.4229139117080038
 46
2.29267971458616
 79
     2
 49
0.18288
 49
-2.01168
 53
100.451
 43
0.1820729810278863
 44
-531.2672179909423
 45
1.763310019991511
 46
2.101400253843503
 79
     2
 49
0.19428
 49
-2.13708
 53
46.18420000000001
 43
-0.000111019005999
 44
-530.6416789907962
 45
3.252948490705559
 46
-0.5045079351927257
 79
     2
 49
0.3428999999999998
 49
-3.771899999999999
 53
96.6356
 43
0.2709677809616551
 44
-530.6837209910154
 45
2.848850813594846
 46
2.969106670680591
 79
     2
 49
0.2914200000000001
 49
-3.20562
 53
351.184
 43
-0.000111019005999
 44
-530.6416789907962
 45
2.848855269767207
 46
2.969101414327173
 79
     2
 49
0.2743200000000001
 49
-3.01752
 53
21.0
 43
0.3046889810357243
 44
-530.7940789908171
 45
1.819378558024599
 46
-1.22718622220115
 79
     2
 49
0.2286
 49
-2.5146
 53
326.0
 43
0.3046889810357243
 44
-530.7940789908171
 45
0.7416243401717651
 46
2.210255593467831
 79
     2
 49
0.18288
 49
-2.01168
 53
71.45140000000001
 43
0.4563029810087756
 44
-530.896344190929
 45
2.560997889241493
 46
0.9830742925926895
 79
     2
 49
0.19428
 49
-2.13708
 53
37.5
 43
-0.000111019005999
 44
-531.2512789908796
 45
0.0370632390071019
 46
1.014660466477837
 79
     6
 49
0.0
 49
-1.987296
 49
0.0
 49
-2.04216
 49
0.0
 49
-2.0193
 53
7.499999999999999
 43
-0.000111019005999
 44
-531.2512789908796
 45
0.8018359501236689
 46
1.202166897817434
 79
     6
 49
0.0
 49
-1.164336
 49
0.0
 49
-1.941576
 49
0.0
 49
-0.7696200000000001
 53
327.5
 43
-0.6798150190152228
 44
-531.2512789908796
 45
1.627087142002457
 46
-0.0687449279120812
 79
     6
 49
0.0
 49
-0.7620000000000001
 49
0.0
 49
-2.37744
 49
0.0
 49
-3.15468
 53
317.5
 43
-0.984615019056946
 44
-531.2512789908796
 45
1.777550176632216
 46
0.3051178923999964
 79
     6
 49
0.0
 49
-0.9906000000000002
 49
0.0
 49
-1.578864
 49
0.0
 49
-2.24028
 98
        1
 10
2.536582683678716
 20
-533.6627484718337
1001
GradientColor1ACI
1070
     5
1001
GradientColor2ACI
1070
     2
1001
ACAD
1010
0.0
1020
0.0
1030
0.0
  0
HATCH
  5
336
330
2
100
AcDbEntity
  8
9
  6
Continuous
100
AcDbHatch
 10
0.0
 20
0.0
 30
0.0
210
0.0
220
0.0
230
1.0
  2
CROSS
 70
     0
 71
     1
 91
        1
 92
        1
 93
        7
 72
     1
 10
685343.1336640674
 20
2544693.23172649
 11
685342.914105052
 21
2544692.999325678
 72
     1
 10
685342.914105052
 20
2544692.999325678
 11
685346.8561786626
 21
2544689.275079657
 72
     1
 10
685346.8561786626
 20
2544689.275079657
 11
685351.77530414
 21
2544691.608773772
 72
     1
 10
685351.77530414
 20
2544691.608773772
 11
685351.7188447506
 21
2544691.726561671
 72
     1
 10
685351.7188447506
 20
2544691.726561671
 11
685350.2826030752
 21
2544693.081157364
 72
     1
 10
685350.2826030752
 20
2544693.081157364
 11
685346.9862597681
 21
2544689.592014088
 72
     1
 10
685346.9862597681
 20
2544689.592014088
 11
685343.1336640674
 21
2544693.23172649
 97
        0
 75
     1
 76
     1
 52
10.0
 41
0.2
 77
     0
 78
     2
 53
10.0
 43
0.0
 44
0.0
 45
1.030172660688502
 46
1.471239031962505
 79
     2
 49
0.6349999999999999
 49
-1.905
 53
100.0
 43
0.3678097579906264
 44
-0.2575431651721257
 45
-1.471239031962505
 46
1.030172660688502
 79
     2
 49
0.6349999999999999
 49
-1.905
 98
        1
 10
-0.0018213375005871
 20
-531.2529203426093
1001
GradientColor1ACI
1070
     5
1001
GradientColor2ACI
1070
     2
1001
ACAD
1010
0.0
1020
0.0
1030
0.0
  0
LWPOLYLINE
  5
337
330
2
100
AcDbEntity
  8
4
 48
2.5
100
AcDbPolyline
 90
        3
 70
     0
 43
0.0
 10
685306.9515229157
 20
2544809.142276542
 10
685312.8035418717
 20
2544815.298204609
 10
685313.9751323536
 20
2544814.184453825
  0
HATCH
  5
338
330
2
100
AcDbEntity
  8
9
  6
Continuous
100
AcDbHatch
 10
0.0
 20
0.0
 30
0.0
210
0.0
220
0.0
230
1.0
  2
CROSS
 70
     0
 71
     1
 91
        1
 92
        1
 93
       14
 72
     1
 10
685339.6974880967
 20
2544701.276923319
 11
685268.404256458
 21
2544768.517351057
 72
     1
 10
685268.404256458
 20
2544768.517351057
 11
685312.6549148969
 21
2544815.435606327
 72
     1
 10
685312.6549148969
 20
2544815.435606327
 11
685313.9745041595
 21
2544814.181160417
 72
     1
 10
685313.9745041595
 20
2544814.181160417
 11
685347.0556237211
 21
2544848.980086316
 72
     1
 10
685347.0556237211
 20
2544848.980086316
 11
685349.2437363922
 21
2544846.916361211
 72
     2
 10
685350.6159900195
 20
2544848.371325122
 40
1.999999999873765
 50
226.675710782262
 51
316.4497892934749
 73
     1
 72
     1
 10
685352.0655317362
 20
2544846.993345147
 11
685352.5040192538
 21
2544847.457486314
 72
     1
 10
685352.5040192538
 20
2544847.457486314
 11
685346.2274170742
 21
2544853.188942619
 72
     1
 10
685346.2274170742
 20
2544853.188942619
 11
685345.1402607866
 21
2544854.222427601
 72
     1
 10
685345.1402607866
 20
2544854.222427601
 11
685263.2452607867
 21
2544768.0744276
 72
     1
 10
685263.2452607867
 20
2544768.0744276
 11
685266.8132607867
 21
2544764.894427601
 72
     1
 10
685266.8132607867
 20
2544764.894427601
 11
685337.0843664008
 21
2544698.5063001
 72
     1
 10
685337.0843664008
 20
2544698.5063001
 11
685337.3014226315
 21
2544698.73643903
 72
     1
 10
685337.3014226315
 20
2544698.73643903
 11
685339.6974880967
 21
2544701.276923319
 97
        0
 75
     1
 76
     1
 52
0.0
 41
0.2
 77
     0
 78
     2
 53
0.0
 43
0.0
 44
0.0
 45
1.27
 46
1.27
 79
     2
 49
0.635
 49
-1.905
 53
90.0
 43
0.3175
 44
-0.3175
 45
-1.27
 46
1.27
 79
     2
 49
0.635
 49
-1.905
 98
        1
 10
-0.0007392133120447
 20
-531.2545723994262
1001
GradientColor1ACI
1070
     5
1001
GradientColor2ACI
1070
     2
1001
ACAD
1010
0.0
1020
0.0
1030
0.0
  0
LWPOLYLINE
  5
339
102
{ACAD_REACTORS
330
33B
102
}
330
2
100
AcDbEntity
  8
1绿地填充
  6
Continuous
100
AcDbPolyline
 90
        4
 70
     1
 43
0.0
 10
685380.7069441735
 20
2544715.317517217
 10
685389.9352521771
 20
2544725.102045994
 10
685391.0992233057
 20
2544724.004243092
 10
685381.8709153021
 20
2544714.219714315
  0
LWPOLYLINE
  5
33A
102
{ACAD_REACTORS
330
33B
102
}
330
2
100
AcDbEntity
  8
1绿地填充
  6
Continuous
100
AcDbPolyline
 90
        7
 70
     0
 43
0.0
 10
685386.7625635428
 20
2544725.236024533
 10
685375.324515368
 20
2544713.108567205
 10
685370.5231344616
 20
2544717.637004175
 10
685383.3880122173
 20
2544731.277290842
 10
685386.6616810172
 20
2544728.18972018
 10
685385.2348514362
 20
2544726.676890842
 10
685386.7625635428
 20
2544725.236024533
  0
HATCH
  5
33B
330
2
100
AcDbEntity
  8
PUB_DIM
  6
Continuous
 62
     8
100
AcDbHatch
 10
0.0
 20
0.0
 30
0.0
210
0.0
220
0.0
230
1.0
  2
ANGLE
 70
     0
 71
     1
 91
        2
 92
        1
 93
        6
 72
     1
 10
685386.7625635428
 20
2544725.236024533
 11
685375.324515368
 21
2544713.108567205
 72
     1
 10
685375.324515368
 20
2544713.108567205
 11
685370.5231344616
 21
2544717.637004175
 72
     1
 10
685370.5231344616
 20
2544717.637004175
 11
685383.3880122173
 21
2544731.277290842
 72
     1
 10
685383.3880122173
 20
2544731.277290842
 11
685386.6616810172
 21
2544728.18972018
 72
     1
 10
685386.6616810172
 20
2544728.18972018
 11
685385.2348514362
 21
2544726.676890842
 72
     1
 10
685385.2348514362
 20
2544726.676890842
 11
685386.7625635428
 21
2544725.236024533
 97
        1
330
33A
 92
        1
 93
        4
 72
     1
 10
685380.7069441735
 20
2544715.317517217
 11
685389.9352521771
 21
2544725.102045994
 72
     1
 10
685389.9352521771
 20
2544725.102045994
 11
685391.0992233057
 21
2544724.004243092
 72
     1
 10
685391.0992233057
 20
2544724.004243092
 11
685381.8709153021
 21
2544714.219714315
 72
     1
 10
685381.8709153021
 20
2544714.219714315
 11
685380.7069441735
 21
2544715.317517217
 97
        1
330
339
 75
     1
 76
     1
 52
0.0
 41
0.27648
 77
     0
 78
     2
 53
0.0
 43
0.0006180583732203
 44
-531.2531498586759
 45
0.0
 46
0.9656064
 79
     2
 49
0.7022592
 49
-0.2633472
 53
90.0
 43
0.0006180583732203
 44
-531.2531498586759
 45
-0.9656064
 46
0.0000000000000001
 79
     2
 49
0.7022592
 49
-0.2633472
 98
        1
 10
0.0006180583732203
 20
-531.2531498586759
1001
GradientColor1ACI
1070
     5
1001
GradientColor2ACI
1070
     2
1001
ACAD
1010
0.0
1020
0.0
1030
0.0
  0
INSERT
  5
33C
330
2
100
AcDbEntity
  8
4
 48
2.5
100
AcDbBlockReference
  2
A$C432F5CDB
 10
684548.0902047736
 20
2545174.901659827
 30
0.0
  0
INSERT
  5
3FA
330
2
100
AcDbEntity
  8
2
100
AcDbBlockReference
  2
A$C6E845CED
 10
684564.2890879552
 20
2545299.735293848
 30
0.0
 41
-0.35
 42
0.35
 43
0.35
 50
270.0521177056367
  0
INSERT
  5
402
330
2
100
AcDbEntity
  8
2
100
AcDbBlockReference
  2
A$C6E845CED
 10
684585.500091785
 20
2545322.047835004
 30
0.0
 41
-0.35
 42
0.35
 43
0.35
 50
270.0521177056367
  0
INSERT
  5
403
330
2
100
AcDbEntity
  8
2
100
AcDbBlockReference
  2
A$C6E845CED
 10
684611.65723964
 20
2545343.363068459
 30
0.0
 41
-0.35
 42
0.35
 43
0.35
 50
270.0521177056367
  0
INSERT
  5
404
330
2
100
AcDbEntity
  8
2
100
AcDbBlockReference
  2
A$C6E845CED
 10
684628.4484120649
 20
2545361.126944957
 30
0.0
 41
-0.35
 42
0.35
 43
0.35
 50
270.0521177056367
  0
INSERT
  5
405
330
2
100
AcDbEntity
  8
2
100
AcDbBlockReference
  2
A$C6E845CED
 10
684566.7939921068
 20
2545280.812134088
 30
0.0
 41
-0.35
 42
0.35
 43
0.35
 50
46.4497892590827
  0
INSERT
  5
406
330
2
100
AcDbEntity
  8
2
100
AcDbBlockReference
  2
A$C6E845CED
 10
684583.5466685992
 20
2545265.01304997
 30
0.0
 41
-0.35
 42
0.35
 43
0.35
 50
46.4497892590827
  0
INSERT
  5
407
330
2
100
AcDbEntity
  8
2
100
AcDbBlockReference
  2
A$C6E845CED
 10
684600.2361573923
 20
2545249.147496666
 30
0.0
 41
-0.35
 42
0.35
 43
0.35
 50
46.4497892590827
  0
INSERT
  5
408
330
2
100
AcDbEntity
  8
2
100
AcDbBlockReference
  2
A$C6E845CED
 10
684616.9888338846
 20
2545233.348412546
 30
0.0
 41
-0.35
 42
0.35
 43
0.35
 50
46.4497892590827
  0
INSERT
  5
409
330
2
100
AcDbEntity
  8
4
 48
2.5
100
AcDbBlockReference
  2
A$C7CC90291
 10
684607.096806366
 20
2545322.564052296
 30
0.0
  0
INSERT
  5
411
330
2
100
AcDbEntity
  8
4
 48
2.5
100
AcDbBlockReference
  2
A$C7CC90291
 10
684631.9941803087
 20
2545299.082018515
 30
0.0
  0
INSERT
  5
412
330
2
100
AcDbEntity
  8
4
 48
2.5
100
AcDbBlockReference
  2
A$C7CC90291
 10
684657.3832061119
 20
2545275.136281789
 30
0.0
  0
INSERT
  5
413
330
2
100
AcDbEntity
  8
2
100
AcDbBlockReference
  2
A$C6E845CED
 10
684628.8668846617
 20
2545223.09501746
 30
0.0
 41
0.35
 42
0.35
 43
0.35
 50
316.7350968131255
  0
INSERT
  5
414
330
2
100
AcDbEntity
  8
2
100
AcDbBlockReference
  2
A$C6E845CED
 10
684641.357588366
 20
2545236.339815597
 30
0.0
 41
0.35
 42
0.35
 43
0.35
 50
316.7350968131255
  0
INSERT
  5
415
330
2
100
AcDbEntity
  8
2
100
AcDbBlockReference
  2
A$C6E845CED
 10
684692.1938356036
 20
2545256.718632395
 30
0.0
 41
0.35
 42
0.35
 43
0.35
 50
316.7350968131255
  0
INSERT
  5
416
330
2
100
AcDbEntity
  8
2
100
AcDbBlockReference
  2
A$C6E845CED
 10
684671.3443416344
 20
2545264.532757398
 30
0.0
 41
0.35
 42
0.35
 43
0.35
 50
316.7350968131255
  0
INSERT
  5
417
330
2
100
AcDbEntity
  8
2
100
AcDbBlockReference
  2
A$C6E845CED
 10
684704.7495454614
 20
2545270.008912273
 30
0.0
 41
0.35
 42
0.35
 43
0.35
 50
316.7350968131255
  0
INSERT
  5
418
330
2
100
AcDbEntity
  8
2
100
AcDbBlockReference
  2
A$C6E845CED
 10
684715.9133347258
 20
2545281.825837443
 30
0.0
 41
0.35
 42
0.35
 43
0.35
 50
316.7350968131255
  0
INSERT
  5
419
330
2
100
AcDbEntity
  8
2
100
AcDbBlockReference
  2
A$C6E845CED
 10
684736.8150516235
 20
2545266.097798325
 30
0.0
 41
-0.35
 42
0.35
 43
0.35
 50
46.4497892590827
  0
INSERT
  5
41A
330
2
100
AcDbEntity
  8
2
100
AcDbBlockReference
  2
A$C6E845CED
 10
684636.3348045307
 20
2545365.041469975
 30
0.0
 41
-0.35
 42
0.35
 43
0.35
 50
270.0521177056367
  0
INSERT
  5
463
330
2
100
AcDbEntity
  8
2
100
AcDbBlockReference
  2
A$C6E845CED
 10
684657.3432276169
 20
2545250.261053004
 30
0.0
 41
0.35
 42
0.35
 43
0.35
 50
46.44978928577383
  0
INSERT
  5
4CD
330
2
100
AcDbEntity
  8
2
100
AcDbBlockReference
  2
A$C6E845CED
 10
684633.567355191
 20
2545354.936409311
 30
0.0
 41
0.35
 42
0.35
 43
0.35
 50
46.44978928577383
  0
INSERT
  5
4CE
330
2
100
AcDbEntity
  8
2
100
AcDbBlockReference
  2
A$C6E845CED
 10
684615.6037708876
 20
2545335.890100121
 30
0.0
 41
-0.3499999999999999
 42
0.3499999999999999
 43
0.35
 50
46.90163228213439
  0
INSERT
  5
4CF
330
2
100
AcDbEntity
  8
2
100
AcDbBlockReference
  2
A$C6E845CED
 10
684658.8330575752
 20
2545331.106502961
 30
0.0
 41
0.35
 42
0.35
 43
0.35
 50
46.44978928577383
  0
INSERT
  5
4D0
330
2
100
AcDbEntity
  8
2
100
AcDbBlockReference
  2
A$C6E845CED
 10
684640.8694732717
 20
2545312.060193771
 30
0.0
 41
-0.3499999999999999
 42
0.3499999999999999
 43
0.35
 50
46.90163228213439
  0
INSERT
  5
4D1
330
2
100
AcDbEntity
  8
2
100
AcDbBlockReference
  2
A$C6E845CED
 10
684684.0046478607
 20
2545307.177597049
 30
0.0
 41
0.35
 42
0.35
 43
0.35
 50
46.44978928577383
  0
INSERT
  5
4D2
330
2
100
AcDbEntity
  8
2
100
AcDbBlockReference
  2
A$C6E845CED
 10
684666.0410635573
 20
2545288.131287859
 30
0.0
 41
-0.3499999999999999
 42
0.3499999999999999
 43
0.35
 50
46.90163228213439
  0
INSERT
  5
4D3
330
2
100
AcDbEntity
  8
2
100
AcDbBlockReference
  2
A$C6E845CED
 10
684709.2703502449
 20
2545283.347690699
 30
0.0
 41
0.35
 42
0.35
 43
0.35
 50
46.44978928577383
  0
INSERT
  5
4D4
330
2
100
AcDbEntity
  8
2
100
AcDbBlockReference
  2
A$C6E845CED
 10
684691.3067659414
 20
2545264.301381509
 30
0.0
 41
-0.3499999999999999
 42
0.3499999999999999
 43
0.35
 50
46.90163228213439
  0
INSERT
  5
4D5
330
2
100
AcDbEntity
  8
2
100
AcDbBlockReference
  2
A$C6E845CED
 10
684591.8638306581
 20
2545316.270724678
 30
0.0
 41
0.35
 42
0.35
 43
0.35
 50
46.44978928577383
  0
INSERT
  5
4D6
330
2
100
AcDbEntity
  8
2
100
AcDbBlockReference
  2
A$C6E845CED
 10
684569.2628673346
 20
2545292.30876447
 30
0.0
 41
-0.3499999999999999
 42
0.3499999999999999
 43
0.35
 50
46.90163228213439
  0
INSERT
  5
4D7
330
2
100
AcDbEntity
  8
2
100
AcDbBlockReference
  2
A$C6E845CED
 10
684621.7927405422
 20
2545288.043178527
 30
0.0
 41
0.35
 42
0.35
 43
0.35
 50
46.44978928577383
  0
INSERT
  5
4D8
330
2
100
AcDbEntity
  8
2
100
AcDbBlockReference
  2
A$C6E845CED
 10
684599.1917772188
 20
2545264.081218318
 30
0.0
 41
-0.3499999999999999
 42
0.3499999999999999
 43
0.35
 50
46.90163228213439
  0
INSERT
  5
4D9
330
2
100
AcDbEntity
  8
2
100
AcDbBlockReference
  2
A$C6E845CED
 10
684651.7216504264
 20
2545259.815632375
 30
0.0
 41
0.35
 42
0.35
 43
0.35
 50
46.44978928577383
  0
INSERT
  5
4DA
330
2
100
AcDbEntity
  8
2
100
AcDbBlockReference
  2
A$C6E845CED
 10
684629.1206871031
 20
2545235.853672167
 30
0.0
 41
-0.3499999999999999
 42
0.3499999999999999
 43
0.35
 50
46.90163228213439
  0
INSERT
  5
4DB
330
2
100
AcDbEntity
  8
2
100
AcDbBlockReference
  2
A$C6E845CED
 10
684674.1754591149
 20
2545250.018181765
 30
0.0
 41
0.35
 42
0.35
 43
0.35
 50
316.7350968131255
  0
INSERT
  5
4DC
330
2
100
AcDbEntity
  8
2
100
AcDbBlockReference
  2
A$C6E845CED
 10
684671.5236958442
 20
2545252.519207054
 30
0.0
 41
-0.35
 42
0.35
 43
0.35
 50
316.6161712047738
  0
INSERT
  5
4DD
330
2
100
AcDbEntity
  8
2
100
AcDbBlockReference
  2
A$C6E845CED
 10
684655.8718690001
 20
2545235.925230858
 30
0.0
 41
-0.35
 42
0.35
 43
0.35
 50
316.6161712047738
  0
INSERT
  5
4DE
330
2
100
AcDbEntity
  8
4
 48
2.5
100
AcDbBlockReference
  2
A$C432F5CDB
 10
685263.1372840716
 20
2545183.047086244
 30
0.0
  0
LWPOLYLINE
  5
4DF
330
2
100
AcDbEntity
  8
4
  6
Continuous
100
AcDbPolyline
 90
        4
 70
     1
 43
0.136
 10
685326.3160744444
 20
2545242.96570611
 10
685327.6146297348
 20
2545241.740969748
 10
685327.0022615539
 20
2545241.091692102
 10
685325.7037062636
 20
2545242.316428464
  0
LWPOLYLINE
  5
4E0
330
2
100
AcDbEntity
  8
4
  6
Continuous
100
AcDbPolyline
 90
        4
 70
     1
 43
0.136
 10
685366.7362588382
 20
2545236.798425039
 10
685367.9609952004
 20
2545238.09698033
 10
685368.6102728461
 20
2545237.484612148
 10
685367.3855364839
 20
2545236.186056858
  0
LWPOLYLINE
  5
4E1
330
2
100
AcDbEntity
  8
4
  6
Continuous
100
AcDbPolyline
 90
        4
 70
     1
 43
0.136
 10
685302.6821309241
 20
2545265.256556414
 10
685303.9806862144
 20
2545264.031820051
 10
685303.3683180335
 20
2545263.382542406
 10
685302.0697627433
 20
2545264.607278768
  0
LWPOLYLINE
  5
4E2
330
2
100
AcDbEntity
  8
4
  6
Continuous
100
AcDbPolyline
 90
        4
 70
     1
 43
0.136
 10
685285.2227304147
 20
2545281.723776393
 10
685286.5212857051
 20
2545280.499040031
 10
685285.9089175241
 20
2545279.849762386
 10
685284.6103622339
 20
2545281.074498748
  0
LWPOLYLINE
  5
4E3
330
2
100
AcDbEntity
  8
4
  6
Continuous
100
AcDbPolyline
 90
        4
 70
     1
 43
0.136
 10
685265.9845201781
 20
2545301.059409279
 10
685267.2092565403
 20
2545302.35796457
 10
685267.8585341859
 20
2545301.745596389
 10
685266.6337978238
 20
2545300.447041098
  0
LWPOLYLINE
  5
4E4
330
2
100
AcDbEntity
  8
4
  6
Continuous
100
AcDbPolyline
 90
        4
 70
     1
 43
0.136
 10
685287.1621219827
 20
2545322.3193889
 10
685288.3868583449
 20
2545323.617944191
 10
685289.0361359905
 20
2545323.00557601
 10
685287.8113996283
 20
2545321.707020719
  0
LWPOLYLINE
  5
4E5
330
2
100
AcDbEntity
  8
4
  6
Continuous
100
AcDbPolyline
 90
        4
 70
     1
 43
0.136
 10
685308.5884345282
 20
2545344.858420259
 10
685309.8131708904
 20
2545346.15697555
 10
685310.4624485361
 20
2545345.544607369
 10
685309.2377121739
 20
2545344.246052078
  0
LWPOLYLINE
  5
4E6
330
2
100
AcDbEntity
  8
4
  6
Continuous
100
AcDbPolyline
 90
        4
 70
     1
 43
0.136
 10
685325.9015724514
 20
2545360.724280592
 10
685327.1263088136
 20
2545362.022835882
 10
685327.7755864592
 20
2545361.410467701
 10
685326.5508500969
 20
2545360.111912411
  0
LWPOLYLINE
  5
4E7
330
2
100
AcDbEntity
  8
4
  6
Continuous
100
AcDbPolyline
 90
        4
 70
     1
 43
0.136
 10
685349.4705354979
 20
2545379.168974512
 10
685348.1719802075
 20
2545380.393710874
 10
685348.7843483883
 20
2545381.04298852
 10
685350.0829036787
 20
2545379.818252158
  0
LINE
  5
4E8
330
2
100
AcDbEntity
  8
4
 48
2.5
100
AcDbLine
 10
685290.2608236377
 20
2545320.609931833
 30
0.0
 11
685293.9682067142
 21
2545316.902548756
 31
0.0
  0
LWPOLYLINE
  5
4EB
330
2
100
AcDbEntity
  8
4
  6
Continuous
100
AcDbPolyline
 90
        4
 70
     1
 43
0.136
 10
685349.0569307176
 20
2545222.989209151
 10
685350.2816670799
 20
2545224.287764442
 10
685350.9309447256
 20
2545223.675396261
 10
685349.7062083633
 20
2545222.37684097
  0
LWPOLYLINE
  5
4EC
330
2
100
AcDbEntity
  8
4
  6
Continuous
100
AcDbPolyline
 90
        4
 70
     1
 43
0.136
 10
685391.4274581542
 20
2545243.491530848
 10
685392.0790751579
 20
2545241.8297185
 10
685391.2481689838
 20
2545241.503909998
 10
685390.5965519802
 20
2545243.165722346
  0
LWPOLYLINE
  5
4ED
330
2
100
AcDbEntity
  8
4
  6
Continuous
100
AcDbPolyline
 90
        4
 70
     1
 43
0.136
 10
685410.6359391827
 20
2545252.011509083
 10
685411.8606755449
 20
2545253.310064374
 10
685412.5099531905
 20
2545252.697696192
 10
685411.2852168282
 20
2545251.399140902
  0
LWPOLYLINE
  5
4EE
330
2
100
AcDbEntity
  8
4
  6
Continuous
100
AcDbPolyline
 90
        4
 70
     1
 43
0.136
 10
685424.606524719
 20
2545259.613512283
 10
685425.8312610811
 20
2545260.912067574
 10
685426.4805387268
 20
2545260.299699392
 10
685425.2558023645
 20
2545259.001144102
  0
LWPOLYLINE
  5
508
330
2
100
AcDbEntity
  8
9
 48
2.5
100
AcDbPolyline
 90
       11
 70
     0
 43
0.0
 10
684654.1025470187
 20
2545290.082001799
 10
684604.8396281318
 20
2545237.863510511
 10
684631.8109207022
 20
2545212.382573583
 10
684658.8140791016
 20
2545225.608594685
 10
684682.698920702
 20
2545235.898573583
 10
684751.4099207021
 20
2545262.912573583
 10
684702.6152875604
 20
2545308.945425075
 10
684697.8058040313
 20
2545303.846161247
 10
684684.6963382332
 20
2545289.95141253
 10
684668.4439918519
 20
2545305.283874303
 10
684654.1025457812
 20
2545290.082000488
  0
TEXT
  5
B1E
330
2
100
AcDbEntity
  8
PUB_TEXT
  6
Continuous
100
AcDbText
 10
685311.6891828941
 20
2545567.911857423
 30
0.0
 40
2.0
  1
9746.00m
 41
0.525
  7
天正
100
AcDbText
  0
TEXT
  5
B1F
330
2
100
AcDbEntity
  8
PUB_TEXT
  6
Continuous
100
AcDbText
 10
685319.689182894
 20
2545569.161857422
 30
0.0
 40
1.0
  1
2
 41
0.525
  7
天正
100
AcDbText
  0
TEXT
  5
B20
330
2
100
AcDbEntity
  8
PUB_TEXT
  6
Continuous
100
AcDbText
 10
685311.6891828941
 20
2545560.148299025
 30
0.0
 40
2.0
  1
25917.40m
 41
0.525
  7
天正
100
AcDbText
  0
TEXT
  5
B21
330
2
100
AcDbEntity
  8
PUB_TEXT
  6
Continuous
100
AcDbText
 10
685320.4891828942
 20
2545561.398299025
 30
0.0
 40
1.0
  1
2
 41
0.525
  7
天正
100
AcDbText
  0
TEXT
  5
B22
330
2
100
AcDbEntity
  8
PUB_TEXT
  6
Continuous
100
AcDbText
 10
685311.6891828941
 20
2545556.266519823
 30
0.0
 40
2.0
  1
- -m
 41
0.525
  7
天正
100
AcDbText
  0
TEXT
  5
B23
330
2
100
AcDbEntity
  8
PUB_TEXT
  6
Continuous
100
AcDbText
 10
685316.3183167524
 20
2545557.516519822
 30
0.0
 40
1.0
  1
2
 41
0.525
  7
天正
100
AcDbText
  0
TEXT
  5
B24
330
2
100
AcDbEntity
  8
PUB_TEXT
  6
Continuous
100
AcDbText
 10
685311.6891828941
 20
2545544.621182221
 30
0.0
 40
2.0
  1
1659.00m
 41
0.525
  7
天正
100
AcDbText
  0
TEXT
  5
B25
330
2
100
AcDbEntity
  8
PUB_TEXT
  6
Continuous
100
AcDbText
 10
685319.4891828941
 20
2545545.871182221
 30
0.0
 40
1.0
  1
2
 41
0.525
  7
天正
100
AcDbText
  0
TEXT
  5
B26
330
2
100
AcDbEntity
  8
PUB_TEXT
  6
Continuous
100
AcDbText
 10
685310.9170428652
 20
2545571.389741959
 30
0.0
 40
2.0
  1
16590.00m
 41
0.525
  7
天正
100
AcDbText
  0
TEXT
  5
B27
330
2
100
AcDbEntity
  8
PUB_TEXT
  6
Continuous
100
AcDbText
 10
685319.7170428654
 20
2545572.639741959
 30
0.0
 40
1.0
  1
2
 41
0.525
  7
天正
100
AcDbText
  0
TEXT
  5
B28
330
2
100
AcDbEntity
  8
PUB_TEXT
  6
Continuous
100
AcDbText
 10
685311.7472809647
 20
2545564.030078223
 30
0.0
 40
2.0
  1
17710.00m
 41
0.525
  7
天正
100
AcDbText
  0
TEXT
  5
B29
330
2
100
AcDbEntity
  8
PUB_TEXT
  6
Continuous
100
AcDbText
 10
685320.3472809648
 20
2545565.280078223
 30
0.0
 40
1.0
  1
2
 41
0.525
  7
天正
100
AcDbText
  0
TEXT
  5
B2A
330
2
100
AcDbEntity
  8
PUB_TEXT
  6
Continuous
100
AcDbText
 10
685308.9723062943
 20
2545532.881424199
 30
0.0
 40
2.0
  1
208.00m
 41
0.525
  7
天正
100
AcDbText
  0
TEXT
  5
B2B
330
2
100
AcDbEntity
  8
PUB_TEXT
  6
Continuous
100
AcDbText
 10
685315.9723062944
 20
2545534.131424199
 30
0.0
 40
1.0
  1
2
 41
0.525
  7
天正
100
AcDbText
  0
TEXT
  5
B2C
330
2
100
AcDbEntity
  8
PUB_TEXT
  6
Continuous
100
AcDbText
 10
685316.3223062944
 20
2545532.881424199
 30
0.0
 40
2.5
  1
（130个）
 41
0.7
  7
天正
100
AcDbText
  0
TEXT
  5
B2D
330
2
100
AcDbEntity
  8
PUB_TEXT
  6
Continuous
100
AcDbText
 10
685291.6352323487
 20
2545529.441578755
 30
0.0
 40
1.398581560283687
  1
其中非机动车停车位159个，电动自行车停车位159个，设置充电桩48个
 41
0.8
  7
_TCH_DIM
100
AcDbText
  0
TEXT
  5
B2E
330
2
100
AcDbEntity
  8
PUB_DIM
100
AcDbText
 10
685184.9765503942
 20
2545550.578124879
 30
0.0
 40
2.156544
  1
建筑高度（m）
 41
0.7
  7
天正
100
AcDbText
  0
TEXT
  5
B2F
330
2
100
AcDbEntity
  8
PUB_DIM
100
AcDbText
 10
685198.4638222835
 20
2545550.578124879
 30
0.0
 40
2.156544
  1
消防建筑高度（m）
 41
0.7
  7
天正
100
AcDbText
  0
TEXT
  5
B30
330
2
100
AcDbEntity
  8
PUB_DIM
100
AcDbText
 10
685215.7809933657
 20
2545550.578124875
 30
0.0
 40
2.156544
  1
建筑最高点高度（m）
 41
0.7
  7
天正
100
AcDbText
  0
TEXT
  5
B31
330
2
100
AcDbEntity
  8
PUB_DIM
100
AcDbText
 10
685202.0615192322
 20
2545547.649529476
 30
0.0
 40
1.7252352
  1
18.00
 41
0.525
  7
天正
100
AcDbText
  0
TEXT
  5
B32
330
2
100
AcDbEntity
  8
PUB_DIM
100
AcDbText
 10
685202.0615192322
 20
2545544.414713474
 30
0.0
 40
1.7252352
  1
18.00
 41
0.525
  7
天正
100
AcDbText
  0
TEXT
  5
B33
330
2
100
AcDbEntity
  8
PUB_DIM
100
AcDbText
 10
685202.0615192322
 20
2545541.179897472
 30
0.0
 40
1.7252352
  1
22.50
 41
0.525
  7
天正
100
AcDbText
  0
TEXT
  5
B34
330
2
100
AcDbEntity
  8
PUB_DIM
100
AcDbText
 10
685219.3786903145
 20
2545541.179897467
 30
0.0
 40
1.7252352
  1
- -
 41
0.525
  7
天正
100
AcDbText
  0
TEXT
  5
B35
330
2
100
AcDbEntity
  8
PUB_DIM
100
AcDbText
 10
685219.3786903145
 20
2545544.41471347
 30
0.0
 40
1.7252352
  1
- -
 41
0.525
  7
天正
100
AcDbText
  0
TEXT
  5
B36
330
2
100
AcDbEntity
  8
PUB_DIM
100
AcDbText
 10
685219.3786903145
 20
2545547.649529471
 30
0.0
 40
1.7252352
  1
- -
 41
0.525
  7
天正
100
AcDbText
  0
TEXT
  5
B37
330
2
100
AcDbEntity
  8
PUB_DIM
100
AcDbText
 10
685188.5742473429
 20
2545541.179897472
 30
0.0
 40
1.7252352
  1
22.50
 41
0.525
  7
天正
100
AcDbText
  0
TEXT
  5
B38
330
2
100
AcDbEntity
  8
PUB_DIM
100
AcDbText
 10
685188.5742473429
 20
2545544.414713474
 30
0.0
 40
1.7252352
  1
18.00
 41
0.525
  7
天正
100
AcDbText
  0
TEXT
  5
B39
330
2
100
AcDbEntity
  8
PUB_DIM
100
AcDbText
 10
685188.5742473429
 20
2545547.649529476
 30
0.0
 40
1.7252352
  1
18.00
 41
0.525
  7
天正
100
AcDbText
  0
TEXT
  5
B3A
330
2
100
AcDbEntity
  8
PUB_DIM
100
AcDbText
 10
685158.26173568
 20
2545541.179897476
 30
0.0
 40
1.725235199983023
  1
1719.00
 41
0.525
  7
天正
100
AcDbText
  0
TEXT
  5
B3B
330
2
100
AcDbEntity
  8
PUB_DIM
100
AcDbText
 10
685172.3979340033
 20
2545541.179897476
 30
0.0
 40
1.725235200008419
  1
1719.00
 41
0.525
  7
天正
100
AcDbText
  0
TEXT
  5
B3C
330
2
100
AcDbEntity
  8
PUB_DIM
100
AcDbText
 10
685172.3979340033
 20
2545544.414713479
 30
0.0
 40
1.725235199992926
  1
11280.00
 41
0.525
  7
天正
100
AcDbText
  0
TEXT
  5
B3D
330
2
100
AcDbEntity
  8
PUB_DIM
100
AcDbText
 10
685158.26173568
 20
2545544.414713479
 30
0.0
 40
1.7252352
  1
7520.00
 41
0.525
  7
天正
100
AcDbText
  0
TEXT
  5
B3E
330
2
100
AcDbEntity
  8
PUB_DIM
100
AcDbText
 10
685172.3979340033
 20
2545547.649529481
 30
0.0
 40
1.7252352
  1
10152.00
 41
0.525
  7
天正
100
AcDbText
  0
TEXT
  5
B3F
330
2
100
AcDbEntity
  8
PUB_DIM
100
AcDbText
 10
685158.26173568
 20
2545547.649529481
 30
0.0
 40
1.7252352
  1
5076.00
 41
0.525
  7
天正
100
AcDbText
  0
TEXT
  5
B40
330
2
100
AcDbEntity
  8
PUB_DIM
100
AcDbText
 10
685315.3042100498
 20
2545548.386636509
 30
0.0
 40
2.070282239983831
  1
1.61
 41
0.525
  7
天正
100
AcDbText
  0
TEXT
  5
B41
330
2
100
AcDbEntity
  8
PUB_DIM
100
AcDbText
 10
685315.55452894
 20
2545540.623078111
 30
0.0
 40
2.070282240013403
  1
10.10
 41
0.525
  7
天正
100
AcDbText
  0
TEXT
  5
B42
330
2
100
AcDbEntity
  8
PUB_TEXT
100
AcDbText
 10
685343.8200003167
 20
2545566.250488135
 30
0.0
 40
0.6083544303577371
  1
7.25
  7
黑体
100
AcDbText
  0
TEXT
  5
B43
330
2
100
AcDbEntity
  8
PUB_DIM
100
AcDbText
 10
685158.26173568
 20
2545537.945081488
 30
0.0
 40
1.725235199983023
  1
349.36
 41
0.525
  7
天正
100
AcDbText
  0
TEXT
  5
B44
330
2
100
AcDbEntity
  8
PUB_DIM
100
AcDbText
 10
685172.3979340033
 20
2545537.945081488
 30
0.0
 40
1.725235200008419
  1
349.36
 41
0.525
  7
天正
100
AcDbText
  0
TEXT
  5
B45
330
2
100
AcDbEntity
  8
PUB_DIM
100
AcDbText
 10
685158.26173568
 20
2545534.710265482
 30
0.0
 40
1.725235199983023
  1
1369.64
 41
0.525
  7
天正
100
AcDbText
  0
TEXT
  5
B46
330
2
100
AcDbEntity
  8
PUB_DIM
100
AcDbText
 10
685172.3979340033
 20
2545534.710265482
 30
0.0
 40
1.725235200008419
  1
1369.64
 41
0.525
  7
天正
100
AcDbText
  0
INSERT
  5
B47
330
2
100
AcDbEntity
  8
WELL_雨水
100
AcDbBlockReference
  2
$TwtSys$00000187
 10
685431.3054345301
 20
2545298.024181771
 30
0.0
 41
2.25
 42
2.25
 43
2.25
  0
TEXT
  5
B48
330
2
100
AcDbEntity
  8
TWT_TEXT
100
AcDbText
 10
685431.0254345302
 20
2545297.32418177
 30
0.0
 40
1.4
  1
Y
 41
0.525
  7
天正
100
AcDbText
  0
INSERT
  5
B49
330
2
100
AcDbEntity
  8
WELL_雨水
100
AcDbBlockReference
  2
$TwtSys$00000187
 10
685447.1471286156
 20
2545279.089121702
 30
0.0
 41
2.25
 42
2.25
 43
2.25
  0
TEXT
  5
B4A
330
2
100
AcDbEntity
  8
TWT_TEXT
100
AcDbText
 10
685446.8671286155
 20
2545278.389121702
 30
0.0
 40
1.4
  1
Y
 41
0.525
  7
天正
100
AcDbText
  0
INSERT
  5
B4B
330
2
100
AcDbEntity
  8
WELL_雨水
100
AcDbBlockReference
  2
$TwtSys$00000187
 10
685426.5631036478
 20
2545257.264871059
 30
0.0
 41
2.25
 42
2.25
 43
2.25
  0
TEXT
  5
B4C
330
2
100
AcDbEntity
  8
TWT_TEXT
100
AcDbText
 10
685426.2831036476
 20
2545256.564871059
 30
0.0
 40
1.4
  1
Y
 41
0.525
  7
天正
100
AcDbText
  0
INSERT
  5
B4D
330
2
100
AcDbEntity
  8
WELL_雨水
100
AcDbBlockReference
  2
$TwtSys$00000187
 10
685409.9504852493
 20
2545250.335158947
 30
0.0
 41
2.25
 42
2.25
 43
2.25
  0
TEXT
  5
B4E
330
2
100
AcDbEntity
  8
TWT_TEXT
100
AcDbText
 10
685409.6704852493
 20
2545249.635158947
 30
0.0
 40
1.4
  1
Y
 41
0.525
  7
天正
100
AcDbText
  0
INSERT
  5
B4F
330
2
100
AcDbEntity
  8
WELL_雨水
100
AcDbBlockReference
  2
$TwtSys$00000187
 10
685393.3378668514
 20
2545243.405446836
 30
0.0
 41
2.25
 42
2.25
 43
2.25
  0
TEXT
  5
B50
330
2
100
AcDbEntity
  8
TWT_TEXT
100
AcDbText
 10
685393.0578668514
 20
2545242.705446835
 30
0.0
 40
1.4
  1
Y
 41
0.525
  7
天正
100
AcDbText
  0
INSERT
  5
B51
330
2
100
AcDbEntity
  8
WELL_雨水
100
AcDbBlockReference
  2
$TwtSys$00000187
 10
685387.4776487457
 20
2545271.530912036
 30
0.0
 41
2.25
 42
2.25
 43
2.25
  0
TEXT
  5
B52
330
2
100
AcDbEntity
  8
TWT_TEXT
100
AcDbText
 10
685387.1976487457
 20
2545270.830912035
 30
0.0
 40
1.4
  1
Y
 41
0.525
  7
天正
100
AcDbText
  0
LINE
  5
B53
330
2
100
AcDbEntity
  8
PIPE-雨水
  6
DASH
 48
0.0125
100
AcDbLine
 10
685388.2960581445
 20
2545270.759011099
 30
0.0
 11
685395.3889396017
 21
2545264.069202983
 31
0.0
  0
LINE
  5
B54
330
2
100
AcDbEntity
  8
PIPE-雨水
  6
DASH
 48
0.0125
100
AcDbLine
 10
685408.9121965992
 20
2545249.902051941
 30
0.0
 11
685394.3761555014
 21
2545243.838553842
 31
0.0
  0
LINE
  5
B55
330
2
100
AcDbEntity
  8
PIPE-雨水
  6
DASH
 48
0.0125
100
AcDbLine
 10
685410.9887738991
 20
2545250.768265955
 30
0.0
 11
685425.5248149778
 21
2545256.831764044
 31
0.0
  0
LINE
  5
B56
330
2
100
AcDbEntity
  8
PIPE-雨水
  6
DASH
 48
0.0125
100
AcDbLine
 10
685427.3350045644
 20
2545258.08328045
 30
0.0
 11
685446.375227679
 21
2545278.270712303
 31
0.0
  0
INSERT
  5
B57
330
2
100
AcDbEntity
  8
WELL_雨水
100
AcDbBlockReference
  2
$TwtSys$00000187
 10
685375.1272337619
 20
2545258.436361653
 30
0.0
 41
2.25
 42
2.25
 43
2.25
  0
TEXT
  5
B58
330
2
100
AcDbEntity
  8
TWT_TEXT
100
AcDbText
 10
685374.847233762
 20
2545257.736361653
 30
0.0
 40
1.4
  1
Y
 41
0.525
  7
天正
100
AcDbText
  0
INSERT
  5
B59
330
2
100
AcDbEntity
  8
WELL_雨水
100
AcDbBlockReference
  2
$TwtSys$00000187
 10
685362.7768187767
 20
2545245.341811272
 30
0.0
 41
2.25
 42
2.25
 43
2.25
  0
TEXT
  5
B5A
330
2
100
AcDbEntity
  8
TWT_TEXT
100
AcDbText
 10
685362.4968187766
 20
2545244.641811272
 30
0.0
 40
1.4
  1
Y
 41
0.525
  7
天正
100
AcDbText
  0
INSERT
  5
B5B
330
2
100
AcDbEntity
  8
WELL_雨水
100
AcDbBlockReference
  2
$TwtSys$00000187
 10
685345.623464632
 20
2545227.154935741
 30
0.0
 41
2.25
 42
2.25
 43
2.25
  0
TEXT
  5
B5C
330
2
100
AcDbEntity
  8
TWT_TEXT
100
AcDbText
 10
685345.343464632
 20
2545226.454935741
 30
0.0
 40
1.4
  1
Y
 41
0.525
  7
天正
100
AcDbText
  0
INSERT
  5
B5D
330
2
100
AcDbEntity
  8
WELL_雨水
100
AcDbBlockReference
  2
$TwtSys$00000187
 10
685328.1640641225
 20
2545243.62215572
 30
0.0
 41
2.25
 42
2.25
 43
2.25
  0
TEXT
  5
B5E
330
2
100
AcDbEntity
  8
TWT_TEXT
100
AcDbText
 10
685327.8840641225
 20
2545242.92215572
 30
0.0
 40
1.4
  1
Y
 41
0.525
  7
天正
100
AcDbText
  0
INSERT
  5
B5F
330
2
100
AcDbEntity
  8
WELL_雨水
100
AcDbBlockReference
  2
$TwtSys$00000187
 10
685304.5301206022
 20
2545265.913006025
 30
0.0
 41
2.25
 42
2.25
 43
2.25
  0
TEXT
  5
B60
330
2
100
AcDbEntity
  8
TWT_TEXT
100
AcDbText
 10
685304.250120602
 20
2545265.213006024
 30
0.0
 40
1.4
  1
Y
 41
0.525
  7
天正
100
AcDbText
  0
INSERT
  5
B61
330
2
100
AcDbEntity
  8
WELL_雨水
100
AcDbBlockReference
  2
$TwtSys$00000187
 10
685287.0707200928
 20
2545282.380226004
 30
0.0
 41
2.25
 42
2.25
 43
2.25
  0
TEXT
  5
B62
330
2
100
AcDbEntity
  8
TWT_TEXT
100
AcDbText
 10
685286.7907200927
 20
2545281.680226004
 30
0.0
 40
1.4
  1
Y
 41
0.525
  7
天正
100
AcDbText
  0
INSERT
  5
B63
330
2
100
AcDbEntity
  8
WELL_雨水
100
AcDbBlockReference
  2
$TwtSys$00000187
 10
685269.6770192266
 20
2545298.785473169
 30
0.0
 41
2.25
 42
2.25
 43
2.25
  0
TEXT
  5
B64
330
2
100
AcDbEntity
  8
TWT_TEXT
100
AcDbText
 10
685269.3970192264
 20
2545298.085473169
 30
0.0
 40
1.4
  1
Y
 41
0.525
  7
天正
100
AcDbText
  0
INSERT
  5
B65
330
2
100
AcDbEntity
  8
WELL_雨水
100
AcDbBlockReference
  2
$TwtSys$00000187
 10
685317.624670984
 20
2545253.56259104
 30
0.0
 41
2.25
 42
2.25
 43
2.25
  0
TEXT
  5
B66
330
2
100
AcDbEntity
  8
TWT_TEXT
100
AcDbText
 10
685317.344670984
 20
2545252.862591039
 30
0.0
 40
1.4
  1
Y
 41
0.525
  7
天正
100
AcDbText
  0
LINE
  5
B67
330
2
100
AcDbEntity
  8
PIPE-雨水
  6
DASH
 48
0.0125
100
AcDbLine
 10
685328.9824735213
 20
2545242.850254784
 30
0.0
 11
685344.805055233
 21
2545227.926836677
 31
0.0
  0
LINE
  5
B68
330
2
100
AcDbEntity
  8
PIPE-雨水
  6
DASH
 48
0.0125
100
AcDbLine
 10
685316.8062615852
 20
2545254.334491976
 30
0.0
 11
685305.348530001
 21
2545265.141105088
 31
0.0
  0
LINE
  5
B69
330
2
100
AcDbEntity
  8
PIPE-雨水
  6
DASH
 48
0.0125
100
AcDbLine
 10
685303.7117118248
 20
2545266.68490762
 30
0.0
 11
685287.8891421288
 21
2545281.608338466
 31
0.0
  0
LINE
  5
B6A
330
2
100
AcDbEntity
  8
PIPE-雨水
  6
DASH
 48
0.0125
100
AcDbLine
 10
685286.2523231704
 20
2545283.152140168
 30
0.0
 11
685270.4954294075
 21
2545298.013573062
 31
0.0
  0
INSERT
  5
B6B
330
2
100
AcDbEntity
  8
WELL_雨水
100
AcDbBlockReference
  2
$TwtSys$00000187
 10
685290.2608236377
 20
2545320.609931833
 30
0.0
 41
2.25
 42
2.25
 43
2.25
  0
TEXT
  5
B6C
330
2
100
AcDbEntity
  8
TWT_TEXT
100
AcDbText
 10
685289.9808236377
 20
2545319.909931833
 30
0.0
 40
1.4
  1
Y
 41
0.525
  7
天正
100
AcDbText
  0
INSERT
  5
B6D
330
2
100
AcDbEntity
  8
WELL_雨水
100
AcDbBlockReference
  2
$TwtSys$00000187
 10
685311.5307788406
 20
2545343.161883145
 30
0.0
 41
2.25
 42
2.25
 43
2.25
  0
TEXT
  5
B6E
330
2
100
AcDbEntity
  8
TWT_TEXT
100
AcDbText
 10
685311.2507788406
 20
2545342.461883145
 30
0.0
 40
1.4
  1
Y
 41
0.525
  7
天正
100
AcDbText
  0
INSERT
  5
B6F
330
2
100
AcDbEntity
  8
WELL_雨水
100
AcDbBlockReference
  2
$TwtSys$00000187
 10
685328.9244763415
 20
2545326.756632412
 30
0.0
 41
2.25
 42
2.25
 43
2.25
  0
TEXT
  5
B70
330
2
100
AcDbEntity
  8
TWT_TEXT
100
AcDbText
 10
685328.6444763414
 20
2545326.056632412
 30
0.0
 40
1.4
  1
Y
 41
0.525
  7
天正
100
AcDbText
  0
INSERT
  5
B71
330
2
100
AcDbEntity
  8
WELL_雨水
100
AcDbBlockReference
  2
$TwtSys$00000187
 10
685346.3838768509
 20
2545310.289412432
 30
0.0
 41
2.25
 42
2.25
 43
2.25
  0
TEXT
  5
B72
330
2
100
AcDbEntity
  8
TWT_TEXT
100
AcDbText
 10
685346.1038768507
 20
2545309.589412432
 30
0.0
 40
1.4
  1
Y
 41
0.525
  7
天正
100
AcDbText
  0
INSERT
  5
B73
330
2
100
AcDbEntity
  8
WELL_雨水
100
AcDbBlockReference
  2
$TwtSys$00000187
 10
685359.4784272328
 20
2545297.938997447
 30
0.0
 41
2.25
 42
2.25
 43
2.25
  0
TEXT
  5
B74
330
2
100
AcDbEntity
  8
TWT_TEXT
100
AcDbText
 10
685359.1984272327
 20
2545297.238997447
 30
0.0
 40
1.4
  1
Y
 41
0.525
  7
天正
100
AcDbText
  0
INSERT
  5
B75
330
2
100
AcDbEntity
  8
WELL_雨水
100
AcDbBlockReference
  2
$TwtSys$00000187
 10
685370.0340096496
 20
2545287.984519272
 30
0.0
 41
2.25
 42
2.25
 43
2.25
  0
TEXT
  5
B76
330
2
100
AcDbEntity
  8
TWT_TEXT
100
AcDbText
 10
685369.7540096495
 20
2545287.284519272
 30
0.0
 40
1.4
  1
Y
 41
0.525
  7
天正
100
AcDbText
  0
INSERT
  5
B77
330
2
100
AcDbEntity
  8
WELL_雨水
100
AcDbBlockReference
  2
$TwtSys$00000187
 10
685396.2073490006
 20
2545263.297302046
 30
0.0
 41
2.25
 42
2.25
 43
2.25
  0
TEXT
  5
B78
330
2
100
AcDbEntity
  8
TWT_TEXT
100
AcDbText
 10
685395.9273490005
 20
2545262.597302046
 30
0.0
 40
1.4
  1
Y
 41
0.525
  7
天正
100
AcDbText
  0
LINE
  5
B79
330
2
100
AcDbEntity
  8
PIPE-雨水
  6
DASH
 48
0.0125
100
AcDbLine
 10
685397.0257583994
 20
2545262.525401109
 30
0.0
 11
685409.1320758503
 21
2545251.107059884
 31
0.0
  0
LINE
  5
B7A
330
2
100
AcDbEntity
  8
PIPE-雨水
  6
DASH
 48
0.0125
100
AcDbLine
 10
685370.8523897059
 20
2545287.212587227
 30
0.0
 11
685386.6592686895
 21
2545272.302844081
 31
0.0
  0
LINE
  5
B7B
330
2
100
AcDbEntity
  8
PIPE-雨水
  6
DASH
 48
0.0125
100
AcDbLine
 10
685358.6600178338
 20
2545298.710898384
 30
0.0
 11
685347.2022862497
 21
2545309.517511496
 31
0.0
  0
LINE
  5
B7C
330
2
100
AcDbEntity
  8
PIPE-雨水
  6
DASH
 48
0.0125
100
AcDbLine
 10
685345.5654674519
 20
2545311.061313369
 30
0.0
 11
685329.7428857402
 21
2545325.984731475
 31
0.0
  0
LINE
  5
B7D
330
2
100
AcDbEntity
  8
PIPE-雨水
  6
DASH
 48
0.0125
100
AcDbLine
 10
685328.1060669425
 20
2545327.528533349
 30
0.0
 11
685312.3491882394
 21
2545342.389982209
 31
0.0
  0
LINE
  5
B7E
330
2
100
AcDbEntity
  8
PIPE-雨水
  6
DASH
 48
0.0125
100
AcDbLine
 10
685310.7588859083
 20
2545342.343466197
 30
0.0
 11
685291.0327165699
 21
2545321.428348781
 31
0.0
  0
LINE
  5
B7F
330
2
100
AcDbEntity
  8
PIPE-雨水
  6
DASH
 48
0.0125
100
AcDbLine
 10
685289.4889309723
 20
2545319.791514633
 30
0.0
 11
685270.4489118917
 21
2545299.60389037
 31
0.0
  0
INSERT
  5
B80
330
2
100
AcDbEntity
  8
WELL_雨水
100
AcDbBlockReference
  2
$TwtSys$00000187
 10
685331.1797700381
 20
2545356.9429261
 30
0.0
 41
2.25
 42
2.25
 43
2.25
  0
TEXT
  5
B81
330
2
100
AcDbEntity
  8
TWT_TEXT
100
AcDbText
 10
685330.8997700381
 20
2545356.2429261
 30
0.0
 40
1.4
  1
Y
 41
0.525
  7
天正
100
AcDbText
  0
LINE
  5
B82
330
2
100
AcDbEntity
  8
PIPE-雨水
  6
DASH
 48
0.0125
100
AcDbLine
 10
685447.6087934287
 20
2545280.115031347
 30
0.0
 11
685449.353
 21
2545283.991
 31
0.0
  0
INSERT
  5
B83
330
2
100
AcDbEntity
  8
WELL_雨水
100
AcDbBlockReference
  2
$TwtSys$00000187
 10
685418.2108841476
 20
2545310.374596754
 30
0.0
 41
2.25
 42
2.25
 43
2.25
  0
TEXT
  5
B84
330
2
100
AcDbEntity
  8
TWT_TEXT
100
AcDbText
 10
685417.9308841475
 20
2545309.674596754
 30
0.0
 40
1.4
  1
Y
 41
0.525
  7
天正
100
AcDbText
  0
LINE
  5
B85
330
2
100
AcDbEntity
  8
PIPE-雨水
  6
DASH
 48
0.0125
100
AcDbLine
 10
685419.0292935465
 20
2545309.602695818
 30
0.0
 11
685430.4870251313
 21
2545298.796082707
 31
0.0
  0
LINE
  5
B86
330
2
100
AcDbEntity
  8
PIPE-雨水
  6
DASH
 48
0.0125
100
AcDbLine
 10
685432.0273208248
 20
2545297.161334635
 30
0.0
 11
685446.425242321
 21
2545279.951968836
 31
0.0
  0
INSERT
  5
B87
330
2
100
AcDbEntity
  8
WELL_雨水
100
AcDbBlockReference
  2
$TwtSys$00000187
 10
685363.124495036
 20
2545363.017999819
 30
0.0
 41
2.25
 42
2.25
 43
2.25
  0
TEXT
  5
B88
330
2
100
AcDbEntity
  8
TWT_TEXT
100
AcDbText
 10
685362.8444950359
 20
2545362.317999818
 30
0.0
 40
1.4
  1
Y
 41
0.525
  7
天正
100
AcDbText
  0
INSERT
  5
B89
330
2
100
AcDbEntity
  8
WELL_雨水
100
AcDbBlockReference
  2
$TwtSys$00000187
 10
685380.5838955453
 20
2545346.550779839
 30
0.0
 41
2.25
 42
2.25
 43
2.25
  0
TEXT
  5
B8A
330
2
100
AcDbEntity
  8
TWT_TEXT
100
AcDbText
 10
685380.3038955454
 20
2545345.850779839
 30
0.0
 40
1.4
  1
Y
 41
0.525
  7
天正
100
AcDbText
  0
INSERT
  5
B8B
330
2
100
AcDbEntity
  8
WELL_雨水
100
AcDbBlockReference
  2
$TwtSys$00000187
 10
685393.6784459271
 20
2545334.200364854
 30
0.0
 41
2.25
 42
2.25
 43
2.25
  0
TEXT
  5
B8C
330
2
100
AcDbEntity
  8
TWT_TEXT
100
AcDbText
 10
685393.3984459271
 20
2545333.500364854
 30
0.0
 40
1.4
  1
Y
 41
0.525
  7
天正
100
AcDbText
  0
LINE
  5
B8D
330
2
100
AcDbEntity
  8
PIPE-雨水
  6
DASH
 48
0.0125
100
AcDbLine
 10
685392.8600365283
 20
2545334.972265791
 30
0.0
 11
685381.4023049442
 21
2545345.778878903
 31
0.0
  0
LINE
  5
B8E
330
2
100
AcDbEntity
  8
PIPE-雨水
  6
DASH
 48
0.0125
100
AcDbLine
 10
685379.7654861466
 20
2545347.322680775
 30
0.0
 11
685363.9429044349
 21
2545362.246098882
 31
0.0
  0
INSERT
  5
B8F
330
2
100
AcDbEntity
  8
WELL_雨水
100
AcDbBlockReference
  2
$TwtSys$00000187
 10
685411.138295766
 20
2545317.73362129
 30
0.0
 41
2.25
 42
2.25
 43
2.25
  0
TEXT
  5
B90
330
2
100
AcDbEntity
  8
TWT_TEXT
100
AcDbText
 10
685410.858295766
 20
2545317.03362129
 30
0.0
 40
1.4
  1
Y
 41
0.525
  7
天正
100
AcDbText
  0
LINE
  5
B91
330
2
100
AcDbEntity
  8
PIPE-雨水
  6
DASH
 48
0.0125
100
AcDbLine
 10
685410.3198653048
 20
2545318.505499895
 30
0.0
 11
685394.4968763887
 21
2545333.428486249
 31
0.0
  0
LINE
  5
B92
330
2
100
AcDbEntity
  8
PIPE-雨水
  6
DASH
 48
0.0125
100
AcDbLine
 10
685362.4056470458
 20
2545363.883379832
 30
0.0
 11
685352.7660000001
 21
2545375.488
 31
0.0
  0
LINE
  5
B93
330
2
100
AcDbEntity
  8
PIPE-雨水
  6
DASH
 48
0.0125
100
AcDbLine
 10
685352.7660000001
 20
2545375.488
 30
0.0
 11
685332.0331012287
 21
2545357.676036513
 31
0.0
  0
LINE
  5
B94
330
2
100
AcDbEntity
  8
PIPE-雨水
  6
DASH
 48
0.0125
100
AcDbLine
 10
685330.2587235758
 20
2545356.296939711
 30
0.0
 11
685312.451825303
 21
2545343.807869534
 31
0.0
  0
LINE
  5
B95
330
2
100
AcDbEntity
  8
PIPE-雨水
  6
DASH
 48
0.0125
100
AcDbLine
 10
685346.3953655685
 20
2545227.97334514
 30
0.0
 11
685362.0049178402
 21
2545244.523401873
 31
0.0
  0
LINE
  5
B96
330
2
100
AcDbEntity
  8
PIPE-雨水
  6
DASH
 48
0.0125
100
AcDbLine
 10
685363.5487197133
 20
2545246.160220671
 30
0.0
 11
685374.3553328254
 21
2545257.617952255
 31
0.0
  0
LINE
  5
B97
330
2
100
AcDbEntity
  8
PIPE-雨水
  6
DASH
 48
0.0125
100
AcDbLine
 10
685375.8991346984
 20
2545259.254771051
 30
0.0
 11
685386.7057478092
 21
2545270.712502637
 31
0.0
  0
TEXT
  5
B98
330
2
100
AcDbEntity
  8
TWT_SYMB
 62
     7
100
AcDbText
 10
685366.3539194404
 20
2545250.5068624
 30
0.0
 40
1.4
  1
D400,L=18
 50
46.6751317347699
 41
0.525
  7
天正
100
AcDbText
  0
LWPOLYLINE
  5
B99
330
2
100
AcDbEntity
  8
TWT_SYMB
100
AcDbPolyline
 90
        3
 70
     0
 10
685366.4933992409
 20
2545250.01104305
 40
0.0
 41
0.0
 10
685369.7662514388
 20
2545253.48109066
 40
0.4000000000000001
 41
0.0
 10
685370.7954526874
 20
2545254.572303192
 40
0.0
 41
0.0
  0
TEXT
  5
B9A
330
2
100
AcDbEntity
  8
TWT_SYMB
 62
     7
100
AcDbText
 10
685427.8935837941
 20
2545286.606314175
 30
0.0
 40
1.4
  1
D300,L=20
 50
46.6751317347699
 41
0.525
  7
天正
100
AcDbText
  0
LWPOLYLINE
  5
B9B
330
2
100
AcDbEntity
  8
TWT_SYMB
100
AcDbPolyline
 90
        3
 70
     0
 10
685428.0810929859
 20
2545286.161418077
 40
0.0
 41
0.0
 10
685431.3539451839
 20
2545289.631465687
 40
0.4000000000000001
 41
0.0
 10
685432.3831464324
 20
2545290.722678219
 40
0.0
 41
0.0
  0
TEXT
  5
B9C
330
2
100
AcDbEntity
  8
TWT_SYMB
 62
     7
100
AcDbText
 10
685392.9530823815
 20
2545269.663680706
 30
0.0
 40
1.4
  1
D300,L=24
 50
316.6751317355438
 41
0.525
  7
天正
100
AcDbText
  0
LWPOLYLINE
  5
B9D
330
2
100
AcDbEntity
  8
TWT_SYMB
100
AcDbPolyline
 90
        3
 70
     0
 10
685392.5209170959
 20
2545269.464164167
 40
0.0
 41
0.0
 10
685395.9909647058
 20
2545266.191311969
 40
0.4000000000000001
 41
0.0
 10
685397.0821772377
 20
2545265.16211072
 40
0.0
 41
0.0
  0
LINE
  5
B9E
330
2
100
AcDbEntity
  8
TWT_LEAD
100
AcDbLine
 10
685426.5631036478
 20
2545257.264871059
 30
0.0
 11
685424.3790127691
 21
2545259.448961938
 31
0.0
  0
LINE
  5
B9F
330
2
100
AcDbEntity
  8
TWT_LEAD
100
AcDbLine
 10
685424.3790127691
 20
2545259.448961938
 30
0.0
 11
685421.0393174362
 21
2545259.448961938
 31
0.0
  0
TEXT
  5
BA0
330
2
100
AcDbEntity
  8
TWT_LEAD
 62
     7
100
AcDbText
 10
685421.5891651026
 20
2545259.798961938
 30
0.0
 40
1.4
  1
5.30
 41
0.525
  7
天正
100
AcDbText
  0
TEXT
  5
BA1
330
2
100
AcDbEntity
  8
TWT_LEAD
 62
     7
100
AcDbText
 10
685421.5891651026
 20
2545257.698961938
 30
0.0
 40
1.4
  1
3.60
 41
0.525
  7
天正
100
AcDbText
  0
TEXT
  5
BA2
330
2
100
AcDbEntity
  8
TWT_SYMB
 62
     7
100
AcDbText
 10
685421.370616023
 20
2545304.421815053
 30
0.0
 40
1.4
  1
D300,L=18
 50
316.6751317358599
 41
0.525
  7
天正
100
AcDbText
  0
LWPOLYLINE
  5
BA3
330
2
100
AcDbEntity
  8
TWT_SYMB
100
AcDbPolyline
 90
        3
 70
     0
 10
685422.3956830715
 20
2545305.740302214
 40
0.0
 41
0.0
 10
685425.7114391661
 20
2545302.612973474
 40
0.4000000000000001
 41
0.0
 10
685426.802651698
 20
2545301.583772225
 40
0.0
 41
0.0
  0
TEXT
  5
BA4
330
2
100
AcDbEntity
  8
TWT_SYMB
 62
     7
100
AcDbText
 10
685435.9169670185
 20
2545289.193282971
 30
0.0
 40
1.4
  1
D300,L=25
 50
309.9169611877128
 41
0.525
  7
天正
100
AcDbText
  0
LWPOLYLINE
  5
BA5
330
2
100
AcDbEntity
  8
TWT_SYMB
100
AcDbPolyline
 90
        3
 70
     0
 10
685437.18069753
 20
2545290.273655676
 40
0.0
 41
0.0
 10
685440.0139731225
 20
2545286.887133803
 40
0.4000000000000001
 41
0.0
 10
685440.9764881819
 20
2545285.736670956
 40
0.0
 41
0.0
  0
LINE
  5
BA6
330
2
100
AcDbEntity
  8
TWT_LEAD
100
AcDbLine
 10
685418.2108841476
 20
2545310.374596754
 30
0.0
 11
685415.7983666315
 21
2545307.962079238
 31
0.0
  0
LINE
  5
BA7
330
2
100
AcDbEntity
  8
TWT_LEAD
100
AcDbLine
 10
685415.7983666315
 20
2545307.962079238
 30
0.0
 11
685412.3972028975
 21
2545307.962079238
 31
0.0
  0
TEXT
  5
BA8
330
2
100
AcDbEntity
  8
TWT_LEAD
 62
     7
100
AcDbText
 10
685412.9777847643
 20
2545308.312079238
 30
0.0
 40
1.4
  1
5.30
 41
0.525
  7
天正
100
AcDbText
  0
TEXT
  5
BA9
330
2
100
AcDbEntity
  8
TWT_LEAD
 62
     7
100
AcDbText
 10
685412.9777847643
 20
2545306.212079238
 30
0.0
 40
1.4
  1
4.20
 41
0.525
  7
天正
100
AcDbText
  0
LINE
  5
BAA
330
2
100
AcDbEntity
  8
TWT_LEAD
100
AcDbLine
 10
685431.3054345301
 20
2545298.024181771
 30
0.0
 11
685428.892917014
 21
2545295.611664254
 31
0.0
  0
LINE
  5
BAB
330
2
100
AcDbEntity
  8
TWT_LEAD
100
AcDbLine
 10
685428.892917014
 20
2545295.611664254
 30
0.0
 11
685425.49175328
 21
2545295.611664254
 31
0.0
  0
TEXT
  5
BAC
330
2
100
AcDbEntity
  8
TWT_LEAD
 62
     7
100
AcDbText
 10
685426.072335147
 20
2545295.961664254
 30
0.0
 40
1.4
  1
5.30
 41
0.525
  7
天正
100
AcDbText
  0
TEXT
  5
BAD
330
2
100
AcDbEntity
  8
TWT_LEAD
 62
     7
100
AcDbText
 10
685426.142335147
 20
2545293.861664254
 30
0.0
 40
1.4
  1
4.15
 41
0.525
  7
天正
100
AcDbText
  0
LINE
  5
BAE
330
2
100
AcDbEntity
  8
TWT_LEAD
100
AcDbLine
 10
685447.1471286156
 20
2545279.089121702
 30
0.0
 11
685449.6433060821
 21
2545276.592944235
 31
0.0
  0
LINE
  5
BAF
330
2
100
AcDbEntity
  8
TWT_LEAD
100
AcDbLine
 10
685449.6433060821
 20
2545276.592944235
 30
0.0
 11
685452.8376602759
 21
2545276.592944235
 31
0.0
  0
TEXT
  5
BB0
330
2
100
AcDbEntity
  8
TWT_LEAD
 62
     7
100
AcDbText
 10
685450.120483179
 20
2545276.942944235
 30
0.0
 40
1.4
  1
5.30
 41
0.525
  7
天正
100
AcDbText
  0
TEXT
  5
BB1
330
2
100
AcDbEntity
  8
TWT_LEAD
 62
     7
100
AcDbText
 10
685450.277983179
 20
2545274.842944235
 30
0.0
 40
1.4
  1
3.51
 41
0.525
  7
天正
100
AcDbText
  0
LINE
  5
BB2
330
2
100
AcDbEntity
  8
TWT_LEAD
100
AcDbLine
 10
685396.2073490006
 20
2545263.297302046
 30
0.0
 11
685396.2073490006
 21
2545260.339809179
 31
0.0
  0
LINE
  5
BB3
330
2
100
AcDbEntity
  8
TWT_LEAD
100
AcDbLine
 10
685396.2073490006
 20
2545260.339809179
 30
0.0
 11
685393.0129948068
 21
2545260.339809179
 31
0.0
  0
TEXT
  5
BB4
330
2
100
AcDbEntity
  8
TWT_LEAD
 62
     7
100
AcDbText
 10
685393.4901719036
 20
2545260.689809179
 30
0.0
 40
1.4
  1
5.30
 41
0.525
  7
天正
100
AcDbText
  0
TEXT
  5
BB5
330
2
100
AcDbEntity
  8
TWT_LEAD
 62
     7
100
AcDbText
 10
685393.6476719036
 20
2545258.589809179
 30
0.0
 40
1.4
  1
3.71
 41
0.525
  7
天正
100
AcDbText
  0
LINE
  5
BB6
330
2
100
AcDbEntity
  8
TWT_LEAD
100
AcDbLine
 10
685393.3378668514
 20
2545243.405446836
 30
0.0
 11
685393.3378668514
 21
2545239.574763861
 31
0.0
  0
LINE
  5
BB7
330
2
100
AcDbEntity
  8
TWT_LEAD
100
AcDbLine
 10
685393.3378668514
 20
2545239.574763861
 30
0.0
 11
685396.5322210452
 21
2545239.574763861
 31
0.0
  0
TEXT
  5
BB8
330
2
100
AcDbEntity
  8
TWT_LEAD
 62
     7
100
AcDbText
 10
685393.8150439484
 20
2545239.924763861
 30
0.0
 40
1.4
  1
5.30
 41
0.525
  7
天正
100
AcDbText
  0
TEXT
  5
BB9
330
2
100
AcDbEntity
  8
TWT_LEAD
 62
     7
100
AcDbText
 10
685393.8150439484
 20
2545237.824763861
 30
0.0
 40
1.4
  1
4.20
 41
0.525
  7
天正
100
AcDbText
  0
LINE
  5
BBA
330
2
100
AcDbEntity
  8
TWT_LEAD
100
AcDbLine
 10
685409.9504852493
 20
2545250.335158947
 30
0.0
 11
685409.9504852493
 21
2545246.504475973
 31
0.0
  0
LINE
  5
BBB
330
2
100
AcDbEntity
  8
TWT_LEAD
100
AcDbLine
 10
685409.9504852493
 20
2545246.504475973
 30
0.0
 11
685413.144839443
 21
2545246.504475973
 31
0.0
  0
TEXT
  5
BBC
330
2
100
AcDbEntity
  8
TWT_LEAD
 62
     7
100
AcDbText
 10
685410.4276623463
 20
2545246.854475973
 30
0.0
 40
1.4
  1
5.30
 41
0.525
  7
天正
100
AcDbText
  0
TEXT
  5
BBD
330
2
100
AcDbEntity
  8
TWT_LEAD
 62
     7
100
AcDbText
 10
685410.4276623463
 20
2545244.754475973
 30
0.0
 40
1.4
  1
3.65
 41
0.525
  7
天正
100
AcDbText
  0
LINE
  5
BBE
330
2
100
AcDbEntity
  8
TWT_LEAD
100
AcDbLine
 10
685362.7768187767
 20
2545245.341811272
 30
0.0
 11
685360.8592633356
 21
2545245.341811272
 31
0.0
  0
LINE
  5
BBF
330
2
100
AcDbEntity
  8
TWT_LEAD
100
AcDbLine
 10
685360.8592633356
 20
2545245.341811272
 30
0.0
 11
685357.6649091419
 21
2545245.341811272
 31
0.0
  0
TEXT
  5
BC0
330
2
100
AcDbEntity
  8
TWT_LEAD
 62
     7
100
AcDbText
 10
685358.1420862387
 20
2545245.691811272
 30
0.0
 40
1.4
  1
5.30
 41
0.525
  7
天正
100
AcDbText
  0
TEXT
  5
BC1
330
2
100
AcDbEntity
  8
TWT_LEAD
 62
     7
100
AcDbText
 10
685358.1420862387
 20
2545243.591811272
 30
0.0
 40
1.4
  1
4.05
 41
0.525
  7
天正
100
AcDbText
  0
LINE
  5
BC2
330
2
100
AcDbEntity
  8
TWT_LEAD
100
AcDbLine
 10
685375.1272337619
 20
2545258.436361653
 30
0.0
 11
685373.4941619966
 21
2545258.436361653
 31
0.0
  0
LINE
  5
BC3
330
2
100
AcDbEntity
  8
TWT_LEAD
100
AcDbLine
 10
685373.4941619966
 20
2545258.436361653
 30
0.0
 11
685370.2998078029
 21
2545258.436361653
 31
0.0
  0
TEXT
  5
BC4
330
2
100
AcDbEntity
  8
TWT_LEAD
 62
     7
100
AcDbText
 10
685370.7769848998
 20
2545258.786361653
 30
0.0
 40
1.4
  1
5.30
 41
0.525
  7
天正
100
AcDbText
  0
TEXT
  5
BC5
330
2
100
AcDbEntity
  8
TWT_LEAD
 62
     7
100
AcDbText
 10
685370.7769848998
 20
2545256.686361653
 30
0.0
 40
1.4
  1
4.00
 41
0.525
  7
天正
100
AcDbText
  0
LINE
  5
BC6
330
2
100
AcDbEntity
  8
TWT_LEAD
100
AcDbLine
 10
685387.4776487457
 20
2545271.530912036
 30
0.0
 11
685385.8445769803
 21
2545271.530912036
 31
0.0
  0
LINE
  5
BC7
330
2
100
AcDbEntity
  8
TWT_LEAD
100
AcDbLine
 10
685385.8445769803
 20
2545271.530912036
 30
0.0
 11
685382.6502227867
 21
2545271.530912036
 31
0.0
  0
TEXT
  5
BC8
330
2
100
AcDbEntity
  8
TWT_LEAD
 62
     7
100
AcDbText
 10
685383.1273998835
 20
2545271.880912036
 30
0.0
 40
1.4
  1
5.30
 41
0.525
  7
天正
100
AcDbText
  0
TEXT
  5
BC9
330
2
100
AcDbEntity
  8
TWT_LEAD
 62
     7
100
AcDbText
 10
685383.1273998835
 20
2545269.780912036
 30
0.0
 40
1.4
  1
3.75
 41
0.525
  7
天正
100
AcDbText
  0
LINE
  5
BCA
330
2
100
AcDbEntity
  8
TWT_LEAD
100
AcDbLine
 10
685345.623464632
 20
2545227.154935741
 30
0.0
 11
685347.1167918712
 21
2545227.154935741
 31
0.0
  0
LINE
  5
BCB
330
2
100
AcDbEntity
  8
TWT_LEAD
100
AcDbLine
 10
685347.1167918712
 20
2545227.154935741
 30
0.0
 11
685350.3111460651
 21
2545227.154935741
 31
0.0
  0
TEXT
  5
BCC
330
2
100
AcDbEntity
  8
TWT_LEAD
 62
     7
100
AcDbText
 10
685347.5939689682
 20
2545227.504935741
 30
0.0
 40
1.4
  1
5.30
 41
0.525
  7
天正
100
AcDbText
  0
TEXT
  5
BCD
330
2
100
AcDbEntity
  8
TWT_LEAD
 62
     7
100
AcDbText
 10
685347.6639689681
 20
2545225.404935741
 30
0.0
 40
1.4
  1
4.13
 41
0.525
  7
天正
100
AcDbText
  0
LINE
  5
BCE
330
2
100
AcDbEntity
  8
TWT_LEAD
100
AcDbLine
 10
685328.1640608535
 20
2545243.622158022
 30
0.0
 11
685330.3481517321
 21
2545245.8062489
 31
0.0
  0
LINE
  5
BCF
330
2
100
AcDbEntity
  8
TWT_LEAD
100
AcDbLine
 10
685330.3481517321
 20
2545245.8062489
 30
0.0
 11
685333.6185107209
 21
2545245.8062489
 31
0.0
  0
TEXT
  5
BD0
330
2
100
AcDbEntity
  8
TWT_LEAD
 62
     7
100
AcDbText
 10
685330.8633312265
 20
2545246.156248901
 30
0.0
 40
1.4
  1
5.30
 41
0.525
  7
天正
100
AcDbText
  0
TEXT
  5
BD1
330
2
100
AcDbEntity
  8
TWT_LEAD
 62
     7
100
AcDbText
 10
685330.8633312265
 20
2545244.0562489
 30
0.0
 40
1.4
  1
4.30
 41
0.525
  7
天正
100
AcDbText
  0
LINE
  5
BD2
330
2
100
AcDbEntity
  8
TWT_LEAD
100
AcDbLine
 10
685317.6246677151
 20
2545253.562593341
 30
0.0
 11
685319.8087585936
 21
2545255.74668422
 31
0.0
  0
LINE
  5
BD3
330
2
100
AcDbEntity
  8
TWT_LEAD
100
AcDbLine
 10
685319.8087585936
 20
2545255.74668422
 30
0.0
 11
685323.0791175824
 21
2545255.74668422
 31
0.0
  0
TEXT
  5
BD4
330
2
100
AcDbEntity
  8
TWT_LEAD
 62
     7
100
AcDbText
 10
685320.3239380879
 20
2545256.09668422
 30
0.0
 40
1.4
  1
5.30
 41
0.525
  7
天正
100
AcDbText
  0
TEXT
  5
BD5
330
2
100
AcDbEntity
  8
TWT_LEAD
 62
     7
100
AcDbText
 10
685320.3239380879
 20
2545253.99668422
 30
0.0
 40
1.4
  1
4.20
 41
0.525
  7
天正
100
AcDbText
  0
LINE
  5
BD6
330
2
100
AcDbEntity
  8
TWT_LEAD
100
AcDbLine
 10
685304.5301173331
 20
2545265.913008326
 30
0.0
 11
685306.7142082117
 21
2545268.097099205
 31
0.0
  0
LINE
  5
BD7
330
2
100
AcDbEntity
  8
TWT_LEAD
100
AcDbLine
 10
685306.7142082117
 20
2545268.097099205
 30
0.0
 11
685309.9845672004
 21
2545268.097099205
 31
0.0
  0
TEXT
  5
BD8
330
2
100
AcDbEntity
  8
TWT_LEAD
 62
     7
100
AcDbText
 10
685307.2293877061
 20
2545268.447099205
 30
0.0
 40
1.4
  1
5.30
 41
0.525
  7
天正
100
AcDbText
  0
TEXT
  5
BD9
330
2
100
AcDbEntity
  8
TWT_LEAD
 62
     7
100
AcDbText
 10
685307.2293877061
 20
2545266.347099205
 30
0.0
 40
1.4
  1
4.05
 41
0.525
  7
天正
100
AcDbText
  0
LINE
  5
BDA
330
2
100
AcDbEntity
  8
TWT_LEAD
100
AcDbLine
 10
685287.0707168237
 20
2545282.380228305
 30
0.0
 11
685289.2548077024
 21
2545284.564319184
 31
0.0
  0
LINE
  5
BDB
330
2
100
AcDbEntity
  8
TWT_LEAD
100
AcDbLine
 10
685289.2548077024
 20
2545284.564319184
 30
0.0
 11
685292.525166691
 21
2545284.564319184
 31
0.0
  0
TEXT
  5
BDC
330
2
100
AcDbEntity
  8
TWT_LEAD
 62
     7
100
AcDbText
 10
685289.7699871968
 20
2545284.914319184
 30
0.0
 40
1.4
  1
5.30
 41
0.525
  7
天正
100
AcDbText
  0
TEXT
  5
BDD
330
2
100
AcDbEntity
  8
TWT_LEAD
 62
     7
100
AcDbText
 10
685289.7699871968
 20
2545282.814319184
 30
0.0
 40
1.4
  1
3.98
 41
0.525
  7
天正
100
AcDbText
  0
LINE
  5
BDE
330
2
100
AcDbEntity
  8
TWT_LEAD
100
AcDbLine
 10
685269.6770192266
 20
2545298.785473169
 30
0.0
 11
685268.2615745786
 21
2545298.785473169
 31
0.0
  0
LINE
  5
BDF
330
2
100
AcDbEntity
  8
TWT_LEAD
100
AcDbLine
 10
685268.2615745786
 20
2545298.785473169
 30
0.0
 11
685265.0672203849
 21
2545298.785473169
 31
0.0
  0
TEXT
  5
BE0
330
2
100
AcDbEntity
  8
TWT_LEAD
 62
     7
100
AcDbText
 10
685265.5443974818
 20
2545299.135473169
 30
0.0
 40
1.4
  1
5.30
 41
0.525
  7
天正
100
AcDbText
  0
TEXT
  5
BE1
330
2
100
AcDbEntity
  8
TWT_LEAD
 62
     7
100
AcDbText
 10
685265.7018974817
 20
2545297.035473169
 30
0.0
 40
1.4
  1
3.81
 41
0.525
  7
天正
100
AcDbText
  0
LINE
  5
BE2
330
2
100
AcDbEntity
  8
TWT_LEAD
100
AcDbLine
 10
685290.2608236377
 20
2545320.609931833
 30
0.0
 11
685292.8554448588
 21
2545318.015310612
 31
0.0
  0
LINE
  5
BE3
330
2
100
AcDbEntity
  8
TWT_LEAD
100
AcDbLine
 10
685292.8554448588
 20
2545318.015310612
 30
0.0
 11
685296.0497990526
 21
2545318.015310612
 31
0.0
  0
TEXT
  5
BE4
330
2
100
AcDbEntity
  8
TWT_LEAD
 62
     7
100
AcDbText
 10
685293.3326219556
 20
2545318.365310612
 30
0.0
 40
1.4
  1
5.30
 41
0.525
  7
天正
100
AcDbText
  0
TEXT
  5
BE5
330
2
100
AcDbEntity
  8
TWT_LEAD
 62
     7
100
AcDbText
 10
685293.3326219556
 20
2545316.265310612
 30
0.0
 40
1.4
  1
3.72
 41
0.525
  7
天正
100
AcDbText
  0
LINE
  5
BE6
330
2
100
AcDbEntity
  8
TWT_LEAD
100
AcDbLine
 10
685311.5307788406
 20
2545343.161883145
 30
0.0
 11
685311.5307788407
 21
2545339.861198662
 31
0.0
  0
LINE
  5
BE7
330
2
100
AcDbEntity
  8
TWT_LEAD
100
AcDbLine
 10
685311.5307788407
 20
2545339.861198662
 30
0.0
 11
685314.7251330344
 21
2545339.861198662
 31
0.0
  0
TEXT
  5
BE8
330
2
100
AcDbEntity
  8
TWT_LEAD
 62
     7
100
AcDbText
 10
685312.0079559376
 20
2545340.211198662
 30
0.0
 40
1.4
  1
5.30
 41
0.525
  7
天正
100
AcDbText
  0
TEXT
  5
BE9
330
2
100
AcDbEntity
  8
TWT_LEAD
 62
     7
100
AcDbText
 10
685312.0079559376
 20
2545338.111198662
 30
0.0
 40
1.4
  1
3.62
 41
0.525
  7
天正
100
AcDbText
  0
LINE
  5
BEA
330
2
100
AcDbEntity
  8
TWT_LEAD
100
AcDbLine
 10
685331.1797700381
 20
2545356.9429261
 30
0.0
 11
685333.3713148902
 21
2545354.751381248
 31
0.0
  0
LINE
  5
BEB
330
2
100
AcDbEntity
  8
TWT_LEAD
100
AcDbLine
 10
685333.3713148902
 20
2545354.751381248
 30
0.0
 11
685336.772478624
 21
2545354.751381248
 31
0.0
  0
TEXT
  5
BEC
330
2
100
AcDbEntity
  8
TWT_LEAD
 62
     7
100
AcDbText
 10
685333.951896757
 20
2545355.101381248
 30
0.0
 40
1.4
  1
5.30
 41
0.525
  7
天正
100
AcDbText
  0
TEXT
  5
BED
330
2
100
AcDbEntity
  8
TWT_LEAD
 62
     7
100
AcDbText
 10
685333.951896757
 20
2545353.001381247
 30
0.0
 40
1.4
  1
3.55
 41
0.525
  7
天正
100
AcDbText
  0
LINE
  5
BEE
330
2
100
AcDbEntity
  8
TWT_LEAD
100
AcDbLine
 10
685411.138295766
 20
2545317.73362129
 30
0.0
 11
685408.3251897889
 21
2545314.920515313
 31
0.0
  0
LINE
  5
BEF
330
2
100
AcDbEntity
  8
TWT_LEAD
100
AcDbLine
 10
685408.3251897889
 20
2545314.920515313
 30
0.0
 11
685404.9240260549
 21
2545314.920515313
 31
0.0
  0
TEXT
  5
BF0
330
2
100
AcDbEntity
  8
TWT_LEAD
 62
     7
100
AcDbText
 10
685405.5046079219
 20
2545315.270515313
 30
0.0
 40
1.4
  1
5.30
 41
0.525
  7
天正
100
AcDbText
  0
TEXT
  5
BF1
330
2
100
AcDbEntity
  8
TWT_LEAD
 62
     7
100
AcDbText
 10
685405.5046079219
 20
2545313.170515313
 30
0.0
 40
1.4
  1
4.20
 41
0.525
  7
天正
100
AcDbText
  0
LINE
  5
BF2
330
2
100
AcDbEntity
  8
TWT_LEAD
100
AcDbLine
 10
685393.6784459271
 20
2545334.200364854
 30
0.0
 11
685390.86533995
 21
2545331.387258877
 31
0.0
  0
LINE
  5
BF3
330
2
100
AcDbEntity
  8
TWT_LEAD
100
AcDbLine
 10
685390.86533995
 20
2545331.387258877
 30
0.0
 11
685387.4641762162
 21
2545331.387258877
 31
0.0
  0
TEXT
  5
BF4
330
2
100
AcDbEntity
  8
TWT_LEAD
 62
     7
100
AcDbText
 10
685388.0447580832
 20
2545331.737258877
 30
0.0
 40
1.4
  1
5.30
 41
0.525
  7
天正
100
AcDbText
  0
TEXT
  5
BF5
330
2
100
AcDbEntity
  8
TWT_LEAD
 62
     7
100
AcDbText
 10
685388.1147580832
 20
2545329.637258877
 30
0.0
 40
1.4
  1
4.13
 41
0.525
  7
天正
100
AcDbText
  0
LINE
  5
BF6
330
2
100
AcDbEntity
  8
TWT_LEAD
100
AcDbLine
 10
685380.5838955453
 20
2545346.550779839
 30
0.0
 11
685377.7707895682
 21
2545343.737673862
 31
0.0
  0
LINE
  5
BF7
330
2
100
AcDbEntity
  8
TWT_LEAD
100
AcDbLine
 10
685377.7707895682
 20
2545343.737673862
 30
0.0
 11
685374.3696258343
 21
2545343.737673862
 31
0.0
  0
TEXT
  5
BF8
330
2
100
AcDbEntity
  8
TWT_LEAD
 62
     7
100
AcDbText
 10
685374.9502077014
 20
2545344.087673862
 30
0.0
 40
1.4
  1
5.30
 41
0.525
  7
天正
100
AcDbText
  0
TEXT
  5
BF9
330
2
100
AcDbEntity
  8
TWT_LEAD
 62
     7
100
AcDbText
 10
685374.9502077014
 20
2545341.987673862
 30
0.0
 40
1.4
  1
3.98
 41
0.525
  7
天正
100
AcDbText
  0
LINE
  5
BFA
330
2
100
AcDbEntity
  8
TWT_LEAD
100
AcDbLine
 10
685363.124495036
 20
2545363.017999819
 30
0.0
 11
685360.3113890589
 21
2545360.204893841
 31
0.0
  0
LINE
  5
BFB
330
2
100
AcDbEntity
  8
TWT_LEAD
100
AcDbLine
 10
685360.3113890589
 20
2545360.204893841
 30
0.0
 11
685356.9102253249
 21
2545360.204893841
 31
0.0
  0
TEXT
  5
BFC
330
2
100
AcDbEntity
  8
TWT_LEAD
 62
     7
100
AcDbText
 10
685357.4908071919
 20
2545360.554893842
 30
0.0
 40
1.4
  1
5.30
 41
0.525
  7
天正
100
AcDbText
  0
TEXT
  5
BFD
330
2
100
AcDbEntity
  8
TWT_LEAD
 62
     7
100
AcDbText
 10
685357.6483071918
 20
2545358.454893841
 30
0.0
 40
1.4
  1
3.91
 41
0.525
  7
天正
100
AcDbText
  0
LINE
  5
BFE
330
2
100
AcDbEntity
  8
TWT_LEAD
100
AcDbLine
 10
685359.4784239638
 20
2545297.938999749
 30
0.0
 11
685361.6625148423
 21
2545300.123090628
 31
0.0
  0
LINE
  5
BFF
330
2
100
AcDbEntity
  8
TWT_LEAD
100
AcDbLine
 10
685361.6625148423
 20
2545300.123090628
 30
0.0
 11
685365.4844154603
 21
2545300.123090628
 31
0.0
  0
TEXT
  5
C00
330
2
100
AcDbEntity
  8
TWT_LEAD
 62
     7
100
AcDbText
 10
685362.4534651513
 20
2545300.473090628
 30
0.0
 40
1.4
  1
5.30
 41
0.525
  7
天正
100
AcDbText
  0
TEXT
  5
C01
330
2
100
AcDbEntity
  8
TWT_LEAD
 62
     7
100
AcDbText
 10
685362.4534651513
 20
2545298.373090628
 30
0.0
 40
1.4
  1
4.20
 41
0.525
  7
天正
100
AcDbText
  0
LINE
  5
C02
330
2
100
AcDbEntity
  8
TWT_LEAD
100
AcDbLine
 10
685346.3838735819
 20
2545310.289414734
 30
0.0
 11
685348.5679644605
 21
2545312.473505612
 31
0.0
  0
LINE
  5
C03
330
2
100
AcDbEntity
  8
TWT_LEAD
100
AcDbLine
 10
685348.5679644605
 20
2545312.473505612
 30
0.0
 11
685352.3898650784
 21
2545312.473505612
 31
0.0
  0
TEXT
  5
C04
330
2
100
AcDbEntity
  8
TWT_LEAD
 62
     7
100
AcDbText
 10
685349.3589147693
 20
2545312.823505613
 30
0.0
 40
1.4
  1
5.30
 41
0.525
  7
天正
100
AcDbText
  0
TEXT
  5
C05
330
2
100
AcDbEntity
  8
TWT_LEAD
 62
     7
100
AcDbText
 10
685349.3589147693
 20
2545310.723505612
 30
0.0
 40
1.4
  1
4.05
 41
0.525
  7
天正
100
AcDbText
  0
LINE
  5
C06
330
2
100
AcDbEntity
  8
TWT_LEAD
100
AcDbLine
 10
685328.9244730726
 20
2545326.756634713
 30
0.0
 11
685331.1085639511
 21
2545328.940725592
 31
0.0
  0
LINE
  5
C07
330
2
100
AcDbEntity
  8
TWT_LEAD
100
AcDbLine
 10
685331.1085639511
 20
2545328.940725592
 30
0.0
 11
685334.9304645691
 21
2545328.940725592
 31
0.0
  0
TEXT
  5
C08
330
2
100
AcDbEntity
  8
TWT_LEAD
 62
     7
100
AcDbText
 10
685331.8995142601
 20
2545329.290725592
 30
0.0
 40
1.4
  1
5.30
 41
0.525
  7
天正
100
AcDbText
  0
TEXT
  5
C09
330
2
100
AcDbEntity
  8
TWT_LEAD
 62
     7
100
AcDbText
 10
685331.8995142601
 20
2545327.190725592
 30
0.0
 40
1.4
  1
3.88
 41
0.525
  7
天正
100
AcDbText
  0
TEXT
  5
C0A
330
2
100
AcDbEntity
  8
TWT_SYMB
 62
     7
100
AcDbText
 10
685333.4588961671
 20
2545235.655607042
 30
0.0
 40
1.4
  1
D300,L=24
 50
316.6751317358599
 41
0.525
  7
天正
100
AcDbText
  0
LWPOLYLINE
  5
C0B
330
2
100
AcDbEntity
  8
TWT_SYMB
100
AcDbPolyline
 90
        3
 70
     0
 10
685334.5476172797
 20
2545236.914057464
 40
0.0
 41
0.0
 10
685337.8633733743
 20
2545233.786728724
 40
0.4000000000000001
 41
0.0
 10
685338.9545859062
 20
2545232.757527475
 40
0.0
 41
0.0
  0
TEXT
  5
C0C
330
2
100
AcDbEntity
  8
TWT_SYMB
 62
     7
100
AcDbText
 10
685375.3209609874
 20
2545280.024776966
 30
0.0
 40
1.4
  1
D400,L=24
 50
316.6751317358599
 41
0.525
  7
天正
100
AcDbText
  0
LWPOLYLINE
  5
C0D
330
2
100
AcDbEntity
  8
TWT_SYMB
100
AcDbPolyline
 90
        3
 70
     0
 10
685376.4096821001
 20
2545281.283227387
 40
0.0
 41
0.0
 10
685379.7254381948
 20
2545278.155898647
 40
0.4000000000000001
 41
0.0
 10
685380.8166507267
 20
2545277.126697398
 40
0.0
 41
0.0
  0
TEXT
  5
C0E
330
2
100
AcDbEntity
  8
TWT_SYMB
 62
     7
100
AcDbText
 10
685388.3186475055
 20
2545267.765094787
 30
0.0
 40
1.4
  1
D600,L=12
 50
316.6751317358599
 41
0.525
  7
天正
100
AcDbText
  0
LWPOLYLINE
  5
C0F
330
2
100
AcDbEntity
  8
TWT_SYMB
100
AcDbPolyline
 90
        3
 70
     0
 10
685389.3437145536
 20
2545269.083581949
 40
0.0
 41
0.0
 10
685392.6594706482
 20
2545265.956253208
 40
0.4000000000000001
 41
0.0
 10
685393.7506831801
 20
2545264.927051959
 40
0.0
 41
0.0
  0
TEXT
  5
C10
330
2
100
AcDbEntity
  8
TWT_SYMB
 62
     7
100
AcDbText
 10
685401.4587270639
 20
2545255.371737952
 30
0.0
 40
1.4
  1
D600,L=19
 50
316.6751317358599
 41
0.525
  7
天正
100
AcDbText
  0
LWPOLYLINE
  5
C11
330
2
100
AcDbEntity
  8
TWT_SYMB
100
AcDbPolyline
 90
        3
 70
     0
 10
685402.4710632997
 20
2545256.702232461
 40
0.0
 41
0.0
 10
685405.7868193944
 20
2545253.574903721
 40
0.4000000000000001
 41
0.0
 10
685406.8780319263
 20
2545252.545702472
 40
0.0
 41
0.0
  0
TEXT
  5
C12
330
2
100
AcDbEntity
  8
TWT_SYMB
 62
     7
100
AcDbText
 10
685351.4784945101
 20
2545234.735165545
 30
0.0
 40
1.4
  1
D400,L=25
 50
46.6751317347699
 41
0.525
  7
天正
100
AcDbText
  0
LWPOLYLINE
  5
C13
330
2
100
AcDbEntity
  8
TWT_SYMB
100
AcDbPolyline
 90
        3
 70
     0
 10
685351.666003702
 20
2545234.290269446
 40
0.0
 41
0.0
 10
685354.9388558999
 20
2545237.760317055
 40
0.4000000000000001
 41
0.0
 10
685355.9680571486
 20
2545238.851529587
 40
0.0
 41
0.0
  0
TEXT
  5
C14
330
2
100
AcDbEntity
  8
TWT_SYMB
 62
     7
100
AcDbText
 10
685379.0060527041
 20
2545263.921310148
 30
0.0
 40
1.4
  1
D400,L=18
 50
46.6751317347699
 41
0.525
  7
天正
100
AcDbText
  0
LWPOLYLINE
  5
C15
330
2
100
AcDbEntity
  8
TWT_SYMB
100
AcDbPolyline
 90
        3
 70
     0
 10
685379.1455325041
 20
2545263.425490798
 40
0.0
 41
0.0
 10
685382.418384702
 20
2545266.895538408
 40
0.4000000000000001
 41
0.0
 10
685383.4475859506
 20
2545267.98675094
 40
0.0
 41
0.0
  0
TEXT
  5
C16
330
2
100
AcDbEntity
  8
TWT_SYMB
 62
     7
100
AcDbText
 10
685398.3090965688
 20
2545246.465578855
 30
0.0
 40
1.4
  1
D300,L=18
 50
22.64274735580169
 41
0.525
  7
天正
100
AcDbText
  0
LWPOLYLINE
  5
C17
330
2
100
AcDbEntity
  8
TWT_SYMB
100
AcDbPolyline
 90
        3
 70
     0
 10
685398.1920683144
 20
2545245.938210327
 40
0.0
 41
0.0
 10
685402.6793885852
 20
2545247.810030704
 40
0.4000000000000001
 41
0.0
 10
685404.0637734517
 20
2545248.387506713
 40
0.0
 41
0.0
  0
TEXT
  5
C18
330
2
100
AcDbEntity
  8
TWT_SYMB
 62
     7
100
AcDbText
 10
685414.445630095
 20
2545253.196699087
 30
0.0
 40
1.4
  1
D600,L=18
 50
22.64274735580169
 41
0.525
  7
天正
100
AcDbText
  0
LWPOLYLINE
  5
C19
330
2
100
AcDbEntity
  8
TWT_SYMB
100
AcDbPolyline
 90
        3
 70
     0
 10
685414.3286018405
 20
2545252.669330559
 40
0.0
 41
0.0
 10
685418.8159221113
 20
2545254.541150936
 40
0.4000000000000001
 41
0.0
 10
685420.2003069777
 20
2545255.118626946
 40
0.0
 41
0.0
  0
TEXT
  5
C1A
330
2
100
AcDbEntity
  8
TWT_SYMB
 62
     7
100
AcDbText
 10
685436.9090766583
 20
2545265.082492177
 30
0.0
 40
1.4
  1
D600,L=30
 50
46.67513173661539
 41
0.525
  7
天正
100
AcDbText
  0
LWPOLYLINE
  5
C1B
330
2
100
AcDbEntity
  8
TWT_SYMB
100
AcDbPolyline
 90
        3
 70
     0
 10
685435.6386188884
 20
2545266.158482476
 40
0.0
 41
0.0
 10
685438.7659476287
 20
2545269.474238571
 40
0.4000000000000001
 41
0.0
 10
685439.7951488775
 20
2545270.565451103
 40
0.0
 41
0.0
  0
TEXT
  5
C1C
330
2
100
AcDbEntity
  8
TWT_SYMB
 62
     7
100
AcDbText
 10
685449.8411205965
 20
2545279.678374275
 30
0.0
 40
1.4
  1
D600
 50
65.77200049696689
 41
0.525
  7
天正
100
AcDbText
  0
LWPOLYLINE
  5
C1D
330
2
100
AcDbEntity
  8
TWT_SYMB
100
AcDbPolyline
 90
        3
 70
     0
 10
685448.2340465541
 20
2545280.158375639
 40
0.0
 41
0.0
 10
685448.8777265
 20
2545281.588758561
 40
0.4000000000000001
 41
0.0
 10
685449.4932795843
 20
2545282.956638088
 40
0.0
 41
0.0
  0
TEXT
  5
C1E
330
2
100
AcDbEntity
  8
TWT_SYMB
 62
     7
100
AcDbText
 10
685307.3300736511
 20
2545260.299557684
 30
0.0
 40
1.4
  1
D400,L=18
 50
316.6751317358599
 41
0.525
  7
天正
100
AcDbText
  0
LWPOLYLINE
  5
C1F
330
2
100
AcDbEntity
  8
TWT_SYMB
100
AcDbPolyline
 90
        3
 70
     0
 10
685312.7621093257
 20
2545257.461514857
 40
0.0
 41
0.0
 10
685309.4463532311
 20
2545260.588843597
 40
0.4000000000000001
 41
0.0
 10
685308.3551406992
 20
2545261.618044846
 40
0.0
 41
0.0
  0
TEXT
  5
C20
330
2
100
AcDbEntity
  8
TWT_SYMB
 62
     7
100
AcDbText
 10
685291.9894507703
 20
2545274.768418935
 30
0.0
 40
1.4
  1
D500,L=24
 50
316.6751317358599
 41
0.525
  7
天正
100
AcDbText
  0
LWPOLYLINE
  5
C21
330
2
100
AcDbEntity
  8
TWT_SYMB
100
AcDbPolyline
 90
        3
 70
     0
 10
685297.4851405095
 20
2545271.870339368
 40
0.0
 41
0.0
 10
685294.1693844148
 20
2545274.997668108
 40
0.4000000000000001
 41
0.0
 10
685293.0781718829
 20
2545276.026869357
 40
0.0
 41
0.0
  0
TEXT
  5
C22
330
2
100
AcDbEntity
  8
TWT_SYMB
 62
     7
100
AcDbText
 10
685274.5629000825
 20
2545291.204652507
 30
0.0
 40
1.4
  1
D500,L=24
 50
316.6751317358599
 41
0.525
  7
天正
100
AcDbText
  0
LWPOLYLINE
  5
C23
330
2
100
AcDbEntity
  8
TWT_SYMB
100
AcDbPolyline
 90
        3
 70
     0
 10
685280.0585898217
 20
2545288.30657294
 40
0.0
 41
0.0
 10
685276.742833727
 20
2545291.43390168
 40
0.4000000000000001
 41
0.0
 10
685275.6516211951
 20
2545292.463102929
 40
0.0
 41
0.0
  0
TEXT
  5
C24
330
2
100
AcDbEntity
  8
TWT_SYMB
 62
     7
100
AcDbText
 10
685351.4342193115
 20
2545307.061059877
 30
0.0
 40
1.4
  1
D400,L=18
 50
316.6751317273676
 41
0.525
  7
天正
100
AcDbText
  0
LWPOLYLINE
  5
C25
330
2
100
AcDbEntity
  8
TWT_SYMB
100
AcDbPolyline
 90
        3
 70
     0
 10
685355.3024408658
 20
2545302.56498023
 40
0.0
 41
0.0
 10
685351.9866847719
 20
2545305.692308971
 40
0.4000000000000001
 41
0.0
 10
685350.8954722402
 20
2545306.72151022
 40
0.0
 41
0.0
  0
TEXT
  5
C26
330
2
100
AcDbEntity
  8
TWT_SYMB
 62
     7
100
AcDbText
 10
685336.0935898011
 20
2545321.529914099
 30
0.0
 40
1.4
  1
D500,L=24
 50
316.6751317273676
 41
0.525
  7
天正
100
AcDbText
  0
LWPOLYLINE
  5
C27
330
2
100
AcDbEntity
  8
TWT_SYMB
100
AcDbPolyline
 90
        3
 70
     0
 10
685340.0254654203
 20
2545316.973797712
 40
0.0
 41
0.0
 10
685336.7097093263
 20
2545320.101126453
 40
0.4000000000000001
 41
0.0
 10
685335.6184967946
 20
2545321.130327701
 40
0.0
 41
0.0
  0
TEXT
  5
C28
330
2
100
AcDbEntity
  8
TWT_SYMB
 62
     7
100
AcDbText
 10
685318.6670407961
 20
2545337.966149455
 30
0.0
 40
1.4
  1
D600,L=24
 50
316.6751317273676
 41
0.525
  7
天正
100
AcDbText
  0
LWPOLYLINE
  5
C29
330
2
100
AcDbEntity
  8
TWT_SYMB
100
AcDbPolyline
 90
        3
 70
     0
 10
685322.5989164151
 20
2545333.410033069
 40
0.0
 41
0.0
 10
685319.2831603212
 20
2545336.537361809
 40
0.4000000000000001
 41
0.0
 10
685318.1919477894
 20
2545337.566563058
 40
0.0
 41
0.0
  0
TEXT
  5
C2A
330
2
100
AcDbEntity
  8
TWT_SYMB
 62
     7
100
AcDbText
 10
685277.2472742381
 20
2545308.184494539
 30
0.0
 40
1.4
  1
D600,L=30
 50
46.6751317347699
 41
0.525
  7
天正
100
AcDbText
  0
LWPOLYLINE
  5
C2B
330
2
100
AcDbEntity
  8
TWT_SYMB
100
AcDbPolyline
 90
        3
 70
     0
 10
685277.4347834297
 20
2545307.73959844
 40
0.0
 41
0.0
 10
685280.7076356277
 20
2545311.20964605
 40
0.4000000000000001
 41
0.0
 10
685281.7368368762
 20
2545312.300858582
 40
0.0
 41
0.0
  0
TEXT
  5
C2C
330
2
100
AcDbEntity
  8
TWT_SYMB
 62
     7
100
AcDbText
 10
685298.2822201759
 20
2545330.487276842
 30
0.0
 40
1.4
  1
D600,L=31
 50
46.6751317347699
 41
0.525
  7
天正
100
AcDbText
  0
LWPOLYLINE
  5
C2D
330
2
100
AcDbEntity
  8
TWT_SYMB
100
AcDbPolyline
 90
        3
 70
     0
 10
685298.3616632369
 20
2545329.927803428
 40
0.0
 41
0.0
 10
685301.6345154347
 20
2545333.397851038
 40
0.4000000000000001
 41
0.0
 10
685302.6637166834
 20
2545334.48906357
 40
0.0
 41
0.0
  0
TEXT
  5
C2E
330
2
100
AcDbEntity
  8
TWT_SYMB
 62
     7
100
AcDbText
 10
685319.2914514465
 20
2545349.755105221
 30
0.0
 40
1.4
  1
D600,L=24
 50
35.04433538299218
 41
0.525
  7
天正
100
AcDbText
  0
LWPOLYLINE
  5
C2F
330
2
100
AcDbEntity
  8
TWT_SYMB
100
AcDbPolyline
 90
        3
 70
     0
 10
685319.0298824149
 20
2545349.032182913
 40
0.0
 41
0.0
 10
685323.6748350925
 20
2545352.289973185
 40
0.4000000000000001
 41
0.0
 10
685324.9028970424
 20
2545353.15128837
 40
0.0
 41
0.0
  0
TEXT
  5
C30
330
2
100
AcDbEntity
  8
TWT_SYMB
 62
     7
100
AcDbText
 10
685338.9845098674
 20
2545364.889560566
 30
0.0
 40
1.4
  1
D600,L=28
 50
40.66640022612516
 41
0.525
  7
天正
100
AcDbText
  0
LWPOLYLINE
  5
C31
330
2
100
AcDbEntity
  8
TWT_SYMB
100
AcDbPolyline
 90
        3
 70
     0
 10
685338.7632463055
 20
2545364.117192663
 40
0.0
 41
0.0
 10
685343.103703634
 20
2545367.846148672
 40
0.4000000000000001
 41
0.0
 10
685344.2414785546
 20
2545368.823629224
 40
0.0
 41
0.0
  0
TEXT
  5
C32
330
2
100
AcDbEntity
  8
TWT_SYMB
 62
     7
100
AcDbText
 10
685398.59739464
 20
2545326.588788964
 30
0.0
 40
1.4
  1
D400,L=24
 50
316.6751317358599
 41
0.525
  7
天正
100
AcDbText
  0
LWPOLYLINE
  5
C33
330
2
100
AcDbEntity
  8
TWT_SYMB
100
AcDbPolyline
 90
        3
 70
     0
 10
685404.0930843793
 20
2545323.690709397
 40
0.0
 41
0.0
 10
685400.7773282848
 20
2545326.818038137
 40
0.4000000000000001
 41
0.0
 10
685399.6861157527
 20
2545327.847239386
 40
0.0
 41
0.0
  0
TEXT
  5
C34
330
2
100
AcDbEntity
  8
TWT_SYMB
 62
     7
100
AcDbText
 10
685383.3838485946
 20
2545340.937331499
 30
0.0
 40
1.4
  1
D400,L=18
 50
316.6751317358599
 41
0.525
  7
天正
100
AcDbText
  0
LWPOLYLINE
  5
C35
330
2
100
AcDbEntity
  8
TWT_SYMB
100
AcDbPolyline
 90
        3
 70
     0
 10
685388.815884269
 20
2545338.099288671
 40
0.0
 41
0.0
 10
685385.5001281743
 20
2545341.226617412
 40
0.4000000000000001
 41
0.0
 10
685384.4089156424
 20
2545342.255818661
 40
0.0
 41
0.0
  0
TEXT
  5
C36
330
2
100
AcDbEntity
  8
TWT_SYMB
 62
     7
100
AcDbText
 10
685368.0432190841
 20
2545355.406185721
 30
0.0
 40
1.4
  1
D500,L=24
 50
316.6751317358599
 41
0.525
  7
天正
100
AcDbText
  0
LWPOLYLINE
  5
C37
330
2
100
AcDbEntity
  8
TWT_SYMB
100
AcDbPolyline
 90
        3
 70
     0
 10
685373.5389088234
 20
2545352.508106154
 40
0.0
 41
0.0
 10
685370.2231527288
 20
2545355.635434894
 40
0.4000000000000001
 41
0.0
 10
685369.1319401969
 20
2545356.664636142
 40
0.0
 41
0.0
  0
TEXT
  5
C38
330
2
100
AcDbEntity
  8
TWT_SYMB
 62
     7
100
AcDbText
 10
685354.3985166178
 20
2545370.138385333
 30
0.0
 40
1.4
  1
D500,L=16
 50
309.7155040688019
 41
0.525
  7
天正
100
AcDbText
  0
LWPOLYLINE
  5
C39
330
2
100
AcDbEntity
  8
TWT_SYMB
100
AcDbPolyline
 90
        3
 70
     0
 10
685359.4750799302
 20
2545366.628820086
 40
0.0
 41
0.0
 10
685356.4834540287
 20
2545370.230267535
 40
0.4000000000000001
 41
0.0
 10
685355.5249900416
 20
2545371.384107553
 40
0.0
 41
0.0
  0
LINE
  5
C3A
330
2
100
AcDbEntity
  8
TWT_LEAD
100
AcDbLine
 10
685352.7660000001
 20
2545375.488
 30
0.0
 11
685350.9133192992
 21
2545375.488
 31
0.0
  0
LINE
  5
C3B
330
2
100
AcDbEntity
  8
TWT_LEAD
100
AcDbLine
 10
685350.9133192992
 20
2545375.488
 30
0.0
 11
685347.5121555653
 21
2545375.488
 31
0.0
  0
TEXT
  5
C3C
330
2
100
AcDbEntity
  8
TWT_LEAD
 62
     7
100
AcDbText
 10
685348.0927374322
 20
2545375.838
 30
0.0
 40
1.4
  1
5.30
 41
0.525
  7
天正
100
AcDbText
  0
TEXT
  5
C3D
330
2
100
AcDbEntity
  8
TWT_LEAD
 62
     7
100
AcDbText
 10
685348.0752374323
 20
2545373.737999999
 30
0.0
 40
1.4
  1
2.24
 41
0.525
  7
天正
100
AcDbText
  0
TEXT
  5
C3E
330
2
100
AcDbEntity
  8
TWT_TEXT
100
AcDbText
 10
685433.4072437755
 20
2545290.235342356
 30
0.0
 40
1.4
  1
4.07
 41
0.525
  7
天正
100
AcDbText
  0
LINE
  5
C3F
330
2
100
AcDbEntity
  8
TWT_LEAD
100
AcDbLine
 10
685370.0340096496
 20
2545287.984519272
 30
0.0
 11
685370.0340096496
 21
2545291.18225631
 31
0.0
  0
LINE
  5
C40
330
2
100
AcDbEntity
  8
TWT_LEAD
100
AcDbLine
 10
685370.0340096496
 20
2545291.18225631
 30
0.0
 11
685373.2283638433
 21
2545291.18225631
 31
0.0
  0
TEXT
  5
C41
330
2
100
AcDbEntity
  8
TWT_LEAD
 62
     7
100
AcDbText
 10
685370.5111867464
 20
2545291.532256309
 30
0.0
 40
1.4
  1
5.30
 41
0.525
  7
天正
100
AcDbText
  0
TEXT
  5
C42
330
2
100
AcDbEntity
  8
TWT_LEAD
 62
     7
100
AcDbText
 10
685370.5111867464
 20
2545289.432256309
 30
0.0
 40
1.4
  1
4.20
 41
0.525
  7
天正
100
AcDbText
  0
LINE
  5
C43
330
2
100
AcDbEntity
  8
PIPE-雨水
  6
DASH
 48
0.0125
100
AcDbLine
 10
685449.353
 20
2545283.991
 30
0.0
 11
685458.085631451
 21
2545292.723631451
 31
0.0
  0
LINE
  5
C44
330
2
100
AcDbEntity
  8
PIPE-雨水
  6
DASH
 48
0.0125
100
AcDbLine
 10
685352.7660000001
 20
2545375.488
 30
0.0
 11
685361.1195528841
 21
2545384.330276306
 31
0.0
  0
TEXT
  5
C45
330
2
100
AcDbEntity
  8
TWT_SYMB
 62
     7
100
AcDbText
 10
685356.0369514887
 20
2545380.188062968
 30
0.0
 40
1.4
  1
D600
 50
46.62796764224469
 41
0.525
  7
天正
100
AcDbText
  0
LWPOLYLINE
  5
C46
330
2
100
AcDbEntity
  8
TWT_SYMB
100
AcDbPolyline
 90
        3
 70
     0
 10
685355.8624500642
 20
2545379.493692686
 40
0.0
 41
0.0
 10
685357.4928642567
 20
2545381.219494029
 40
0.4000000000000001
 41
0.0
 10
685358.5229634086
 20
2545382.309858985
 40
0.0
 41
0.0
  0
TEXT
  5
C47
330
2
100
AcDbEntity
  8
TWT_SYMB
 62
     7
100
AcDbText
 10
685453.6425061396
 20
2545289.540349033
 30
0.0
 40
1.4
  1
D600
 50
46.62796764224469
 41
0.525
  7
天正
100
AcDbText
  0
LWPOLYLINE
  5
C48
330
2
100
AcDbEntity
  8
TWT_SYMB
100
AcDbPolyline
 90
        3
 70
     0
 10
685453.4680047152
 20
2545288.845978752
 40
0.0
 41
0.0
 10
685455.0984189076
 20
2545290.571780094
 40
0.4000000000000001
 41
0.0
 10
685456.1285180595
 20
2545291.66214505
 40
0.0
 41
0.0
  0
LINE
  5
C49
330
2
100
AcDbEntity
  8
TWT_LEAD
100
AcDbLine
 10
685449.353
 20
2545283.991
 30
0.0
 11
685451.7856359604
 21
2545283.991
 31
0.0
  0
LINE
  5
C4A
330
2
100
AcDbEntity
  8
TWT_LEAD
100
AcDbLine
 10
685451.7856359604
 20
2545283.991
 30
0.0
 11
685454.9799901541
 21
2545283.991
 31
0.0
  0
TEXT
  5
C4B
330
2
100
AcDbEntity
  8
TWT_LEAD
 62
     7
100
AcDbText
 10
685452.2628130571
 20
2545284.341
 30
0.0
 40
1.4
  1
5.30
 41
0.525
  7
天正
100
AcDbText
  0
TEXT
  5
C4C
330
2
100
AcDbEntity
  8
TWT_LEAD
 62
     7
100
AcDbText
 10
685452.2803130571
 20
2545282.241
 30
0.0
 40
1.4
  1
2.09
 41
0.525
  7
天正
100
AcDbText
  0
LINE
  5
C4D
330
2
100
AcDbEntity
  8
TWT_LEAD
100
AcDbLine
 10
685458.0856314512
 20
2545292.723631451
 30
0.0
 11
685460.8459952375
 21
2545295.483995237
 31
0.0
  0
LINE
  5
C4E
330
2
100
AcDbEntity
  8
TWT_LEAD
100
AcDbLine
 10
685460.8459952375
 20
2545295.483995237
 30
0.0
 11
685471.2564369904
 21
2545295.483995237
 31
0.0
  0
TEXT
  5
C4F
330
2
100
AcDbEntity
  8
TWT_LEAD
 62
     7
100
AcDbText
 10
685461.300723988
 20
2545295.833995237
 30
0.0
 40
1.75
  1
现状市政雨水管网
 41
0.7
  7
天正
100
AcDbText
  0
LINE
  5
C50
330
2
100
AcDbEntity
  8
TWT_LEAD
100
AcDbLine
 10
685361.1195531048
 20
2545384.330276388
 30
0.0
 11
685363.8799168911
 21
2545387.090640174
 31
0.0
  0
LINE
  5
C51
330
2
100
AcDbEntity
  8
TWT_LEAD
100
AcDbLine
 10
685363.8799168911
 20
2545387.090640174
 30
0.0
 11
685374.290358644
 21
2545387.090640174
 31
0.0
  0
TEXT
  5
C52
330
2
100
AcDbEntity
  8
TWT_LEAD
 62
     7
100
AcDbText
 10
685364.3346456417
 20
2545387.440640174
 30
0.0
 40
1.75
  1
现状市政雨水管网
 41
0.7
  7
天正
100
AcDbText
  0
LINE
  5
C53
330
2
100
AcDbEntity
  8
DIM_ELEV
100
AcDbLine
 10
685324.3692477281
 20
2544736.559405916
 30
0.0
 11
685322.869247728
 21
2544738.059405915
 31
0.0
  0
LINE
  5
C54
330
2
100
AcDbEntity
  8
DIM_ELEV
100
AcDbLine
 10
685324.3692477281
 20
2544736.559405916
 30
0.0
 11
685325.869247728
 21
2544738.059405915
 31
0.0
  0
LINE
  5
C55
330
2
100
AcDbEntity
  8
DIM_ELEV
100
AcDbLine
 10
685322.869247728
 20
2544738.059405915
 30
0.0
 11
685337.4351039365
 21
2544738.059405915
 31
0.0
  0
TEXT
  5
C56
330
2
100
AcDbEntity
  8
DIM_ELEV
 62
     7
100
AcDbText
 10
685325.187213641
 20
2544743.859405916
 30
0.0
 40
1.51054852320675
  1
1#车间（丁类）
 41
0.8
  7
-宋
100
AcDbText
  0
TEXT
  5
C57
330
2
100
AcDbEntity
  8
DIM_ELEV
 62
     7
100
AcDbText
 10
685331.2361587888
 20
2544741.259405916
 30
0.0
 40
1.51054852320675
  1
H=20.75
 41
0.8
  7
-宋
100
AcDbText
  0
TEXT
  5
C58
330
2
100
AcDbEntity
  8
DIM_ELEV
 62
     7
100
AcDbText
 10
685326.699449928
 20
2544738.659405916
 30
0.0
 40
1.51054852320675
  1
%%p0.000(5.45)
 41
0.8
  7
-宋
100
AcDbText
  0
TEXT
  5
C59
330
2
100
AcDbEntity
  8
PUB_TEXT
100
AcDbText
 10
685273.276369532
 20
2544776.184597095
 30
0.0
 40
0.734400000041382
  1
5.30
 41
0.5647058823529412
  7
_TCH_DIM
100
AcDbText
  0
LINE
  5
C5A
330
2
100
AcDbEntity
  8
DIM_ELEV
100
AcDbLine
 10
685367.2074177423
 20
2544787.4094471
 30
0.0
 11
685365.7074177423
 21
2544788.9094471
 31
0.0
  0
LINE
  5
C5B
330
2
100
AcDbEntity
  8
DIM_ELEV
100
AcDbLine
 10
685367.2074177423
 20
2544787.4094471
 30
0.0
 11
685368.7074177422
 21
2544788.9094471
 31
0.0
  0
LINE
  5
C5C
330
2
100
AcDbEntity
  8
DIM_ELEV
100
AcDbLine
 10
685365.7074177423
 20
2544788.9094471
 30
0.0
 11
685380.2732739507
 21
2544788.9094471
 31
0.0
  0
TEXT
  5
C5D
330
2
100
AcDbEntity
  8
DIM_ELEV
 62
     7
100
AcDbText
 10
685368.0253836552
 20
2544794.7094471
 30
0.0
 40
1.51054852320675
  1
2#车间（丁类）
 41
0.8
  7
-宋
100
AcDbText
  0
TEXT
  5
C5E
330
2
100
AcDbEntity
  8
DIM_ELEV
 62
     7
100
AcDbText
 10
685374.074328803
 20
2544792.1094471
 30
0.0
 40
1.51054852320675
  1
H=20.75
 41
0.8
  7
-宋
100
AcDbText
  0
TEXT
  5
C5F
330
2
100
AcDbEntity
  8
DIM_ELEV
 62
     7
100
AcDbText
 10
685369.5376199422
 20
2544789.5094471
 30
0.0
 40
1.51054852320675
  1
%%p0.000(5.45)
 41
0.8
  7
-宋
100
AcDbText
  0
LINE
  5
C60
330
2
100
AcDbEntity
  8
DIM_ELEV
100
AcDbLine
 10
685373.5739334121
 20
2544716.545647004
 30
0.0
 11
685372.0739334121
 21
2544718.045647004
 31
0.0
  0
LINE
  5
C61
330
2
100
AcDbEntity
  8
DIM_ELEV
100
AcDbLine
 10
685373.5739334121
 20
2544716.545647004
 30
0.0
 11
685375.0739334121
 21
2544718.045647004
 31
0.0
  0
LINE
  5
C62
330
2
100
AcDbEntity
  8
DIM_ELEV
100
AcDbLine
 10
685372.0739334121
 20
2544718.045647004
 30
0.0
 11
685386.6397896206
 21
2544718.045647004
 31
0.0
  0
TEXT
  5
C63
330
2
100
AcDbEntity
  8
DIM_ELEV
 62
     7
100
AcDbText
 10
685379.5767094517
 20
2544723.845647005
 30
0.0
 40
1.51054852320675
  1
3#综合楼
 41
0.8
  7
-宋
100
AcDbText
  0
TEXT
  5
C64
330
2
100
AcDbEntity
  8
DIM_ELEV
 62
     7
100
AcDbText
 10
685380.4408444729
 20
2544721.245647004
 30
0.0
 40
1.51054852320675
  1
H=22.50
 41
0.8
  7
-宋
100
AcDbText
  0
TEXT
  5
C65
330
2
100
AcDbEntity
  8
DIM_ELEV
 62
     7
100
AcDbText
 10
685375.904135612
 20
2544718.645647004
 30
0.0
 40
1.51054852320675
  1
%%p0.000(5.45)
 41
0.8
  7
-宋
100
AcDbText
  0
TEXT
  5
C66
330
2
100
AcDbEntity
  8
TWT_TEXT
100
AcDbText
 10
685442.8910636828
 20
2544773.053100636
 30
0.0
 40
1.321729957805907
  1
厂区出入口
 50
316.6279676469691
 41
0.8
  7
-宋
100
AcDbText
  0
TEXT
  5
C67
330
2
100
AcDbEntity
  8
TWT_TEXT
100
AcDbText
 10
685360.1913512327
 20
2544851.49691402
 30
0.0
 40
1.321729957805907
  1
厂区出入口
 50
316.6279676469691
 41
0.8
  7
-宋
100
AcDbText
  0
LINE
  5
C68
330
2
100
AcDbEntity
  8
TWT_ELEV
100
AcDbLine
 10
685354.9259463203
 20
2544697.981699245
 30
0.0
 11
685353.4259463202
 21
2544699.481699245
 31
0.0
  0
LINE
  5
C69
330
2
100
AcDbEntity
  8
TWT_ELEV
100
AcDbLine
 10
685354.9259463203
 20
2544697.981699245
 30
0.0
 11
685356.4259463204
 21
2544699.481699245
 31
0.0
  0
LINE
  5
C6A
330
2
100
AcDbEntity
  8
TWT_ELEV
100
AcDbLine
 10
685353.4259463202
 20
2544699.481699245
 30
0.0
 11
685356.4259463204
 21
2544699.481699245
 31
0.0
  0
HATCH
  5
C6B
330
2
100
AcDbEntity
  8
TWT_ELEV
100
AcDbHatch
 10
0.0
 20
0.0
 30
0.0
210
0.0
220
0.0
230
1.0
  2
SOLID
 70
     1
 71
     0
 91
        1
 92
        7
 72
     0
 73
     1
 93
        3
 10
685354.9259463203
 20
2544697.981699245
 10
685353.4259463202
 20
2544699.481699245
 10
685356.4259463204
 20
2544699.481699245
 97
        0
 75
     0
 76
     1
 47
0.0
 98
        1
 10
0.0
 20
0.0
450
        0
451
        0
460
0.0
461
0.0
452
        0
462
0.0
453
        0
470

  0
TEXT
  5
C6C
330
2
100
AcDbEntity
  8
TWT_ELEV
 62
     7
100
AcDbText
 10
685353.3504176485
 20
2544700.006699245
 30
0.0
 40
1.321729957805907
  1
5.30
 41
0.8
  7
-宋
100
AcDbText
  0
LINE
  5
C6D
330
2
100
AcDbEntity
  8
TWT_ELEV
100
AcDbLine
 10
685364.9260757513
 20
2544761.107595836
 30
0.0
 11
685363.4260757512
 21
2544762.607595836
 31
0.0
  0
LINE
  5
C6E
330
2
100
AcDbEntity
  8
TWT_ELEV
100
AcDbLine
 10
685364.9260757513
 20
2544761.107595836
 30
0.0
 11
685366.4260757511
 21
2544762.607595836
 31
0.0
  0
LINE
  5
C6F
330
2
100
AcDbEntity
  8
TWT_ELEV
100
AcDbLine
 10
685363.4260757512
 20
2544762.607595836
 30
0.0
 11
685366.4260757511
 21
2544762.607595836
 31
0.0
  0
HATCH
  5
C70
330
2
100
AcDbEntity
  8
TWT_ELEV
100
AcDbHatch
 10
0.0
 20
0.0
 30
0.0
210
0.0
220
0.0
230
1.0
  2
SOLID
 70
     1
 71
     0
 91
        1
 92
        7
 72
     0
 73
     1
 93
        3
 10
685364.9260757513
 20
2544761.107595836
 10
685363.4260757512
 20
2544762.607595836
 10
685366.4260757511
 20
2544762.607595836
 97
        0
 75
     0
 76
     1
 47
0.0
 98
        1
 10
0.0
 20
0.0
450
        0
451
        0
460
0.0
461
0.0
452
        0
462
0.0
453
        0
470

  0
TEXT
  5
C71
330
2
100
AcDbEntity
  8
TWT_ELEV
 62
     7
100
AcDbText
 10
685363.3505470793
 20
2544763.132595836
 30
0.0
 40
1.321729957805907
  1
5.30
 41
0.8
  7
-宋
100
AcDbText
  0
LINE
  5
C72
330
2
100
AcDbEntity
  8
TWT_ELEV
100
AcDbLine
 10
685319.3620392286
 20
2544809.943145164
 30
0.0
 11
685317.8620392288
 21
2544811.443145163
 31
0.0
  0
LINE
  5
C73
330
2
100
AcDbEntity
  8
TWT_ELEV
100
AcDbLine
 10
685319.3620392286
 20
2544809.943145164
 30
0.0
 11
685320.8620392287
 21
2544811.443145163
 31
0.0
  0
LINE
  5
C74
330
2
100
AcDbEntity
  8
TWT_ELEV
100
AcDbLine
 10
685317.8620392288
 20
2544811.443145163
 30
0.0
 11
685320.8620392287
 21
2544811.443145163
 31
0.0
  0
HATCH
  5
C75
330
2
100
AcDbEntity
  8
TWT_ELEV
100
AcDbHatch
 10
0.0
 20
0.0
 30
0.0
210
0.0
220
0.0
230
1.0
  2
SOLID
 70
     1
 71
     0
 91
        1
 92
        7
 72
     0
 73
     1
 93
        3
 10
685319.3620392286
 20
2544809.943145164
 10
685317.8620392288
 20
2544811.443145163
 10
685320.8620392287
 20
2544811.443145163
 97
        0
 75
     0
 76
     1
 47
0.0
 98
        1
 10
0.0
 20
0.0
450
        0
451
        0
460
0.0
461
0.0
452
        0
462
0.0
453
        0
470

  0
TEXT
  5
C76
330
2
100
AcDbEntity
  8
TWT_ELEV
 62
     7
100
AcDbText
 10
685317.7865105569
 20
2544811.968145164
 30
0.0
 40
1.321729957805907
  1
5.30
 41
0.8
  7
-宋
100
AcDbText
  0
LINE
  5
C77
330
2
100
AcDbEntity
  8
TWT_ELEV
100
AcDbLine
 10
685322.2177748398
 20
2544715.831777127
 30
0.0
 11
685320.7177748399
 21
2544717.331777127
 31
0.0
  0
LINE
  5
C78
330
2
100
AcDbEntity
  8
TWT_ELEV
100
AcDbLine
 10
685322.2177748398
 20
2544715.831777127
 30
0.0
 11
685323.7177748399
 21
2544717.331777127
 31
0.0
  0
LINE
  5
C79
330
2
100
AcDbEntity
  8
TWT_ELEV
100
AcDbLine
 10
685320.7177748399
 20
2544717.331777127
 30
0.0
 11
685323.7177748399
 21
2544717.331777127
 31
0.0
  0
HATCH
  5
C7A
330
2
100
AcDbEntity
  8
TWT_ELEV
100
AcDbHatch
 10
0.0
 20
0.0
 30
0.0
210
0.0
220
0.0
230
1.0
  2
SOLID
 70
     1
 71
     0
 91
        1
 92
        7
 72
     0
 73
     1
 93
        3
 10
685322.2177748398
 20
2544715.831777127
 10
685320.7177748399
 20
2544717.331777127
 10
685323.7177748399
 20
2544717.331777127
 97
        0
 75
     0
 76
     1
 47
0.0
 98
        1
 10
0.0
 20
0.0
450
        0
451
        0
460
0.0
461
0.0
452
        0
462
0.0
453
        0
470

  0
TEXT
  5
C7B
330
2
100
AcDbEntity
  8
TWT_ELEV
 62
     7
100
AcDbText
 10
685320.642246168
 20
2544717.856777127
 30
0.0
 40
1.321729957805907
  1
5.30
 41
0.8
  7
-宋
100
AcDbText
  0
LINE
  5
C7C
330
2
100
AcDbEntity
  8
TWT_ELEV
100
AcDbLine
 10
685432.5589890056
 20
2544751.912498592
 30
0.0
 11
685431.0589890054
 21
2544753.412498593
 31
0.0
  0
LINE
  5
C7D
330
2
100
AcDbEntity
  8
TWT_ELEV
100
AcDbLine
 10
685432.5589890056
 20
2544751.912498592
 30
0.0
 11
685434.0589890056
 21
2544753.412498593
 31
0.0
  0
LINE
  5
C7E
330
2
100
AcDbEntity
  8
TWT_ELEV
100
AcDbLine
 10
685431.0589890054
 20
2544753.412498593
 30
0.0
 11
685434.0589890056
 21
2544753.412498593
 31
0.0
  0
HATCH
  5
C7F
330
2
100
AcDbEntity
  8
TWT_ELEV
100
AcDbHatch
 10
0.0
 20
0.0
 30
0.0
210
0.0
220
0.0
230
1.0
  2
SOLID
 70
     1
 71
     0
 91
        1
 92
        7
 72
     0
 73
     1
 93
        3
 10
685432.5589890056
 20
2544751.912498592
 10
685431.0589890054
 20
2544753.412498593
 10
685434.0589890056
 20
2544753.412498593
 97
        0
 75
     0
 76
     1
 47
0.0
 98
        1
 10
0.0
 20
0.0
450
        0
451
        0
460
0.0
461
0.0
452
        0
462
0.0
453
        0
470

  0
TEXT
  5
C80
330
2
100
AcDbEntity
  8
TWT_ELEV
 62
     7
100
AcDbText
 10
685430.9834603338
 20
2544753.937498593
 30
0.0
 40
1.321729957805907
  1
5.30
 41
0.8
  7
-宋
100
AcDbText
  0
CIRCLE
  5
C81
330
2
100
AcDbEntity
  8
VPIPE-雨水
  6
Continuous
100
AcDbCircle
 10
684558.6830980599
 20
2545290.268837171
 30
0.0
 40
0.3499999999767169
  0
LINE
  5
C82
330
2
100
AcDbEntity
  8
PIPE-雨水
  6
DASH
 48
0.0125
100
AcDbLine
 10
684558.4386842405
 20
2545290.018313949
 30
0.0
 11
684556.5988366806
 21
2545288.132477297
 31
0.0
  0
CIRCLE
  5
C83
330
2
100
AcDbEntity
  8
VPIPE-雨水
  6
Continuous
100
AcDbCircle
 10
684570.322809348
 20
2545279.290808152
 30
0.0
 40
0.3499999999767169
  0
LINE
  5
C84
330
2
100
AcDbEntity
  8
PIPE-雨水
  6
DASH
 48
0.0125
100
AcDbLine
 10
684570.0784800503
 20
2545279.040202497
 30
0.0
 11
684568.2392570606
 21
2545277.153733348
 31
0.0
  0
CIRCLE
  5
C85
330
2
100
AcDbEntity
  8
VPIPE-雨水
  6
Continuous
100
AcDbCircle
 10
684581.9625206359
 20
2545268.312779134
 30
0.0
 40
0.3499999999767169
  0
LINE
  5
C86
330
2
100
AcDbEntity
  8
PIPE-雨水
  6
DASH
 48
0.0125
100
AcDbLine
 10
684581.7181913024
 20
2545268.062173513
 30
0.0
 11
684579.8789446011
 21
2545266.175680582
 31
0.0
  0
CIRCLE
  5
C87
330
2
100
AcDbEntity
  8
VPIPE-雨水
  6
Continuous
100
AcDbCircle
 10
684593.6022319238
 20
2545257.334750115
 30
0.0
 40
0.3499999999767169
  0
LINE
  5
C88
330
2
100
AcDbEntity
  8
PIPE-雨水
  6
DASH
 48
0.0125
100
AcDbLine
 10
684593.3620872364
 20
2545257.080131716
 30
0.0
 11
684591.5545993488
 21
2545255.163705093
 31
0.0
  0
CIRCLE
  5
C89
330
2
100
AcDbEntity
  8
VPIPE-雨水
  6
Continuous
100
AcDbCircle
 10
684605.2419432116
 20
2545246.356721096
 30
0.0
 40
0.3499999999767169
  0
LINE
  5
C8A
330
2
100
AcDbEntity
  8
PIPE-雨水
  6
DASH
 48
0.0125
100
AcDbLine
 10
684605.001798524
 20
2545246.102102698
 30
0.0
 11
684603.194287601
 21
2545244.185651656
 31
0.0
  0
CIRCLE
  5
C8B
330
2
100
AcDbEntity
  8
VPIPE-雨水
  6
Continuous
100
AcDbCircle
 10
684616.8816544995
 20
2545235.378692078
 30
0.0
 40
0.3499999999767169
  0
LINE
  5
C8C
330
2
100
AcDbEntity
  8
PIPE-雨水
  6
DASH
 48
0.0125
100
AcDbLine
 10
684616.6415098122
 20
2545235.124073678
 30
0.0
 11
684614.8339758586
 21
2545233.207598213
 31
0.0
  0
CIRCLE
  5
C8D
330
2
100
AcDbEntity
  8
VPIPE-雨水
  6
Continuous
100
AcDbCircle
 10
684625.868470394
 20
2545226.952943614
 30
0.0
 40
0.3499999999767169
  0
LINE
  5
C8E
330
2
100
AcDbEntity
  8
PIPE-雨水
  6
DASH
 48
0.0125
100
AcDbLine
 10
684625.6283257038
 20
2545226.698325218
 30
0.0
 11
684623.7957197779
 21
2545224.755266715
 31
0.0
  0
CIRCLE
  5
C8F
330
2
100
AcDbEntity
  8
VPIPE-雨水
  6
Continuous
100
AcDbCircle
 10
684594.821531984
 20
2545328.584709809
 30
0.0
 40
0.3499999999767169
  0
LINE
  5
C90
330
2
100
AcDbEntity
  8
PIPE-雨水
  6
DASH
 48
0.0125
100
AcDbLine
 10
684594.5669179592
 20
2545328.824859134
 30
0.0
 11
684593.8800298838
 21
2545329.47272489
 31
0.0
  0
CIRCLE
  5
C91
330
2
100
AcDbEntity
  8
VPIPE-雨水
  6
Continuous
100
AcDbCircle
 10
684606.4612432719
 20
2545317.60668079
 30
0.0
 40
0.3499999999767169
  0
LINE
  5
C92
330
2
100
AcDbEntity
  8
PIPE-雨水
  6
DASH
 48
0.0125
100
AcDbLine
 10
684606.7013925969
 20
2545317.861294815
 30
0.0
 11
684607.3492583531
 21
2545318.548182891
 31
0.0
  0
CIRCLE
  5
C93
330
2
100
AcDbEntity
  8
VPIPE-雨水
  6
Continuous
100
AcDbCircle
 10
684618.1009545599
 20
2545306.628651772
 30
0.0
 40
0.3499999999767169
  0
LINE
  5
C94
330
2
100
AcDbEntity
  8
PIPE-雨水
  6
DASH
 48
0.0125
100
AcDbLine
 10
684618.3411038849
 20
2545306.883265797
 30
0.0
 11
684618.988969641
 21
2545307.570153872
 31
0.0
  0
CIRCLE
  5
C95
330
2
100
AcDbEntity
  8
VPIPE-雨水
  6
Continuous
100
AcDbCircle
 10
684629.7406658478
 20
2545295.650622753
 30
0.0
 40
0.3499999999767169
  0
LINE
  5
C96
330
2
100
AcDbEntity
  8
PIPE-雨水
  6
DASH
 48
0.0125
100
AcDbLine
 10
684629.9808151728
 20
2545295.905236778
 30
0.0
 11
684630.6286809291
 21
2545296.592124854
 31
0.0
  0
CIRCLE
  5
C97
330
2
100
AcDbEntity
  8
VPIPE-雨水
  6
Continuous
100
AcDbCircle
 10
684641.3803771357
 20
2545284.672593734
 30
0.0
 40
0.3499999999767169
  0
LINE
  5
C98
330
2
100
AcDbEntity
  8
PIPE-雨水
  6
DASH
 48
0.0125
100
AcDbLine
 10
684641.6205264607
 20
2545284.927207759
 30
0.0
 11
684642.268392217
 21
2545285.614095835
 31
0.0
  0
CIRCLE
  5
C99
330
2
100
AcDbEntity
  8
VPIPE-雨水
  6
Continuous
100
AcDbCircle
 10
684653.0200884237
 20
2545273.694564716
 30
0.0
 40
0.3499999999767169
  0
LINE
  5
C9A
330
2
100
AcDbEntity
  8
PIPE-雨水
  6
DASH
 48
0.0125
100
AcDbLine
 10
684653.2602377486
 20
2545273.949178741
 30
0.0
 11
684653.9081035048
 21
2545274.636066816
 31
0.0
  0
CIRCLE
  5
C9B
330
2
100
AcDbEntity
  8
VPIPE-雨水
  6
Continuous
100
AcDbCircle
 10
684662.006904318
 20
2545265.268816252
 30
0.0
 40
0.3499999999767169
  0
LINE
  5
C9C
330
2
100
AcDbEntity
  8
PIPE-雨水
  6
DASH
 48
0.0125
100
AcDbLine
 10
684662.2615183429
 20
2545265.028666928
 30
0.0
 11
684662.9484064184
 21
2545264.380801171
 31
0.0
  0
CIRCLE
  5
C9D
330
2
100
AcDbEntity
  8
VPIPE-雨水
  6
Continuous
100
AcDbCircle
 10
684610.5147216644
 20
2545332.106330305
 30
0.0
 40
0.3499999999767169
  0
LINE
  5
C9E
330
2
100
AcDbEntity
  8
PIPE-雨水
  6
DASH
 48
0.0125
100
AcDbLine
 10
684610.2745772796
 20
2545331.85171162
 30
0.0
 11
684609.6267248511
 21
2545331.164810975
 31
0.0
  0
CIRCLE
  5
C9F
330
2
100
AcDbEntity
  8
VPIPE-雨水
  6
Continuous
100
AcDbCircle
 10
684622.1544329523
 20
2545321.128301286
 30
0.0
 40
0.3499999999767169
  0
LINE
  5
CA0
330
2
100
AcDbEntity
  8
PIPE-雨水
  6
DASH
 48
0.0125
100
AcDbLine
 10
684621.9142885676
 20
2545320.873682602
 30
0.0
 11
684621.266436139
 21
2545320.186781956
 31
0.0
  0
CIRCLE
  5
CA1
330
2
100
AcDbEntity
  8
VPIPE-雨水
  6
Continuous
100
AcDbCircle
 10
684633.7941442403
 20
2545310.150272268
 30
0.0
 40
0.3499999999767169
  0
LINE
  5
CA2
330
2
100
AcDbEntity
  8
PIPE-雨水
  6
DASH
 48
0.0125
100
AcDbLine
 10
684633.5539998555
 20
2545309.895653583
 30
0.0
 11
684632.9061474269
 21
2545309.208752937
 31
0.0
  0
CIRCLE
  5
CA3
330
2
100
AcDbEntity
  8
VPIPE-雨水
  6
Continuous
100
AcDbCircle
 10
684645.4338555282
 20
2545299.172243249
 30
0.0
 40
0.3499999999767169
  0
LINE
  5
CA4
330
2
100
AcDbEntity
  8
PIPE-雨水
  6
DASH
 48
0.0125
100
AcDbLine
 10
684645.1937111433
 20
2545298.917624564
 30
0.0
 11
684644.5458587149
 21
2545298.230723918
 31
0.0
  0
CIRCLE
  5
CA5
330
2
100
AcDbEntity
  8
VPIPE-雨水
  6
Continuous
100
AcDbCircle
 10
684657.073566816
 20
2545288.19421423
 30
0.0
 40
0.3499999999767169
  0
LINE
  5
CA6
330
2
100
AcDbEntity
  8
PIPE-雨水
  6
DASH
 48
0.0125
100
AcDbLine
 10
684656.8334224312
 20
2545287.939595545
 30
0.0
 11
684656.1855700028
 21
2545287.2526949
 31
0.0
  0
CIRCLE
  5
CA7
330
2
100
AcDbEntity
  8
VPIPE-雨水
  6
Continuous
100
AcDbCircle
 10
684668.7132781039
 20
2545277.216185211
 30
0.0
 40
0.3499999999767169
  0
LINE
  5
CA8
330
2
100
AcDbEntity
  8
PIPE-雨水
  6
DASH
 48
0.0125
100
AcDbLine
 10
684668.4731337191
 20
2545276.961566527
 30
0.0
 11
684667.8252812907
 21
2545276.274665881
 31
0.0
  0
CIRCLE
  5
CA9
330
2
100
AcDbEntity
  8
VPIPE-雨水
  6
Continuous
100
AcDbCircle
 10
684680.352989392
 20
2545266.238156192
 30
0.0
 40
0.3499999999767169
  0
LINE
  5
CAA
330
2
100
AcDbEntity
  8
PIPE-雨水
  6
DASH
 48
0.0125
100
AcDbLine
 10
684680.1128450072
 20
2545265.983537508
 30
0.0
 11
684679.4649925787
 21
2545265.296636862
 31
0.0
  0
CIRCLE
  5
CAB
330
2
100
AcDbEntity
  8
VPIPE-雨水
  6
Continuous
100
AcDbCircle
 10
684687.9638283549
 20
2545258.951285397
 30
0.0
 40
0.3499999999767169
  0
LINE
  5
CAC
330
2
100
AcDbEntity
  8
PIPE-雨水
  6
DASH
 48
0.0125
100
AcDbLine
 10
684687.7236839702
 20
2545258.696666711
 30
0.0
 11
684687.0758315417
 21
2545258.009766066
 31
0.0
  0
CIRCLE
  5
CAD
330
2
100
AcDbEntity
  8
VPIPE-雨水
  6
Continuous
100
AcDbCircle
 10
684637.0472923121
 20
2545360.237537519
 30
0.0
 40
0.3499999999767169
  0
LINE
  5
CAE
330
2
100
AcDbEntity
  8
PIPE-雨水
  6
DASH
 48
0.0125
100
AcDbLine
 10
684637.2874418435
 20
2545360.492151349
 30
0.0
 11
684637.9353081561
 21
2545361.179038899
 31
0.0
  0
CIRCLE
  5
CAF
330
2
100
AcDbEntity
  8
VPIPE-雨水
  6
Continuous
100
AcDbCircle
 10
684648.6867817022
 20
2545349.259273232
 30
0.0
 40
0.3499999999767169
  0
LINE
  5
CB0
330
2
100
AcDbEntity
  8
PIPE-雨水
  6
DASH
 48
0.0125
100
AcDbLine
 10
684648.9269312335
 20
2545349.513887062
 30
0.0
 11
684649.5747975456
 21
2545350.200774613
 31
0.0
  0
CIRCLE
  5
CB1
330
2
100
AcDbEntity
  8
VPIPE-雨水
  6
Continuous
100
AcDbCircle
 10
684660.3262710921
 20
2545338.281008945
 30
0.0
 40
0.3499999999767169
  0
LINE
  5
CB2
330
2
100
AcDbEntity
  8
PIPE-雨水
  6
DASH
 48
0.0125
100
AcDbLine
 10
684660.5664206234
 20
2545338.535622776
 30
0.0
 11
684661.2142869355
 21
2545339.222510327
 31
0.0
  0
CIRCLE
  5
CB3
330
2
100
AcDbEntity
  8
VPIPE-雨水
  6
Continuous
100
AcDbCircle
 10
684671.9657604821
 20
2545327.302744659
 30
0.0
 40
0.3499999999767169
  0
LINE
  5
CB4
330
2
100
AcDbEntity
  8
PIPE-雨水
  6
DASH
 48
0.0125
100
AcDbLine
 10
684672.2059100134
 20
2545327.557358489
 30
0.0
 11
684672.8537763254
 21
2545328.24424604
 31
0.0
  0
CIRCLE
  5
CB5
330
2
100
AcDbEntity
  8
VPIPE-雨水
  6
Continuous
100
AcDbCircle
 10
684683.605249872
 20
2545316.324480373
 30
0.0
 40
0.3499999999767169
  0
LINE
  5
CB6
330
2
100
AcDbEntity
  8
PIPE-雨水
  6
DASH
 48
0.0125
100
AcDbLine
 10
684683.8453994033
 20
2545316.579094203
 30
0.0
 11
684684.4932657154
 21
2545317.265981753
 31
0.0
  0
CIRCLE
  5
CB7
330
2
100
AcDbEntity
  8
VPIPE-雨水
  6
Continuous
100
AcDbCircle
 10
684695.244739262
 20
2545305.346216086
 30
0.0
 40
0.3499999999767169
  0
LINE
  5
CB8
330
2
100
AcDbEntity
  8
PIPE-雨水
  6
DASH
 48
0.0125
100
AcDbLine
 10
684695.4848887932
 20
2545305.600829916
 30
0.0
 11
684696.1327551054
 21
2545306.287717467
 31
0.0
  0
CIRCLE
  5
CB9
330
2
100
AcDbEntity
  8
VPIPE-雨水
  6
Continuous
100
AcDbCircle
 10
684706.075828626
 20
2545295.130412175
 30
0.0
 40
0.3499999999767169
  0
LINE
  5
CBA
330
2
100
AcDbEntity
  8
PIPE-雨水
  6
DASH
 48
0.0125
100
AcDbLine
 10
684706.3159781573
 20
2545295.385026005
 30
0.0
 11
684706.9638444693
 21
2545296.071913556
 31
0.0
  0
CIRCLE
  5
CBB
330
2
100
AcDbEntity
  8
VPIPE-雨水
  6
Continuous
100
AcDbCircle
 10
684714.4805078575
 20
2545287.226179479
 30
0.0
 40
0.3499999999767169
  0
LINE
  5
CBC
330
2
100
AcDbEntity
  8
PIPE-雨水
  6
DASH
 48
0.0125
100
AcDbLine
 10
684714.7206573888
 20
2545287.480793309
 30
0.0
 11
684715.368523701
 21
2545288.16768086
 31
0.0
  0
LINE
  5
CBD
330
2
100
AcDbEntity
  8
TWT_LEAD
100
AcDbLine
 10
684706.075828626
 20
2545295.130412175
 30
0.0
 11
684703.3154648396
 21
2545292.370048388
 31
0.0
  0
LINE
  5
CBE
330
2
100
AcDbEntity
  8
TWT_LEAD
100
AcDbLine
 10
684703.3154648396
 20
2545292.370048388
 30
0.0
 11
684697.8766353469
 21
2545292.370048388
 31
0.0
  0
TEXT
  5
CBF
330
2
100
AcDbEntity
  8
TWT_LEAD
 62
     7
100
AcDbText
 10
684698.2428586038
 20
2545292.720048388
 30
0.0
 40
1.687943262411347
  1
天面雨水管
 41
0.8
  7
_TCH_DIM
100
AcDbText
  0
TEXT
  5
CC0
330
2
100
AcDbEntity
  8
TWT_LEAD
 62
     7
100
AcDbText
 10
684699.7396671145
 20
2545290.270048388
 30
0.0
 40
1.687943262411347
  1
余同
 41
0.8
  7
_TCH_DIM
100
AcDbText
  0
CIRCLE
  5
CC1
330
2
100
AcDbEntity
  8
VPIPE-雨水
  6
Continuous
100
AcDbCircle
 10
684650.3311057023
 20
2545236.100543393
 30
0.0
 40
0.3499999999767169
  0
LINE
  5
CC2
330
2
100
AcDbEntity
  8
PIPE-雨水
  6
DASH
 48
0.0125
100
AcDbLine
 10
684650.0909563776
 20
2545235.845929368
 30
0.0
 11
684649.4430906215
 21
2545235.159041292
 31
0.0
  0
CIRCLE
  5
CC3
330
2
100
AcDbEntity
  8
VPIPE-雨水
  6
Continuous
100
AcDbCircle
 10
684659.691912261
 20
2545246.017510944
 30
0.0
 40
0.3499999999767169
  0
LINE
  5
CC4
330
2
100
AcDbEntity
  8
PIPE-雨水
  6
DASH
 48
0.0125
100
AcDbLine
 10
684659.4372982362
 20
2545246.257660269
 30
0.0
 11
684658.7504101607
 21
2545246.905526026
 31
0.0
  0
CIRCLE
  5
CC5
330
2
100
AcDbEntity
  8
VPIPE-雨水
  6
Continuous
100
AcDbCircle
 10
684670.3998355764
 20
2545257.336334485
 30
0.0
 40
0.3499999999767169
  0
LINE
  5
CC6
330
2
100
AcDbEntity
  8
PIPE-雨水
  6
DASH
 48
0.0125
100
AcDbLine
 10
684670.1452215516
 20
2545257.57648381
 30
0.0
 11
684669.4583334761
 21
2545258.224349566
 31
0.0
  0
CIRCLE
  5
CC7
330
2
100
AcDbEntity
  8
VPIPE-雨水
  6
Continuous
100
AcDbCircle
 10
684666.7964078116
 20
2545236.696572263
 30
0.0
 40
0.3499999999767169
  0
LINE
  5
CC8
330
2
100
AcDbEntity
  8
PIPE-雨水
  6
DASH
 48
0.0125
100
AcDbLine
 10
684667.0477913034
 20
2545236.453043333
 30
0.0
 11
684668.5103633465
 21
2545235.03616984
 31
0.0
  0
CIRCLE
  5
CC9
330
2
100
AcDbEntity
  8
VPIPE-雨水
  6
Continuous
100
AcDbCircle
 10
684678.7638847345
 20
2545249.421886055
 30
0.0
 40
0.3499999999767169
  0
LINE
  5
CCA
330
2
100
AcDbEntity
  8
PIPE-雨水
  6
DASH
 48
0.0125
100
AcDbLine
 10
684679.0185074349
 20
2545249.181745929
 30
0.0
 11
684679.7054189152
 21
2545248.533904988
 31
0.0
  0
LINE
  5
CCB
330
2
100
AcDbEntity
  8
PIPE-雨水
  6
DASH
 48
0.0125
100
AcDbLine
 10
685349.6965075084
 20
2545379.408566606
 30
0.0
 11
685352.7659999983
 21
2545375.487999999
 31
0.0
  0
LINE
  5
CCC
330
2
100
AcDbEntity
  8
PIPE-雨水
  6
DASH
 48
0.0125
100
AcDbLine
 10
685346.4725691381
 20
2545226.416934021
 30
0.0
 11
685349.6692988987
 21
2545223.638486797
 31
0.0
  0
LINE
  5
CCD
330
2
100
AcDbEntity
  8
PIPE-雨水
  6
DASH
 48
0.0125
100
AcDbLine
 10
685363.3537091287
 20
2545244.375983895
 30
0.0
 11
685367.4363978594
 21
2545237.540763765
 31
0.0
  0
LINE
  5
CCE
330
2
100
AcDbEntity
  8
PIPE-雨水
  6
DASH
 48
0.0125
100
AcDbLine
 10
685392.3197300455
 20
2545242.926883941
 30
0.0
 11
685391.7532666561
 21
2545242.660624674
 31
0.0
  0
LINE
  5
CCF
330
2
100
AcDbEntity
  8
PIPE-雨水
  6
DASH
 48
0.0125
100
AcDbLine
 10
685410.9605780054
 20
2545251.705324993
 30
0.0
 11
685410.6180469118
 21
2545251.240689967
 31
0.0
  0
LINE
  5
CD0
330
2
100
AcDbEntity
  8
PIPE-雨水
  6
DASH
 48
0.0125
100
AcDbLine
 10
685425.8681705457
 20
2545259.650421747
 30
0.0
 11
685426.2484593956
 21
2545258.344974755
 31
0.0
  0
LINE
  5
CD1
330
2
100
AcDbEntity
  8
PIPE-雨水
  6
DASH
 48
0.0125
100
AcDbLine
 10
685327.3921714571
 20
2545242.80373852
 30
0.0
 11
685326.9664225539
 21
2545242.352328317
 31
0.0
  0
LINE
  5
CD2
330
2
100
AcDbEntity
  8
PIPE-雨水
  6
DASH
 48
0.0125
100
AcDbLine
 10
685303.7346254734
 20
2545265.117510895
 30
0.0
 11
685303.2953302174
 21
2545264.67821564
 31
0.0
  0
LINE
  5
CD3
330
2
100
AcDbEntity
  8
PIPE-雨水
  6
DASH
 48
0.0125
100
AcDbLine
 10
685286.2988274274
 20
2545281.561808804
 30
0.0
 11
685285.8730785242
 21
2545281.110398601
 31
0.0
  0
LINE
  5
CD4
330
2
100
AcDbEntity
  8
PIPE-雨水
  6
DASH
 48
0.0125
100
AcDbLine
 10
685267.2461660048
 20
2545301.096318744
 30
0.0
 11
685268.8616520109
 21
2545299.560586905
 31
0.0
  0
LINE
  5
CD5
330
2
100
AcDbEntity
  8
PIPE-雨水
  6
DASH
 48
0.0125
100
AcDbLine
 10
685288.4210606564
 20
2545322.353428042
 30
0.0
 11
685289.444251608
 21
2545321.38377621
 31
0.0
  0
LINE
  5
CD6
330
2
100
AcDbEntity
  8
PIPE-雨水
  6
DASH
 48
0.0125
100
AcDbLine
 10
685309.8473731887
 20
2545344.892459387
 30
0.0
 11
685310.7463498479
 21
2545343.968292566
 31
0.0
  0
LINE
  5
CD7
330
2
100
AcDbEntity
  8
PIPE-雨水
  6
DASH
 48
0.0125
100
AcDbLine
 10
685327.1632182781
 20
2545360.761190056
 30
0.0
 11
685330.3644031718
 21
2545357.718040203
 31
0.0
  0
VIEWPORT
  5
513
102
{ACAD_XDICTIONARY
360
514
102
}
330
50F
100
AcDbEntity
 67
     1
  8
0
 48
2.5
100
AcDbViewport
 10
1129.214697856905
 20
-136.8028380407578
 30
0.0
 40
3974.228301183757
 41
1656.796800965436
 68
     1
 69
     1
 12
1129.214697856905
 22
-136.8028380407578
 13
0.0
 23
0.0
 14
10.0
 24
10.0
 15
10.0
 25
10.0
 16
0.0
 26
0.0
 36
1.0
 17
0.0
 27
0.0
 37
0.0
 42
50.0
 43
0.0
 44
0.0
 45
1656.796800965436
 50
0.0
 51
0.0
 72
  1000
 90
   819232
  1

281
     0
 71
     1
 74
     0
110
0.0
120
0.0
130
0.0
111
1.0
121
0.0
131
0.0
112
0.0
122
1.0
132
0.0
 79
     0
146
0.0
170
     0
 61
     5
348
51B
292
     1
282
     1
141
0.0
142
0.0
 63
   250
421
  3355443
  0
VIEWPORT
  5
51F
102
{ACAD_XDICTIONARY
360
520
102
}
330
50F
100
AcDbEntity
 67
     1
  8
SK
 48
2.5
100
AcDbViewport
 10
5.800777685143614
 20
198.4721061172947
 30
0.0
 40
305.0621864407895
 41
239.2962795912081
 68
     2
 69
     2
 12
685363.7709135266
 22
2545303.973689311
 13
0.0
 23
0.0
 14
10.0
 24
10.0
 15
10.0
 25
10.0
 16
0.0
 26
0.0
 36
1.0
 17
0.0
 27
0.0
 37
0.0
 42
50.0
 43
0.0
 44
0.0
 45
179.5170889656475
 50
0.0
 51
0.0
 72
  1000
 90
   819296
  1

281
     0
 71
     1
 74
     0
110
0.0
120
0.0
130
0.0
111
1.0
121
0.0
131
0.0
112
0.0
122
1.0
132
0.0
 79
     0
146
0.0
170
     0
 61
     5
348
51B
292
     1
282
     1
141
0.0
142
0.0
 63
   250
421
  3355443
  0
LWPOLYLINE
  5
523
330
50F
100
AcDbEntity
 67
     1
  8
TWT_TITLE
100
AcDbPolyline
 90
        4
 70
     1
 43
0.0
 10
-171.7303155352511
 20
-91.87975408710128
 10
422.2696844647487
 20
-91.87975408710128
 10
422.2696844647487
 20
328.1202459128987
 10
-171.7303155352511
 20
328.1202459128987
  0
LWPOLYLINE
  5
525
330
50F
100
AcDbEntity
 67
     1
  8
TWT_TITLE
100
AcDbPolyline
 90
        4
 70
     1
 43
1.0
 10
-146.7303155352511
 20
-81.87975408710128
 10
412.2696844647488
 20
-81.87975408710128
 10
412.2696844647488
 20
318.1202459128987
 10
-146.7303155352511
 20
318.1202459128987
  0
TEXT
  5
529
330
50F
100
AcDbEntity
 67
     1
  8
PUB_TITLE
 62
     4
100
AcDbText
 10
342.6031454142184
 20
55.72661690148885
 30
0.0
 40
3.499999999999974
  1
项目区域排水平面图
 41
0.7400000000000001
  7
-宋体
100
AcDbText
  0
TEXT
  5
52B
330
50F
100
AcDbEntity
 67
     1
  8
PUB_TITLE
 62
     4
100
AcDbText
 10
347.8582554515256
 20
37.73210983916448
 30
0.0
 40
3.499999999999974
  1
07
 41
0.7400000000000001
  7
-宋体
 72
     1
 11
349.9549221181923
 21
37.73210983916448
 31
0.0
100
AcDbText
  0
TEXT
  5
52C
330
50F
100
AcDbEntity
 67
     1
  8
框
100
AcDbText
 10
-162.1149874684515
 20
234.7175455583706
 30
0.0
 40
4.499999999999967
  1
日 期
 50
90.0
 41
0.8
  7
_TCH_DIM
100
AcDbText
  0
LINE
  5
52E
330
50F
100
AcDbEntity
 67
     1
  8
框
100
AcDbLine
 10
-151.7303157959992
 20
178.1202464343449
 30
0.0
 11
-151.730315796018
 21
318.1202459128968
 31
0.0
  0
LINE
  5
52F
330
50F
100
AcDbEntity
 67
     1
  8
框
100
AcDbLine
 10
-156.7303160567696
 20
178.1202464343406
 30
0.0
 11
-156.7303160567883
 21
318.1202459128921
 31
0.0
  0
LINE
  5
530
330
50F
100
AcDbEntity
 67
     1
  8
框
100
AcDbLine
 10
-161.7303163175398
 20
178.1202464343406
 30
0.0
 11
-161.7303163175584
 21
318.1202459128921
 31
0.0
  0
LINE
  5
531
330
50F
100
AcDbEntity
 67
     1
  8
框
100
AcDbLine
 10
-166.7303165783101
 20
178.1202464343406
 30
0.0
 11
-166.7303165783288
 21
318.1202459128921
 31
0.0
  0
LINE
  5
532
330
50F
100
AcDbEntity
 67
     1
  8
框
100
AcDbLine
 10
-146.7303155352289
 20
178.1202464343449
 30
0.0
 11
-146.7303155352476
 21
318.1202459128968
 31
0.0
  0
LINE
  5
533
330
50F
100
AcDbEntity
 67
     1
  8
框
100
AcDbLine
 10
-146.7303155352476
 20
233.1202462294536
 30
0.0
 11
-166.7303165783288
 21
233.1202462294489
 31
0.0
  0
TEXT
  5
534
330
50F
100
AcDbEntity
 67
     1
  8
框
100
AcDbText
 10
-147.0351046048405
 20
179.9586721736922
 30
0.0
 40
4.499999999999967
  1
给排水
 50
90.0
 41
0.8
  7
_TCH_DIM
100
AcDbText
  0
LINE
  5
535
330
50F
100
AcDbEntity
 67
     1
  8
框
100
AcDbLine
 10
-146.7303155352289
 20
213.1202463039599
 30
0.0
 11
-166.7303165783101
 21
213.1202463039549
 31
0.0
  0
LINE
  5
536
330
50F
100
AcDbEntity
 67
     1
  8
框
100
AcDbLine
 10
-146.7303155352289
 20
193.5604522677681
 30
0.0
 11
-166.7303165783101
 21
193.5604522677631
 31
0.0
  0
LINE
  5
537
330
50F
100
AcDbEntity
 67
     1
  8
框
100
AcDbLine
 10
-146.7303155352289
 20
178.1202464343449
 30
0.0
 11
-166.7303165783101
 21
178.1202464343406
 31
0.0
  0
TEXT
  5
538
330
50F
100
AcDbEntity
 67
     1
  8
框
100
AcDbText
 10
-152.0300996643979
 20
179.6325457456459
 30
0.0
 40
4.499999999999967
  1
结 构
 50
90.0
 41
0.8
  7
_TCH_DIM
100
AcDbText
  0
TEXT
  5
539
330
50F
100
AcDbEntity
 67
     1
  8
框
100
AcDbText
 10
-161.92662405926
 20
179.6457381687481
 30
0.0
 40
4.499999999999967
  1
专 业
 50
90.0
 41
0.8
  7
_TCH_DIM
100
AcDbText
  0
TEXT
  5
53A
330
50F
100
AcDbEntity
 67
     1
  8
框
100
AcDbText
 10
-157.0586907257812
 20
179.5856798299386
 30
0.0
 40
4.499999999999967
  1
建 筑
 50
90.0
 41
0.8
  7
_TCH_DIM
100
AcDbText
  0
TEXT
  5
53B
330
50F
100
AcDbEntity
 67
     1
  8
框
100
AcDbText
 10
-162.025923245691
 20
173.6338248854349
 30
0.0
 40
4.499999999999967
  1
会
 50
90.0
 41
0.8
  7
_TCH_DIM
100
AcDbText
  0
TEXT
  5
53C
330
50F
100
AcDbEntity
 67
     1
  8
框
100
AcDbText
 10
-154.9883826857548
 20
173.3943393777526
 30
0.0
 40
4.499999999999967
  1
签
 50
90.0
 41
0.8
  7
_TCH_DIM
100
AcDbText
  0
TEXT
  5
53D
330
50F
100
AcDbEntity
 67
     1
  8
框
100
AcDbText
 10
-162.0686964298711
 20
196.0473821875017
 30
0.0
 40
4.499999999999967
  1
实  名
 50
90.0
 41
0.8
  7
_TCH_DIM
100
AcDbText
  0
TEXT
  5
53E
330
50F
100
AcDbEntity
 67
     1
  8
框
100
AcDbText
 10
-162.0686964298711
 20
216.0468591734144
 30
0.0
 40
4.499999999999967
  1
签  名
 50
90.0
 41
0.8
  7
_TCH_DIM
100
AcDbText
  0
LINE
  5
53F
330
50F
100
AcDbEntity
 67
     1
  8
框
100
AcDbLine
 10
-166.7303165783288
 20
318.1202459128921
 30
0.0
 11
-146.7303155352476
 21
318.1202459128968
 31
0.0
  0
LINE
  5
540
330
50F
100
AcDbEntity
 67
     1
  8
框
100
AcDbLine
 10
-146.7303155352476
 20
303.1202459687762
 30
0.0
 11
-166.7303165783288
 21
303.1202459687715
 31
0.0
  0
TEXT
  5
541
330
50F
100
AcDbEntity
 67
     1
  8
框
100
AcDbText
 10
-147.1971390712189
 20
248.3743400633548
 30
0.0
 40
4.499999999999967
  1
工艺机械
 50
90.0
 41
0.8
  7
_TCH_DIM
100
AcDbText
  0
LINE
  5
542
330
50F
100
AcDbEntity
 67
     1
  8
框
100
AcDbLine
 10
-146.7303155352476
 20
283.1207689828589
 30
0.0
 11
-166.7303165783288
 21
283.1207689828543
 31
0.0
  0
LINE
  5
543
330
50F
100
AcDbEntity
 67
     1
  8
框
100
AcDbLine
 10
-146.7303155352476
 20
263.5604520070901
 30
0.0
 11
-166.7303165783288
 21
263.5604520070855
 31
0.0
  0
LINE
  5
544
330
50F
100
AcDbEntity
 67
     1
  8
框
100
AcDbLine
 10
-146.7303155352476
 20
248.1202461736676
 30
0.0
 11
-166.7303165783288
 21
248.1202461736629
 31
0.0
  0
TEXT
  5
545
330
50F
100
AcDbEntity
 67
     1
  8
框
100
AcDbText
 10
-162.0686964298898
 20
286.047381852225
 30
0.0
 40
4.499999999999967
  1
签  名
 50
90.0
 41
0.8
  7
_TCH_DIM
100
AcDbText
  0
TEXT
  5
546
330
50F
100
AcDbEntity
 67
     1
  8
框
100
AcDbText
 10
-152.13074482511
 20
249.2415663212096
 30
0.0
 40
4.499999999999967
  1
空 调
 50
90.0
 41
0.8
  7
_TCH_DIM
100
AcDbText
  0
TEXT
  5
547
330
50F
100
AcDbEntity
 67
     1
  8
框
100
AcDbText
 10
-162.0686964298898
 20
266.0479048663074
 30
0.0
 40
4.499999999999967
  1
实  名
 50
90.0
 41
0.8
  7
_TCH_DIM
100
AcDbText
  0
TEXT
  5
548
330
50F
100
AcDbEntity
 67
     1
  8
框
100
AcDbText
 10
-162.0061644293482
 20
249.6430693788897
 30
0.0
 40
4.499999999999967
  1
专 业
 50
90.0
 41
0.8
  7
_TCH_DIM
100
AcDbText
  0
TEXT
  5
549
330
50F
100
AcDbEntity
 67
     1
  8
框
100
AcDbText
 10
-157.1626674324201
 20
249.0630623183842
 30
0.0
 40
4.499999999999967
  1
电 气
 50
90.0
 41
0.8
  7
_TCH_DIM
100
AcDbText
  0
TEXT
  5
54A
330
50F
100
AcDbEntity
 67
     1
  8
框
100
AcDbText
 10
-162.1149874684515
 20
304.7175452975998
 30
0.0
 40
4.499999999999967
  1
日 期
 50
90.0
 41
0.8
  7
_TCH_DIM
100
AcDbText
  0
LINE
  5
54B
330
50F
100
AcDbEntity
 67
     1
  8
框
100
AcDbLine
 10
312.2700461547972
 20
97.97520561878215
 30
0.0
 11
412.270557079382
 21
97.97520561878215
 31
0.0
  0
TEXT
  5
54C
330
50F
100
AcDbEntity
 67
     1
  8
TWT_TEXT
100
AcDbText
 10
323.6013182243883
 20
-71.33250840093648
 30
0.0
 40
2.999999999999978
  1
市政工程乙级设计证书号：
 50
359.9997199128436
  7
_TCH_DIM
100
AcDbText
  0
TEXT
  5
54D
330
50F
100
AcDbEntity
 67
     1
  8
TWT_TEXT
100
AcDbText
 10
349.5684787804798
 20
-71.54947968054853
 30
0.0
 40
2.999999999999978
  1
A244002168
 50
359.9997199128436
 41
0.6700000000000001
  7
天正
100
AcDbText
  0
INSERT
  5
54E
330
50F
100
AcDbEntity
 67
     1
  8
4
100
AcDbBlockReference
  2
A$C4C3A3BA1
 10
365.0124451547977
 20
-35.64698258363026
 30
0.0
 41
0.01
 42
0.01
 43
0.01
  0
LINE
  5
6C1
330
50F
100
AcDbEntity
 67
     1
  8
框
100
AcDbLine
 10
312.2696844649466
 20
182.2772013948697
 30
0.0
 11
312.2696844649466
 21
-81.87975408710123
 31
0.0
  0
LINE
  5
6C2
330
50F
100
AcDbEntity
 67
     1
  8
框
100
AcDbLine
 10
312.2696844648808
 20
318.1202459128999
 30
0.0
 11
312.2696844648808
 21
-81.87975408710123
 31
0.0
  0
LINE
  5
6C3
330
50F
100
AcDbEntity
 67
     1
  8
框
100
AcDbLine
 10
312.2696844649466
 20
143.0048729516629
 30
0.0
 11
412.2696844651155
 21
143.0048729516629
 31
0.0
  0
LINE
  5
6C4
330
50F
100
AcDbEntity
 67
     1
  8
框
100
AcDbLine
 10
312.2700461547972
 20
79.96333868563795
 30
0.0
 11
412.270557079382
 21
79.96333868563795
 31
0.0
  0
TEXT
  5
6C5
330
50F
100
AcDbEntity
 67
     1
  8
TWT_TEXT
100
AcDbText
 10
323.6013009751923
 20
-80.15615317205542
 30
0.0
 40
2.999999999999978
  1
电话
 50
359.9997199128436
  7
_TCH_DIM
100
AcDbText
  0
TEXT
  5
6C6
330
50F
100
AcDbEntity
 67
     1
  8
TWT_TEXT
100
AcDbText
 10
323.6013182243883
 20
-67.0049932213704
 30
0.0
 40
2.999999999999978
  1
建筑工程甲级设计证书号：
 50
359.9997199128436
  7
_TCH_DIM
100
AcDbText
  0
TEXT
  5
6C7
330
50F
100
AcDbEntity
 67
     1
  8
TWT_TEXT
100
AcDbText
 10
323.7725803315584
 20
-61.98902727987273
 30
0.0
 40
4.799999999999966
  1
广州亚泰建筑设计院有限公司
 41
0.9
  7
TBC
100
AcDbText
  0
TEXT
  5
6C9
330
50F
100
AcDbEntity
 67
     1
  8
TWT_TEXT
100
AcDbText
 10
323.6013182243883
 20
-75.81980287009146
 30
0.0
 40
2.999999999999978
  1
城乡规划编制乙级证书编号：粤自资规乙字
 50
359.9997199128436
  7
_TCH_DIM
100
AcDbText
  0
INSERT
  5
6CA
330
50F
100
AcDbEntity
 67
     1
  8
4
100
AcDbBlockReference
  2
A$C54597E38
 10
314.2601477119877
 20
-63.0750117288606
 30
0.0
 41
0.0099999999999999
 42
0.0099999999999999
 43
0.0099999999999999
  0
TEXT
  5
6D4
330
50F
100
AcDbEntity
 67
     1
  8
框
 62
     4
100
AcDbText
 10
314.126858232434
 20
64.26142132751633
 30
0.0
 40
3.499999999999976
  1
兴建单位
 41
0.7400000000000001
  7
-宋体
100
AcDbText
  0
TEXT
  5
6D5
330
50F
100
AcDbEntity
 67
     1
  8
框
 62
     4
100
AcDbText
 10
314.126858232434
 20
82.27328826066054
 30
0.0
 40
3.499999999999976
  1
项目名称
 41
0.7400000000000001
  7
-宋体
100
AcDbText
  0
TEXT
  5
6D6
330
50F
100
AcDbEntity
 67
     1
  8
框
 62
     4
100
AcDbText
 10
314.126858232434
 20
100.2850117392572
 30
0.0
 40
3.499999999999976
  1
工程设计出图专用章
 41
0.7400000000000001
  7
-宋体
100
AcDbText
  0
TEXT
  5
6D7
330
50F
100
AcDbEntity
 67
     1
  8
框
 62
     4
100
AcDbText
 10
314.1256274384531
 20
145.3146790721365
 30
0.0
 40
3.499999999999976
  1
注册章
 41
0.7400000000000001
  7
-宋体
100
AcDbText
  0
INSERT
  5
6D8
330
50F
100
AcDbEntity
 67
     1
  8
Y
100
AcDbBlockReference
  2
A$C16E21CA3
 10
366.5073635733407
 20
-27.48023366636161
 30
0.0
 41
0.0680399999999995
 42
0.0680399999999995
 43
0.0680399999999995
  0
INSERT
  5
748
330
50F
100
AcDbEntity
 67
     1
  8
Y
100
AcDbBlockReference
  2
A$C77A84E73
 10
365.9598266869068
 20
-18.59479577766738
 30
0.0
 41
0.0409499999999997
 42
0.0409499999999997
 43
0.0409499999999997
  0
TEXT
  5
852
330
50F
100
AcDbEntity
 67
     1
  8
TWT_TEXT
100
AcDbText
 10
349.4756971121465
 20
-67.22196450098244
 30
0.0
 40
2.999999999999978
  1
A144002161
 50
359.9997199128436
 41
0.6700000000000001
  7
天正
100
AcDbText
  0
TEXT
  5
853
330
50F
100
AcDbEntity
 67
     1
  8
TWT_TEXT
100
AcDbText
 10
329.7117276625147
 20
-80.36400714837355
 30
0.0
 40
2.899999999999979
  1
Tel：020-84214629
 50
359.9997199128436
 41
0.6700000000000001
  7
天正
100
AcDbText
  0
LINE
  5
854
330
50F
100
AcDbEntity
 67
     1
  8
框
100
AcDbLine
 10
312.2686235171748
 20
61.95147175249402
 30
0.0
 11
412.2691344417596
 21
61.95147175249402
 31
0.0
  0
LINE
  5
855
330
50F
100
AcDbEntity
 67
     1
  8
框
100
AcDbLine
 10
312.2759678930641
 20
52.94553828590287
 30
0.0
 11
412.2764788176489
 21
52.94553828590287
 31
0.0
  0
TEXT
  5
856
330
50F
100
AcDbEntity
 67
     1
  8
框
 62
     4
100
AcDbText
 10
314.126858232434
 20
55.72661690149016
 30
0.0
 40
3.499999999999976
  1
图      名
 41
0.7400000000000001
  7
-宋体
100
AcDbText
  0
LINE
  5
857
330
50F
100
AcDbEntity
 67
     1
  8
4
100
AcDbLine
 10
412.2696844648142
 20
182.2772013948697
 30
0.0
 11
412.2696844648142
 21
-81.87975408710123
 31
0.0
  0
LINE
  5
858
330
50F
100
AcDbEntity
 67
     1
  8
4
100
AcDbLine
 10
412.2696844647487
 20
318.1202459128999
 30
0.0
 11
412.2696844647487
 21
-81.87975408710123
 31
0.0
  0
TEXT
  5
859
330
50F
100
AcDbEntity
 67
     1
  8
框
 62
     4
100
AcDbText
 10
342.39676839222
 20
82.27314480784938
 30
0.0
 40
3.499999999999976
  1
净化智能装备总部项目-海绵城市
 41
0.85
  7
-宋体
100
AcDbText
  0
TEXT
  5
85A
330
50F
100
AcDbEntity
 67
     1
  8
框
 62
     4
100
AcDbText
 10
342.3958566793801
 20
64.26127787470574
 30
0.0
 40
3.499999999999976
  1
佛山市天地元一净化设备有限公司
 41
0.7400000000000001
  7
-宋体
100
AcDbText
  0
INSERT
  5
85B
330
50F
100
AcDbEntity
 67
     1
  8
Y
100
AcDbBlockReference
  2
A$C04374023
 10
365.58900220923
 20
9.31543098261261
 30
0.0
 41
0.0099999999999999
 42
0.0099999999999999
 43
0.0099999999999999
  0
TEXT
  5
97C
330
50F
100
AcDbEntity
 67
     1
  8
TWT_TEXT
100
AcDbText
 10
365.5230384014443
 20
-76.01344427742816
 30
0.0
 40
2.999999999999978
  1
23440110
 50
359.9997199128436
 41
0.6700000000000001
  7
天正
100
AcDbText
  0
LINE
  5
97D
330
50F
100
AcDbEntity
 67
     1
  8
框
100
AcDbLine
 10
312.2699553514388
 20
188.0345402845427
 30
0.0
 11
412.2699553516078
 21
188.0345402845427
 31
0.0
  0
LINE
  5
97E
330
50F
100
AcDbEntity
 67
     1
  8
框
100
AcDbLine
 10
312.2696844648808
 20
43.93960481931199
 30
0.0
 11
412.2701953894653
 21
43.93960481931199
 31
0.0
  0
LINE
  5
97F
330
50F
100
AcDbEntity
 67
     1
  8
框
100
AcDbLine
 10
312.2696844648808
 20
34.93367135275865
 30
0.0
 11
412.2701953894653
 21
34.93367135275865
 31
0.0
  0
LINE
  5
980
330
50F
100
AcDbEntity
 67
     1
  8
框
100
AcDbLine
 10
312.2759678930641
 20
25.92773788616749
 30
0.0
 11
412.2764788176489
 21
25.92773788616749
 31
0.0
  0
LINE
  5
981
330
50F
100
AcDbEntity
 67
     1
  8
框
100
AcDbLine
 10
312.2759678930641
 20
16.9218044195769
 30
0.0
 11
412.2764788176489
 21
16.9218044195769
 31
0.0
  0
LINE
  5
982
330
50F
100
AcDbEntity
 67
     1
  8
框
100
AcDbLine
 10
312.2759678930641
 20
7.915870953022988
 30
0.0
 11
412.2764788176489
 21
7.915870953022988
 31
0.0
  0
LINE
  5
983
330
50F
100
AcDbEntity
 67
     1
  8
框
100
AcDbLine
 10
312.2759678930641
 20
-1.090062513567886
 30
0.0
 11
412.2764788176489
 21
-1.090062513567886
 31
0.0
  0
LINE
  5
984
330
50F
100
AcDbEntity
 67
     1
  8
框
100
AcDbLine
 10
312.2759678930641
 20
-10.09599598012121
 30
0.0
 11
412.2764788176489
 21
-10.09599598012121
 31
0.0
  0
LINE
  5
985
330
50F
100
AcDbEntity
 67
     1
  8
框
100
AcDbLine
 10
312.2696844648808
 20
-19.10192944671239
 30
0.0
 11
412.2701953894653
 21
-19.10192944671239
 31
0.0
  0
LINE
  5
986
330
50F
100
AcDbEntity
 67
     1
  8
框
100
AcDbLine
 10
312.2759678930641
 20
-28.10786291330297
 30
0.0
 11
412.2764788176489
 21
-28.10786291330297
 31
0.0
  0
LINE
  5
987
330
50F
100
AcDbEntity
 67
     1
  8
框
100
AcDbLine
 10
312.2759678930641
 20
-37.11379637985689
 30
0.0
 11
412.2764788176489
 21
-37.11379637985689
 31
0.0
  0
LINE
  5
988
330
50F
100
AcDbEntity
 67
     1
  8
框
100
AcDbLine
 10
312.2759678930641
 20
-46.11972984644776
 30
0.0
 11
412.2764788176489
 21
-46.11972984644776
 31
0.0
  0
TEXT
  5
989
330
50F
100
AcDbEntity
 67
     1
  8
框
 62
     4
100
AcDbText
 10
314.126858232434
 20
46.72068343489899
 30
0.0
 40
3.499999999999976
  1
图      别
 41
0.7400000000000001
  7
-宋体
100
AcDbText
  0
TEXT
  5
98A
330
50F
100
AcDbEntity
 67
     1
  8
框
 62
     4
100
AcDbText
 10
314.126858232434
 20
37.71474996830841
 30
0.0
 40
3.499999999999976
  1
图      号
 41
0.7400000000000001
  7
-宋体
100
AcDbText
  0
TEXT
  5
98B
330
50F
100
AcDbEntity
 67
     1
  8
框
 62
     4
100
AcDbText
 10
314.1205748042504
 20
28.7088165017545
 30
0.0
 40
3.499999999999976
  1
版  本  号
 41
0.7400000000000001
  7
-宋体
100
AcDbText
  0
TEXT
  5
98C
330
50F
100
AcDbEntity
 67
     1
  8
框
 62
     4
100
AcDbText
 10
314.126858232434
 20
19.70288303516362
 30
0.0
 40
3.499999999999976
  1
日      期
 41
0.7400000000000001
  7
-宋体
100
AcDbText
  0
TEXT
  5
98D
330
50F
100
AcDbEntity
 67
     1
  8
框
 62
     4
100
AcDbText
 10
314.126858232434
 20
10.69694956857303
 30
0.0
 40
3.499999999999976
  1
制      图
 41
0.7400000000000001
  7
-宋体
100
AcDbText
  0
TEXT
  5
98E
330
50F
100
AcDbEntity
 67
     1
  8
框
 62
     4
100
AcDbText
 10
314.126858232434
 20
1.691016101981873
 30
0.0
 40
3.499999999999976
  1
设      计
 41
0.7400000000000001
  7
-宋体
100
AcDbText
  0
TEXT
  5
98F
330
50F
100
AcDbEntity
 67
     1
  8
框
 62
     4
100
AcDbText
 10
314.126858232434
 20
-7.314917364608717
 30
0.0
 40
3.499999999999976
  1
专业负责人
 41
0.7400000000000001
  7
-宋体
100
AcDbText
  0
TEXT
  5
990
330
50F
100
AcDbEntity
 67
     1
  8
框
 62
     4
100
AcDbText
 10
314.126858232434
 20
-16.32085083116233
 30
0.0
 40
3.499999999999976
  1
项目负责人
 41
0.7400000000000001
  7
-宋体
100
AcDbText
  0
TEXT
  5
991
330
50F
100
AcDbEntity
 67
     1
  8
框
 62
     4
100
AcDbText
 10
314.126858232434
 20
-25.32678429775351
 30
0.0
 40
3.499999999999976
  1
专业校对人
 41
0.7400000000000001
  7
-宋体
100
AcDbText
  0
TEXT
  5
992
330
50F
100
AcDbEntity
 67
     1
  8
框
 62
     4
100
AcDbText
 10
314.126858232434
 20
-34.33271776434409
 30
0.0
 40
3.499999999999976
  1
审  核  人
 41
0.7400000000000001
  7
-宋体
100
AcDbText
  0
TEXT
  5
993
330
50F
100
AcDbEntity
 67
     1
  8
框
 62
     4
100
AcDbText
 10
314.126858232434
 20
-43.33865123093525
 30
0.0
 40
3.499999999999976
  1
审  定  人
 41
0.7400000000000001
  7
-宋体
100
AcDbText
  0
TEXT
  5
994
330
50F
100
AcDbEntity
 67
     1
  8
框
 62
     4
100
AcDbText
 10
314.126858232434
 20
-52.34458469752584
 30
0.0
 40
3.499999999999976
  1
设  计  号
 41
0.7400000000000001
  7
-宋体
100
AcDbText
  0
TEXT
  5
995
330
50F
100
AcDbEntity
 67
     1
  8
框
 62
     4
100
AcDbText
 10
342.39676839222
 20
46.72068343489899
 30
0.0
 40
3.499999999999976
  1
海  绵
 41
0.7400000000000001
  7
-宋体
100
AcDbText
  0
TEXT
  5
996
330
50F
100
AcDbEntity
 67
     1
  8
框
 62
     4
100
AcDbText
 10
342.39676839222
 20
37.71474996830841
 30
0.0
 40
3.499999999999976
  1
HM-  
 41
0.7400000000000001
  7
-宋体
100
AcDbText
  0
TEXT
  5
997
330
50F
100
AcDbEntity
 67
     1
  8
框
 62
     4
100
AcDbText
 10
342.39676839222
 20
19.70288303516362
 30
0.0
 40
3.499999999999976
  1
2025.11
 41
0.7400000000000001
  7
-宋体
100
AcDbText
  0
TEXT
  5
998
330
50F
100
AcDbEntity
 67
     1
  8
框
 62
     4
100
AcDbText
 10
342.3069749594631
 20
10.69694956857303
 30
0.0
 40
3.499999999999976
  1
叶润华
 41
0.7400000000000001
  7
-宋体
 72
     1
 11
347.8631760767814
 21
10.69694956857303
 31
0.0
100
AcDbText
  0
TEXT
  5
999
330
50F
100
AcDbEntity
 67
     1
  8
框
 62
     4
100
AcDbText
 10
342.3069749594631
 20
1.691016101981873
 30
0.0
 40
3.499999999999976
  1
叶润华
 41
0.7400000000000001
  7
-宋体
 72
     1
 11
347.8631760767814
 21
1.691016101981873
 31
0.0
100
AcDbText
  0
TEXT
  5
99A
330
50F
100
AcDbEntity
 67
     1
  8
框
 62
     4
100
AcDbText
 10
342.3069749594631
 20
-16.32085083116233
 30
0.0
 40
3.499999999999976
  1
何志朋
 41
0.7400000000000001
  7
-宋体
 72
     1
 11
347.8631760767814
 21
-16.32085083116233
 31
0.0
100
AcDbText
  0
TEXT
  5
99B
330
50F
100
AcDbEntity
 67
     1
  8
框
 62
     4
100
AcDbText
 10
343.2330084790161
 20
-25.32678429775351
 30
0.0
 40
3.499999999999976
  1
范 武
 41
0.7400000000000001
  7
-宋体
 72
     1
 11
347.8631760767814
 21
-25.32678429775351
 31
0.0
100
AcDbText
  0
TEXT
  5
99C
330
50F
100
AcDbEntity
 67
     1
  8
框
 62
     4
100
AcDbText
 10
342.3069749594631
 20
-34.33271776434409
 30
0.0
 40
3.499999999999976
  1
陈伟业
 41
0.7400000000000001
  7
-宋体
 72
     1
 11
347.8631760767814
 21
-34.33271776434409
 31
0.0
100
AcDbText
  0
TEXT
  5
99D
330
50F
100
AcDbEntity
 67
     1
  8
框
 62
     4
100
AcDbText
 10
342.3069749594631
 20
-43.33865123093525
 30
0.0
 40
3.499999999999976
  1
何志朋
 41
0.7400000000000001
  7
-宋体
 72
     1
 11
347.8631760767814
 21
-43.33865123093525
 31
0.0
100
AcDbText
  0
TEXT
  5
99E
330
50F
100
AcDbEntity
 67
     1
  8
框
 62
     4
100
AcDbText
 10
342.3130920713063
 20
-52.34459603719484
 30
0.0
 40
3.499999999999976
  1
AT-FS25023B
 41
0.7400000000000001
  7
-宋体
100
AcDbText
  0
INSERT
  5
99F
330
50F
100
AcDbEntity
 67
     1
  8
Y
100
AcDbBlockReference
  2
A$C04374023
 10
365.58900220923
 20
0.3094975160211533
 30
0.0
 41
0.0099999999999999
 42
0.0099999999999999
 43
0.0099999999999999
  0
LINE
  5
9A0
330
50F
100
AcDbEntity
 67
     1
  8
框
100
AcDbLine
 10
312.2759678930641
 20
-55.12566331303805
 30
0.0
 11
412.2764788176489
 21
-55.12566331303805
 31
0.0
  0
INSERT
  5
9A1
330
50F
100
AcDbEntity
 67
     1
  8
Y
100
AcDbBlockReference
  2
A$C77A84E73
 10
365.9598266869068
 20
-45.61259617743885
 30
0.0
 41
0.0409499999999997
 42
0.0409499999999997
 43
0.0409499999999997
  0
TEXT
  5
9A2
330
50F
100
AcDbEntity
 67
     1
  8
框
 62
     4
100
AcDbText
 10
342.3904849640365
 20
28.70881650175391
 30
0.0
 40
3.499999999999976
  1
第一版
 41
0.7400000000000001
  7
-宋体
100
AcDbText
  0
TEXT
  5
9A3
330
50F
100
AcDbEntity
 67
     1
  8
TWT_TEXT
100
AcDbText
 10
343.1239932681006
 20
-86.98530040303582
 30
0.0
 40
2.497282147103701
  1
图纸版权属设计单位所有，未经许可，外人及外单位不得翻印复制作为其他工程之用
 50
359.9997199154491
  7
_TCH_DIM
100
AcDbText
  0
INSERT
  5
9A4
330
50F
100
AcDbEntity
 67
     1
  8
PUB_TEXT
100
AcDbBlockReference
  2
A$C24B21F5D
 10
-124.404965857991
 20
260.117416041995
 30
2.735391995810248
 41
1.413664663850795
 42
1.413664663850795
 43
1.413664663850795
  0
LWPOLYLINE
  5
9DB
330
50F
100
AcDbEntity
 67
     1
  8
4
  6
Continuous
100
AcDbPolyline
 90
        4
 70
     1
 43
0.75
 10
-55.03053316256568
 20
-23.37201990023772
 10
-49.78053316256569
 20
-23.37201990023772
 10
-49.78053316256569
 20
-25.99701990023772
 10
-55.03053316256568
 20
-25.99701990023772
  0
LWPOLYLINE
  5
9DD
330
50F
100
AcDbEntity
 67
     1
  8
4
100
AcDbPolyline
 90
        4
 70
     1
 43
0.0
 10
68.29799807245604
 20
-75.23749144251161
 10
26.79799807245604
 20
-75.23749144251161
 10
26.79799807245604
 20
-58.23749144251161
 10
68.29799807245604
 20
-58.23749144251161
  0
LINE
  5
9DE
330
50F
100
AcDbEntity
 67
     1
  8
4
100
AcDbLine
 10
43.29799807245604
 20
-58.23749144251161
 30
0.0
 11
43.29799807245604
 21
-75.23749144251161
 31
0.0
  0
LINE
  5
9DF
330
50F
100
AcDbEntity
 67
     1
  8
4
100
AcDbLine
 10
26.79799807245604
 20
-66.73749144251161
 30
0.0
 11
68.29799807245604
 21
-66.73749144251161
 31
0.0
  0
LINE
  5
9E3
330
50F
100
AcDbEntity
 67
     1
  8
4
100
AcDbLine
 10
68.29799807245604
 20
-58.23749144251161
 30
0.0
 11
68.29799807245604
 21
-75.23749144251161
 31
0.0
  0
CIRCLE
  5
9E7
330
50F
100
AcDbEntity
 67
     1
  8
4
100
AcDbCircle
 10
-107.892738879422
 20
-37.23155416256651
 30
0.0
 40
3.751999836719733
  0
LWPOLYLINE
  5
9EA
330
50F
100
AcDbEntity
 67
     1
  8
9
100
AcDbPolyline
 90
        4
 70
     1
 43
0.0
 10
-126.4227998414287
 20
-51.60408607752021
 10
-100.5027998415032
 20
-51.60408607752021
 10
-100.5027998415032
 20
-60.24408607671927
 10
-126.4227998414287
 20
-60.24408607811626
  0
LWPOLYLINE
  5
9EB
330
50F
100
AcDbEntity
 67
     1
  8
9
100
AcDbPolyline
 90
        4
 70
     1
 43
0.0
 10
-83.21583793593504
 20
-51.60408607752021
 10
-57.29583793600955
 20
-51.60408607752021
 10
-57.29583793600955
 20
-60.24408607671927
 10
-83.21583793593504
 20
-60.24408607811626
  0
HATCH
  5
9EE
330
50F
100
AcDbEntity
 67
     1
  8
9
  6
Continuous
100
AcDbHatch
 10
0.0
 20
0.0
 30
0.0
210
0.0
220
0.0
230
1.0
  2
AR-CONC
 70
     0
 71
     0
 91
        1
 92
        1
 93
        4
 72
     1
 10
-83.21583544162036
 20
-51.60408643561374
 11
-57.29583544157844
 21
-51.60408643561374
 72
     1
 10
-57.29583544169486
 20
-51.60408643561374
 11
-57.29583544169486
 21
-60.2440864348128
 72
     1
 10
-57.29583544169486
 20
-60.2440864348128
 11
-83.21583544173677
 21
-60.24408643620978
 72
     1
 10
-83.21583544162036
 20
-60.24408643620978
 11
-83.21583544162036
 21
-51.60408643561374
 97
        0
 75
     1
 76
     1
 52
0.0
 41
1.2
 77
     0
 78
    13
 53
50.0
 43
-559302.5545369116
 44
-2058020.278783353
 45
2.186216027952047
 46
-0.1912690264668369
 79
     2
 49
0.2286
 49
-2.5146
 53
355.0
 43
-559302.5545369116
 44
-2058020.278783353
 45
-0.4229139117080038
 46
2.29267971458616
 79
     2
 49
0.18288
 49
-2.011679999999999
 53
100.451
 43
-559302.3723529117
 44
-2058020.294722352
 45
1.763310019991511
 46
2.101400253843502
 79
     2
 49
0.19428
 49
-2.13708
 53
46.18420000000001
 43
-559302.5545369116
 44
-2058019.669183352
 45
3.252948490705559
 46
-0.5045079351927257
 79
     2
 49
0.3428999999999992
 49
-3.771899999999993
 53
96.63559999999996
 43
-559302.2834581116
 44
-2058019.711225353
 45
2.848850813594846
 46
2.969106670680591
 79
     2
 49
0.2914199999999958
 49
-3.205619999999961
 53
351.184
 43
-559302.5545369116
 44
-2058019.669183352
 45
2.848855269767207
 46
2.969101414327173
 79
     2
 49
0.27432
 49
-3.01752
 53
21.0
 43
-559302.2497369116
 44
-2058019.821583353
 45
1.819378558024599
 46
-1.22718622220115
 79
     2
 49
0.2286
 49
-2.5146
 53
326.0
 43
-559302.2497369116
 44
-2058019.821583353
 45
0.7416243401717649
 46
2.210255593467831
 79
     2
 49
0.18288
 49
-2.011679999999999
 53
71.45140000000001
 43
-559302.0981229115
 44
-2058019.923848553
 45
2.560997889241493
 46
0.9830742925926895
 79
     2
 49
0.19428
 49
-2.13708
 53
37.5
 43
-559302.5545369116
 44
-2058020.278783353
 45
0.0370632390071019
 46
1.014660466477837
 79
     6
 49
0.0
 49
-1.987295999999999
 49
0.0
 49
-2.042159999999999
 49
0.0
 49
-2.019299999999999
 53
7.5
 43
-559302.5545369116
 44
-2058020.278783353
 45
0.8018359501236689
 46
1.202166897817434
 79
     6
 49
0.0
 49
-1.164336
 49
0.0
 49
-1.941575999999999
 49
0.0
 49
-0.76962
 53
327.5
 43
-559303.2342409115
 44
-2058020.278783353
 45
1.627087142002457
 46
-0.0687449279120814
 79
     6
 49
0.0
 49
-0.762
 49
0.0
 49
-2.377439999999999
 49
0.0
 49
-3.154679999999999
 53
317.5
 43
-559303.5390409115
 44
-2058020.278783353
 45
1.777550176632216
 46
0.3051178923999962
 79
     6
 49
0.0
 49
-0.9906000000000002
 49
0.0
 49
-1.578864
 49
0.0
 49
-2.240279999999999
 98
        1
 10
-546564.678332956
 20
-2051929.175249951
1001
GradientColor1ACI
1070
     5
1001
GradientColor2ACI
1070
     2
1001
ACAD
1010
0.0
1020
0.0
1030
0.0
  0
LWPOLYLINE
  5
9EF
330
50F
100
AcDbEntity
 67
     1
  8
9
100
AcDbPolyline
 90
        4
 70
     1
 43
0.0
 10
-767.817837704332
 20
-29.72911571591419
 10
-741.8978377044066
 20
-29.72911571591419
 10
-741.8978377044066
 20
-38.36911571511326
 10
-767.817837704332
 20
-38.36911571651024
  0
HATCH
  5
9F0
330
50F
100
AcDbEntity
 67
     1
  8
9
  6
Continuous
100
AcDbHatch
 10
0.0
 20
0.0
 30
0.0
210
0.0
220
0.0
230
1.0
  2
CROSS
 70
     0
 71
     0
 91
        1
 92
        1
 93
        4
 72
     1
 10
-682.4731388116222
 20
-29.72911571591419
 11
-656.5531388115803
 21
-29.72911571591419
 72
     1
 10
-656.5531388116967
 20
-29.72911571591419
 11
-656.5531388116967
 21
-38.36911571511326
 72
     1
 10
-656.5531388116967
 20
-38.36911571511326
 11
-682.4731388117386
 21
-38.36911571651024
 72
     1
 10
-682.4731388116222
 20
-38.36911571651024
 11
-682.4731388116222
 21
-29.72911571591419
 97
        0
 75
     1
 76
     1
 52
0.0
 41
1.5
 77
     0
 78
     2
 53
0.0
 43
-773.326510364214
 44
5.780411812515126
 45
2.381249999999999
 46
2.381249999999999
 79
     2
 49
1.190624999999999
 49
-3.571875
 53
90.0
 43
-772.731197864214
 44
5.185099312515148
 45
-2.381249999999999
 46
2.381249999999999
 79
     2
 49
1.190624999999999
 49
-3.571875
 98
        1
 10
-547163.9356363258
 20
-2051907.300279231
1001
GradientColor1ACI
1070
     5
1001
GradientColor2ACI
1070
     2
1001
ACAD
1010
0.0
1020
0.0
1030
0.0
  0
LWPOLYLINE
  5
9F1
330
50F
100
AcDbEntity
 67
     1
  8
9
100
AcDbPolyline
 90
        4
 70
     1
 43
0.0
 10
-724.6108757988383
 20
-29.72911571591419
 10
-698.6908757989128
 20
-29.72911571591419
 10
-698.6908757989128
 20
-38.36911571511326
 10
-724.6108757988383
 20
-38.36911571651024
  0
LWPOLYLINE
  5
9F4
330
50F
100
AcDbEntity
 67
     1
  8
PUB_TITLE
 62
     4
100
AcDbPolyline
 90
        4
 70
     1
 43
0.0
 10
-682.4731388116222
 20
-29.72911571591419
 10
-656.5531388116967
 20
-29.72911571591419
 10
-656.5531388116967
 20
-38.36911571511326
 10
-682.4731388116222
 20
-38.36911571651024
  0
HATCH
  5
9F5
330
50F
100
AcDbEntity
 67
     1
  8
9
  6
Continuous
100
AcDbHatch
 10
0.0
 20
0.0
 30
0.0
210
0.0
220
0.0
230
1.0
  2
GRASS
 70
     0
 71
     0
 91
        1
 92
        1
 93
        4
 72
     1
 10
-767.817837704332
 20
-29.72911571591419
 11
-741.8978377044066
 21
-29.72911571591419
 72
     1
 10
-741.8978377044066
 20
-29.72911571591419
 11
-741.8978377044066
 21
-38.36911571511326
 72
     1
 10
-741.8978377044066
 20
-38.36911571511326
 11
-767.817837704332
 21
-38.36911571651024
 72
     1
 10
-767.817837704332
 20
-38.36911571651024
 11
-767.817837704332
 21
-29.72911571591419
 97
        0
 75
     1
 76
     1
 52
0.0
 41
3.5
 77
     0
 78
     3
 53
90.0
 43
-163.7611292982881
 44
-328.215945282574
 45
-2.474873733499999
 46
2.474873733499999
 79
     2
 49
0.65625
 49
-4.293497470499999
 53
45.0
 43
-163.7611292982881
 44
-328.215945282574
 45
-2.474873734152915
 46
2.474873734152916
 79
     2
 49
0.65625
 49
-2.84375
 53
135.0
 43
-163.7611292982881
 44
-328.215945282574
 45
-2.474873734152916
 46
-2.474873734152915
 79
     2
 49
0.65625
 49
-2.84375
 98
        1
 10
-547249.1593607906
 20
-2051907.333444252
1001
GradientColor1ACI
1070
     5
1001
GradientColor2ACI
1070
     2
1001
ACAD
1010
0.0
1020
0.0
1030
0.0
  0
HATCH
  5
9F6
330
50F
100
AcDbEntity
 67
     1
  8
9
  6
Continuous
100
AcDbHatch
 10
0.0
 20
0.0
 30
0.0
210
0.0
220
0.0
230
1.0
  2
AR-CONC
 70
     0
 71
     0
 91
        1
 92
        1
 93
        4
 72
     1
 10
-724.6108733045237
 20
-29.72911607400772
 11
-698.6908733044818
 21
-29.72911607400772
 72
     1
 10
-698.6908733045981
 20
-29.72911607400772
 11
-698.6908733045981
 21
-38.36911607320678
 72
     1
 10
-698.6908733045981
 20
-38.36911607320678
 11
-724.61087330464
 21
-38.36911607460377
 72
     1
 10
-724.6108733045237
 20
-38.36911607460377
 11
-724.6108733045237
 21
-29.72911607400772
 97
        0
 75
     1
 76
     1
 52
0.0
 41
1.2
 77
     0
 78
    13
 53
50.0
 43
-559943.9495747744
 44
-2057998.403812991
 45
2.186216027952047
 46
-0.1912690264668369
 79
     2
 49
0.2286
 49
-2.5146
 53
355.0
 43
-559943.9495747744
 44
-2057998.403812991
 45
-0.4229139117080038
 46
2.29267971458616
 79
     2
 49
0.18288
 49
-2.011679999999999
 53
100.451
 43
-559943.7673907743
 44
-2057998.419751991
 45
1.763310019991511
 46
2.101400253843502
 79
     2
 49
0.19428
 49
-2.13708
 53
46.18420000000001
 43
-559943.9495747744
 44
-2057997.794212991
 45
3.252948490705559
 46
-0.5045079351927257
 79
     2
 49
0.342899999999999
 49
-3.771899999999992
 53
96.63559999999996
 43
-559943.6784959743
 44
-2057997.836254991
 45
2.848850813594846
 46
2.969106670680591
 79
     2
 49
0.2914199999999956
 49
-3.20561999999996
 53
351.184
 43
-559943.9495747744
 44
-2057997.794212991
 45
2.848855269767207
 46
2.969101414327173
 79
     2
 49
0.27432
 49
-3.01752
 53
21.0
 43
-559943.6447747743
 44
-2057997.946612991
 45
1.819378558024599
 46
-1.22718622220115
 79
     2
 49
0.2286
 49
-2.5146
 53
326.0
 43
-559943.6447747743
 44
-2057997.946612991
 45
0.7416243401717649
 46
2.210255593467831
 79
     2
 49
0.18288
 49
-2.011679999999999
 53
71.45140000000001
 43
-559943.4931607742
 44
-2057998.048878191
 45
2.560997889241493
 46
0.9830742925926895
 79
     2
 49
0.19428
 49
-2.13708
 53
37.5
 43
-559943.9495747744
 44
-2057998.403812991
 45
0.0370632390071019
 46
1.014660466477837
 79
     6
 49
0.0
 49
-1.987295999999999
 49
0.0
 49
-2.042159999999999
 49
0.0
 49
-2.019299999999999
 53
7.5
 43
-559943.9495747744
 44
-2057998.403812991
 45
0.8018359501236689
 46
1.202166897817434
 79
     6
 49
0.0
 49
-1.164336
 49
0.0
 49
-1.941575999999999
 49
0.0
 49
-0.76962
 53
327.5
 43
-559944.6292787741
 44
-2057998.403812991
 45
1.627087142002457
 46
-0.0687449279120814
 79
     6
 49
0.0
 49
-0.762
 49
0.0
 49
-2.377439999999999
 49
0.0
 49
-3.154679999999999
 53
317.5
 43
-559944.9340787742
 44
-2057998.403812991
 45
1.777550176632216
 46
0.3051178923999962
 79
     6
 49
0.0
 49
-0.9906000000000002
 49
0.0
 49
-1.578864
 49
0.0
 49
-2.240279999999999
 98
        1
 10
-547206.0733708188
 20
-2051907.300279589
1001
GradientColor1ACI
1070
     5
1001
GradientColor2ACI
1070
     2
1001
ACAD
1010
0.0
1020
0.0
1030
0.0
  0
INSERT
  5
9F8
330
50F
100
AcDbEntity
 67
     1
  8
2
100
AcDbBlockReference
  2
A$C6E845CED
 10
-761.2993824535076
 20
-21.49246273805079
 30
0.0
  0
LWPOLYLINE
  5
9FB
330
50F
100
AcDbEntity
 67
     1
  8
4
100
AcDbPolyline
 90
        4
 70
     0
 43
0.0
 10
-568.4680336409581
 20
-3.679499269941516
 10
-568.4680336409581
 20
-34.51542634752809
 10
-570.5194640448241
 20
-34.46170775186784
 10
-570.5194640448241
 20
-2.912128821000578
  0
HATCH
  5
9FC
330
50F
100
AcDbEntity
 67
     1
  8
4
100
AcDbHatch
 10
0.0
 20
0.0
 30
0.0
210
0.0
220
0.0
230
1.0
  2
SOLID
 70
     1
 71
     0
 91
        1
 92
        7
 72
     0
 73
     1
 93
        4
 10
-566.7396674876879
 20
-36.10223526908908
 10
-566.7396674876879
 20
-34.56068520806048
 10
-568.4680336409581
 20
-34.51542634752809
 10
-568.4680336409581
 20
-36.0569764085567
 97
        0
 75
     1
 76
     1
 47
0.056097630132635
 98
        1
 10
-567.5277335931875
 20
-35.57069423011035
450
        0
451
        0
460
0.0
461
0.0
452
        0
462
1.0
453
        2
463
0.0
 63
     5
421
      255
463
1.0
 63
     2
421
 16776960
470
LINEAR
1001
GradientColor1ACI
1070
     5
1001
GradientColor2ACI
1070
     2
1001
ACAD
1010
0.0
1020
0.0
1030
0.0
  0
HATCH
  5
9FD
330
50F
100
AcDbEntity
 67
     1
  8
WALL
100
AcDbHatch
 10
0.0
 20
0.0
 30
0.0
210
0.0
220
0.0
230
1.0
  2
砂灰土
 70
     0
 71
     0
 91
        2
 92
        7
 72
     0
 73
     1
 93
        4
 10
-566.7396674876879
 20
-34.56068520806048
 10
-566.7396674876879
 20
-36.10223526908908
 10
-564.0770774918198
 20
-36.1719576418916
 10
-564.0770774918198
 20
-34.63040758086322
 97
        0
 92
        7
 72
     0
 73
     1
 93
        4
 10
-564.0770774918198
 20
-34.63040758086322
 10
-564.0770774918198
 20
-36.1719576418916
 10
-554.181471529886
 20
-36.43108320349029
 10
-554.181471529886
 20
-34.88953314246192
 97
        0
 75
     1
 76
     1
 52
0.0
 41
0.5
 77
     0
 78
     4
 53
37.5
 43
468.1454970994529
 44
1443.814694091346
 45
-0.0629933581096082
 46
1.926823769013158
 79
     6
 49
0.0
 49
-1.52
 49
0.0
 49
-1.7
 49
0.0
 49
-1.625
 53
7.499999999999999
 43
468.1454970994529
 44
1443.814694091346
 45
1.769776705267727
 46
2.82214606522974
 79
     6
 49
0.0
 49
-0.8199999999999999
 49
0.0
 49
-1.37
 49
0.0
 49
-0.525
 53
327.5
 43
466.9154970994529
 44
1443.814694091346
 45
3.114141861751495
 46
0.0056590535369649
 79
     6
 49
0.0
 49
-0.5
 49
0.0
 49
-1.8
 49
0.0
 49
-2.35
 53
317.5
 43
466.9154970994529
 44
1443.814694091346
 45
3.006126604572293
 46
0.8776755649342494
 79
     6
 49
0.0
 49
-0.25
 49
0.0
 49
-1.179999999999999
 49
0.0
 49
-1.35
 47
0.0187173963976582
 98
        2
 10
-564.8659908350707
 20
-35.32022176312876
 10
-562.0977384868854
 20
-35.43238717315853
1001
GradientColor1ACI
1070
     5
1001
GradientColor2ACI
1070
     2
1001
ACAD
1010
0.0
1020
0.0
1030
0.0
  0
HATCH
  5
9FF
330
50F
100
AcDbEntity
 67
     1
  8
WALL
100
AcDbHatch
 10
0.0
 20
0.0
 30
0.0
210
0.0
220
0.0
230
1.0
  2
混凝土
 70
     0
 71
     1
 91
        1
 92
        7
 72
     0
 73
     1
 93
        4
 10
-554.181471529886
 20
-37.97811161739286
 10
-554.181471529886
 20
-36.43108320349028
 10
-568.4680336409581
 20
-36.0569764085567
 10
-568.4680336409581
 20
-37.60400482245927
 97
        4
330
A09
330
A07
330
A0A
330
A00
 75
     1
 76
     1
 52
0.0
 41
0.6
 77
     0
 78
    13
 53
50.0
 43
468.1454970994529
 44
1443.814694091346
 45
4.30356109560452
 46
-0.3765128098955706
 79
     2
 49
0.45
 49
-4.95
 53
355.0
 43
468.1454970994529
 44
1443.814694091346
 45
-0.8325080016779999
 46
4.51315280220007
 79
     2
 49
0.36
 49
-3.959999999999999
 53
100.4514
 43
468.5041271794528
 44
1443.783318051346
 45
3.471056290284129
 46
4.136637252365721
 79
     2
 49
0.38244114
 49
-4.206852671999999
 53
46.18420000000001
 43
468.1454970994529
 44
1445.014694091345
 45
6.403446291753866
 46
-0.9931140859741084
 79
     2
 49
0.6749999999999974
 49
-7.424999999999979
 53
96.6356
 43
468.6791175694527
 44
1444.931934249346
 45
5.60797623329222
 46
5.844707225402649
 79
     2
 49
0.5736617279999999
 49
-6.310277999999999
 53
351.1842000000001
 43
468.1454970994529
 44
1445.014694091345
 45
5.607971670801762
 46
5.844711605551947
 79
     2
 49
0.5400000000000001
 49
-5.94
 53
21.0
 43
468.7454970994529
 44
1444.714694091346
 45
3.581442312710769
 46
-2.415713343992032
 79
     2
 49
0.45
 49
-4.95
 53
326.0
 43
468.7454970994529
 44
1444.714694091346
 45
1.45989199152949
 46
4.350900270281117
 79
     2
 49
0.36
 49
-3.959999999999999
 53
71.45140000000001
 43
469.0439504974531
 44
1444.513384455345
 45
5.041335771488939
 46
1.935182980259714
 79
     2
 49
0.38244114
 49
-4.206852671999999
 53
37.5
 43
468.1454970994529
 44
1443.814694091346
 45
0.072959131903744
 46
1.997363122987868
 79
     6
 49
0.0
 49
-3.911999999999999
 49
0.0
 49
-4.019999999999999
 49
0.0
 49
-3.974999999999999
 53
7.499999999999999
 43
468.1454970994529
 44
1443.814694091346
 45
1.578417224652891
 46
2.366470271294161
 79
     6
 49
0.0
 49
-2.291999999999999
 49
0.0
 49
-3.822
 49
0.0
 49
-1.514999999999999
 53
327.5
 43
466.8074970994532
 44
1443.814694091346
 45
3.202934617034454
 46
-0.1353292304062785
 79
     6
 49
0.0
 49
-1.5
 49
0.0
 49
-4.679999999999999
 49
0.0
 49
-6.209999999999999
 53
317.5
 43
466.2074970994528
 44
1443.814694091346
 45
3.499117016054317
 46
0.6006298939939063
 79
     6
 49
0.0
 49
-1.95
 49
0.0
 49
-3.107999999999999
 49
0.0
 49
-4.409999999999999
 47
0.0307196383175802
 98
        1
 10
-559.1395051792294
 20
-37.14203729734709
1001
GradientColor1ACI
1070
     5
1001
GradientColor2ACI
1070
     2
1001
ACAD
1010
0.0
1020
0.0
1030
0.0
  0
LINE
  5
A00
102
{ACAD_REACTORS
330
9FF
102
}
330
50F
100
AcDbEntity
 67
     1
  8
4
100
AcDbLine
 10
-554.181471529886
 20
-34.88953314246192
 30
0.0
 11
-554.181471529886
 21
-37.9781116173931
 31
0.0
  0
LINE
  5
A07
102
{ACAD_REACTORS
330
9FF
102
}
330
50F
100
AcDbEntity
 67
     1
  8
4
100
AcDbLine
 10
-568.4680336409581
 20
-34.51542634752809
 30
0.0
 11
-568.4680336409581
 21
-37.6029447481219
 31
0.0
  0
LINE
  5
A08
330
50F
100
AcDbEntity
 67
     1
  8
4
100
AcDbLine
 10
-566.7396674876879
 20
-34.56068520806048
 30
0.0
 11
-566.7396674876879
 21
-36.10223526908908
 31
0.0
  0
LINE
  5
A09
102
{ACAD_REACTORS
330
9FF
102
}
330
50F
100
AcDbEntity
 67
     1
  8
4
100
AcDbLine
 10
-568.4680336409581
 20
-36.0569764085567
 30
0.0
 11
-554.1814715298857
 21
-36.43108320349029
 31
0.0
  0
LINE
  5
A0A
102
{ACAD_REACTORS
330
9FF
102
}
330
50F
100
AcDbEntity
 67
     1
  8
4
100
AcDbLine
 10
-568.4680336409581
 20
-37.60400482245927
 30
0.0
 11
-554.1814715298857
 21
-37.97811161739287
 31
0.0
  0
LINE
  5
A10
330
50F
100
AcDbEntity
 67
     1
  8
4
100
AcDbLine
 10
-570.5194640448241
 20
-34.46170775186784
 30
0.0
 11
-537.3941759000138
 21
-35.32912394918435
 31
0.0
  0
LWPOLYLINE
  5
A12
330
50F
100
AcDbEntity
 67
     1
  8
PUB_TITLE
 62
     4
100
AcDbPolyline
 90
        4
 70
     1
 43
0.0
 10
-41.07810094871888
 20
-51.60408607752021
 10
-15.15810094879339
 20
-51.60408607752021
 10
-15.15810094879339
 20
-60.24408607671927
 10
-41.07810094871888
 20
-60.24408607811626
  0
VIEWPORT
  5
A14
102
{ACAD_XDICTIONARY
360
A15
102
}
330
50F
100
AcDbEntity
 67
     1
  8
SK
 48
2.5
100
AcDbViewport
 10
-601.7439871289312
 20
191.383670547568
 30
0.0
 40
364.6225261576576
 41
253.4731507306617
 68
     3
 69
     3
 12
684658.0270964309
 22
2545298.65603322
 13
0.0
 23
0.0
 14
10.0
 24
10.0
 15
10.0
 25
10.0
 16
0.0
 26
0.0
 36
1.0
 17
0.0
 27
0.0
 37
0.0
 42
50.0
 43
0.0
 44
0.0
 45
190.1524011482833
 50
0.0
 51
0.0
 72
  1000
 90
   819296
  1

281
     0
 71
     1
 74
     0
110
0.0
120
0.0
130
0.0
111
1.0
121
0.0
131
0.0
112
0.0
122
1.0
132
0.0
 79
     0
146
0.0
170
     0
 61
     5
348
51B
292
     1
282
     1
141
0.0
142
0.0
 63
   250
421
  3355443
  0
LWPOLYLINE
  5
A17
330
50F
100
AcDbEntity
 67
     1
  8
TWT_TITLE
100
AcDbPolyline
 90
        4
 70
     1
 43
0.0
 10
-809.0552502077636
 20
-91.87975408710116
 10
-215.0552502077636
 20
-91.87975408710116
 10
-215.0552502077636
 20
328.1202459128989
 10
-809.0552502077636
 20
328.1202459128989
  0
LWPOLYLINE
  5
A18
330
50F
100
AcDbEntity
 67
     1
  8
TWT_TITLE
100
AcDbPolyline
 90
        4
 70
     1
 43
1.0
 10
-784.0552502077636
 20
-81.87975408710116
 10
-225.0552502077636
 20
-81.87975408710116
 10
-225.0552502077636
 20
318.1202459128988
 10
-784.0552502077636
 20
318.1202459128988
  0
TEXT
  5
A19
330
50F
100
AcDbEntity
 67
     1
  8
框
100
AcDbText
 10
-799.4399221409639
 20
234.7175455583707
 30
0.0
 40
4.499999999999967
  1
日 期
 50
90.0
 41
0.8
  7
_TCH_DIM
100
AcDbText
  0
LINE
  5
A1A
330
50F
100
AcDbEntity
 67
     1
  8
框
100
AcDbLine
 10
-789.0552504685116
 20
178.1202464343451
 30
0.0
 11
-789.0552504685303
 21
318.1202459128968
 31
0.0
  0
LINE
  5
A1B
330
50F
100
AcDbEntity
 67
     1
  8
框
100
AcDbLine
 10
-794.0552507292821
 20
178.1202464343407
 30
0.0
 11
-794.0552507293006
 21
318.1202459128922
 31
0.0
  0
LINE
  5
A1C
330
50F
100
AcDbEntity
 67
     1
  8
框
100
AcDbLine
 10
-799.0552509900521
 20
178.1202464343407
 30
0.0
 11
-799.0552509900708
 21
318.1202459128922
 31
0.0
  0
LINE
  5
A1D
330
50F
100
AcDbEntity
 67
     1
  8
框
100
AcDbLine
 10
-804.0552512508224
 20
178.1202464343407
 30
0.0
 11
-804.0552512508412
 21
318.1202459128922
 31
0.0
  0
LINE
  5
A1E
330
50F
100
AcDbEntity
 67
     1
  8
框
100
AcDbLine
 10
-784.0552502077414
 20
178.1202464343451
 30
0.0
 11
-784.0552502077599
 21
318.1202459128968
 31
0.0
  0
LINE
  5
A1F
330
50F
100
AcDbEntity
 67
     1
  8
框
100
AcDbLine
 10
-784.0552502077599
 20
233.1202462294537
 30
0.0
 11
-804.0552512508412
 21
233.120246229449
 31
0.0
  0
TEXT
  5
A20
330
50F
100
AcDbEntity
 67
     1
  8
框
100
AcDbText
 10
-784.3600392773529
 20
179.9586721736924
 30
0.0
 40
4.499999999999967
  1
给排水
 50
90.0
 41
0.8
  7
_TCH_DIM
100
AcDbText
  0
LINE
  5
A21
330
50F
100
AcDbEntity
 67
     1
  8
框
100
AcDbLine
 10
-784.0552502077414
 20
213.12024630396
 30
0.0
 11
-804.0552512508224
 21
213.120246303955
 31
0.0
  0
LINE
  5
A22
330
50F
100
AcDbEntity
 67
     1
  8
框
100
AcDbLine
 10
-784.0552502077414
 20
193.5604522677682
 30
0.0
 11
-804.0552512508224
 21
193.5604522677632
 31
0.0
  0
LINE
  5
A23
330
50F
100
AcDbEntity
 67
     1
  8
框
100
AcDbLine
 10
-784.0552502077414
 20
178.1202464343451
 30
0.0
 11
-804.0552512508224
 21
178.1202464343407
 31
0.0
  0
TEXT
  5
A24
330
50F
100
AcDbEntity
 67
     1
  8
框
100
AcDbText
 10
-789.3550343369103
 20
179.6325457456461
 30
0.0
 40
4.499999999999967
  1
结 构
 50
90.0
 41
0.8
  7
_TCH_DIM
100
AcDbText
  0
TEXT
  5
A25
330
50F
100
AcDbEntity
 67
     1
  8
框
100
AcDbText
 10
-799.2515587317724
 20
179.6457381687482
 30
0.0
 40
4.499999999999967
  1
专 业
 50
90.0
 41
0.8
  7
_TCH_DIM
100
AcDbText
  0
TEXT
  5
A26
330
50F
100
AcDbEntity
 67
     1
  8
框
100
AcDbText
 10
-794.3836253982936
 20
179.5856798299388
 30
0.0
 40
4.499999999999967
  1
建 筑
 50
90.0
 41
0.8
  7
_TCH_DIM
100
AcDbText
  0
TEXT
  5
A27
330
50F
100
AcDbEntity
 67
     1
  8
框
100
AcDbText
 10
-799.3508579182035
 20
173.633824885435
 30
0.0
 40
4.499999999999967
  1
会
 50
90.0
 41
0.8
  7
_TCH_DIM
100
AcDbText
  0
TEXT
  5
A28
330
50F
100
AcDbEntity
 67
     1
  8
框
100
AcDbText
 10
-792.3133173582672
 20
173.3943393777527
 30
0.0
 40
4.499999999999967
  1
签
 50
90.0
 41
0.8
  7
_TCH_DIM
100
AcDbText
  0
TEXT
  5
A29
330
50F
100
AcDbEntity
 67
     1
  8
框
100
AcDbText
 10
-799.3936311023835
 20
196.0473821875018
 30
0.0
 40
4.499999999999967
  1
实  名
 50
90.0
 41
0.8
  7
_TCH_DIM
100
AcDbText
  0
TEXT
  5
A2A
330
50F
100
AcDbEntity
 67
     1
  8
框
100
AcDbText
 10
-799.3936311023835
 20
216.0468591734145
 30
0.0
 40
4.499999999999967
  1
签  名
 50
90.0
 41
0.8
  7
_TCH_DIM
100
AcDbText
  0
LINE
  5
A2B
330
50F
100
AcDbEntity
 67
     1
  8
框
100
AcDbLine
 10
-804.0552512508412
 20
318.1202459128922
 30
0.0
 11
-784.0552502077599
 21
318.1202459128968
 31
0.0
  0
LINE
  5
A2C
330
50F
100
AcDbEntity
 67
     1
  8
框
100
AcDbLine
 10
-784.0552502077599
 20
303.1202459687763
 30
0.0
 11
-804.0552512508412
 21
303.1202459687717
 31
0.0
  0
TEXT
  5
A2D
330
50F
100
AcDbEntity
 67
     1
  8
框
100
AcDbText
 10
-784.5220737437313
 20
248.3743400633549
 30
0.0
 40
4.499999999999967
  1
工艺机械
 50
90.0
 41
0.8
  7
_TCH_DIM
100
AcDbText
  0
LINE
  5
A2E
330
50F
100
AcDbEntity
 67
     1
  8
框
100
AcDbLine
 10
-784.0552502077599
 20
283.120768982859
 30
0.0
 11
-804.0552512508412
 21
283.1207689828544
 31
0.0
  0
LINE
  5
A2F
330
50F
100
AcDbEntity
 67
     1
  8
框
100
AcDbLine
 10
-784.0552502077599
 20
263.5604520070903
 30
0.0
 11
-804.0552512508412
 21
263.5604520070856
 31
0.0
  0
LINE
  5
A30
330
50F
100
AcDbEntity
 67
     1
  8
框
100
AcDbLine
 10
-784.0552502077599
 20
248.1202461736677
 30
0.0
 11
-804.0552512508412
 21
248.120246173663
 31
0.0
  0
TEXT
  5
A31
330
50F
100
AcDbEntity
 67
     1
  8
框
100
AcDbText
 10
-799.3936311024022
 20
286.0473818522251
 30
0.0
 40
4.499999999999967
  1
签  名
 50
90.0
 41
0.8
  7
_TCH_DIM
100
AcDbText
  0
TEXT
  5
A32
330
50F
100
AcDbEntity
 67
     1
  8
框
100
AcDbText
 10
-789.4556794976224
 20
249.2415663212097
 30
0.0
 40
4.499999999999967
  1
空 调
 50
90.0
 41
0.8
  7
_TCH_DIM
100
AcDbText
  0
TEXT
  5
A33
330
50F
100
AcDbEntity
 67
     1
  8
框
100
AcDbText
 10
-799.3936311024022
 20
266.0479048663075
 30
0.0
 40
4.499999999999967
  1
实  名
 50
90.0
 41
0.8
  7
_TCH_DIM
100
AcDbText
  0
TEXT
  5
A34
330
50F
100
AcDbEntity
 67
     1
  8
框
100
AcDbText
 10
-799.3310991018606
 20
249.6430693788898
 30
0.0
 40
4.499999999999967
  1
专 业
 50
90.0
 41
0.8
  7
_TCH_DIM
100
AcDbText
  0
TEXT
  5
A35
330
50F
100
AcDbEntity
 67
     1
  8
框
100
AcDbText
 10
-794.4876021049325
 20
249.0630623183843
 30
0.0
 40
4.499999999999967
  1
电 气
 50
90.0
 41
0.8
  7
_TCH_DIM
100
AcDbText
  0
TEXT
  5
A36
330
50F
100
AcDbEntity
 67
     1
  8
框
100
AcDbText
 10
-799.4399221409639
 20
304.7175452975999
 30
0.0
 40
4.499999999999967
  1
日 期
 50
90.0
 41
0.8
  7
_TCH_DIM
100
AcDbText
  0
INSERT
  5
A37
330
50F
100
AcDbEntity
 67
     1
  8
PUB_TEXT
100
AcDbBlockReference
  2
A$C24B21F5D
 10
-761.7299005305034
 20
260.117416041995
 30
2.735391995810248
 41
1.413664663850795
 42
1.413664663850795
 43
1.413664663850795
  0
HATCH
  5
A39
330
50F
100
AcDbEntity
 67
     1
  8
9
  6
Continuous
100
AcDbHatch
 10
0.0
 20
0.0
 30
0.0
210
0.0
220
0.0
230
1.0
  2
CROSS
 70
     0
 71
     0
 91
        1
 92
        1
 93
        4
 72
     1
 10
-126.4227998414287
 20
-51.60408607752021
 11
-100.5027998413868
 21
-51.60408607752021
 72
     1
 10
-100.5027998415032
 20
-51.60408607752021
 11
-100.5027998415032
 21
-60.24408607671927
 72
     1
 10
-100.5027998415032
 20
-60.24408607671927
 11
-126.4227998415451
 21
-60.24408607811626
 72
     1
 10
-126.4227998414287
 20
-60.24408607811626
 11
-126.4227998414287
 21
-51.60408607752021
 97
        0
 75
     1
 76
     1
 52
0.0
 41
1.5
 77
     0
 78
     2
 53
0.0
 43
-217.2761713940206
 44
-16.09455854909089
 45
2.381249999999999
 46
2.381249999999999
 79
     2
 49
1.190624999999999
 49
-3.571875
 53
90.0
 43
-216.6808588940205
 44
-16.68987104909087
 45
-2.381249999999999
 46
2.381249999999999
 79
     2
 49
1.190624999999999
 49
-3.571875
 98
        1
 10
-546607.8852973556
 20
-2051929.175249592
1001
GradientColor1ACI
1070
     5
1001
GradientColor2ACI
1070
     2
1001
ACAD
1010
0.0
1020
0.0
1030
0.0
  0
HATCH
  5
A3A
330
50F
100
AcDbEntity
 67
     1
  8
PUB_DIM
  6
Continuous
 62
     8
100
AcDbHatch
 10
0.0
 20
0.0
 30
0.0
210
0.0
220
0.0
230
1.0
  2
ANGLE
 70
     0
 71
     0
 91
        1
 92
        1
 93
        4
 72
     1
 10
-41.07810100273559
 20
-51.60408615994225
 11
-15.15810100269368
 21
-51.60408615994225
 72
     1
 10
-15.1581010028101
 20
-51.60408615994225
 11
-15.1581010028101
 21
-60.24408615914132
 72
     1
 10
-15.1581010028101
 20
-60.24408615914132
 11
-41.07810100285201
 21
-60.2440861605383
 72
     1
 10
-41.07810100273559
 20
-60.2440861605383
 11
-41.07810100273559
 21
-51.60408615994225
 97
        0
 75
     1
 76
     1
 52
0.0
 41
0.4
 77
     0
 78
     2
 53
0.0
 43
0.0
 44
0.0
 45
0.0
 46
2.794
 79
     2
 49
2.032
 49
-0.762
 53
90.0
 43
0.0
 44
0.0
 45
-2.794
 46
0.0000000000000002
 79
     2
 49
2.032
 49
-0.762
 98
        1
 10
-546522.5405985171
 20
-2051929.175249675
1001
GradientColor1ACI
1070
     5
1001
GradientColor2ACI
1070
     2
1001
ACAD
1010
0.0
1020
0.0
1030
0.0
  0
TEXT
  5
A3B
330
50F
100
AcDbEntity
 67
     1
  8
框
 62
     4
100
AcDbText
 10
342.39676839222
 20
89.10912791341278
 30
0.0
 40
3.499999999999976
  1
佛山市天地元一净化设备有限公司
 41
0.85
  7
-宋体
100
AcDbText
  0
TEXT
  5
A3D
330
50F
100
AcDbEntity
 67
     1
  8
PUB_TITLE
 62
     4
100
AcDbText
 10
-294.7217892582941
 20
55.72661690148897
 30
0.0
 40
3.499999999999974
  1
汇水分区、径流及竖向高程设计图
 41
0.7400000000000001
  7
-宋体
100
AcDbText
  0
TEXT
  5
A3E
330
50F
100
AcDbEntity
 67
     1
  8
PUB_TITLE
 62
     4
100
AcDbText
 10
-289.4050125543202
 20
37.7321098391646
 30
0.0
 40
3.499999999999974
  1
06
 41
0.7400000000000001
  7
-宋体
 72
     1
 11
-287.3700125543201
 21
37.7321098391646
 31
0.0
100
AcDbText
  0
LINE
  5
A3F
330
50F
100
AcDbEntity
 67
     1
  8
框
100
AcDbLine
 10
-325.0548885177152
 20
97.97520561878227
 30
0.0
 11
-225.0543775931303
 21
97.97520561878227
 31
0.0
  0
TEXT
  5
A40
330
50F
100
AcDbEntity
 67
     1
  8
TWT_TEXT
100
AcDbText
 10
-313.7236164481241
 20
-71.33250840093636
 30
0.0
 40
2.999999999999978
  1
市政工程乙级设计证书号：
 50
359.9997199128436
  7
_TCH_DIM
100
AcDbText
  0
TEXT
  5
A41
330
50F
100
AcDbEntity
 67
     1
  8
TWT_TEXT
100
AcDbText
 10
-287.7564558920326
 20
-71.54947968054841
 30
0.0
 40
2.999999999999978
  1
A244002168
 50
359.9997199128436
 41
0.6700000000000001
  7
天正
100
AcDbText
  0
INSERT
  5
A42
330
50F
100
AcDbEntity
 67
     1
  8
4
100
AcDbBlockReference
  2
A$C4C3A3BA1
 10
-272.3124895177148
 20
-35.64698258363015
 30
0.0
 41
0.01
 42
0.01
 43
0.01
  0
LINE
  5
A43
330
50F
100
AcDbEntity
 67
     1
  8
框
100
AcDbLine
 10
-325.0552502075659
 20
182.2772013948698
 30
0.0
 11
-325.0552502075659
 21
-81.87975408710112
 31
0.0
  0
LINE
  5
A44
330
50F
100
AcDbEntity
 67
     1
  8
框
100
AcDbLine
 10
-325.0552502076316
 20
318.1202459129
 30
0.0
 11
-325.0552502076316
 21
-81.87975408710112
 31
0.0
  0
LINE
  5
A45
330
50F
100
AcDbEntity
 67
     1
  8
框
100
AcDbLine
 10
-325.0552502075659
 20
143.004872951663
 30
0.0
 11
-225.0552502073968
 21
143.004872951663
 31
0.0
  0
LINE
  5
A46
330
50F
100
AcDbEntity
 67
     1
  8
框
100
AcDbLine
 10
-325.0548885177152
 20
79.96333868563806
 30
0.0
 11
-225.0543775931303
 21
79.96333868563806
 31
0.0
  0
TEXT
  5
A47
330
50F
100
AcDbEntity
 67
     1
  8
TWT_TEXT
100
AcDbText
 10
-313.7236336973202
 20
-80.15615317205529
 30
0.0
 40
2.999999999999978
  1
电话
 50
359.9997199128436
  7
_TCH_DIM
100
AcDbText
  0
TEXT
  5
A48
330
50F
100
AcDbEntity
 67
     1
  8
TWT_TEXT
100
AcDbText
 10
-313.7236164481241
 20
-67.00499322137028
 30
0.0
 40
2.999999999999978
  1
建筑工程甲级设计证书号：
 50
359.9997199128436
  7
_TCH_DIM
100
AcDbText
  0
TEXT
  5
A49
330
50F
100
AcDbEntity
 67
     1
  8
TWT_TEXT
100
AcDbText
 10
-313.552354340954
 20
-61.98902727987261
 30
0.0
 40
4.799999999999966
  1
广州亚泰建筑设计院有限公司
 41
0.9
  7
TBC
100
AcDbText
  0
TEXT
  5
A4A
330
50F
100
AcDbEntity
 67
     1
  8
TWT_TEXT
100
AcDbText
 10
-313.7236164481241
 20
-75.81980287009135
 30
0.0
 40
2.999999999999978
  1
城乡规划编制乙级证书编号：粤自资规乙字
 50
359.9997199128436
  7
_TCH_DIM
100
AcDbText
  0
INSERT
  5
A4B
330
50F
100
AcDbEntity
 67
     1
  8
4
100
AcDbBlockReference
  2
A$C54597E38
 10
-323.0647869605247
 20
-63.07501172886048
 30
0.0
 41
0.0099999999999999
 42
0.0099999999999999
 43
0.0099999999999999
  0
TEXT
  5
A4C
330
50F
100
AcDbEntity
 67
     1
  8
框
 62
     4
100
AcDbText
 10
-323.1980764400784
 20
64.26142132751644
 30
0.0
 40
3.499999999999976
  1
兴建单位
 41
0.7400000000000001
  7
-宋体
100
AcDbText
  0
TEXT
  5
A4D
330
50F
100
AcDbEntity
 67
     1
  8
框
 62
     4
100
AcDbText
 10
-323.1980764400784
 20
82.27328826066065
 30
0.0
 40
3.499999999999976
  1
项目名称
 41
0.7400000000000001
  7
-宋体
100
AcDbText
  0
TEXT
  5
A4E
330
50F
100
AcDbEntity
 67
     1
  8
框
 62
     4
100
AcDbText
 10
-323.1980764400784
 20
100.2850117392573
 30
0.0
 40
3.499999999999976
  1
工程设计出图专用章
 41
0.7400000000000001
  7
-宋体
100
AcDbText
  0
TEXT
  5
A4F
330
50F
100
AcDbEntity
 67
     1
  8
框
 62
     4
100
AcDbText
 10
-323.1993072340593
 20
145.3146790721366
 30
0.0
 40
3.499999999999976
  1
注册章
 41
0.7400000000000001
  7
-宋体
100
AcDbText
  0
INSERT
  5
A50
330
50F
100
AcDbEntity
 67
     1
  8
Y
100
AcDbBlockReference
  2
A$C16E21CA3
 10
-270.8175710991717
 20
-27.4802336663615
 30
0.0
 41
0.0680399999999995
 42
0.0680399999999995
 43
0.0680399999999995
  0
INSERT
  5
A51
330
50F
100
AcDbEntity
 67
     1
  8
Y
100
AcDbBlockReference
  2
A$C77A84E73
 10
-271.3651079856056
 20
-18.59479577766727
 30
0.0
 41
0.0409499999999997
 42
0.0409499999999997
 43
0.0409499999999997
  0
TEXT
  5
A52
330
50F
100
AcDbEntity
 67
     1
  8
TWT_TEXT
100
AcDbText
 10
-287.849237560366
 20
-67.22196450098232
 30
0.0
 40
2.999999999999978
  1
A144002161
 50
359.9997199128436
 41
0.6700000000000001
  7
天正
100
AcDbText
  0
TEXT
  5
A53
330
50F
100
AcDbEntity
 67
     1
  8
TWT_TEXT
100
AcDbText
 10
-307.6132070099977
 20
-80.36400714837345
 30
0.0
 40
2.899999999999979
  1
Tel：020-84214629
 50
359.9997199128436
 41
0.6700000000000001
  7
天正
100
AcDbText
  0
LINE
  5
A54
330
50F
100
AcDbEntity
 67
     1
  8
框
100
AcDbLine
 10
-325.0563111553376
 20
61.95147175249414
 30
0.0
 11
-225.0558002307528
 21
61.95147175249414
 31
0.0
  0
LINE
  5
A55
330
50F
100
AcDbEntity
 67
     1
  8
框
100
AcDbLine
 10
-325.0489667794483
 20
52.94553828590299
 30
0.0
 11
-225.0484558548635
 21
52.94553828590299
 31
0.0
  0
TEXT
  5
A56
330
50F
100
AcDbEntity
 67
     1
  8
框
 62
     4
100
AcDbText
 10
-323.1980764400784
 20
55.72661690149027
 30
0.0
 40
3.499999999999976
  1
图      名
 41
0.7400000000000001
  7
-宋体
100
AcDbText
  0
LINE
  5
A57
330
50F
100
AcDbEntity
 67
     1
  8
4
100
AcDbLine
 10
-225.0552502076982
 20
182.2772013948698
 30
0.0
 11
-225.0552502076982
 21
-81.87975408710112
 31
0.0
  0
LINE
  5
A58
330
50F
100
AcDbEntity
 67
     1
  8
4
100
AcDbLine
 10
-225.0552502077637
 20
318.1202459129
 30
0.0
 11
-225.0552502077637
 21
-81.87975408710112
 31
0.0
  0
TEXT
  5
A59
330
50F
100
AcDbEntity
 67
     1
  8
框
 62
     4
100
AcDbText
 10
-294.9281662802924
 20
82.27314480784949
 30
0.0
 40
3.499999999999976
  1
净化智能装备总部项目-海绵城市
 41
0.85
  7
-宋体
100
AcDbText
  0
TEXT
  5
A5A
330
50F
100
AcDbEntity
 67
     1
  8
框
 62
     4
100
AcDbText
 10
-294.9290779931324
 20
64.26127787470585
 30
0.0
 40
3.499999999999976
  1
佛山市天地元一净化设备有限公司
 41
0.7400000000000001
  7
-宋体
100
AcDbText
  0
INSERT
  5
A5B
330
50F
100
AcDbEntity
 67
     1
  8
Y
100
AcDbBlockReference
  2
A$C04374023
 10
-271.7359324632824
 20
9.315430982612724
 30
0.0
 41
0.0099999999999999
 42
0.0099999999999999
 43
0.0099999999999999
  0
TEXT
  5
A5C
330
50F
100
AcDbEntity
 67
     1
  8
TWT_TEXT
100
AcDbText
 10
-271.8018962710681
 20
-76.01344427742805
 30
0.0
 40
2.999999999999978
  1
23440110
 50
359.9997199128436
 41
0.6700000000000001
  7
天正
100
AcDbText
  0
LINE
  5
A5D
330
50F
100
AcDbEntity
 67
     1
  8
框
100
AcDbLine
 10
-325.0549793210737
 20
188.0345402845428
 30
0.0
 11
-225.0549793209046
 21
188.0345402845428
 31
0.0
  0
LINE
  5
A5E
330
50F
100
AcDbEntity
 67
     1
  8
框
100
AcDbLine
 10
-325.0552502076316
 20
43.93960481931211
 30
0.0
 11
-225.0547392830471
 21
43.93960481931211
 31
0.0
  0
LINE
  5
A5F
330
50F
100
AcDbEntity
 67
     1
  8
框
100
AcDbLine
 10
-325.0552502076316
 20
34.93367135275877
 30
0.0
 11
-225.0547392830471
 21
34.93367135275877
 31
0.0
  0
LINE
  5
A60
330
50F
100
AcDbEntity
 67
     1
  8
框
100
AcDbLine
 10
-325.0489667794483
 20
25.9277378861676
 30
0.0
 11
-225.0484558548635
 21
25.9277378861676
 31
0.0
  0
LINE
  5
A61
330
50F
100
AcDbEntity
 67
     1
  8
框
100
AcDbLine
 10
-325.0489667794483
 20
16.92180441957701
 30
0.0
 11
-225.0484558548635
 21
16.92180441957701
 31
0.0
  0
LINE
  5
A62
330
50F
100
AcDbEntity
 67
     1
  8
框
100
AcDbLine
 10
-325.0489667794483
 20
7.915870953023102
 30
0.0
 11
-225.0484558548635
 21
7.915870953023102
 31
0.0
  0
LINE
  5
A63
330
50F
100
AcDbEntity
 67
     1
  8
框
100
AcDbLine
 10
-325.0489667794483
 20
-1.090062513567772
 30
0.0
 11
-225.0484558548635
 21
-1.090062513567772
 31
0.0
  0
LINE
  5
A64
330
50F
100
AcDbEntity
 67
     1
  8
框
100
AcDbLine
 10
-325.0489667794483
 20
-10.0959959801211
 30
0.0
 11
-225.0484558548635
 21
-10.0959959801211
 31
0.0
  0
LINE
  5
A65
330
50F
100
AcDbEntity
 67
     1
  8
框
100
AcDbLine
 10
-325.0552502076316
 20
-19.10192944671227
 30
0.0
 11
-225.0547392830471
 21
-19.10192944671227
 31
0.0
  0
LINE
  5
A66
330
50F
100
AcDbEntity
 67
     1
  8
框
100
AcDbLine
 10
-325.0489667794483
 20
-28.10786291330285
 30
0.0
 11
-225.0484558548635
 21
-28.10786291330285
 31
0.0
  0
LINE
  5
A67
330
50F
100
AcDbEntity
 67
     1
  8
框
100
AcDbLine
 10
-325.0489667794483
 20
-37.11379637985678
 30
0.0
 11
-225.0484558548635
 21
-37.11379637985678
 31
0.0
  0
LINE
  5
A68
330
50F
100
AcDbEntity
 67
     1
  8
框
100
AcDbLine
 10
-325.0489667794483
 20
-46.11972984644764
 30
0.0
 11
-225.0484558548635
 21
-46.11972984644764
 31
0.0
  0
TEXT
  5
A69
330
50F
100
AcDbEntity
 67
     1
  8
框
 62
     4
100
AcDbText
 10
-323.1980764400784
 20
46.72068343489911
 30
0.0
 40
3.499999999999976
  1
图      别
 41
0.7400000000000001
  7
-宋体
100
AcDbText
  0
TEXT
  5
A6A
330
50F
100
AcDbEntity
 67
     1
  8
框
 62
     4
100
AcDbText
 10
-323.1980764400784
 20
37.71474996830852
 30
0.0
 40
3.499999999999976
  1
图      号
 41
0.7400000000000001
  7
-宋体
100
AcDbText
  0
TEXT
  5
A6B
330
50F
100
AcDbEntity
 67
     1
  8
框
 62
     4
100
AcDbText
 10
-323.204359868262
 20
28.70881650175461
 30
0.0
 40
3.499999999999976
  1
版  本  号
 41
0.7400000000000001
  7
-宋体
100
AcDbText
  0
TEXT
  5
A6C
330
50F
100
AcDbEntity
 67
     1
  8
框
 62
     4
100
AcDbText
 10
-323.1980764400784
 20
19.70288303516374
 30
0.0
 40
3.499999999999976
  1
日      期
 41
0.7400000000000001
  7
-宋体
100
AcDbText
  0
TEXT
  5
A6D
330
50F
100
AcDbEntity
 67
     1
  8
框
 62
     4
100
AcDbText
 10
-323.1980764400784
 20
10.69694956857314
 30
0.0
 40
3.499999999999976
  1
制      图
 41
0.7400000000000001
  7
-宋体
100
AcDbText
  0
TEXT
  5
A6E
330
50F
100
AcDbEntity
 67
     1
  8
框
 62
     4
100
AcDbText
 10
-323.1980764400784
 20
1.691016101981986
 30
0.0
 40
3.499999999999976
  1
设      计
 41
0.7400000000000001
  7
-宋体
100
AcDbText
  0
TEXT
  5
A6F
330
50F
100
AcDbEntity
 67
     1
  8
框
 62
     4
100
AcDbText
 10
-323.1980764400784
 20
-7.314917364608604
 30
0.0
 40
3.499999999999976
  1
专业负责人
 41
0.7400000000000001
  7
-宋体
100
AcDbText
  0
TEXT
  5
A70
330
50F
100
AcDbEntity
 67
     1
  8
框
 62
     4
100
AcDbText
 10
-323.1980764400784
 20
-16.32085083116222
 30
0.0
 40
3.499999999999976
  1
项目负责人
 41
0.7400000000000001
  7
-宋体
100
AcDbText
  0
TEXT
  5
A71
330
50F
100
AcDbEntity
 67
     1
  8
框
 62
     4
100
AcDbText
 10
-323.1980764400784
 20
-25.32678429775339
 30
0.0
 40
3.499999999999976
  1
专业校对人
 41
0.7400000000000001
  7
-宋体
100
AcDbText
  0
TEXT
  5
A72
330
50F
100
AcDbEntity
 67
     1
  8
框
 62
     4
100
AcDbText
 10
-323.1980764400784
 20
-34.33271776434398
 30
0.0
 40
3.499999999999976
  1
审  核  人
 41
0.7400000000000001
  7
-宋体
100
AcDbText
  0
TEXT
  5
A73
330
50F
100
AcDbEntity
 67
     1
  8
框
 62
     4
100
AcDbText
 10
-323.1980764400784
 20
-43.33865123093514
 30
0.0
 40
3.499999999999976
  1
审  定  人
 41
0.7400000000000001
  7
-宋体
100
AcDbText
  0
TEXT
  5
A74
330
50F
100
AcDbEntity
 67
     1
  8
框
 62
     4
100
AcDbText
 10
-323.1980764400784
 20
-52.34458469752572
 30
0.0
 40
3.499999999999976
  1
设  计  号
 41
0.7400000000000001
  7
-宋体
100
AcDbText
  0
TEXT
  5
A75
330
50F
100
AcDbEntity
 67
     1
  8
框
 62
     4
100
AcDbText
 10
-294.9281662802924
 20
46.72068343489911
 30
0.0
 40
3.499999999999976
  1
海  绵
 41
0.7400000000000001
  7
-宋体
100
AcDbText
  0
TEXT
  5
A76
330
50F
100
AcDbEntity
 67
     1
  8
框
 62
     4
100
AcDbText
 10
-294.9281662802924
 20
37.71474996830852
 30
0.0
 40
3.499999999999976
  1
HM-  
 41
0.7400000000000001
  7
-宋体
100
AcDbText
  0
TEXT
  5
A77
330
50F
100
AcDbEntity
 67
     1
  8
框
 62
     4
100
AcDbText
 10
-294.9281662802924
 20
19.70288303516374
 30
0.0
 40
3.499999999999976
  1
2025.11
 41
0.7400000000000001
  7
-宋体
100
AcDbText
  0
TEXT
  5
A78
330
50F
100
AcDbEntity
 67
     1
  8
框
 62
     4
100
AcDbText
 10
-292.3600919290643
 20
10.69694956857314
 30
0.0
 40
3.499999999999976
  1
叶润华
 41
0.7400000000000001
  7
-宋体
 72
     1
 11
-289.461758595731
 21
10.69694956857314
 31
0.0
100
AcDbText
  0
TEXT
  5
A79
330
50F
100
AcDbEntity
 67
     1
  8
框
 62
     4
100
AcDbText
 10
-292.3600919290643
 20
1.691016101981986
 30
0.0
 40
3.499999999999976
  1
叶润华
 41
0.7400000000000001
  7
-宋体
 72
     1
 11
-289.461758595731
 21
1.691016101981986
 31
0.0
100
AcDbText
  0
TEXT
  5
A7A
330
50F
100
AcDbEntity
 67
     1
  8
框
 62
     4
100
AcDbText
 10
-292.3600919290643
 20
-16.32085083116222
 30
0.0
 40
3.499999999999976
  1
何志朋
 41
0.7400000000000001
  7
-宋体
 72
     1
 11
-289.461758595731
 21
-16.32085083116222
 31
0.0
100
AcDbText
  0
TEXT
  5
A7B
330
50F
100
AcDbEntity
 67
     1
  8
框
 62
     4
100
AcDbText
 10
-292.421758595731
 20
-25.32678429775339
 30
0.0
 40
3.499999999999976
  1
范 武
 41
0.7400000000000001
  7
-宋体
 72
     1
 11
-289.461758595731
 21
-25.32678429775339
 31
0.0
100
AcDbText
  0
TEXT
  5
A7C
330
50F
100
AcDbEntity
 67
     1
  8
框
 62
     4
100
AcDbText
 10
-292.3600919290643
 20
-34.33271776434398
 30
0.0
 40
3.499999999999976
  1
陈伟业
 41
0.7400000000000001
  7
-宋体
 72
     1
 11
-289.461758595731
 21
-34.33271776434398
 31
0.0
100
AcDbText
  0
TEXT
  5
A7D
330
50F
100
AcDbEntity
 67
     1
  8
框
 62
     4
100
AcDbText
 10
-292.3600919290643
 20
-43.33865123093514
 30
0.0
 40
3.499999999999976
  1
何志朋
 41
0.7400000000000001
  7
-宋体
 72
     1
 11
-289.461758595731
 21
-43.33865123093514
 31
0.0
100
AcDbText
  0
TEXT
  5
A7E
330
50F
100
AcDbEntity
 67
     1
  8
框
 62
     4
100
AcDbText
 10
-295.0118426012061
 20
-52.34459603719472
 30
0.0
 40
3.499999999999976
  1
AT-FS25023B
 41
0.7400000000000001
  7
-宋体
100
AcDbText
  0
INSERT
  5
A7F
330
50F
100
AcDbEntity
 67
     1
  8
Y
100
AcDbBlockReference
  2
A$C04374023
 10
-271.7359324632824
 20
0.309497516021267
 30
0.0
 41
0.0099999999999999
 42
0.0099999999999999
 43
0.0099999999999999
  0
LINE
  5
A80
330
50F
100
AcDbEntity
 67
     1
  8
框
100
AcDbLine
 10
-325.0489667794483
 20
-55.12566331303794
 30
0.0
 11
-225.0484558548635
 21
-55.12566331303794
 31
0.0
  0
INSERT
  5
A81
330
50F
100
AcDbEntity
 67
     1
  8
Y
100
AcDbBlockReference
  2
A$C77A84E73
 10
-271.3651079856056
 20
-45.61259617743874
 30
0.0
 41
0.0409499999999997
 42
0.0409499999999997
 43
0.0409499999999997
  0
TEXT
  5
A82
330
50F
100
AcDbEntity
 67
     1
  8
框
 62
     4
100
AcDbText
 10
-294.934449708476
 20
28.70881650175403
 30
0.0
 40
3.499999999999976
  1
第一版
 41
0.7400000000000001
  7
-宋体
100
AcDbText
  0
TEXT
  5
A83
330
50F
100
AcDbEntity
 67
     1
  8
TWT_TEXT
100
AcDbText
 10
-294.2009414044118
 20
-86.98530040303571
 30
0.0
 40
2.497282147103701
  1
图纸版权属设计单位所有，未经许可，外人及外单位不得翻印复制作为其他工程之用
 50
359.9997199154491
  7
_TCH_DIM
100
AcDbText
  0
TEXT
  5
A84
330
50F
100
AcDbEntity
 67
     1
  8
框
 62
     4
100
AcDbText
 10
-294.9281662802924
 20
89.10912791341289
 30
0.0
 40
3.499999999999976
  1
佛山市天地元一净化设备有限公司
 41
0.85
  7
-宋体
100
AcDbText
  0
DIMENSION
  5
A85
330
50F
100
AcDbEntity
 67
     1
  8
TWT_DIM
100
AcDbDimension
280
     0
  2
*D22
 10
-556.2905218306475
 20
-32.10934956577785
 30
0.0
 11
-555.4822727492644
 21
-28.63855413012516
 31
0.0
 70
   129
  1
0.15
 71
     5
 42
2.352358186089986
 73
     0
 74
     0
 75
     0
  3
_TWT_ARCH&&1
100
AcDbAlignedDimension
 13
-559.6639256296619
 23
-34.46170775186784
 33
0.0
 14
-559.6639256296619
 24
-32.10934956577785
 34
0.0
  0
TEXT
  5
CD8
330
50F
100
AcDbEntity
 67
     1
  8
DIM_SYMB
 62
     7
100
AcDbText
 10
4.295507220440782
 20
49.22631522937263
 30
0.0
 40
5.286919831223628
  1
项目区域排水平面图
 41
0.8
  7
-宋体
100
AcDbText
  0
LWPOLYLINE
  5
CD9
330
50F
100
AcDbEntity
 67
     1
  8
DIM_SYMB
100
AcDbPolyline
 90
        2
 70
     0
 43
0.7
 10
4.295507220440782
 20
47.05838273992116
 10
59.28538063816231
 20
47.05838273992116
  0
LWPOLYLINE
  5
CDA
330
50F
100
AcDbEntity
 67
     1
  8
DIM_SYMB
100
AcDbPolyline
 90
        2
 70
     0
 43
0.0
 10
4.295507220440781
 20
45.65838273992116
 10
59.28538063816231
 20
45.65838273992116
  0
TEXT
  5
CDB
330
50F
100
AcDbEntity
 67
     1
  8
PUB_TEXT
100
AcDbText
 10
-123.3579906899314
 20
256.8224902378912
 30
0.0
 40
5.286919831223628
  1
1:750
 41
0.8
  7
-宋
100
AcDbText
  0
TEXT
  5
CDC
330
50F
100
AcDbEntity
 67
     1
  8
TWT_TEXT
100
AcDbText
 10
-133.6112829994451
 20
2.610136723243783
 30
0.0
 40
3.776371308016877
  1
图例：
 41
0.8
  7
-宋体
100
AcDbText
  0
INSERT
  5
CDD
330
50F
100
AcDbEntity
 67
     1
  8
WELL_雨水
100
AcDbBlockReference
  2
$TwtSys$00000187
 10
-123.8783394101117
 20
-5.365331026058186
 30
0.0
 41
5.0
 42
5.0
 43
5.0
  0
TEXT
  5
CDE
330
50F
100
AcDbEntity
 67
     1
  8
TWT_TEXT
100
AcDbText
 10
-103.7480875902399
 20
-8.074991445004627
 30
0.0
 40
3.776371308016877
  1
检查井
 41
0.8
  7
-宋体
100
AcDbText
  0
TEXT
  5
CDF
330
50F
100
AcDbEntity
 67
     1
  8
TWT_TEXT
100
AcDbText
 10
-103.7480875902399
 20
-16.85523535360818
 30
0.0
 40
3.776371308016877
  1
排水管道
 41
0.8
  7
-宋体
100
AcDbText
  0
LINE
  5
CE0
330
50F
100
AcDbEntity
 67
     1
  8
PIPE-雨水
  6
DASH
 48
0.02
100
AcDbLine
 10
-117.3278903529833
 20
-14.55986224888539
 30
0.0
 11
-128.9660399970969
 21
-14.55986224888539
 31
0.0
  0
TEXT
  5
CE1
330
50F
100
AcDbEntity
 67
     1
  8
TWT_TEXT
100
AcDbText
 10
-26.84061304900729
 20
-8.074991445004627
 30
0.0
 40
3.776371308016877
  1
排水走向
 41
0.8
  7
-宋体
100
AcDbText
  0
TEXT
  5
CE2
330
50F
100
AcDbEntity
 67
     1
  8
TWT_TEXT
100
AcDbText
 10
-26.84061304900729
 20
-16.85523535360818
 30
0.0
 40
3.776371308016877
  1
管径-管长
 41
0.8
  7
-宋体
100
AcDbText
  0
TEXT
  5
CE3
330
50F
100
AcDbEntity
 67
     1
  8
TWT_SYMB
 62
     7
100
AcDbText
 10
-59.82654108219481
 20
-16.67291346132472
 30
0.0
 40
3.021097046413502
  1
D400,L=30
 41
0.8
  7
-宋体
100
AcDbText
  0
LWPOLYLINE
  5
CE4
330
50F
100
AcDbEntity
 67
     1
  8
TWT_SYMB
100
AcDbPolyline
 90
        3
 70
     0
 10
-59.82654108219481
 20
-5.677907791139944
 40
0.0
 41
0.0
 10
-45.50356183692088
 20
-5.677907791139944
 40
0.8000000000000001
 41
0.0
 10
-42.50356183692088
 20
-5.677907791139944
 40
0.0
 41
0.0
  0
TEXT
  5
CE5
330
50F
100
AcDbEntity
 67
     1
  8
TWT_TEXT
100
AcDbText
 10
-26.84061304900729
 20
-25.63547926221173
 30
0.0
 40
3.776371308016877
  1
下凹绿地溢流口
 41
0.8
  7
-宋体
100
AcDbText
  0
TEXT
  5
CE6
330
50F
100
AcDbEntity
 67
     1
  8
TWT_TEXT
100
AcDbText
 10
26.79799807245604
 20
-55.90416399460611
 30
0.0
 40
3.776371308016877
  1
坡度参照表:
 41
0.8
  7
-宋体
100
AcDbText
  0
TEXT
  5
CE7
330
50F
100
AcDbEntity
 67
     1
  8
TWT_TEXT
100
AcDbText
 10
28.67627167583919
 20
-65.11525097775967
 30
0.0
 40
3.776371308016877
  1
管  径
 41
0.8
  7
-宋体
100
AcDbText
  0
TEXT
  5
CE8
330
50F
100
AcDbEntity
 67
     1
  8
TWT_TEXT
100
AcDbText
 10
28.67627167583919
 20
-73.61525097775967
 30
0.0
 40
3.776371308016877
  1
坡  度
 41
0.8
  7
-宋体
100
AcDbText
  0
TEXT
  5
CE9
330
50F
100
AcDbEntity
 67
     1
  8
TWT_TEXT
100
AcDbText
 10
46.0808933815731
 20
-65.11525097775967
 30
0.0
 40
3.776371308016877
  1
D300～600
 41
0.8
  7
-宋
100
AcDbText
  0
TEXT
  5
CEA
330
50F
100
AcDbEntity
 67
     1
  8
TWT_TEXT
100
AcDbText
 10
53.69102155277665
 20
-73.61525097775967
 30
0.0
 40
3.776371308016877
  1
3‰
 41
0.8
  7
-宋
100
AcDbText
  0
INSERT
  5
CEB
330
50F
100
AcDbEntity
 67
     1
  8
WELL_雨水
100
AcDbBlockReference
  2
$TwtSys$00000187
 10
-123.8783394101117
 20
-24.99795346859656
 30
0.0
 41
5.0
 42
5.0
 43
5.0
  0
LINE
  5
CEC
330
50F
100
AcDbEntity
 67
     1
  8
TWT_LEAD
100
AcDbLine
 10
-123.8783394101117
 20
-24.99795346859656
 30
0.0
 11
-111.6447387161418
 21
-37.23155416256651
 31
0.0
  0
LINE
  5
CED
330
50F
100
AcDbEntity
 67
     1
  8
TWT_LEAD
100
AcDbLine
 10
-111.6447387161418
 20
-37.23155416256651
 30
0.0
 11
-86.74011271671203
 21
-37.23155416256651
 31
0.0
  0
TEXT
  5
CEE
330
50F
100
AcDbEntity
 67
     1
  8
TWT_LEAD
 62
     7
100
AcDbText
 10
-94.79755952522266
 20
-36.35655416256651
 30
0.0
 40
3.375886524822695
  1
井面标高
 41
0.8
  7
_TCH_DIM
100
AcDbText
  0
TEXT
  5
CEF
330
50F
100
AcDbEntity
 67
     1
  8
TWT_LEAD
 62
     7
100
AcDbText
 10
-96.64436803586097
 20
-41.60655416256651
 30
0.0
 40
3.375886524822695
  1
管内底标高
 41
0.8
  7
_TCH_DIM
100
AcDbText
  0
TEXT
  5
CF0
330
50F
100
AcDbEntity
 67
     1
  8
TWT_TEXT
100
AcDbText
 10
-108.7461337023421
 20
-36.86211153220057
 30
0.0
 40
2.870042194092826
  1
Y
 41
0.8
  7
-宋体
100
AcDbText
  0
LINE
  5
CF1
330
50F
100
AcDbEntity
 67
     1
  8
TWT_LEAD
100
AcDbLine
 10
-107.5406473678065
 20
-34.85780246477526
 30
0.0
 11
-99.02552502834147
 21
-26.34268012531021
 31
0.0
  0
LINE
  5
CF2
330
50F
100
AcDbEntity
 67
     1
  8
TWT_LEAD
100
AcDbLine
 10
-99.02552502834147
 20
-26.34268012531021
 30
0.0
 11
-83.98959972499666
 21
-26.34268012531021
 31
0.0
  0
TEXT
  5
CF3
330
50F
100
AcDbEntity
 67
     1
  8
TWT_LEAD
 62
     7
100
AcDbText
 10
-94.33734961071161
 20
-25.46768012531021
 30
0.0
 40
3.375886524822695
  1
检查井
 41
0.8
  7
_TCH_DIM
100
AcDbText
  0
TEXT
  5
CF4
330
50F
100
AcDbEntity
 67
     1
  8
TWT_LEAD
 62
     7
100
AcDbText
 10
-95.99140296042588
 20
-30.71768012531021
 30
0.0
 40
3.375886524822695
  1
雨水（Y）
 41
0.8
  7
_TCH_DIM
100
AcDbText
  0
TEXT
  5
CF5
330
50F
100
AcDbEntity
 67
     1
  8
TWT_TEXT
100
AcDbText
 10
-124.8511969571934
 20
-74.0879461541852
 30
0.0
 40
3.776371308016877
  1
下凹式绿地
 41
0.8
  7
-宋体
100
AcDbText
  0
TEXT
  5
CF6
330
50F
100
AcDbEntity
 67
     1
  8
TWT_TEXT
100
AcDbText
 10
-79.9347363834147
 20
-74.0879461541852
 30
0.0
 40
3.776371308016877
  1
透水铺装
 41
0.8
  7
-宋体
100
AcDbText
  0
TEXT
  5
CF7
330
50F
100
AcDbEntity
 67
     1
  8
TWT_TEXT
100
AcDbText
 10
-766.2462348200968
 20
-52.21297579257918
 30
0.0
 40
3.776371308016877
  1
下凹式绿地
 41
0.8
  7
-宋体
100
AcDbText
  0
TEXT
  5
CF8
330
50F
100
AcDbEntity
 67
     1
  8
TWT_TEXT
100
AcDbText
 10
-721.329774246318
 20
-52.21297579257918
 30
0.0
 40
3.776371308016877
  1
透水铺装
 41
0.8
  7
-宋体
100
AcDbText
  0
TEXT
  5
CF9
330
50F
100
AcDbEntity
 67
     1
  8
TWT_TEXT
100
AcDbText
 10
-677.2312779889769
 20
-52.21297579257918
 30
0.0
 40
3.776371308016877
  1
普通绿地
 41
0.8
  7
-宋体
100
AcDbText
  0
TEXT
  5
CFA
330
50F
100
AcDbEntity
 67
     1
  8
TWT_TEXT
100
AcDbText
 10
-734.217001765661
 20
-22.46934608708716
 30
0.0
 40
3.776371308016877
  1
雨水径流方向
 41
0.8
  7
-宋体
100
AcDbText
  0
TEXT
  5
CFB
330
50F
100
AcDbEntity
 67
     1
  8
TWT_TEXT
100
AcDbText
 10
-767.4060578603837
 20
-13.5514902053543
 30
0.0
 40
3.776371308016877
  1
图例：
 41
0.8
  7
-宋体
100
AcDbText
  0
LINE
  5
CFC
330
50F
100
AcDbEntity
 67
     1
  8
PIPE-雨水
  6
DASH
 48
0.01
100
AcDbLine
 10
-572.3195265228903
 20
-3.679499269941516
 30
0.0
 11
-572.3195265228903
 21
-31.24387658291835
 31
0.0
  0
LINE
  5
CFD
330
50F
100
AcDbEntity
 67
     1
  8
PIPE-雨水
  6
DASH
 48
0.01
100
AcDbLine
 10
-572.3195265228903
 20
-31.24387658291835
 30
0.0
 11
-559.6639256296619
 21
-32.10934956577785
 31
0.0
  0
LWPOLYLINE
  5
CFE
330
50F
100
AcDbEntity
 67
     1
  8
TWT_SYMB
100
AcDbPolyline
 90
        6
 70
     0
 43
0.0
 10
-575.3195265228903
 20
-3.679499269941516
 10
-571.5187800819242
 20
-3.679499269941516
 10
-570.7544425899651
 20
-1.579499269941516
 10
-570.0138692709896
 20
-5.779499269941516
 10
-569.2687800819242
 20
-3.679499269941516
 10
-565.4680336409581
 20
-3.679499269941516
  0
LINE
  5
CFF
330
50F
100
AcDbEntity
 67
     1
  8
TWT_LEAD
100
AcDbLine
 10
-572.3195265228903
 20
-19.1749718742094
 30
0.0
 11
-575.1546414267929
 21
-19.1749718742094
 31
0.0
  0
LINE
  5
D00
330
50F
100
AcDbEntity
 67
     1
  8
TWT_LEAD
100
AcDbLine
 10
-575.1546414267929
 20
-19.1749718742094
 30
0.0
 11
-584.9408558964857
 21
-19.1749718742094
 31
0.0
  0
TEXT
  5
D01
330
50F
100
AcDbEntity
 67
     1
  8
TWT_LEAD
 62
     7
100
AcDbText
 10
-583.741365682916
 20
-18.2999718742094
 30
0.0
 40
3.375886524822695
  1
雨水立管
 41
0.8
  7
_TCH_DIM
100
AcDbText
  0
LINE
  5
D02
330
50F
100
AcDbEntity
 67
     1
  8
TWT_LEAD
100
AcDbLine
 10
-569.2160855788313
 20
-7.933411920313119
 30
0.0
 11
-566.3809706749287
 21
-7.933411920313119
 31
0.0
  0
LINE
  5
D03
330
50F
100
AcDbEntity
 67
     1
  8
TWT_LEAD
100
AcDbLine
 10
-566.3809706749287
 20
-7.933411920313119
 30
0.0
 11
-559.3052641148967
 21
-7.933411920313119
 31
0.0
  0
TEXT
  5
D04
330
50F
100
AcDbEntity
 67
     1
  8
TWT_LEAD
 62
     7
100
AcDbText
 10
-564.7048195225722
 20
-7.058411920313119
 30
0.0
 40
3.375886524822695
  1
墙体
 41
0.8
  7
_TCH_DIM
100
AcDbText
  0
TEXT
  5
D05
330
50F
100
AcDbEntity
 67
     1
  8
DIM_SYMB
  6
Continuous
 62
     7
100
AcDbText
 10
-583.7917445117002
 20
-64.55407092680662
 30
0.0
 40
5.286919831223628
  1
雨落管断接示意图
 41
0.8
  7
-宋体
100
AcDbText
  0
LWPOLYLINE
  5
D06
330
50F
100
AcDbEntity
 67
     1
  8
DIM_SYMB
  6
Continuous
100
AcDbPolyline
 90
        2
 70
     0
 43
0.7
 10
-583.7917445117002
 20
-66.7220034162581
 10
-534.9925883935567
 20
-66.7220034162581
  0
LWPOLYLINE
  5
D07
330
50F
100
AcDbEntity
 67
     1
  8
DIM_SYMB
  6
Continuous
100
AcDbPolyline
 90
        2
 70
     0
 43
0.0
 10
-583.7917445117002
 20
-68.1220034162581
 10
-534.9925883935567
 20
-68.1220034162581
  0
LINE
  5
D08
330
50F
100
AcDbEntity
 67
     1
  8
TWT_LEAD
100
AcDbLine
 10
-568.0517344910429
 20
-35.5858810443433
 30
0.0
 11
-570.8868493949455
 21
-35.5858810443433
 31
0.0
  0
LINE
  5
D09
330
50F
100
AcDbEntity
 67
     1
  8
TWT_LEAD
100
AcDbLine
 10
-570.8868493949455
 20
-35.5858810443433
 30
0.0
 11
-585.5137276826187
 21
-35.5858810443433
 31
0.0
  0
TEXT
  5
D0A
330
50F
100
AcDbEntity
 67
     1
  8
TWT_LEAD
 62
     7
100
AcDbText
 10
-583.9492247089949
 20
-34.7108810443433
 30
0.0
 40
3.375886524822695
  1
沥青砂浆嵌缝
 41
0.8
  7
_TCH_DIM
100
AcDbText
  0
TEXT
  5
D0B
330
50F
100
AcDbEntity
 67
     1
  8
TWT_LEAD
 62
     7
100
AcDbText
 10
-582.3078535506025
 20
-39.9608810443433
 30
0.0
 40
3.375886524822695
  1
缝宽50
 41
0.8
  7
_TCH_DIM
100
AcDbText
  0
LINE
  5
D0C
330
50F
100
AcDbEntity
 67
     1
  8
TWT_LEAD
100
AcDbLine
 10
-555.4239192145899
 20
-37.51560744807512
 30
0.0
 11
-549.7157848559261
 21
-43.22374180673887
 31
0.0
  0
LINE
  5
D0D
330
50F
100
AcDbEntity
 67
     1
  8
TWT_LEAD
100
AcDbLine
 10
-549.7157848559261
 20
-43.22374180673887
 30
0.0
 11
-534.4086808625613
 21
-43.22374180673887
 31
0.0
  0
TEXT
  5
D0E
330
50F
100
AcDbEntity
 67
     1
  8
TWT_LEAD
 62
     7
100
AcDbText
 10
-550.8251170200002
 20
-42.24945102659702
 30
0.0
 40
3.375886524822695
  1
C20细石混凝土
 41
0.8
  7
_TCH_DIM
100
AcDbText
  0
LINE
  5
D0F
330
50F
100
AcDbEntity
 67
     1
  8
TWT_LEAD
100
AcDbLine
 10
-564.0770774918198
 20
-38.66124989621767
 30
0.0
 11
-564.0770774918198
 21
-23.99284832788999
 31
0.0
  0
LWPOLYLINE
  5
D10
330
50F
100
AcDbEntity
 67
     1
  8
TWT_LEAD
100
AcDbPolyline
 90
        2
 70
     1
 43
0.4000000000000001
 10
-564.0770774918198
 20
-38.86124989621767
 42
1.0
 10
-564.0770774918198
 20
-38.46124989621767
 42
1.0
  0
LINE
  5
D11
330
50F
100
AcDbEntity
 67
     1
  8
TWT_LEAD
100
AcDbLine
 10
-564.0770774918198
 20
-23.99284832788999
 30
0.0
 11
-519.3693549553679
 21
-23.99284832788999
 31
0.0
  0
TEXT
  5
D12
330
50F
100
AcDbEntity
 67
     1
  8
TWT_LEAD
 62
     7
100
AcDbText
 10
-556.2690791077547
 20
-23.01855754774814
 30
0.0
 40
3.375886524822695
  1
素土夯实，向外坡3%-5%
 41
0.8
  7
_TCH_DIM
100
AcDbText
  0
LINE
  5
D13
330
50F
100
AcDbEntity
 67
     1
  8
TWT_LEAD
100
AcDbLine
 10
-564.0770774918198
 20
-36.99642857870185
 30
0.0
 11
-564.0770774918198
 21
-19.06677377643336
 31
0.0
  0
LWPOLYLINE
  5
D14
330
50F
100
AcDbEntity
 67
     1
  8
TWT_LEAD
100
AcDbPolyline
 90
        2
 70
     1
 43
0.4000000000000001
 10
-564.0770774918198
 20
-37.19642857870186
 42
1.0
 10
-564.0770774918198
 20
-36.79642857870185
 42
1.0
  0
LINE
  5
D15
330
50F
100
AcDbEntity
 67
     1
  8
TWT_LEAD
100
AcDbLine
 10
-564.0770774918198
 20
-19.06677377643336
 30
0.0
 11
-519.3693549553679
 21
-19.06677377643336
 31
0.0
  0
TEXT
  5
D16
330
50F
100
AcDbEntity
 67
     1
  8
TWT_LEAD
 62
     7
100
AcDbText
 10
-566.411632299244
 20
-18.09248299629152
 30
0.0
 40
3.375886524822695
  1
150厚粒径10-40卵石灌M2.5混合砂浆
 41
0.8
  7
_TCH_DIM
100
AcDbText
  0
LINE
  5
D17
330
50F
100
AcDbEntity
 67
     1
  8
TWT_LEAD
100
AcDbLine
 10
-564.0770774918198
 20
-35.41245193867599
 30
0.0
 11
-564.0770774918198
 21
-14.14069922497674
 31
0.0
  0
LWPOLYLINE
  5
D18
330
50F
100
AcDbEntity
 67
     1
  8
TWT_LEAD
100
AcDbPolyline
 90
        2
 70
     1
 43
0.4000000000000001
 10
-564.0770774918198
 20
-35.61245193867599
 42
1.0
 10
-564.0770774918198
 20
-35.21245193867598
 42
1.0
  0
LINE
  5
D19
330
50F
100
AcDbEntity
 67
     1
  8
TWT_LEAD
100
AcDbLine
 10
-564.0770774918198
 20
-14.14069922497674
 30
0.0
 11
-519.3693549553679
 21
-14.14069922497674
 31
0.0
  0
TEXT
  5
D1A
330
50F
100
AcDbEntity
 67
     1
  8
TWT_LEAD
 62
     7
100
AcDbText
 10
-566.8669514481802
 20
-13.1664084448349
 30
0.0
 40
3.375886524822695
  1
60厚C20细石混凝土面层撒1：1水泥砂压实赶光
 41
0.8
  7
_TCH_DIM
100
AcDbText
  0
TEXT
  5
D1B
330
50F
100
AcDbEntity
 67
     1
  8
TWT_SYMB
 62
     7
100
AcDbText
 10
-549.0489153133351
 20
-32.9306268534118
 30
0.0
 40
2.8
  1
i=1%
 50
358.4999999999997
 41
0.525
  7
天正
100
AcDbText
  0
HATCH
  5
D1C
330
50F
100
AcDbEntity
 67
     1
  8
TWT_SYMB
100
AcDbHatch
 10
0.0
 20
0.0
 30
0.0
210
0.0
220
0.0
230
1.0
  2
SOLID
 70
     1
 71
     0
 91
        1
 92
        7
 72
     0
 73
     1
 93
        3
 10
-542.5808006650602
 20
-34.15036032840749
 10
-545.5797726399869
 20
-34.07182948348385
 10
-545.5693018606638
 20
-33.67196655349363
 97
        0
 75
     0
 76
     1
 47
0.0
 98
        1
 10
0.0
 20
0.0
450
        0
451
        0
460
0.0
461
0.0
452
        0
462
0.0
453
        0
470

  0
LWPOLYLINE
  5
D1D
330
50F
100
AcDbEntity
 67
     1
  8
TWT_SYMB
100
AcDbPolyline
 90
        2
 70
     0
 43
0.0
 10
-550.8136326861729
 20
-33.93477603481029
 10
-542.5808006650602
 20
-34.15036032840749
  0
TEXT
  5
D1E
330
50F
100
AcDbEntity
 67
     1
  8
TWT_TEXT
100
AcDbText
 10
-35.83624012607356
 20
-74.0879461541852
 30
0.0
 40
3.776371308016877
  1
天面绿化
 41
0.8
  7
-宋体
100
AcDbText
  0
TEXT
  5
D1F
330
50F
100
AcDbEntity
 67
     1
  8
PUB_TEXT
100
AcDbText
 10
-760.6829253624438
 20
256.8224902378913
 30
0.0
 40
5.286919831223628
  1
1:750
 41
0.8
  7
-宋
100
AcDbText
  0
TEXT
  5
D20
330
50F
100
AcDbEntity
 67
     1
  8
DIM_SYMB
 62
     7
100
AcDbText
 10
-619.6430790765681
 20
41.74594346307412
 30
0.0
 40
5.286919831223628
  1
汇水分区、径流及竖向高程设计图
 41
0.8
  7
-宋体
100
AcDbText
  0
LWPOLYLINE
  5
D21
330
50F
100
AcDbEntity
 67
     1
  8
DIM_SYMB
100
AcDbPolyline
 90
        2
 70
     0
 43
0.7
 10
-619.6430790765681
 20
39.57801097362266
 10
-528.2650200048382
 20
39.57801097362266
  0
LWPOLYLINE
  5
D22
330
50F
100
AcDbEntity
 67
     1
  8
DIM_SYMB
100
AcDbPolyline
 90
        2
 70
     0
 43
0.0
 10
-619.6430790765681
 20
38.17801097362266
 10
-528.2650200048382
 20
38.17801097362266
  0
ENDSEC
  0
SECTION
  2
OBJECTS
  0
DICTIONARY
  5
B
330
0
100
AcDbDictionary
281
     1
  3
ACAD_CIP_PREVIOUS_PRODUCT_INFO
350
DB1
  3
ACAD_COLOR
350
ABD
  3
ACAD_DETAILVIEWSTYLE
350
D9E
  3
ACAD_GROUP
350
AB8
  3
ACAD_LAST_SAVED_VERSION_INFO
350
DB3
  3
ACAD_LAYOUT
350
50B
  3
ACAD_MATERIAL
350
D
  3
ACAD_MLEADERSTYLE
350
ABF
  3
ACAD_MLINESTYLE
350
AB9
  3
ACAD_PLOTSETTINGS
350
ABA
  3
ACAD_PLOTSTYLENAME
350
A
  3
ACAD_SCALELIST
350
517
  3
ACAD_SECTIONVIEWSTYLE
350
D9C
  3
ACAD_TABLESTYLE
350
ABE
  3
ACAD_VISUALSTYLE
350
51C
  3
ACDB_RECOMPOSE_DATA
350
DBA
  3
AcDbVariableDictionary
350
D7F
  0
DICTIONARY
  5
AAD
330
AAA
100
AcDbDictionary
280
     1
281
     1
  0
DICTIONARY
  5
AA1
330
AA0
100
AcDbDictionary
280
     1
281
     1
  3
ACAD_LAYERSTATES
360
AA2
  0
DICTIONARY
  5
7
330
6
100
AcDbDictionary
280
     1
281
     1
  3
ADSK_XREC_LAYER_RECONCILED
360
8
  0
DICTIONARY
  5
261
330
260
100
AcDbDictionary
280
     1
281
     1
  3
ADSK_XREC_LAYER_RECONCILED
360
262
  0
DICTIONARY
  5
8B
330
8A
100
AcDbDictionary
280
     1
281
     1
  0
DICTIONARY
  5
22
330
21
100
AcDbDictionary
280
     1
281
     1
  0
DICTIONARY
  5
66
330
65
100
AcDbDictionary
280
     1
281
     1
  0
DICTIONARY
  5
39
330
38
100
AcDbDictionary
280
     1
281
     1
  0
DICTIONARY
  5
1C
330
1B
100
AcDbDictionary
280
     1
281
     1
  0
DICTIONARY
  5
26
330
25
100
AcDbDictionary
280
     1
281
     1
  0
DICTIONARY
  5
105
330
104
100
AcDbDictionary
280
     1
281
     1
  0
DICTIONARY
  5
268
330
267
100
AcDbDictionary
280
     1
281
     1
  0
DICTIONARY
  5
15E
330
15D
100
AcDbDictionary
280
     1
281
     1
  0
DICTIONARY
  5
18B
330
18A
100
AcDbDictionary
280
     1
281
     1
  0
DICTIONARY
  5
2EA
330
2E9
100
AcDbDictionary
280
     1
281
     1
  0
DICTIONARY
  5
2F1
330
2F0
100
AcDbDictionary
280
     1
281
     1
  0
DICTIONARY
  5
3
330
2
100
AcDbDictionary
280
     1
281
     1
  3
ACAD_SORTENTS
360
AF5
  0
DICTIONARY
  5
510
330
50F
100
AcDbDictionary
280
     1
281
     1
  3
ACAD_SORTENTS
360
AF4
  0
DICTIONARY
  5
50
330
4F
100
AcDbDictionary
280
     1
281
     1
  3
ACAD_ENHANCEDBLOCK
360
51
  3
ACAD_SORTENTS
360
ADA
  3
AcDbDynamicBlockRoundTripPurgePreventer
360
54
  0
DICTIONARY
  5
69
330
68
100
AcDbDictionary
280
     1
281
     1
  3
ACAD_SORTENTS
360
ADB
  0
DICTIONARY
  5
107
330
106
100
AcDbDictionary
280
     1
281
     1
  3
ACAD_SORTENTS
360
AE4
  0
DICTIONARY
  5
FD
330
FC
100
AcDbDictionary
280
     1
281
     1
  3
ACAD_SORTENTS
360
AE3
  0
DICTIONARY
  5
276
330
275
100
AcDbDictionary
280
     1
281
     1
  3
ACAD_SORTENTS
360
AE0
  0
DICTIONARY
  5
160
330
15F
100
AcDbDictionary
280
     1
281
     1
  3
ACAD_SORTENTS
360
AE1
  0
DICTIONARY
  5
18D
330
18C
100
AcDbDictionary
280
     1
281
     1
  3
ACAD_SORTENTS
360
AE2
  0
DICTIONARY
  5
85D
330
85C
100
AcDbDictionary
280
     1
281
     1
  3
ACAD_SORTENTS
360
AE6
  0
DICTIONARY
  5
6DA
330
6D9
100
AcDbDictionary
280
     1
281
     1
  3
ACAD_SORTENTS
360
AE9
  0
DICTIONARY
  5
74A
330
749
100
AcDbDictionary
280
     1
281
     1
  3
ACAD_SORTENTS
360
AE7
  0
DICTIONARY
  5
6CC
330
6CB
100
AcDbDictionary
280
     1
281
     1
  3
ACAD_SORTENTS
360
AE8
  0
DICTIONARY
  5
550
330
54F
100
AcDbDictionary
280
     1
281
     1
  3
ACAD_SORTENTS
360
AEA
  0
DICTIONARY
  5
9A6
330
9A5
100
AcDbDictionary
280
     1
281
     1
  0
DICTIONARY
  5
2EC
330
2EB
100
AcDbDictionary
280
     1
281
     1
  3
ACAD_SORTENTS
360
AE5
  0
DICTIONARY
  5
33E
330
33D
100
AcDbDictionary
280
     1
281
     1
  3
ACAD_SORTENTS
360
ADE
  0
DICTIONARY
  5
3FC
330
3FB
100
AcDbDictionary
280
     1
281
     1
  3
ACAD_SORTENTS
360
ADC
  0
DICTIONARY
  5
40B
330
40A
100
AcDbDictionary
280
     1
281
     1
  3
ACAD_SORTENTS
360
ADD
  0
DICTIONARY
  5
D75
330
3A8
100
AcDbDictionary
280
     1
281
     1
  0
DICTIONARY
  5
4C
330
4B
100
AcDbDictionary
280
     1
281
     1
  3
AcDbBlockRepresentation
360
4D
  0
DICTIONARY
  5
D73
330
2DC
100
AcDbDictionary
280
     1
281
     1
  0
DICTIONARY
  5
514
330
513
100
AcDbDictionary
280
     1
281
     1
  3
ASDK_XREC_ANNOTATION_SCALE_INFO
360
515
  0
DICTIONARY
  5
520
330
51F
100
AcDbDictionary
280
     1
281
     1
  3
ASDK_XREC_ANNOTATION_SCALE_INFO
360
521
  0
DICTIONARY
  5
A15
330
A14
100
AcDbDictionary
280
     1
281
     1
  3
ASDK_XREC_ANNOTATION_SCALE_INFO
360
A16
  0
XRECORD
  5
DB1
102
{ACAD_REACTORS
330
B
102
}
330
B
100
AcDbXrecord
280
     1
300
ACD
300
2024
300

  0
DICTIONARY
  5
ABD
102
{ACAD_REACTORS
330
B
102
}
330
B
100
AcDbDictionary
281
     1
  0
DICTIONARY
  5
D9E
102
{ACAD_REACTORS
330
B
102
}
330
B
100
AcDbDictionary
281
     1
  3
Metric50
350
D9F
  0
DICTIONARY
  5
AB8
102
{ACAD_REACTORS
330
B
102
}
330
B
100
AcDbDictionary
281
     1
  3
TCH_组1
350
B18
  3
TCH_组2
350
B19
  3
TCH_组3
350
B1A
  3
TCH_组4
350
B1B
  0
XRECORD
  5
DB3
102
{ACAD_REACTORS
330
B
102
}
330
B
100
AcDbXrecord
280
     1
300
{EB57E7A2-ACCE-9048-B9FF-07516D3F2A9E}
301
{9789D301-34F4-9046-8520-22ABC0FD1894}
302
{EB57E7A2-ACCE-9048-B9FF-07516D3F2A9E}
303
C:\Users\azyp\Desktop\cad\海绵城市\(海绵水)佛山市天地元一净化设备有限公司_t3.dxf
  0
DICTIONARY
  5
50B
102
{ACAD_REACTORS
330
B
102
}
330
B
100
AcDbDictionary
281
     1
  3
Model
350
50A
  3
布局1
350
A9D
  0
DICTIONARY
  5
D
102
{ACAD_REACTORS
330
B
102
}
330
B
100
AcDbDictionary
281
     1
  3
ByBlock
350
ABC
  3
ByLayer
350
ABB
  3
Global
350
C
  0
DICTIONARY
  5
ABF
102
{ACAD_REACTORS
330
B
102
}
330
B
100
AcDbDictionary
281
     1
  3
Standard
350
D9B
  0
DICTIONARY
  5
AB9
102
{ACAD_REACTORS
330
B
102
}
330
B
100
AcDbDictionary
281
     1
  3
Standard
350
AC0
  0
DICTIONARY
  5
ABA
102
{ACAD_REACTORS
330
B
102
}
330
B
100
AcDbDictionary
281
     1
  0
ACDBDICTIONARYWDFLT
  5
A
102
{ACAD_REACTORS
330
B
102
}
330
B
100
AcDbDictionary
281
     1
  3
A-ROAD
350
23
  3
G-AROW
350
67
  3
Normal
350
9
100
AcDbDictionaryWithDefault
340
9
  0
DICTIONARY
  5
517
102
{ACAD_REACTORS
330
B
102
}
330
B
100
AcDbDictionary
281
     1
  3
A0
350
516
  3
A1
350
AC9
  3
A2
350
ACA
  3
A3
350
ACB
  3
A4
350
ACC
  3
A5
350
ACD
  3
A6
350
ACE
  3
A7
350
ACF
  3
A8
350
AD0
  3
A9
350
AD1
  3
B0
350
AD2
  3
B1
350
AD3
  3
B2
350
AD4
  3
B3
350
AD5
  3
B4
350
AD6
  3
B5
350
AD7
  3
B6
350
AD8
  0
DICTIONARY
  5
D9C
102
{ACAD_REACTORS
330
B
102
}
330
B
100
AcDbDictionary
281
     1
  3
Metric50
350
D9D
  0
DICTIONARY
  5
ABE
102
{ACAD_REACTORS
330
B
102
}
330
B
100
AcDbDictionary
281
     1
  3
Standard
350
AC1
  0
DICTIONARY
  5
51C
102
{ACAD_REACTORS
330
B
102
}
330
B
100
AcDbDictionary
281
     1
  3
2dWireframe
350
51B
  3
Basic
350
D8A
  3
Brighten
350
D8E
  3
ColorChange
350
D92
  3
Conceptual
350
D8C
  3
Dim
350
D8D
  3
EdgeColorOff
350
D9A
  3
Facepattern
350
D91
  3
Flat
350
D86
  3
FlatWithEdges
350
D87
  3
Gouraud
350
D88
  3
GouraudWithEdges
350
D89
  3
Hidden
350
D8B
  3
JitterOff
350
D98
  3
Linepattern
350
D90
  3
OverhangOff
350
D99
  3
Realistic
350
AC3
  3
Shaded
350
D97
  3
Shaded with edges
350
D96
  3
Shades of Gray
350
D93
  3
Sketchy
350
D94
  3
Thicken
350
D8F
  3
Wireframe
350
AC6
  3
X-Ray
350
D95
  0
XRECORD
  5
DBA
102
{ACAD_REACTORS
330
B
102
}
330
B
100
AcDbXrecord
280
     1
 90
        1
330
AC1
  0
DICTIONARY
  5
D7F
102
{ACAD_REACTORS
330
B
102
}
330
B
100
AcDbDictionary
281
     1
  3
CANNOSCALE
350
D83
  3
CMLEADERSTYLE
350
D81
  3
CTABLESTYLE
350
D80
  3
CVIEWDETAILSTYLE
350
DB4
  3
CVIEWSECTIONSTYLE
350
DB5
  3
LAYEREVAL
350
DB7
  3
LAYERNOTIFY
350
DB8
  3
LIGHTINGUNITS
350
DB6
  3
MSLTSCALE
350
D82
  0
DICTIONARY
  5
AA2
102
{ACAD_REACTORS
330
AA1
102
}
330
AA1
100
AcDbDictionary
281
     1
  0
XRECORD
  5
8
102
{ACAD_REACTORS
330
7
102
}
330
7
100
AcDbXrecord
280
     1
290
     1
  0
XRECORD
  5
262
102
{ACAD_REACTORS
330
261
102
}
330
261
100
AcDbXrecord
280
     1
290
     1
  0
SORTENTSTABLE
  5
AF5
102
{ACAD_REACTORS
330
3
102
}
330
3
100
AcDbSortentsTable
330
2
  0
SORTENTSTABLE
  5
AF4
102
{ACAD_REACTORS
330
510
102
}
330
510
100
AcDbSortentsTable
330
50F
  0
ACAD_EVALUATION_GRAPH
  5
51
102
{ACAD_REACTORS
330
50
102
}
330
50
100
AcDbEvalGraph
 96
        1
 97
        1
 91
        0
 93
       32
 95
        1
360
52
 92
       -1
 92
       -1
 92
       -1
 92
       -1
  0
SORTENTSTABLE
  5
ADA
102
{ACAD_REACTORS
330
50
102
}
330
50
100
AcDbSortentsTable
330
4F
331
56
  5
58
331
58
  5
59
331
59
  5
5A
331
5A
  5
5E
331
5B
  5
56
331
5E
  5
5B
  0
ACDB_DYNAMICBLOCKPURGEPREVENTER_VERSION
  5
54
102
{ACAD_REACTORS
330
50
102
}
330
50
100
AcDbDynamicBlockPurgePreventer
 70
     1
  0
SORTENTSTABLE
  5
ADB
102
{ACAD_REACTORS
330
69
102
}
330
69
100
AcDbSortentsTable
330
68
331
6C
  5
6D
331
6D
  5
6E
331
6E
  5
6F
331
6F
  5
71
331
70
  5
6C
331
71
  5
70
  0
SORTENTSTABLE
  5
AE4
102
{ACAD_REACTORS
330
107
102
}
330
107
100
AcDbSortentsTable
330
106
  0
SORTENTSTABLE
  5
AE3
102
{ACAD_REACTORS
330
FD
102
}
330
FD
100
AcDbSortentsTable
330
FC
  0
SORTENTSTABLE
  5
AE0
102
{ACAD_REACTORS
330
276
102
}
330
276
100
AcDbSortentsTable
330
275
  0
SORTENTSTABLE
  5
AE1
102
{ACAD_REACTORS
330
160
102
}
330
160
100
AcDbSortentsTable
330
15F
331
163
  5
168
331
165
  5
163
331
166
  5
165
331
167
  5
166
331
168
  5
167
  0
SORTENTSTABLE
  5
AE2
102
{ACAD_REACTORS
330
18D
102
}
330
18D
100
AcDbSortentsTable
330
18C
331
190
  5
192
331
192
  5
190
  0
SORTENTSTABLE
  5
AE6
102
{ACAD_REACTORS
330
85D
102
}
330
85D
100
AcDbSortentsTable
330
85C
  0
SORTENTSTABLE
  5
AE9
102
{ACAD_REACTORS
330
6DA
102
}
330
6DA
100
AcDbSortentsTable
330
6D9
  0
SORTENTSTABLE
  5
AE7
102
{ACAD_REACTORS
330
74A
102
}
330
74A
100
AcDbSortentsTable
330
749
  0
SORTENTSTABLE
  5
AE8
102
{ACAD_REACTORS
330
6CC
102
}
330
6CC
100
AcDbSortentsTable
330
6CB
  0
SORTENTSTABLE
  5
AEA
102
{ACAD_REACTORS
330
550
102
}
330
550
100
AcDbSortentsTable
330
54F
  0
SORTENTSTABLE
  5
AE5
102
{ACAD_REACTORS
330
2EC
102
}
330
2EC
100
AcDbSortentsTable
330
2EB
  0
SORTENTSTABLE
  5
ADE
102
{ACAD_REACTORS
330
33E
102
}
330
33E
100
AcDbSortentsTable
330
33D
331
3D0
  5
3E5
331
3D1
  5
3E6
331
3D2
  5
3E7
331
3D3
  5
3E8
331
3D4
  5
3E9
331
3D5
  5
3EA
331
3D6
  5
3EB
331
3D7
  5
3EC
331
3D8
  5
3ED
331
3D9
  5
3EE
331
3DA
  5
3EF
331
3DB
  5
3F0
331
3DC
  5
3D0
331
3DD
  5
3D1
331
3DE
  5
3D2
331
3DF
  5
3D3
331
3E0
  5
3D4
331
3E1
  5
3D5
331
3E2
  5
3D6
331
3E3
  5
3D7
331
3E4
  5
3D8
331
3E5
  5
3D9
331
3E6
  5
3DA
331
3E7
  5
3DB
331
3E8
  5
3DC
331
3E9
  5
3DD
331
3EA
  5
3DE
331
3EB
  5
3DF
331
3EC
  5
3E0
331
3ED
  5
3E1
331
3EE
  5
3E2
331
3EF
  5
3E3
331
3F0
  5
3E4
  0
SORTENTSTABLE
  5
ADC
102
{ACAD_REACTORS
330
3FC
102
}
330
3FC
100
AcDbSortentsTable
330
3FB
  0
SORTENTSTABLE
  5
ADD
102
{ACAD_REACTORS
330
40B
102
}
330
40B
100
AcDbSortentsTable
330
40A
  0
DICTIONARY
  5
4D
102
{ACAD_REACTORS
330
4C
102
}
330
4C
100
AcDbDictionary
280
     1
281
     1
  3
AcDbRepData
360
4E
  3
AppDataCache
360
62
  0
XRECORD
  5
515
102
{ACAD_REACTORS
330
514
102
}
330
514
100
AcDbXrecord
280
     1
 90
        1
340
516
  0
XRECORD
  5
521
102
{ACAD_REACTORS
330
520
102
}
330
520
100
AcDbXrecord
280
     1
 90
        1
340
516
  0
XRECORD
  5
A16
102
{ACAD_REACTORS
330
A15
102
}
330
A15
100
AcDbXrecord
280
     1
 90
        1
340
516
  0
ACDBDETAILVIEWSTYLE
  5
D9F
102
{ACAD_XDICTIONARY
360
DBD
102
}
102
{ACAD_REACTORS
330
D9E
102
}
330
D9E
100
AcDbModelDocViewStyle
 70
     0
  3
Metric50
290
     0
100
AcDbDetailViewStyle
 70
     0
 71
     0
 90
        3
 71
     1
340
263
 62
   256
 40
5.0
340
0
 62
   256
 40
5.0
300

 40
0.0
280
     1
 71
     2
340
E
 90
       25
 62
   256
 71
     3
340
263
 62
   256
 40
5.0
 90
        0
 40
15.0
 90
        1
300
%<\AcVar ViewDetailId>% (%<\AcVar ViewScale \f "%sn">%)
 71
     4
340
E
 90
       25
 62
   256
340
E
 90
       25
 62
   256
280
     0
  0
GROUP
  5
B18
102
{ACAD_REACTORS
330
AB8
102
}
330
AB8
100
AcDbGroup
300

 70
     0
 71
     1
  0
GROUP
  5
B19
102
{ACAD_REACTORS
330
AB8
102
}
330
AB8
100
AcDbGroup
300

 70
     0
 71
     1
  0
GROUP
  5
B1A
102
{ACAD_REACTORS
330
AB8
102
}
330
AB8
100
AcDbGroup
300

 70
     0
 71
     1
  0
GROUP
  5
B1B
102
{ACAD_REACTORS
330
AB8
102
}
330
AB8
100
AcDbGroup
300

 70
     0
 71
     1
  0
LAYOUT
  5
50A
102
{ACAD_XDICTIONARY
360
50C
102
}
102
{ACAD_REACTORS
330
50B
102
}
330
50B
100
AcDbPlotSettings
  1

  2
DWG to PDF.pc5
  4
ISO_expand_A4_(297.00_x_210.00_MM)
  6

 40
5.0
 41
10.0
 42
5.0
 43
10.0
 44
297.0
 45
210.0
 46
4.234944628202356
 47
0.0
 48
685099.1838020821
 49
2545131.239608313
140
685588.928673215
141
2545465.320276528
142
1.0
143
1.758319306395653
 70
 11924
 72
     1
 73
     0
 74
     4
  7

 75
     0
147
0.568724916096088
 76
     0
 77
     2
 78
   300
148
-685099.1838020821
149
-2545131.239608313
100
AcDbLayout
  1
Model
 70
     1
 71
     0
 10
0.0
 20
0.0
 11
420.0
 21
297.0
 12
0.0
 22
0.0
 32
0.0
 14
1.000000000000000E+20
 24
1.000000000000000E+20
 34
1.000000000000000E+20
 15
-1.000000000000000E+20
 25
-1.000000000000000E+20
 35
-1.000000000000000E+20
146
0.0
 13
0.0
 23
0.0
 33
0.0
 16
1.0
 26
0.0
 36
0.0
 17
0.0
 27
1.0
 37
0.0
 76
     0
330
2
331
AAB
1001
ACAD_PSEXT
1000
DWG to PDF.pc5
1000
DWG to PDF
1000
文件
1000

1070
     0
  0
LAYOUT
  5
A9D
102
{ACAD_XDICTIONARY
360
A9E
102
}
102
{ACAD_REACTORS
330
50B
102
}
330
50B
100
AcDbPlotSettings
  1

  2
none_device
  4
ISO_A4_(210.00_x_297.00_MM)
  6

 40
7.5
 41
20.0
 42
7.5
 43
20.0
 44
210.0
 45
297.0
 46
0.0
 47
0.0
 48
0.0
 49
0.0
140
0.0
141
0.0
142
1.0
143
1.0
 70
   688
 72
     1
 73
     1
 74
     5
  7

 75
    16
147
1.0
 76
     0
 77
     2
 78
   300
148
0.0
149
0.0
100
AcDbLayout
  1
布局1
 70
     0
 71
     1
 10
0.0
 20
0.0
 11
12.0
 21
9.0
 12
0.0
 22
0.0
 32
0.0
 14
-809.0552502077636
 24
-91.87975408710128
 34
0.0
 15
422.2696844647487
 25
328.1202459128989
 35
2.735391995810758
146
0.0
 13
0.0
 23
0.0
 33
0.0
 16
1.0
 26
0.0
 36
0.0
 17
0.0
 27
1.0
 37
0.0
 76
     0
330
50F
331
513
1001
ACAD_PSEXT
1000
无
1000
无
1000
不可用
1000
在选择新的绘图仪配置名称之前，不能打印该布局。
1070
     0
  0
MATERIAL
  5
ABC
102
{ACAD_REACTORS
330
D
102
}
330
D
100
AcDbMaterial
  1
ByBlock
 72
     0
 43
0.0008202099737533
 43
0.0
 43
0.0
 43
0.0
 43
0.0
 43
0.0008202099737533
 43
0.0
 43
0.0
 43
0.0
 43
0.0
 43
1.0
 43
0.0
 43
0.0
 43
0.0
 43
0.0
 43
1.0
 77
     0
 47
0.0008202099737533
 47
0.0
 47
0.0
 47
0.0
 47
0.0
 47
0.0008202099737533
 47
0.0
 47
0.0
 47
0.0
 47
0.0
 47
1.0
 47
0.0
 47
0.0
 47
0.0
 47
0.0
 47
1.0
171
     0
 49
0.0008202099737533
 49
0.0
 49
0.0
 49
0.0
 49
0.0
 49
0.0008202099737533
 49
0.0
 49
0.0
 49
0.0
 49
0.0
 49
1.0
 49
0.0
 49
0.0
 49
0.0
 49
0.0
 49
1.0
175
     0
142
0.0008202099737533
142
0.0
142
0.0
142
0.0
142
0.0
142
0.0008202099737533
142
0.0
142
0.0
142
0.0
142
0.0
142
1.0
142
0.0
142
0.0
142
0.0
142
0.0
142
1.0
179
     0
144
0.0008202099737533
144
0.0
144
0.0
144
0.0
144
0.0
144
0.0008202099737533
144
0.0
144
0.0
144
0.0
144
0.0
144
1.0
144
0.0
144
0.0
144
0.0
144
0.0
144
1.0
147
0.0008202099737533
147
0.0
147
0.0
147
0.0
147
0.0
147
0.0008202099737533
147
0.0
147
0.0
147
0.0
147
0.0
147
1.0
147
0.0
147
0.0
147
0.0
147
0.0
147
1.0
  0
MATERIAL
  5
ABB
102
{ACAD_REACTORS
330
D
102
}
330
D
100
AcDbMaterial
  1
ByLayer
 72
     0
 43
0.0008202099737533
 43
0.0
 43
0.0
 43
0.0
 43
0.0
 43
0.0008202099737533
 43
0.0
 43
0.0
 43
0.0
 43
0.0
 43
1.0
 43
0.0
 43
0.0
 43
0.0
 43
0.0
 43
1.0
 77
     0
 47
0.0008202099737533
 47
0.0
 47
0.0
 47
0.0
 47
0.0
 47
0.0008202099737533
 47
0.0
 47
0.0
 47
0.0
 47
0.0
 47
1.0
 47
0.0
 47
0.0
 47
0.0
 47
0.0
 47
1.0
171
     0
 49
0.0008202099737533
 49
0.0
 49
0.0
 49
0.0
 49
0.0
 49
0.0008202099737533
 49
0.0
 49
0.0
 49
0.0
 49
0.0
 49
1.0
 49
0.0
 49
0.0
 49
0.0
 49
0.0
 49
1.0
175
     0
142
0.0008202099737533
142
0.0
142
0.0
142
0.0
142
0.0
142
0.0008202099737533
142
0.0
142
0.0
142
0.0
142
0.0
142
1.0
142
0.0
142
0.0
142
0.0
142
0.0
142
1.0
179
     0
144
0.0008202099737533
144
0.0
144
0.0
144
0.0
144
0.0
144
0.0008202099737533
144
0.0
144
0.0
144
0.0
144
0.0
144
1.0
144
0.0
144
0.0
144
0.0
144
0.0
144
1.0
147
0.0008202099737533
147
0.0
147
0.0
147
0.0
147
0.0
147
0.0008202099737533
147
0.0
147
0.0
147
0.0
147
0.0
147
1.0
147
0.0
147
0.0
147
0.0
147
0.0
147
1.0
  0
MATERIAL
  5
C
102
{ACAD_REACTORS
330
D
102
}
330
D
100
AcDbMaterial
  1
Global
 72
     0
 43
0.0008202099737533
 43
0.0
 43
0.0
 43
0.0
 43
0.0
 43
0.0008202099737533
 43
0.0
 43
0.0
 43
0.0
 43
0.0
 43
1.0
 43
0.0
 43
0.0
 43
0.0
 43
0.0
 43
1.0
 77
     0
 47
0.0008202099737533
 47
0.0
 47
0.0
 47
0.0
 47
0.0
 47
0.0008202099737533
 47
0.0
 47
0.0
 47
0.0
 47
0.0
 47
1.0
 47
0.0
 47
0.0
 47
0.0
 47
0.0
 47
1.0
171
     0
 49
0.0008202099737533
 49
0.0
 49
0.0
 49
0.0
 49
0.0
 49
0.0008202099737533
 49
0.0
 49
0.0
 49
0.0
 49
0.0
 49
1.0
 49
0.0
 49
0.0
 49
0.0
 49
0.0
 49
1.0
175
     0
142
0.0008202099737533
142
0.0
142
0.0
142
0.0
142
0.0
142
0.0008202099737533
142
0.0
142
0.0
142
0.0
142
0.0
142
1.0
142
0.0
142
0.0
142
0.0
142
0.0
142
1.0
179
     0
144
0.0008202099737533
144
0.0
144
0.0
144
0.0
144
0.0
144
0.0008202099737533
144
0.0
144
0.0
144
0.0
144
0.0
144
1.0
144
0.0
144
0.0
144
0.0
144
0.0
144
1.0
147
0.0008202099737533
147
0.0
147
0.0
147
0.0
147
0.0
147
0.0008202099737533
147
0.0
147
0.0
147
0.0
147
0.0
147
1.0
147
0.0
147
0.0
147
0.0
147
0.0
147
1.0
  0
MLEADERSTYLE
  5
D9B
102
{ACAD_REACTORS
330
ABF
102
}
330
ABF
100
AcDbMLeaderStyle
179
     2
170
     2
171
     1
172
     0
 90
        2
 40
0.0
 41
0.0
173
     1
 91
-1056964608
340
AA6
 92
       -2
290
     1
 42
2.0
291
     1
 43
0.36
  3
Standard
 44
4.0
300

342
263
174
     1
178
     6
175
     1
176
     0
 93
-1056964608
 45
4.0
292
     0
297
     0
 46
4.0
 94
-1056964608
 47
1.0
 49
1.0
140
1.0
293
     1
141
0.0
294
     1
177
     0
142
1.0
295
     0
296
     0
143
0.125
271
     0
272
     9
273
     9
298
     1
  0
MLINESTYLE
  5
AC0
102
{ACAD_REACTORS
330
AB9
102
}
330
AB9
100
AcDbMlineStyle
  2
STANDARD
 70
     0
  3

 62
   256
 51
90.0
 52
90.0
 71
     2
 49
0.5
 62
   256
  6
BYLAYER
 49
-0.5
 62
   256
  6
BYLAYER
  0
ACDBPLACEHOLDER
  5
23
102
{ACAD_REACTORS
330
A
102
}
330
A
  0
ACDBPLACEHOLDER
  5
67
102
{ACAD_REACTORS
330
A
102
}
330
A
  0
ACDBPLACEHOLDER
  5
9
102
{ACAD_REACTORS
330
A
102
}
330
A
  0
SCALE
  5
516
102
{ACAD_REACTORS
330
517
102
}
330
517
100
AcDbScale
 70
     0
300
1:1
140
1.0
141
1.0
290
     1
  0
SCALE
  5
AC9
102
{ACAD_REACTORS
330
517
102
}
330
517
100
AcDbScale
 70
     0
300
1:2
140
1.0
141
2.0
290
     0
  0
SCALE
  5
ACA
102
{ACAD_REACTORS
330
517
102
}
330
517
100
AcDbScale
 70
     0
300
1:4
140
1.0
141
4.0
290
     0
  0
SCALE
  5
ACB
102
{ACAD_REACTORS
330
517
102
}
330
517
100
AcDbScale
 70
     0
300
1:5
140
1.0
141
5.0
290
     0
  0
SCALE
  5
ACC
102
{ACAD_REACTORS
330
517
102
}
330
517
100
AcDbScale
 70
     0
300
1:8
140
1.0
141
8.0
290
     0
  0
SCALE
  5
ACD
102
{ACAD_REACTORS
330
517
102
}
330
517
100
AcDbScale
 70
     0
300
1:10
140
1.0
141
10.0
290
     0
  0
SCALE
  5
ACE
102
{ACAD_REACTORS
330
517
102
}
330
517
100
AcDbScale
 70
     0
300
1:16
140
1.0
141
16.0
290
     0
  0
SCALE
  5
ACF
102
{ACAD_REACTORS
330
517
102
}
330
517
100
AcDbScale
 70
     0
300
1:20
140
1.0
141
20.0
290
     0
  0
SCALE
  5
AD0
102
{ACAD_REACTORS
330
517
102
}
330
517
100
AcDbScale
 70
     0
300
1:30
140
1.0
141
30.0
290
     0
  0
SCALE
  5
AD1
102
{ACAD_REACTORS
330
517
102
}
330
517
100
AcDbScale
 70
     0
300
1:40
140
1.0
141
40.0
290
     0
  0
SCALE
  5
AD2
102
{ACAD_REACTORS
330
517
102
}
330
517
100
AcDbScale
 70
     0
300
1:50
140
1.0
141
50.0
290
     0
  0
SCALE
  5
AD3
102
{ACAD_REACTORS
330
517
102
}
330
517
100
AcDbScale
 70
     0
300
1:100
140
1.0
141
100.0
290
     0
  0
SCALE
  5
AD4
102
{ACAD_REACTORS
330
517
102
}
330
517
100
AcDbScale
 70
     0
300
2:1
140
2.0
141
1.0
290
     0
  0
SCALE
  5
AD5
102
{ACAD_REACTORS
330
517
102
}
330
517
100
AcDbScale
 70
     0
300
4:1
140
4.0
141
1.0
290
     0
  0
SCALE
  5
AD6
102
{ACAD_REACTORS
330
517
102
}
330
517
100
AcDbScale
 70
     0
300
8:1
140
8.0
141
1.0
290
     0
  0
SCALE
  5
AD7
102
{ACAD_REACTORS
330
517
102
}
330
517
100
AcDbScale
 70
     0
300
10:1
140
10.0
141
1.0
290
     0
  0
SCALE
  5
AD8
102
{ACAD_REACTORS
330
517
102
}
330
517
100
AcDbScale
 70
     0
300
100:1
140
100.0
141
1.0
290
     0
  0
ACDBSECTIONVIEWSTYLE
  5
D9D
102
{ACAD_XDICTIONARY
360
DBB
102
}
102
{ACAD_REACTORS
330
D9C
102
}
330
D9C
100
AcDbModelDocViewStyle
 70
     0
  3
Metric50
290
     0
100
AcDbSectionViewStyle
 70
     0
 71
     0
 90
      102
 71
     1
340
263
 62
   256
 40
5.0
340
0
340
0
 62
   256
 40
5.0
300
I, O, Q, S, X, Z
 40
10.0
 90
        0
 40
2.5
 90
        0
 71
     2
340
E
 90
       25
 62
   256
340
E
 90
       50
 62
   256
 40
5.0
 40
2.5
 40
5.0
 71
     3
340
263
 62
   256
 40
5.0
 90
        0
 40
15.0
 90
        1
300
%<\AcVar ViewSectionStartId>%-%<\AcVar ViewSectionEndId>% (%<\AcVar ViewScale \f "%sn">%)
 71
     4
 62
   256
 62
   257
300
ANSI31
 40
1.0
 90
        0
290
     0
290
     0
 90
        6
 40
0.0
 40
1.570796326794896
 40
0.2617993877991494
 40
1.308996938995747
 40
-0.2617993877991494
 40
1.832595714594046
  0
TABLESTYLE
  5
AC1
102
{ACAD_XDICTIONARY
360
AC2
102
}
102
{ACAD_REACTORS
330
ABE
102
}
330
ABE
100
AcDbTableStyle
280
     0
  3
Standard
 70
     0
 71
     0
 40
1.5
 41
1.5
280
     0
281
     0
  7
Standard
140
4.5
170
     2
 62
     0
 63
     7
283
     0
 90
      512
 91
        0
  1

274
    -2
284
     1
 64
     0
275
    -2
285
     1
 65
     0
276
    -2
286
     1
 66
     0
277
    -2
287
     1
 67
     0
278
    -2
288
     1
 68
     0
279
    -2
289
     1
 69
     0
  7
Standard
140
6.0
170
     5
 62
     0
 63
     7
283
     0
 90
      512
 91
        0
  1

274
    -2
284
     1
 64
     0
275
    -2
285
     1
 65
     0
276
    -2
286
     1
 66
     0
277
    -2
287
     1
 67
     0
278
    -2
288
     1
 68
     0
279
    -2
289
     1
 69
     0
  7
Standard
140
4.5
170
     5
 62
     0
 63
     7
283
     0
 90
      512
 91
        0
  1

274
    -2
284
     1
 64
     0
275
    -2
285
     1
 65
     0
276
    -2
286
     1
 66
     0
277
    -2
287
     1
 67
     0
278
    -2
288
     1
 68
     0
279
    -2
289
     1
 69
     0
1001
ACAD
1000
AcRTDxfName
1000
TABLESTYLE
  0
VISUALSTYLE
  5
51B
102
{ACAD_REACTORS
330
51C
102
}
330
51C
100
AcDbVisualStyle
  2
2dWireframe
 70
     4
177
     3
291
     0
 70
    58
 90
        0
176
     1
 90
        2
176
     1
 90
        0
176
     1
 90
        0
176
     1
 40
0.6
176
     1
 40
30.0
176
     1
 62
     7
420
 16777215
176
     1
 90
        1
176
     1
 90
        4
176
     1
 62
     7
176
     1
 62
   257
176
     1
 90
        1
176
     1
 90
        1
176
     1
 40
1.0
176
     1
 90
        0
176
     1
 62
   257
176
     1
 40
1.0
176
     1
 90
        1
176
     1
 90
        6
176
     1
 90
        2
176
     1
 62
     7
176
     1
 90
        5
176
     1
 90
        0
176
     1
 90
        0
176
     1
290
     0
176
     1
 90
        1
176
     1
 40
0.0
176
     1
 90
        0
176
     1
290
     1
176
     1
290
     1
176
     1
290
     0
176
     1
290
     0
176
     1
290
     0
176
     1
290
     0
176
     1
290
     0
176
     1
290
     0
176
     1
290
     0
176
     1
 90
       50
176
     1
 40
0.0
176
     1
 40
1.0
176
     1
 90
        0
176
     1
 62
    18
420
        0
176
     1
 90
       50
176
     1
 90
        3
176
     1
 62
     5
420
      255
176
     1
290
     0
176
     1
 90
       50
176
     1
 90
       50
176
     1
 90
       50
176
     1
290
     0
176
     1
 90
       50
176
     1
 62
   256
176
     0
 40
1.0
176
     0
 90
        0
176
     1
  1
strokes_ogs.tif
176
     1
290
     0
176
     1
 40
1.0
176
     1
 40
1.0
176
     1
1001
ACAD
1000
AcDbSavedByObjectVersion
1070
     0
  0
VISUALSTYLE
  5
D8A
102
{ACAD_REACTORS
330
51C
102
}
330
51C
100
AcDbVisualStyle
  2
Basic
 70
     7
177
     3
291
     1
 70
    58
 90
        1
176
     1
 90
        0
176
     1
 90
        1
176
     1
 90
        0
176
     1
 40
0.6
176
     1
 40
30.0
176
     1
 62
     7
420
 16777215
176
     1
 90
        0
176
     1
 90
        4
176
     1
 62
     7
176
     1
 62
   257
176
     1
 90
        1
176
     1
 90
        1
176
     1
 40
1.0
176
     1
 90
        8
176
     1
 62
     7
176
     1
 40
1.0
176
     1
 90
        1
176
     1
 90
        6
176
     1
 90
        2
176
     1
 62
     7
176
     1
 90
        5
176
     1
 90
        0
176
     1
 90
        0
176
     1
290
     0
176
     1
 90
        1
176
     1
 40
0.0
176
     1
 90
        0
176
     1
290
     0
176
     1
290
     1
176
     1
290
     1
176
     1
290
     0
176
     1
290
     0
176
     1
290
     0
176
     1
290
     0
176
     1
290
     0
176
     1
290
     0
176
     1
 90
       50
176
     1
 40
0.0
176
     1
 40
1.0
176
     1
 90
        0
176
     1
 62
    18
420
        0
176
     1
 90
       50
176
     1
 90
        3
176
     1
 62
     5
420
      255
176
     1
290
     0
176
     1
 90
       50
176
     1
 90
       50
176
     1
 90
       50
176
     1
290
     0
176
     1
 90
       50
176
     1
 62
   256
176
     0
 40
1.0
176
     0
 90
        2
176
     1
  1
strokes_ogs.tif
176
     1
290
     0
176
     1
 40
1.0
176
     1
 40
1.0
176
     1
1001
ACAD
1000
AcDbSavedByObjectVersion
1070
     0
  0
VISUALSTYLE
  5
D8E
102
{ACAD_REACTORS
330
51C
102
}
330
51C
100
AcDbVisualStyle
  2
Brighten
 70
    12
177
     3
291
     1
 70
    58
 90
        2
176
     1
 90
        2
176
     1
 90
        0
176
     1
 90
        0
176
     1
 40
0.6
176
     1
 40
30.0
176
     1
 62
     7
420
 16777215
176
     1
 90
        1
176
     1
 90
        4
176
     1
 62
     7
176
     1
 62
   257
176
     1
 90
        1
176
     1
 90
        1
176
     1
 40
1.0
176
     1
 90
        8
176
     1
 62
     7
176
     1
 40
1.0
176
     1
 90
        1
176
     1
 90
        6
176
     1
 90
        2
176
     1
 62
     7
176
     1
 90
        5
176
     1
 90
        0
176
     1
 90
        0
176
     1
290
     0
176
     1
 90
        1
176
     1
 40
50.0
176
     1
 90
        0
176
     1
290
     0
176
     1
290
     1
176
     1
290
     1
176
     1
290
     0
176
     1
290
     0
176
     1
290
     0
176
     1
290
     0
176
     1
290
     0
176
     1
290
     0
176
     1
 90
       50
176
     1
 40
0.0
176
     1
 40
1.0
176
     1
 90
        0
176
     1
 62
    18
420
        0
176
     1
 90
       50
176
     1
 90
        3
176
     1
 62
     5
420
      255
176
     1
290
     0
176
     1
 90
       50
176
     1
 90
       50
176
     1
 90
       50
176
     1
290
     0
176
     1
 90
       50
176
     1
 62
   256
176
     0
 40
1.0
176
     0
 90
        2
176
     1
  1
strokes_ogs.tif
176
     1
290
     0
176
     1
 40
1.0
176
     1
 40
1.0
176
     1
1001
ACAD
1000
AcDbSavedByObjectVersion
1070
     0
  0
VISUALSTYLE
  5
D92
102
{ACAD_REACTORS
330
51C
102
}
330
51C
100
AcDbVisualStyle
  2
ColorChange
 70
    16
177
     3
291
     1
 70
    58
 90
        2
176
     1
 90
        2
176
     1
 90
        3
176
     1
 90
        0
176
     1
 40
0.6
176
     1
 40
30.0
176
     1
 62
     8
420
  8421504
176
     1
 90
        1
176
     1
 90
        4
176
     1
 62
     7
176
     1
 62
   257
176
     1
 90
        1
176
     1
 90
        1
176
     1
 40
1.0
176
     1
 90
        8
176
     1
 62
     8
420
  8421504
176
     1
 40
1.0
176
     1
 90
        1
176
     1
 90
        6
176
     1
 90
        2
176
     1
 62
     7
176
     1
 90
        5
176
     1
 90
        0
176
     1
 90
        0
176
     1
290
     0
176
     1
 90
        1
176
     1
 40
0.0
176
     1
 90
        0
176
     1
290
     0
176
     1
290
     1
176
     1
290
     1
176
     1
290
     0
176
     1
290
     0
176
     1
290
     0
176
     1
290
     0
176
     1
290
     0
176
     1
290
     0
176
     1
 90
       50
176
     1
 40
0.0
176
     1
 40
1.0
176
     1
 90
        0
176
     1
 62
    18
420
        0
176
     1
 90
       50
176
     1
 90
        3
176
     1
 62
     5
420
      255
176
     1
290
     0
176
     1
 90
       50
176
     1
 90
       50
176
     1
 90
       50
176
     1
290
     0
176
     1
 90
       50
176
     1
 62
   256
176
     0
 40
1.0
176
     0
 90
        2
176
     1
  1
strokes_ogs.tif
176
     1
290
     0
176
     1
 40
1.0
176
     1
 40
1.0
176
     1
1001
ACAD
1000
AcDbSavedByObjectVersion
1070
     0
  0
VISUALSTYLE
  5
D8C
102
{ACAD_REACTORS
330
51C
102
}
330
51C
100
AcDbVisualStyle
  2
Conceptual
 70
     9
177
     3
291
     0
 70
    58
 90
        3
176
     1
 90
        2
176
     1
 90
        0
176
     1
 90
        0
176
     1
 40
0.6
176
     1
 40
30.0
176
     1
 62
     7
420
 16777215
176
     1
 90
        2
176
     1
 90
        2
176
     1
 62
     7
176
     1
 62
   257
176
     1
 90
        1
176
     1
 90
        1
176
     1
 40
179.0
176
     1
 90
        8
176
     1
 62
     7
176
     1
 40
1.0
176
     1
 90
        1
176
     1
 90
        6
176
     1
 90
        2
176
     1
 62
     7
176
     1
 90
        3
176
     1
 90
        0
176
     1
 90
        0
176
     1
290
     0
176
     1
 90
        1
176
     1
 40
0.0
176
     1
 90
        0
176
     1
290
     0
176
     1
290
     1
176
     1
290
     1
176
     1
290
     0
176
     1
290
     0
176
     1
290
     0
176
     1
290
     0
176
     1
290
     0
176
     1
290
     0
176
     1
 90
       50
176
     1
 40
0.0
176
     1
 40
1.0
176
     1
 90
        0
176
     1
 62
    18
420
        0
176
     1
 90
       50
176
     1
 90
        3
176
     1
 62
     5
420
      255
176
     1
290
     0
176
     1
 90
       50
176
     1
 90
       50
176
     1
 90
       50
176
     1
290
     0
176
     1
 90
       50
176
     1
 62
   256
176
     0
 40
1.0
176
     0
 90
        2
176
     1
  1
strokes_ogs.tif
176
     1
290
     0
176
     1
 40
1.0
176
     1
 40
1.0
176
     1
1001
ACAD
1000
AcDbSavedByObjectVersion
1070
     0
  0
VISUALSTYLE
  5
D8D
102
{ACAD_REACTORS
330
51C
102
}
330
51C
100
AcDbVisualStyle
  2
Dim
 70
    11
177
     3
291
     1
 70
    58
 90
        2
176
     1
 90
        2
176
     1
 90
        0
176
     1
 90
        0
176
     1
 40
0.6
176
     1
 40
30.0
176
     1
 62
     7
420
 16777215
176
     1
 90
        1
176
     1
 90
        4
176
     1
 62
     7
176
     1
 62
   257
176
     1
 90
        1
176
     1
 90
        1
176
     1
 40
1.0
176
     1
 90
        8
176
     1
 62
     7
176
     1
 40
1.0
176
     1
 90
        1
176
     1
 90
        6
176
     1
 90
        2
176
     1
 62
     7
176
     1
 90
        5
176
     1
 90
        0
176
     1
 90
        0
176
     1
290
     0
176
     1
 90
        1
176
     1
 40
-50.0
176
     1
 90
        0
176
     1
290
     0
176
     1
290
     1
176
     1
290
     1
176
     1
290
     0
176
     1
290
     0
176
     1
290
     0
176
     1
290
     0
176
     1
290
     0
176
     1
290
     0
176
     1
 90
       50
176
     1
 40
0.0
176
     1
 40
1.0
176
     1
 90
        0
176
     1
 62
    18
420
        0
176
     1
 90
       50
176
     1
 90
        3
176
     1
 62
     5
420
      255
176
     1
290
     0
176
     1
 90
       50
176
     1
 90
       50
176
     1
 90
       50
176
     1
290
     0
176
     1
 90
       50
176
     1
 62
   256
176
     0
 40
1.0
176
     0
 90
        2
176
     1
  1
strokes_ogs.tif
176
     1
290
     0
176
     1
 40
1.0
176
     1
 40
1.0
176
     1
1001
ACAD
1000
AcDbSavedByObjectVersion
1070
     0
  0
VISUALSTYLE
  5
D9A
102
{ACAD_REACTORS
330
51C
102
}
330
51C
100
AcDbVisualStyle
  2
EdgeColorOff
 70
    22
177
     3
291
     1
 70
    58
 90
        2
176
     0
 90
        2
176
     0
 90
        0
176
     0
 90
        0
176
     0
 40
0.6
176
     0
 40
30.0
176
     0
 62
     7
420
 16777215
176
     0
 90
        1
176
     0
 90
        4
176
     0
 62
     7
176
     0
 62
   257
176
     0
 90
        1
176
     0
 90
        1
176
     0
 40
1.0
176
     0
 90
        8
176
     2
 62
     7
176
     0
 40
1.0
176
     0
 90
        1
176
     0
 90
        6
176
     0
 90
        2
176
     0
 62
     7
176
     0
 90
        5
176
     0
 90
        0
176
     0
 90
        0
176
     0
290
     0
176
     0
 90
        1
176
     0
 40
0.0
176
     0
 90
        0
176
     0
290
     0
176
     0
290
     1
176
     0
290
     1
176
     0
290
     0
176
     0
290
     0
176
     0
290
     0
176
     0
290
     0
176
     0
290
     0
176
     0
290
     0
176
     0
 90
       50
176
     0
 40
0.0
176
     0
 40
1.0
176
     0
 90
        0
176
     0
 62
    18
420
        0
176
     0
 90
       50
176
     0
 90
        3
176
     0
 62
     5
420
      255
176
     0
290
     0
176
     0
 90
       50
176
     0
 90
       50
176
     0
 90
       50
176
     0
290
     0
176
     0
 90
       50
176
     0
 62
   256
176
     0
 40
1.0
176
     0
 90
        2
176
     0
  1
strokes_ogs.tif
176
     0
290
     0
176
     0
 40
1.0
176
     0
 40
1.0
176
     0
1001
ACAD
1000
AcDbSavedByObjectVersion
1070
     0
  0
VISUALSTYLE
  5
D91
102
{ACAD_REACTORS
330
51C
102
}
330
51C
100
AcDbVisualStyle
  2
Facepattern
 70
    15
177
     3
291
     1
 70
    58
 90
        2
176
     1
 90
        2
176
     1
 90
        0
176
     1
 90
        0
176
     1
 40
0.6
176
     1
 40
30.0
176
     1
 62
     7
420
 16777215
176
     1
 90
        1
176
     1
 90
        4
176
     1
 62
     7
176
     1
 62
   257
176
     1
 90
        1
176
     1
 90
        1
176
     1
 40
1.0
176
     1
 90
        8
176
     1
 62
     7
176
     1
 40
1.0
176
     1
 90
        1
176
     1
 90
        6
176
     1
 90
        2
176
     1
 62
     7
176
     1
 90
        5
176
     1
 90
        0
176
     1
 90
        0
176
     1
290
     0
176
     1
 90
        1
176
     1
 40
0.0
176
     1
 90
        0
176
     1
290
     0
176
     1
290
     1
176
     1
290
     1
176
     1
290
     0
176
     1
290
     0
176
     1
290
     0
176
     1
290
     0
176
     1
290
     0
176
     1
290
     0
176
     1
 90
       50
176
     1
 40
0.0
176
     1
 40
1.0
176
     1
 90
        0
176
     1
 62
    18
420
        0
176
     1
 90
       50
176
     1
 90
        3
176
     1
 62
     5
420
      255
176
     1
290
     0
176
     1
 90
       50
176
     1
 90
       50
176
     1
 90
       50
176
     1
290
     0
176
     1
 90
       50
176
     1
 62
   256
176
     0
 40
1.0
176
     0
 90
        2
176
     1
  1
strokes_ogs.tif
176
     1
290
     0
176
     1
 40
1.0
176
     1
 40
1.0
176
     1
1001
ACAD
1000
AcDbSavedByObjectVersion
1070
     0
  0
VISUALSTYLE
  5
D86
102
{ACAD_REACTORS
330
51C
102
}
330
51C
100
AcDbVisualStyle
  2
Flat
 70
     0
177
     3
291
     1
 70
    58
 90
        2
176
     1
 90
        1
176
     1
 90
        1
176
     1
 90
        2
176
     1
 40
0.6
176
     1
 40
30.0
176
     1
 62
     7
420
 16777215
176
     1
 90
        0
176
     1
 90
        0
176
     1
 62
     7
176
     1
 62
   257
176
     1
 90
        1
176
     1
 90
        1
176
     1
 40
1.0
176
     1
 90
        8
176
     1
 62
     7
176
     1
 40
1.0
176
     1
 90
        1
176
     1
 90
        6
176
     1
 90
        2
176
     1
 62
     7
176
     1
 90
        5
176
     1
 90
        0
176
     1
 90
        0
176
     1
290
     0
176
     1
 90
       13
176
     1
 40
0.0
176
     1
 90
        0
176
     1
290
     0
176
     1
290
     1
176
     1
290
     1
176
     1
290
     0
176
     1
290
     0
176
     1
290
     0
176
     1
290
     0
176
     1
290
     0
176
     1
290
     0
176
     1
 90
       50
176
     1
 40
0.0
176
     1
 40
1.0
176
     1
 90
        0
176
     1
 62
    18
420
        0
176
     1
 90
       50
176
     1
 90
        3
176
     1
 62
     5
420
      255
176
     1
290
     0
176
     1
 90
       50
176
     1
 90
       50
176
     1
 90
       50
176
     1
290
     0
176
     1
 90
       50
176
     1
 62
   256
176
     0
 40
1.0
176
     0
 90
        2
176
     1
  1
strokes_ogs.tif
176
     1
290
     0
176
     1
 40
1.0
176
     1
 40
1.0
176
     1
1001
ACAD
1000
AcDbSavedByObjectVersion
1070
     0
  0
VISUALSTYLE
  5
D87
102
{ACAD_REACTORS
330
51C
102
}
330
51C
100
AcDbVisualStyle
  2
FlatWithEdges
 70
     1
177
     3
291
     1
 70
    58
 90
        2
176
     1
 90
        1
176
     1
 90
        1
176
     1
 90
        2
176
     1
 40
0.6
176
     1
 40
30.0
176
     1
 62
     7
420
 16777215
176
     1
 90
        1
176
     1
 90
        0
176
     1
 62
     7
176
     1
 62
   257
176
     1
 90
        1
176
     1
 90
        1
176
     1
 40
1.0
176
     1
 90
        0
176
     1
 62
   257
176
     1
 40
1.0
176
     1
 90
        1
176
     1
 90
        6
176
     1
 90
        2
176
     1
 62
     7
176
     1
 90
        5
176
     1
 90
        0
176
     1
 90
        0
176
     1
290
     0
176
     1
 90
       13
176
     1
 40
0.0
176
     1
 90
        0
176
     1
290
     0
176
     1
290
     1
176
     1
290
     1
176
     1
290
     0
176
     1
290
     0
176
     1
290
     0
176
     1
290
     0
176
     1
290
     0
176
     1
290
     0
176
     1
 90
       50
176
     1
 40
0.0
176
     1
 40
1.0
176
     1
 90
        0
176
     1
 62
    18
420
        0
176
     1
 90
       50
176
     1
 90
        3
176
     1
 62
     5
420
      255
176
     1
290
     0
176
     1
 90
       50
176
     1
 90
       50
176
     1
 90
       50
176
     1
290
     0
176
     1
 90
       50
176
     1
 62
   256
176
     0
 40
1.0
176
     0
 90
        2
176
     1
  1
strokes_ogs.tif
176
     1
290
     0
176
     1
 40
1.0
176
     1
 40
1.0
176
     1
1001
ACAD
1000
AcDbSavedByObjectVersion
1070
     0
  0
VISUALSTYLE
  5
D88
102
{ACAD_REACTORS
330
51C
102
}
330
51C
100
AcDbVisualStyle
  2
Gouraud
 70
     2
177
     3
291
     1
 70
    58
 90
        2
176
     1
 90
        2
176
     1
 90
        1
176
     1
 90
        2
176
     1
 40
0.6
176
     1
 40
30.0
176
     1
 62
     7
420
 16777215
176
     1
 90
        0
176
     1
 90
        0
176
     1
 62
     7
176
     1
 62
   257
176
     1
 90
        1
176
     1
 90
        1
176
     1
 40
1.0
176
     1
 90
        0
176
     1
 62
     7
176
     1
 40
1.0
176
     1
 90
        1
176
     1
 90
        6
176
     1
 90
        2
176
     1
 62
     7
176
     1
 90
        5
176
     1
 90
        0
176
     1
 90
        0
176
     1
290
     0
176
     1
 90
       13
176
     1
 40
0.0
176
     1
 90
        0
176
     1
290
     0
176
     1
290
     1
176
     1
290
     1
176
     1
290
     0
176
     1
290
     0
176
     1
290
     0
176
     1
290
     0
176
     1
290
     0
176
     1
290
     0
176
     1
 90
       50
176
     1
 40
0.0
176
     1
 40
1.0
176
     1
 90
        0
176
     1
 62
    18
420
        0
176
     1
 90
       50
176
     1
 90
        3
176
     1
 62
     5
420
      255
176
     1
290
     0
176
     1
 90
       50
176
     1
 90
       50
176
     1
 90
       50
176
     1
290
     0
176
     1
 90
       50
176
     1
 62
   256
176
     0
 40
1.0
176
     0
 90
        2
176
     1
  1
strokes_ogs.tif
176
     1
290
     0
176
     1
 40
1.0
176
     1
 40
1.0
176
     1
1001
ACAD
1000
AcDbSavedByObjectVersion
1070
     0
  0
VISUALSTYLE
  5
D89
102
{ACAD_REACTORS
330
51C
102
}
330
51C
100
AcDbVisualStyle
  2
GouraudWithEdges
 70
     3
177
     3
291
     1
 70
    58
 90
        2
176
     1
 90
        2
176
     1
 90
        1
176
     1
 90
        2
176
     1
 40
0.6
176
     1
 40
30.0
176
     1
 62
     7
420
 16777215
176
     1
 90
        1
176
     1
 90
        0
176
     1
 62
     7
176
     1
 62
   257
176
     1
 90
        1
176
     1
 90
        1
176
     1
 40
1.0
176
     1
 90
        0
176
     1
 62
   257
176
     1
 40
1.0
176
     1
 90
        1
176
     1
 90
        6
176
     1
 90
        2
176
     1
 62
     7
176
     1
 90
        5
176
     1
 90
        0
176
     1
 90
        0
176
     1
290
     0
176
     1
 90
       13
176
     1
 40
0.0
176
     1
 90
        0
176
     1
290
     0
176
     1
290
     1
176
     1
290
     1
176
     1
290
     0
176
     1
290
     0
176
     1
290
     0
176
     1
290
     0
176
     1
290
     0
176
     1
290
     0
176
     1
 90
       50
176
     1
 40
0.0
176
     1
 40
1.0
176
     1
 90
        0
176
     1
 62
    18
420
        0
176
     1
 90
       50
176
     1
 90
        3
176
     1
 62
     5
420
      255
176
     1
290
     0
176
     1
 90
       50
176
     1
 90
       50
176
     1
 90
       50
176
     1
290
     0
176
     1
 90
       50
176
     1
 62
   256
176
     0
 40
1.0
176
     0
 90
        2
176
     1
  1
strokes_ogs.tif
176
     1
290
     0
176
     1
 40
1.0
176
     1
 40
1.0
176
     1
1001
ACAD
1000
AcDbSavedByObjectVersion
1070
     0
  0
VISUALSTYLE
  5
D8B
102
{ACAD_REACTORS
330
51C
102
}
330
51C
100
AcDbVisualStyle
  2
Hidden
 70
     6
177
     3
291
     0
 70
    58
 90
        1
176
     1
 90
        2
176
     1
 90
        2
176
     1
 90
        0
176
     1
 40
0.6
176
     1
 40
30.0
176
     1
 62
     7
420
 16777215
176
     1
 90
        2
176
     1
 90
        2
176
     1
 62
     7
176
     1
 62
   257
176
     1
 90
        2
176
     1
 90
        1
176
     1
 40
40.0
176
     1
 90
        0
176
     1
 62
   257
176
     1
 40
1.0
176
     1
 90
        1
176
     1
 90
        6
176
     1
 90
        2
176
     1
 62
     7
176
     1
 90
        3
176
     1
 90
        0
176
     1
 90
        0
176
     1
290
     0
176
     1
 90
        1
176
     1
 40
0.0
176
     1
 90
        0
176
     1
290
     0
176
     1
290
     1
176
     1
290
     1
176
     1
290
     0
176
     1
290
     0
176
     1
290
     0
176
     1
290
     0
176
     1
290
     0
176
     1
290
     0
176
     1
 90
       50
176
     1
 40
0.0
176
     1
 40
1.0
176
     1
 90
        0
176
     1
 62
    18
420
        0
176
     1
 90
       50
176
     1
 90
        3
176
     1
 62
     5
420
      255
176
     1
290
     0
176
     1
 90
       50
176
     1
 90
       50
176
     1
 90
       50
176
     1
290
     0
176
     1
 90
       50
176
     1
 62
   256
176
     0
 40
1.0
176
     0
 90
        2
176
     1
  1
strokes_ogs.tif
176
     1
290
     0
176
     1
 40
1.0
176
     1
 40
1.0
176
     1
1001
ACAD
1000
AcDbSavedByObjectVersion
1070
     0
  0
VISUALSTYLE
  5
D98
102
{ACAD_REACTORS
330
51C
102
}
330
51C
100
AcDbVisualStyle
  2
JitterOff
 70
    20
177
     3
291
     1
 70
    58
 90
        2
176
     0
 90
        2
176
     0
 90
        0
176
     0
 90
        0
176
     0
 40
0.6
176
     0
 40
30.0
176
     0
 62
     7
420
 16777215
176
     0
 90
        1
176
     0
 90
        4
176
     0
 62
     7
176
     0
 62
   257
176
     0
 90
        1
176
     0
 90
        1
176
     0
 40
1.0
176
     0
 90
       10
176
     2
 62
     7
176
     0
 40
1.0
176
     0
 90
        1
176
     0
 90
        6
176
     0
 90
        2
176
     0
 62
     7
176
     0
 90
        5
176
     0
 90
        0
176
     0
 90
        0
176
     0
290
     0
176
     0
 90
        1
176
     0
 40
0.0
176
     0
 90
        0
176
     0
290
     0
176
     0
290
     1
176
     0
290
     1
176
     0
290
     0
176
     0
290
     0
176
     0
290
     0
176
     0
290
     0
176
     0
290
     0
176
     0
290
     0
176
     0
 90
       50
176
     0
 40
0.0
176
     0
 40
1.0
176
     0
 90
        0
176
     0
 62
    18
420
        0
176
     0
 90
       50
176
     0
 90
        3
176
     0
 62
     5
420
      255
176
     0
290
     0
176
     0
 90
       50
176
     0
 90
       50
176
     0
 90
       50
176
     0
290
     0
176
     0
 90
       50
176
     0
 62
   256
176
     0
 40
1.0
176
     0
 90
        2
176
     0
  1
strokes_ogs.tif
176
     0
290
     0
176
     0
 40
1.0
176
     0
 40
1.0
176
     0
1001
ACAD
1000
AcDbSavedByObjectVersion
1070
     0
  0
VISUALSTYLE
  5
D90
102
{ACAD_REACTORS
330
51C
102
}
330
51C
100
AcDbVisualStyle
  2
Linepattern
 70
    14
177
     3
291
     1
 70
    58
 90
        2
176
     1
 90
        2
176
     1
 90
        0
176
     1
 90
        0
176
     1
 40
0.6
176
     1
 40
30.0
176
     1
 62
     7
420
 16777215
176
     1
 90
        1
176
     1
 90
        4
176
     1
 62
     7
176
     1
 62
   257
176
     1
 90
        7
176
     1
 90
        7
176
     1
 40
1.0
176
     1
 90
        8
176
     1
 62
     7
176
     1
 40
1.0
176
     1
 90
        1
176
     1
 90
        6
176
     1
 90
        2
176
     1
 62
     7
176
     1
 90
        5
176
     1
 90
        0
176
     1
 90
        0
176
     1
290
     0
176
     1
 90
        1
176
     1
 40
0.0
176
     1
 90
        0
176
     1
290
     0
176
     1
290
     1
176
     1
290
     1
176
     1
290
     0
176
     1
290
     0
176
     1
290
     0
176
     1
290
     0
176
     1
290
     0
176
     1
290
     0
176
     1
 90
       50
176
     1
 40
0.0
176
     1
 40
1.0
176
     1
 90
        0
176
     1
 62
    18
420
        0
176
     1
 90
       50
176
     1
 90
        3
176
     1
 62
     5
420
      255
176
     1
290
     0
176
     1
 90
       50
176
     1
 90
       50
176
     1
 90
       50
176
     1
290
     0
176
     1
 90
       50
176
     1
 62
   256
176
     0
 40
1.0
176
     0
 90
        2
176
     1
  1
strokes_ogs.tif
176
     1
290
     0
176
     1
 40
1.0
176
     1
 40
1.0
176
     1
1001
ACAD
1000
AcDbSavedByObjectVersion
1070
     0
  0
VISUALSTYLE
  5
D99
102
{ACAD_REACTORS
330
51C
102
}
330
51C
100
AcDbVisualStyle
  2
OverhangOff
 70
    21
177
     3
291
     1
 70
    58
 90
        2
176
     0
 90
        2
176
     0
 90
        0
176
     0
 90
        0
176
     0
 40
0.6
176
     0
 40
30.0
176
     0
 62
     7
420
 16777215
176
     0
 90
        1
176
     0
 90
        4
176
     0
 62
     7
176
     0
 62
   257
176
     0
 90
        1
176
     0
 90
        1
176
     0
 40
1.0
176
     0
 90
        9
176
     2
 62
     7
176
     0
 40
1.0
176
     0
 90
        1
176
     0
 90
        6
176
     0
 90
        2
176
     0
 62
     7
176
     0
 90
        5
176
     0
 90
        0
176
     0
 90
        0
176
     0
290
     0
176
     0
 90
        1
176
     0
 40
0.0
176
     0
 90
        0
176
     0
290
     0
176
     0
290
     1
176
     0
290
     1
176
     0
290
     0
176
     0
290
     0
176
     0
290
     0
176
     0
290
     0
176
     0
290
     0
176
     0
290
     0
176
     0
 90
       50
176
     0
 40
0.0
176
     0
 40
1.0
176
     0
 90
        0
176
     0
 62
    18
420
        0
176
     0
 90
       50
176
     0
 90
        3
176
     0
 62
     5
420
      255
176
     0
290
     0
176
     0
 90
       50
176
     0
 90
       50
176
     0
 90
       50
176
     0
290
     0
176
     0
 90
       50
176
     0
 62
   256
176
     0
 40
1.0
176
     0
 90
        2
176
     0
  1
strokes_ogs.tif
176
     0
290
     0
176
     0
 40
1.0
176
     0
 40
1.0
176
     0
1001
ACAD
1000
AcDbSavedByObjectVersion
1070
     0
  0
VISUALSTYLE
  5
AC3
102
{ACAD_REACTORS
330
51C
102
}
330
51C
100
AcDbVisualStyle
  2
Realistic
 70
     8
177
     3
291
     0
 70
    58
 90
        2
176
     1
 90
        2
176
     1
 90
        0
176
     1
 90
        2
176
     1
 40
0.6
176
     1
 40
30.0
176
     1
 62
     7
420
 16777215
176
     1
 90
        0
176
     1
 90
        0
176
     1
 62
     7
176
     1
 62
   257
176
     1
 90
        1
176
     1
 90
        1
176
     1
 40
1.0
176
     1
 90
        8
176
     1
 62
   257
176
     1
 40
1.0
176
     1
 90
        1
176
     1
 90
        6
176
     1
 90
        2
176
     1
 62
     7
176
     1
 90
        3
176
     1
 90
        0
176
     1
 90
        0
176
     1
290
     0
176
     1
 90
       13
176
     1
 40
0.0
176
     1
 90
        0
176
     1
290
     0
176
     1
290
     1
176
     1
290
     1
176
     1
290
     0
176
     1
290
     0
176
     1
290
     0
176
     1
290
     0
176
     1
290
     0
176
     1
290
     0
176
     1
 90
       50
176
     1
 40
0.0
176
     1
 40
1.0
176
     1
 90
        0
176
     1
 62
    18
420
        0
176
     1
 90
       50
176
     1
 90
        3
176
     1
 62
     5
420
      255
176
     1
290
     0
176
     1
 90
       50
176
     1
 90
       50
176
     1
 90
       50
176
     1
290
     0
176
     1
 90
       50
176
     1
 62
   256
176
     0
 40
1.0
176
     0
 90
        0
176
     1
  1
strokes_ogs.tif
176
     1
290
     0
176
     1
 40
1.0
176
     1
 40
1.0
176
     1
1001
ACAD
1000
AcDbSavedByObjectVersion
1070
     0
  0
VISUALSTYLE
  5
D97
102
{ACAD_REACTORS
330
51C
102
}
330
51C
100
AcDbVisualStyle
  2
Shaded
 70
    27
177
     3
291
     0
 70
    58
 90
        2
176
     1
 90
        2
176
     1
 90
        1
176
     1
 90
        2
176
     1
 40
0.6
176
     1
 40
30.0
176
     1
 62
     7
420
 16777215
176
     1
 90
        0
176
     1
 90
        4
176
     1
 62
     7
176
     1
 62
   257
176
     1
 90
        1
176
     1
 90
        1
176
     1
 40
1.0
176
     1
 90
        8
176
     1
 62
   257
176
     1
 40
1.0
176
     1
 90
        1
176
     1
 90
        6
176
     1
 90
        2
176
     1
 62
     8
420
  7895160
176
     1
 90
        3
176
     1
 90
        0
176
     1
 90
        0
176
     1
290
     0
176
     1
 90
        5
176
     1
 40
0.0
176
     1
 90
        0
176
     1
290
     0
176
     1
290
     1
176
     1
290
     1
176
     1
290
     0
176
     1
290
     0
176
     1
290
     0
176
     1
290
     0
176
     1
290
     0
176
     1
290
     0
176
     1
 90
       50
176
     1
 40
0.0
176
     1
 40
1.0
176
     1
 90
        0
176
     1
 62
    18
420
        0
176
     1
 90
       50
176
     1
 90
        3
176
     1
 62
     5
420
      255
176
     1
290
     0
176
     1
 90
       50
176
     1
 90
       50
176
     1
 90
       50
176
     1
290
     0
176
     1
 90
       50
176
     1
 62
   256
176
     0
 40
1.0
176
     0
 90
        2
176
     1
  1
strokes_ogs.tif
176
     1
290
     0
176
     1
 40
1.0
176
     1
 40
1.0
176
     1
1001
ACAD
1000
AcDbSavedByObjectVersion
1070
     0
  0
VISUALSTYLE
  5
D96
102
{ACAD_REACTORS
330
51C
102
}
330
51C
100
AcDbVisualStyle
  2
Shaded with edges
 70
    26
177
     3
291
     0
 70
    58
 90
        2
176
     1
 90
        2
176
     1
 90
        1
176
     1
 90
        2
176
     1
 40
0.6
176
     1
 40
30.0
176
     1
 62
     7
420
 16777215
176
     1
 90
        1
176
     1
 90
        2
176
     1
 62
     7
176
     1
 62
   257
176
     1
 90
        2
176
     1
 90
        1
176
     1
 40
1.0
176
     1
 90
        8
176
     1
 62
   257
176
     1
 40
1.0
176
     1
 90
        1
176
     1
 90
        6
176
     1
 90
        2
176
     1
 62
     7
176
     1
 90
        3
176
     1
 90
        0
176
     1
 90
        0
176
     1
290
     0
176
     1
 90
        5
176
     1
 40
0.0
176
     1
 90
        0
176
     1
290
     0
176
     1
290
     1
176
     1
290
     1
176
     1
290
     0
176
     1
290
     0
176
     1
290
     0
176
     1
290
     0
176
     1
290
     0
176
     1
290
     0
176
     1
 90
       50
176
     1
 40
0.0
176
     1
 40
1.0
176
     1
 90
        0
176
     1
 62
    18
420
        0
176
     1
 90
       50
176
     1
 90
        3
176
     1
 62
     5
420
      255
176
     1
290
     0
176
     1
 90
       50
176
     1
 90
       50
176
     1
 90
       50
176
     1
290
     0
176
     1
 90
       50
176
     1
 62
   256
176
     0
 40
1.0
176
     0
 90
        2
176
     1
  1
strokes_ogs.tif
176
     1
290
     0
176
     1
 40
1.0
176
     1
 40
1.0
176
     1
1001
ACAD
1000
AcDbSavedByObjectVersion
1070
     0
  0
VISUALSTYLE
  5
D93
102
{ACAD_REACTORS
330
51C
102
}
330
51C
100
AcDbVisualStyle
  2
Shades of Gray
 70
    23
177
     3
291
     0
 70
    58
 90
        2
176
     1
 90
        2
176
     1
 90
        3
176
     1
 90
        0
176
     1
 40
0.6
176
     1
 40
30.0
176
     1
 62
     7
420
 16777215
176
     1
 90
        2
176
     1
 90
        2
176
     1
 62
     7
176
     1
 62
     7
176
     1
 90
        1
176
     1
 90
        1
176
     1
 40
40.0
176
     1
 90
        8
176
     1
 62
     7
176
     1
 40
1.0
176
     1
 90
        1
176
     1
 90
        6
176
     1
 90
        2
176
     1
 62
     7
176
     1
 90
        3
176
     1
 90
        0
176
     1
 90
        0
176
     1
290
     0
176
     1
 90
        1
176
     1
 40
0.0
176
     1
 90
        0
176
     1
290
     0
176
     1
290
     1
176
     1
290
     1
176
     1
290
     0
176
     1
290
     0
176
     1
290
     0
176
     1
290
     0
176
     1
290
     0
176
     1
290
     0
176
     1
 90
       50
176
     1
 40
0.0
176
     1
 40
1.0
176
     1
 90
        0
176
     1
 62
    18
420
        0
176
     1
 90
       50
176
     1
 90
        3
176
     1
 62
     5
420
      255
176
     1
290
     0
176
     1
 90
       50
176
     1
 90
       50
176
     1
 90
       50
176
     1
290
     0
176
     1
 90
       50
176
     1
 62
   256
176
     0
 40
1.0
176
     0
 90
        2
176
     1
  1
strokes_ogs.tif
176
     1
290
     0
176
     1
 40
1.0
176
     1
 40
1.0
176
     1
1001
ACAD
1000
AcDbSavedByObjectVersion
1070
     0
  0
VISUALSTYLE
  5
D94
102
{ACAD_REACTORS
330
51C
102
}
330
51C
100
AcDbVisualStyle
  2
Sketchy
 70
    24
177
     3
291
     0
 70
    58
 90
        1
176
     1
 90
        2
176
     1
 90
        2
176
     1
 90
        0
176
     1
 40
0.6
176
     1
 40
30.0
176
     1
 62
     7
420
 16777215
176
     1
 90
        2
176
     1
 90
        2
176
     1
 62
     7
176
     1
 62
     7
176
     1
 90
        1
176
     1
 90
        1
176
     1
 40
40.0
176
     1
 90
       11
176
     1
 62
     7
176
     1
 40
1.0
176
     1
 90
        1
176
     1
 90
        6
176
     1
 90
        2
176
     1
 62
     7
176
     1
 90
        6
176
     1
 90
        0
176
     1
 90
        0
176
     1
290
     0
176
     1
 90
        1
176
     1
 40
0.0
176
     1
 90
        0
176
     1
290
     0
176
     1
290
     1
176
     1
290
     1
176
     1
290
     0
176
     1
290
     0
176
     1
290
     0
176
     1
290
     0
176
     1
290
     0
176
     1
290
     0
176
     1
 90
       50
176
     1
 40
0.0
176
     1
 40
1.0
176
     1
 90
        0
176
     1
 62
    18
420
        0
176
     1
 90
       50
176
     1
 90
        3
176
     1
 62
     5
420
      255
176
     1
290
     0
176
     1
 90
       50
176
     1
 90
       50
176
     1
 90
       50
176
     1
290
     0
176
     1
 90
       50
176
     1
 62
   256
176
     0
 40
1.0
176
     0
 90
        2
176
     1
  1
strokes_ogs.tif
176
     1
290
     0
176
     1
 40
1.0
176
     1
 40
1.0
176
     1
1001
ACAD
1000
AcDbSavedByObjectVersion
1070
     0
  0
VISUALSTYLE
  5
D8F
102
{ACAD_REACTORS
330
51C
102
}
330
51C
100
AcDbVisualStyle
  2
Thicken
 70
    13
177
     3
291
     1
 70
    58
 90
        2
176
     1
 90
        2
176
     1
 90
        0
176
     1
 90
        0
176
     1
 40
0.6
176
     1
 40
30.0
176
     1
 62
     7
420
 16777215
176
     1
 90
        1
176
     1
 90
        4
176
     1
 62
     7
176
     1
 62
   257
176
     1
 90
        1
176
     1
 90
        1
176
     1
 40
1.0
176
     1
 90
       12
176
     1
 62
     7
176
     1
 40
1.0
176
     1
 90
        1
176
     1
 90
        6
176
     1
 90
        2
176
     1
 62
     7
176
     1
 90
        5
176
     1
 90
        0
176
     1
 90
        0
176
     1
290
     0
176
     1
 90
        1
176
     1
 40
0.0
176
     1
 90
        0
176
     1
290
     0
176
     1
290
     1
176
     1
290
     1
176
     1
290
     0
176
     1
290
     0
176
     1
290
     0
176
     1
290
     0
176
     1
290
     0
176
     1
290
     0
176
     1
 90
       50
176
     1
 40
0.0
176
     1
 40
1.0
176
     1
 90
        0
176
     1
 62
    18
420
        0
176
     1
 90
       50
176
     1
 90
        3
176
     1
 62
     5
420
      255
176
     1
290
     0
176
     1
 90
       50
176
     1
 90
       50
176
     1
 90
       50
176
     1
290
     0
176
     1
 90
       50
176
     1
 62
   256
176
     0
 40
1.0
176
     0
 90
        2
176
     1
  1
strokes_ogs.tif
176
     1
290
     0
176
     1
 40
1.0
176
     1
 40
1.0
176
     1
1001
ACAD
1000
AcDbSavedByObjectVersion
1070
     0
  0
VISUALSTYLE
  5
AC6
102
{ACAD_REACTORS
330
51C
102
}
330
51C
100
AcDbVisualStyle
  2
Wireframe
 70
     5
177
     3
291
     0
 70
    58
 90
        0
176
     1
 90
        2
176
     1
 90
        0
176
     1
 90
        0
176
     1
 40
0.6
176
     1
 40
30.0
176
     1
 62
     7
420
 16777215
176
     1
 90
        1
176
     1
 90
        4
176
     1
 62
     7
176
     1
 62
   257
176
     1
 90
        1
176
     1
 90
        1
176
     1
 40
1.0
176
     1
 90
        0
176
     1
 62
   257
176
     1
 40
1.0
176
     1
 90
        1
176
     1
 90
        6
176
     1
 90
        2
176
     1
 62
     7
176
     1
 90
        3
176
     1
 90
        0
176
     1
 90
        0
176
     1
290
     0
176
     1
 90
        1
176
     1
 40
0.0
176
     1
 90
        0
176
     1
290
     0
176
     1
290
     1
176
     1
290
     1
176
     1
290
     0
176
     1
290
     0
176
     1
290
     0
176
     1
290
     0
176
     1
290
     0
176
     1
290
     0
176
     1
 90
       50
176
     1
 40
0.0
176
     1
 40
1.0
176
     1
 90
        0
176
     1
 62
    18
420
        0
176
     1
 90
       50
176
     1
 90
        3
176
     1
 62
     5
420
      255
176
     1
290
     0
176
     1
 90
       50
176
     1
 90
       50
176
     1
 90
       50
176
     1
290
     0
176
     1
 90
       50
176
     1
 62
   256
176
     0
 40
1.0
176
     0
 90
        0
176
     1
  1
strokes_ogs.tif
176
     1
290
     0
176
     1
 40
1.0
176
     1
 40
1.0
176
     1
1001
ACAD
1000
AcDbSavedByObjectVersion
1070
     0
  0
VISUALSTYLE
  5
D95
102
{ACAD_REACTORS
330
51C
102
}
330
51C
100
AcDbVisualStyle
  2
X-Ray
 70
    25
177
     3
291
     0
 70
    58
 90
        2
176
     1
 90
        2
176
     1
 90
        1
176
     1
 90
        1
176
     1
 40
0.5
176
     1
 40
30.0
176
     1
 62
     7
420
 16777215
176
     1
 90
        1
176
     1
 90
        0
176
     1
 62
     7
176
     1
 62
   257
176
     1
 90
        1
176
     1
 90
        1
176
     1
 40
1.0
176
     1
 90
        8
176
     1
 62
     7
176
     1
 40
1.0
176
     1
 90
        1
176
     1
 90
        6
176
     1
 90
        2
176
     1
 62
     7
176
     1
 90
        3
176
     1
 90
        0
176
     1
 90
        0
176
     1
290
     0
176
     1
 90
       13
176
     1
 40
0.0
176
     1
 90
        0
176
     1
290
     0
176
     1
290
     1
176
     1
290
     1
176
     1
290
     0
176
     1
290
     0
176
     1
290
     0
176
     1
290
     0
176
     1
290
     0
176
     1
290
     0
176
     1
 90
       50
176
     1
 40
0.0
176
     1
 40
1.0
176
     1
 90
        0
176
     1
 62
    18
420
        0
176
     1
 90
       50
176
     1
 90
        3
176
     1
 62
     5
420
      255
176
     1
290
     0
176
     1
 90
       50
176
     1
 90
       50
176
     1
 90
       50
176
     1
290
     0
176
     1
 90
       50
176
     1
 62
   256
176
     0
 40
1.0
176
     0
 90
        2
176
     1
  1
strokes_ogs.tif
176
     1
290
     0
176
     1
 40
1.0
176
     1
 40
1.0
176
     1
1001
ACAD
1000
AcDbSavedByObjectVersion
1070
     0
  0
DICTIONARYVAR
  5
D83
102
{ACAD_REACTORS
330
D7F
102
}
330
D7F
100
DictionaryVariables
280
     0
  1
1:1
  0
DICTIONARYVAR
  5
D81
102
{ACAD_REACTORS
330
D7F
102
}
330
D7F
100
DictionaryVariables
280
     0
  1
STANDARD
  0
DICTIONARYVAR
  5
D80
102
{ACAD_REACTORS
330
D7F
102
}
330
D7F
100
DictionaryVariables
280
     0
  1
STANDARD
  0
DICTIONARYVAR
  5
DB4
102
{ACAD_REACTORS
330
D7F
102
}
330
D7F
100
DictionaryVariables
280
     0
  1
Metric50
  0
DICTIONARYVAR
  5
DB5
102
{ACAD_REACTORS
330
D7F
102
}
330
D7F
100
DictionaryVariables
280
     0
  1
Metric50
  0
DICTIONARYVAR
  5
DB7
102
{ACAD_REACTORS
330
D7F
102
}
330
D7F
100
DictionaryVariables
280
     0
  1
1
  0
DICTIONARYVAR
  5
DB8
102
{ACAD_REACTORS
330
D7F
102
}
330
D7F
100
DictionaryVariables
280
     0
  1
15
  0
DICTIONARYVAR
  5
DB6
102
{ACAD_REACTORS
330
D7F
102
}
330
D7F
100
DictionaryVariables
280
     0
  1
0
  0
DICTIONARYVAR
  5
D82
102
{ACAD_REACTORS
330
D7F
102
}
330
D7F
100
DictionaryVariables
280
     0
  1
1
  0
BLOCKBASEPOINTPARAMETER
  5
52
330
51
100
AcDbEvalExpr
 90
        1
 98
       33
 99
      248
100
AcDbBlockElement
300
基点
 98
       33
 99
      248
1071
        0
100
AcDbBlockParameter
280
     1
281
     0
100
AcDbBlock1PtParameter
1010
1.83013875875622
1020
-0.0000015548430383
1030
0.0
 93
        0
170
     0
171
     0
100
AcDbBlockBasepointParameter
1011
0.0
1021
0.0
1031
0.0
1012
0.0
1022
0.0
1032
0.0
  0
ACDB_BLOCKREPRESENTATION_DATA
  5
4E
102
{ACAD_REACTORS
330
4D
102
}
330
4D
100
AcDbBlockRepresentationData
 70
     1
340
4F
  0
DICTIONARY
  5
62
102
{ACAD_REACTORS
330
4D
102
}
330
4D
100
AcDbDictionary
280
     1
281
     1
  3
ACAD_ENHANCEDBLOCKDATA
360
63
  0
DICTIONARY
  5
DBD
330
D9F
100
AcDbDictionary
280
     1
281
     1
  3
ACAD_XREC_ROUNDTRIP
360
DBE
  0
DICTIONARY
  5
50C
330
50A
100
AcDbDictionary
280
     1
281
     1
  0
DICTIONARY
  5
A9E
330
A9D
100
AcDbDictionary
280
     1
281
     1
  0
DICTIONARY
  5
DBB
330
D9D
100
AcDbDictionary
280
     1
281
     1
  3
ACAD_XREC_ROUNDTRIP
360
DBC
  0
DICTIONARY
  5
AC2
330
AC1
100
AcDbDictionary
280
     1
281
     1
  3
ACAD_ROUNDTRIP_2008_TABLESTYLE_CELLSTYLEMAP
360
DB9
  0
DICTIONARY
  5
63
102
{ACAD_REACTORS
330
62
102
}
330
62
100
AcDbDictionary
280
     1
281
     1
  3
1
360
64
  0
XRECORD
  5
DBE
102
{ACAD_REACTORS
330
DBD
102
}
330
DBD
100
AcDbXrecord
280
     1
102
DISPLAYNAME
  1
Metric50
102
FLAGS
 90
        0
  0
XRECORD
  5
DBC
102
{ACAD_REACTORS
330
DBB
102
}
330
DBB
100
AcDbXrecord
280
     1
102
DISPLAYNAME
  1
Metric50
102
FLAGS
 90
        0
  0
CELLSTYLEMAP
  5
DB9
102
{ACAD_REACTORS
330
AC2
102
}
330
AC2
100
AcDbCellStyleMap
 90
        3
300
CELLSTYLE
  1
TABLEFORMAT_BEGIN
 90
        5
170
     1
 91
        0
 92
    32768
 62
   257
 93
        1
300
CONTENTFORMAT
  1
CONTENTFORMAT_BEGIN
 90
        0
 91
        0
 92
      512
 93
        0
300

 40
0.0
140
1.0
 94
        5
 62
     0
340
263
144
6.0
309
CONTENTFORMAT_END
171
     1
301
MARGIN
  1
CELLMARGIN_BEGIN
 40
1.5
 40
1.5
 40
0.06
 40
0.06
 40
0.18
 40
0.18
309
CELLMARGIN_END
 94
        6
 95
        1
302
GRIDFORMAT
  1
GRIDFORMAT_BEGIN
 90
        0
 91
        1
 62
     0
 92
       -2
340
0
 93
        0
 40
0.045
309
GRIDFORMAT_END
 95
        2
302
GRIDFORMAT
  1
GRIDFORMAT_BEGIN
 90
        0
 91
        1
 62
     0
 92
       -2
340
0
 93
        0
 40
0.045
309
GRIDFORMAT_END
 95
        4
302
GRIDFORMAT
  1
GRIDFORMAT_BEGIN
 90
        0
 91
        1
 62
     0
 92
       -2
340
0
 93
        0
 40
0.045
309
GRIDFORMAT_END
 95
        8
302
GRIDFORMAT
  1
GRIDFORMAT_BEGIN
 90
        0
 91
        1
 62
     0
 92
       -2
340
0
 93
        0
 40
0.045
309
GRIDFORMAT_END
 95
       16
302
GRIDFORMAT
  1
GRIDFORMAT_BEGIN
 90
        0
 91
        1
 62
     0
 92
       -2
340
0
 93
        0
 40
0.045
309
GRIDFORMAT_END
 95
       32
302
GRIDFORMAT
  1
GRIDFORMAT_BEGIN
 90
        0
 91
        1
 62
     0
 92
       -2
340
0
 93
        0
 40
0.045
309
GRIDFORMAT_END
309
TABLEFORMAT_END
  1
CELLSTYLE_BEGIN
 90
        1
 91
        1
300
_TITLE
309
CELLSTYLE_END
300
CELLSTYLE
  1
TABLEFORMAT_BEGIN
 90
        5
170
     1
 91
        0
 92
        0
 62
   257
 93
        1
300
CONTENTFORMAT
  1
CONTENTFORMAT_BEGIN
 90
        0
 91
        0
 92
      512
 93
        0
300

 40
0.0
140
1.0
 94
        5
 62
     0
340
263
144
4.5
309
CONTENTFORMAT_END
171
     1
301
MARGIN
  1
CELLMARGIN_BEGIN
 40
1.5
 40
1.5
 40
0.06
 40
0.06
 40
0.18
 40
0.18
309
CELLMARGIN_END
 94
        6
 95
        1
302
GRIDFORMAT
  1
GRIDFORMAT_BEGIN
 90
        0
 91
        1
 62
     0
 92
       -2
340
0
 93
        0
 40
0.045
309
GRIDFORMAT_END
 95
        2
302
GRIDFORMAT
  1
GRIDFORMAT_BEGIN
 90
        0
 91
        1
 62
     0
 92
       -2
340
0
 93
        0
 40
0.045
309
GRIDFORMAT_END
 95
        4
302
GRIDFORMAT
  1
GRIDFORMAT_BEGIN
 90
        0
 91
        1
 62
     0
 92
       -2
340
0
 93
        0
 40
0.045
309
GRIDFORMAT_END
 95
        8
302
GRIDFORMAT
  1
GRIDFORMAT_BEGIN
 90
        0
 91
        1
 62
     0
 92
       -2
340
0
 93
        0
 40
0.045
309
GRIDFORMAT_END
 95
       16
302
GRIDFORMAT
  1
GRIDFORMAT_BEGIN
 90
        0
 91
        1
 62
     0
 92
       -2
340
0
 93
        0
 40
0.045
309
GRIDFORMAT_END
 95
       32
302
GRIDFORMAT
  1
GRIDFORMAT_BEGIN
 90
        0
 91
        1
 62
     0
 92
       -2
340
0
 93
        0
 40
0.045
309
GRIDFORMAT_END
309
TABLEFORMAT_END
  1
CELLSTYLE_BEGIN
 90
        2
 91
        1
300
_HEADER
309
CELLSTYLE_END
300
CELLSTYLE
  1
TABLEFORMAT_BEGIN
 90
        5
170
     1
 91
        0
 92
        0
 62
   257
 93
        1
300
CONTENTFORMAT
  1
CONTENTFORMAT_BEGIN
 90
        0
 91
        0
 92
      512
 93
        0
300

 40
0.0
140
1.0
 94
        2
 62
     0
340
263
144
4.5
309
CONTENTFORMAT_END
171
     1
301
MARGIN
  1
CELLMARGIN_BEGIN
 40
1.5
 40
1.5
 40
0.06
 40
0.06
 40
0.18
 40
0.18
309
CELLMARGIN_END
 94
        6
 95
        1
302
GRIDFORMAT
  1
GRIDFORMAT_BEGIN
 90
        0
 91
        1
 62
     0
 92
       -2
340
0
 93
        0
 40
0.045
309
GRIDFORMAT_END
 95
        2
302
GRIDFORMAT
  1
GRIDFORMAT_BEGIN
 90
        0
 91
        1
 62
     0
 92
       -2
340
0
 93
        0
 40
0.045
309
GRIDFORMAT_END
 95
        4
302
GRIDFORMAT
  1
GRIDFORMAT_BEGIN
 90
        0
 91
        1
 62
     0
 92
       -2
340
0
 93
        0
 40
0.045
309
GRIDFORMAT_END
 95
        8
302
GRIDFORMAT
  1
GRIDFORMAT_BEGIN
 90
        0
 91
        1
 62
     0
 92
       -2
340
0
 93
        0
 40
0.045
309
GRIDFORMAT_END
 95
       16
302
GRIDFORMAT
  1
GRIDFORMAT_BEGIN
 90
        0
 91
        1
 62
     0
 92
       -2
340
0
 93
        0
 40
0.045
309
GRIDFORMAT_END
 95
       32
302
GRIDFORMAT
  1
GRIDFORMAT_BEGIN
 90
        0
 91
        1
 62
     0
 92
       -2
340
0
 93
        0
 40
0.045
309
GRIDFORMAT_END
309
TABLEFORMAT_END
  1
CELLSTYLE_BEGIN
 90
        3
 91
        2
300
_DATA
309
CELLSTYLE_END
  0
XRECORD
  5
64
102
{ACAD_REACTORS
330
63
102
}
330
63
100
AcDbXrecord
280
     1
1071
 82437801
1071
112294725
 70
    25
 70
   104
 10
0.0
 20
0.0
 30
0.0
  0
ENDSEC
  0
SECTION
  2
ACDSDATA
 70
     2
 71
     8
  0
ACDSSCHEMA
 90
        0
  1
AcDb_Thumbnail_Schema
  2
AcDbDs::ID
280
    10
 91
        8
  2
Thumbnail_Data
280
    15
 91
        0
101
ACDSRECORD
 95
        0
 90
        1
  2
AcDbDs::TreatedAsObjectData
280
     1
291
     1
101
ACDSRECORD
 95
        0
 90
        2
  2
AcDbDs::Legacy
280
     1
291
     1
101
ACDSRECORD
  1
AcDbDs::ID
 90
        3
  2
AcDs:Indexable
280
     1
291
     1
101
ACDSRECORD
  1
AcDbDs::ID
 90
        4
  2
AcDbDs::HandleAttribute
280
     7
282
     1
  0
ACDSSCHEMA
 90
        1
  1
AcDbDs::TreatedAsObjectDataSchema
  2
AcDbDs::TreatedAsObjectData
280
     1
 91
        0
  0
ACDSSCHEMA
 90
        2
  1
AcDbDs::LegacySchema
  2
AcDbDs::Legacy
280
     1
 91
        0
  0
ACDSSCHEMA
 90
        3
  1
AcDbDs::IndexedPropertySchema
  2
AcDs:Indexable
280
     1
 91
        0
  0
ACDSSCHEMA
 90
        4
  1
AcDbDs::HandleAttributeSchema
  2
AcDbDs::HandleAttribute
280
     7
 91
        1
284
     1
  0
ACDSRECORD
 90
        0
  2
AcDbDs::ID
280
    10
320
50A
  2
Thumbnail_Data
280
    15
 94
     3622
310
89504E470D0A1A0A0000000D49484452000001000000008E0803000000E961264800000300504C5445000000000000C8C8C80000000000000000000000000000000000000000000000000000330000660000990000CC0000FF0033000033330033660033990033CC0033FF0066000066330066660066990066CC0066FF0099
310
000099330099660099990099CC0099FF00CC0000CC3300CC6600CC9900CCCC00CCFF00FF0000FF3300FF6600FF9900FFCC00FFFF3300003300333300663300993300CC3300FF3333003333333333663333993333CC3333FF3366003366333366663366993366CC3366FF3399003399333399663399993399CC3399FF33CC00
310
33CC3333CC6633CC9933CCCC33CCFF33FF0033FF3333FF6633FF9933FFCC33FFFF6600006600336600666600996600CC6600FF6633006633336633666633996633CC6633FF6666006666336666666666996666CC6666FF6699006699336699666699996699CC6699FF66CC0066CC3366CC6666CC9966CCCC66CCFF66FF0066
310
FF3366FF6666FF9966FFCC66FFFF9900009900339900669900999900CC9900FF9933009933339933669933999933CC9933FF9966009966339966669966999966CC9966FF9999009999339999669999999999CC9999FF99CC0099CC3399CC6699CC9999CCCC99CCFF99FF0099FF3399FF6699FF9999FFCC99FFFFCC0000CC00
310
33CC0066CC0099CC00CCCC00FFCC3300CC3333CC3366CC3399CC33CCCC33FFCC6600CC6633CC6666CC6699CC66CCCC66FFCC9900CC9933CC9966CC9999CC99CCCC99FFCCCC00CCCC33CCCC66CCCC99CCCCCCCCCCFFCCFF00CCFF33CCFF66CCFF99CCFFCCCCFFFFFF0000FF0033FF0066FF0099FF00CCFF00FFFF3300FF3333
310
FF3366FF3399FF33CCFF33FFFF6600FF6633FF6666FF6699FF66CCFF66FFFF9900FF9933FF9966FF9999FF99CCFF99FFFFCC00FFCC33FFCC66FFCC99FFCCCCFFCCFFFFFF00FFFF33FFFF66FFFF99FFFFCCFFFFFF0000000D0D0D1A1A1A2828283535354343435050505D5D5D6B6B6B787878868686939393A1A1A1AEAEAEBB
310
BBBBC9C9C9D6D6D6E4E4E4F1F1F1FFFFFF00000000000000000000000000000000000000000000000000000000000008F1915C00000AE14944415478DADD5DC975ED2012AD2C3A05361542874A2A44A210FE820DFB1633484C82424FEE777CCEB7BFED67EEA5EAD6C020009A9704A93FF40B0194521CE0FC4091FD1442EBCB
310
FE0B87BF7AFB65F183C37F6247FFA264E0C3F8653AFFE768EC7018031017061686FD5DFC428657361AA51968CF3AFE7FCC3FF8F93FBDDF8F06CFCF19E3E7BF340CFC09FFD7F2C73C7ECD8062A7D14B29D607FF79FC60E73FE27736A0D00BC3D2F0BFEDFFCEFE658EDF3280511A17007C173F44FDBBE1377E90A9630D02FE5D
310
FB8FFAA705E0821F22FEB60E7450FC09FD3BF1F31B7E1A063EECFF19FE33FD2B8C495E7284E70C7CD8FF4F013451CECEBFC79F0EEA948584019C61E0CBF8CFD947CE2D320E05FC9A809481612FC0F8FAAEFD0B13FF90D7E7DF32907801CA0B008401D45FF77FCE6BF3EF0880BA173CC3F0B5F9F71910D7C53FB600C9B214E2
310
4A35F8A10490B303D0544138902E616AF180887F13BFB17E1300801F07436DEA4D2C051BB00CFC45FC4EFF2C1AAE47C3621AFC8881712FF8167E1DDC9CFF733B9AF37F7A632A84436333434EF031FFD7F36DF1FBD1F4F1674A282290211DF89CFE31C68231E3E898644D0ABB0C7C50FF5800810FC65460608480EFE91FC8E7
310
F3DF64E04135F87BFB5FC05F62007B4AF831FC710528C1FF6050E5A4B061031FC38FD9043EC75F8C86AE878A7F013FA64DBE19FCC5F218832B7C5B004FFCA6FCCF1CE06145576B102016D1217C8700BB00C6620B78063F0B3954AE0306FFFDBDFAFFF1B2FE653D707C8EDF3508B0A284170A0A6F8E3F9DFFACA061268F9D1C
310
50C90BEE29D1804BBC1BFF2FA68BD3F82B95D18501840F1170C52F415943266040E62E802DACF809FFB71A60094020A020F7F95676893FF3FF3B012A2C09ACDB80C8E0611D29FE183F8661A309036436705D31184C8CDFF27F95D8AAFF9431CF8024F4821E4EFCADFEA5A3E69C29C43525ACF5CBE1431690EA5F3E6AE04C0F
310
482EB8C1F8BAD9CF0810A529F27A601BA20BC1202F0C466C00BF803FA4B28E0143C0CCC86A85C187F280ABFFD71998B2816B61D05FFCC36FE0BF30C0D4643030043C5242FCB1FEDD04FC64C02C8C51A5443D25C497FD1F8AB699C702BD19D232809DD90EAF7906F04DF377F1BE8ACC7EFF60DC64F13D065A04541A04BFED08
310
25FE8F4D8E8E34184C1230CC00BE6E004D5421291C6120A1612127C4D7F42FF47FFBABFE9886C349021A36F08B9D317AF313E2407C4F18A02C0E5BB38E2FD93FF2A1FC066369D4290EDB22F02018E05BFA67B0A9B1793B6DA0C900D3D5738F80AFD88014615B1FD6077B4F083A0C1096C7F80E7E5DE20C100078B3814269C4
310
1EEB40D30B3652902680A7B00D1050681090F6CBDF0D8722AEFFDBBD4F6A7CD4F6ACE44A8B64726B31B1FE41B500EADB801DD93403EA418B0477F9FF04FEA43CE6CB0CFC3229D4F8D50CFEAB17A84906D47573F5BB49A1D6BF49FC171B60640D82371302AD7F4A4E4B9867E0E08C8D34089AEF853F480A052CCC7F5ACEB023
310
E8C0AC0D28FC415A2C16F107D3553CB64826DF4AD519D8A68442361A80CF1830D170A53864EF47C37407FCCA5B06255C5B39547EF5BD44C18E58200490E01F2D8D4608C818D87C788C6AFED3F29860F538D995B9990142FCC506012E3390BD87F60F520644BF013C951231B5B87A5C4B89EE0CE092FD9F6907D2E12FB64A49
310
19607706568C40C4FDAF5441355F3B456A064C7F8D8C01A1FB9F9C14FF75ED948C011108A063C0E47F8A187F120D4D6140C4C0ED522212062812C0BA0D1CECD0C74AD718C0303E51537F9D388CF5EF2A39309033E0F7131ECB3AE00A038BB8CC80EBB6A39AA3209C83810D14B881CAA5C200AD9EDC7750BAF8A72203939D20
310
577DEC61C0ECA9445C699369A0FE8A82821030FF4236A98461BBD20E06DCC1E2859D44989C50BA33902EBACC0A8D605BA4D09F2D606CA955EAF0DB8E2BEE6993C9EC381CB5149A5BE570B64DA6F12B733519BF6E4D3D6D8B5331103A421BC2A155339C7B7F8BDF2CAE86ABA944C0CFC85A24526E61209A9516E989F777F8CD
310
EFB34B52686F2CA46240F89C1037D800C2A16FDA789E1004FCE7A7B77533C6CB4DA2F9B4789F17E8A4702225B2F895BD9A525D8F2DF1BF9116FBA4D0178738CE80D57F87FF7A6A25C14FE806F16EB0C9BCB2D52078BA7AECE21F83EC6ABEF4DC0E3D03E1765C4647C0ECFA799EFFDC0F2E896C8434DDE2D81F26B480B0D6F5
310
6CFD3CC32F4B2FA118794A143BC49404CCAC9FF7F1EF593B15C2ED91C31D4AE8BC00FAFB68ECB7B18D7FCFAA9140E4B82B1A32EF059D706DBE790640FBD3582560CB3E1A21705F61C0C2DD6B4D065C005415FDDB6D03626342C0D80003163F3375641BFF75F598A6340A4AB84508FA0C0401644D01D8B8834024F765EF1182
310
1603430160F3B65231D22018D8FF5B09064D06AEF8E11901540C08BF638492808C81CA2D24F50410DFB581D116C92302E245E4CE08CA378D56EC7F2E1CCE97C7639B26A708900AF86113829C81B6FFBF9B101813605D061E1110109C314E1DF7B4B85900418B01D8C14057079E8A407A509617D6CF3BF85B0C881D0C443728
310
3408587E0EE459CBC59746F9A6CA96FD6727594A06809B1838FF2CFA151EB8303097067840C82067A08B9F69A7C4DAEC23007D529828215379F90D4BF8B50EA2CE88E2D9E34EFE03BE678935E76F1F34C505130077710A451A988CFB6480691B4075BDA2AFECFFECAE84EDC3C6D77038171085B1D6F5B4F8820853065CD68D
310
1DFC70514251EE2234667DE412D70203A7622FF748CAA2A55BBE872DF9C2C0CAF6EF37738357A53BFC61ED7B4A83BE4AD09C239784F87DD31FCD8A413EE682FE71DBA654860921292E217DC0413C4B388FBF743AD81A01E3B91197F54F07017BA1B168CFC396EDD432BF4D984000FDE8CCF23F663E5CB27E087150944D7F37
310
036289817AD68AC6AC797299DE85ABD3F92025418801BAF73020A7196896AE36B8F28AAD2072EBFFA3E0F73100614B2195FD7B062065E056FF718B5F0CA3DFC9800C0C4C14C0B5DADA8D8E673F1C3E39DC578FF0EF54C2F060BD510692F95757F8FF31DF770FA8CC2F1532B1DE58FF71827F6E75B04D09216CFD9A9CFF583D
310
FEFBF70FFCF639FD6C3E9E52E5B39EBEEA8F1040A784AE30982B8025A40478FC8101C653FC36E489A9816EBB852A112735AD7F8E8088DF33E01F4F182A9D49F85B2F220BC22467F13B0252FC86017F7193B9C19C1BE19FAF3C611B032254233889DFBE4EFCFF30CB77DC7D2CFAF802972BE861F37584B13935843FBF91CE37
310
D072FCE9FA1F9BD5BD01A848170E0718B8D5F4491351E30FBE7E5DFE14ABF0871F5FB89416F774A0A0FFB1899808C01DFEFACE141CFB16AE9C34EA6D272BF97F8ADFCE3FDEE08322D89B33F4D096257F08976D608D80460118F0DF6A7FA7126C2701534FC628E3B30CB0E2881BF8CF3F6DF0DB42B71824B712008F9E72D757
310
C2E276B21418BFE0371FC6F5E391ED44F60908E83DB98A4E09B179E368642063DF783EDA7A070F596D6FEEF200CA4B17DC9D731DFBE7F2BF89FD67C9AE7E0362F4039BAFC80830DD62BC3170EB69062730AA97F6F8CEDF27DD90D98688D49790858DB5D91BCB1201FEDC5F02DEFE1AA3DD91DA840FE42F21FCFD5F58C18F8E
310
01D7F44CF00B3B204A025EB3FD94027FE20EABF36F4B1C74CAE71A2A71AAC80868ED3ADC78019F700F5F740CC82A01265E86EC1FD2B0B7D7F667BEF38800B760913D8042DE56426D1BCDF4B8E8A7A339F9BB1551241B696AF8DDB28E5ED9A287FFBBC90F1480548D5D8C982E6C15FEB0DA257C2FC187EC1AAEB201481FF68A
310
7F785E04F013F03D0358850F0DD757F304341FD4B9DDF56B2D129FF8C44713A551BF30F5E6F6879784EFF64BFF0388D554606AF4A9460000000049454E44AE426082
  0
ACDSRECORD
 90
        0
  2
AcDbDs::ID
280
    10
320
A9D
  2
Thumbnail_Data
280
    15
 94
      908
310
89504E470D0A1A0A0000000D4948445200000100000000C00803000000DC334D5400000300504C5445000000000000C8C8C80000000000000000000000000000000000000000000000000000330000660000990000CC0000FF0033000033330033660033990033CC0033FF0066000066330066660066990066CC0066FF0099
310
000099330099660099990099CC0099FF00CC0000CC3300CC6600CC9900CCCC00CCFF00FF0000FF3300FF6600FF9900FFCC00FFFF3300003300333300663300993300CC3300FF3333003333333333663333993333CC3333FF3366003366333366663366993366CC3366FF3399003399333399663399993399CC3399FF33CC00
310
33CC3333CC6633CC9933CCCC33CCFF33FF0033FF3333FF6633FF9933FFCC33FFFF6600006600336600666600996600CC6600FF6633006633336633666633996633CC6633FF6666006666336666666666996666CC6666FF6699006699336699666699996699CC6699FF66CC0066CC3366CC6666CC9966CCCC66CCFF66FF0066
310
FF3366FF6666FF9966FFCC66FFFF9900009900339900669900999900CC9900FF9933009933339933669933999933CC9933FF9966009966339966669966999966CC9966FF9999009999339999669999999999CC9999FF99CC0099CC3399CC6699CC9999CCCC99CCFF99FF0099FF3399FF6699FF9999FFCC99FFFFCC0000CC00
310
33CC0066CC0099CC00CCCC00FFCC3300CC3333CC3366CC3399CC33CCCC33FFCC6600CC6633CC6666CC6699CC66CCCC66FFCC9900CC9933CC9966CC9999CC99CCCC99FFCCCC00CCCC33CCCC66CCCC99CCCCCCCCCCFFCCFF00CCFF33CCFF66CCFF99CCFFCCCCFFFFFF0000FF0033FF0066FF0099FF00CCFF00FFFF3300FF3333
310
FF3366FF3399FF33CCFF33FFFF6600FF6633FF6666FF6699FF66CCFF66FFFF9900FF9933FF9966FF9999FF99CCFF99FFFFCC00FFCC33FFCC66FFCC99FFCCCCFFCCFFFFFF00FFFF33FFFF66FFFF99FFFFCCFFFFFF0000000D0D0D1A1A1A2828283535354343435050505D5D5D6B6B6B787878868686939393A1A1A1AEAEAEBB
310
BBBBC9C9C9D6D6D6E4E4E4F1F1F1FFFFFF00000000000000000000000000000000000000000000000000000000000008F1915C000000474944415478DAEDC13101000000C2A0F54F6D085FA0000000000000000000000000000000000000000000000000000000000000000000000000000000000000000000000080D700C0
310
C00001D10CFAE10000000049454E44AE426082
  0
ENDSEC
  0
EOF
